customer_id,telecom_partner,gender,age,state,city,pincode,date_of_registration,num_dependents,estimated_salary,calls_made,sms_sent,data_used,churn,registration_year,registration_month,registration_quarter,age_group,total_communication,usage_segment
1,Reliance Jio,F,25,Karnataka,Kolkata,755597,2025-01-01,4,124962,44.0,45.0,5049.0,0,2025,1,1,18-25,89.0,Medium Usage
2,Reliance Jio,F,55,Mizoram,Mumbai,125926,2025-01-02,2,130556,62.0,39.0,5973.0,0,2025,1,1,46-55,101.0,Medium Usage
3,Vodafone,F,57,Arunachal Pradesh,Delhi,423976,2025-01-03,0,148828,49.0,24.0,193.0,1,2025,1,1,56+,73.0,Low Usage
4,BSNL,M,46,Tamil Nadu,Kolkata,522841,2025-01-04,1,38722,80.0,25.0,9377.0,1,2025,1,1,46-55,105.0,High Usage
5,BSNL,F,26,Tripura,Delhi,740247,2025-01-05,2,55098,78.0,15.0,1393.0,0,2025,1,1,26-35,93.0,Low Usage
6,Vodafone,M,36,Uttarakhand,Chennai,120612,2025-01-06,1,73452,91.0,24.0,8109.0,0,2025,1,1,36-45,115.0,High Usage
7,BSNL,F,60,Karnataka,Delhi,609616,2025-01-07,1,110035,36.0,13.0,8512.0,0,2025,1,1,56+,49.0,High Usage
8,BSNL,M,46,Arunachal Pradesh,Kolkata,866786,2025-01-08,4,104541,87.0,40.0,2245.0,1,2025,1,1,46-55,127.0,Low Usage
9,Reliance Jio,F,53,Himachal Pradesh,Mumbai,765257,2025-01-09,2,79439,34.0,12.0,10039.0,0,2025,1,1,46-55,46.0,High Usage
10,BSNL,F,57,Rajasthan,Mumbai,506308,2025-01-10,0,126422,61.0,33.0,567.0,0,2025,1,1,56+,94.0,Low Usage
11,Airtel,M,44,Uttarakhand,Chennai,776250,2025-01-11,0,133288,7.0,7.0,1275.0,1,2025,1,1,36-45,14.0,Low Usage
12,Airtel,M,56,Odisha,Mumbai,642121,2025-01-12,4,135129,39.0,51.0,7644.0,0,2025,1,1,56+,90.0,High Usage
13,Vodafone,F,64,Uttar Pradesh,Hyderabad,339770,2025-01-13,4,136967,40.0,4.0,1911.0,0,2025,1,1,56+,44.0,Low Usage
14,Vodafone,F,70,Chhattisgarh,Kolkata,711206,2025-01-14,0,140219,50.0,17.0,7727.0,0,2025,1,1,56+,67.0,High Usage
15,Vodafone,F,38,Uttar Pradesh,Delhi,546253,2025-01-15,1,147805,86.0,20.0,8058.0,0,2025,1,1,36-45,106.0,High Usage
16,BSNL,M,22,Tamil Nadu,Mumbai,437585,2025-01-16,3,100340,88.0,40.0,6303.0,0,2025,1,1,18-25,128.0,Medium Usage
17,Vodafone,M,61,Himachal Pradesh,Hyderabad,734068,2025-01-17,2,59723,16.0,42.0,8157.0,1,2025,1,1,56+,58.0,High Usage
18,Reliance Jio,M,59,Madhya Pradesh,Hyderabad,940945,2025-01-18,1,101694,80.0,20.0,2605.0,0,2025,1,1,56+,100.0,Low Usage
19,Airtel,F,47,Manipur,Delhi,630028,2025-01-19,1,138037,60.0,28.0,1432.0,0,2025,1,1,46-55,88.0,Low Usage
20,Vodafone,M,26,Uttar Pradesh,Hyderabad,516585,2025-01-20,1,109753,95.0,25.5,9993.0,0,2025,1,1,26-35,120.5,High Usage
21,Vodafone,F,58,Goa,Bangalore,316225,2025-01-21,1,118578,94.0,50.0,2214.0,0,2025,1,1,56+,144.0,Low Usage
22,Vodafone,M,66,West Bengal,Bangalore,504153,2025-01-22,2,64468,57.0,10.0,8141.0,0,2025,1,1,56+,67.0,High Usage
23,BSNL,F,26,Arunachal Pradesh,Chennai,893238,2025-01-23,0,65263,79.0,0.0,4426.0,0,2025,1,1,26-35,79.0,Medium Usage
24,Reliance Jio,F,71,Gujarat,Bangalore,264045,2025-01-24,1,110373,25.0,24.0,2533.0,0,2025,1,1,56+,49.0,Low Usage
25,Reliance Jio,M,48,Telangana,Delhi,941207,2025-01-25,2,114923,43.0,8.0,5994.0,0,2025,1,1,46-55,51.0,Medium Usage
26,Airtel,F,48,Mizoram,Chennai,651699,2025-01-26,0,94683,28.0,48.0,6434.0,1,2025,1,1,46-55,76.0,Medium Usage
27,Vodafone,M,58,Himachal Pradesh,Delhi,133421,2025-01-27,3,50853,36.0,5.0,5604.0,0,2025,1,1,56+,41.0,Medium Usage
28,BSNL,M,20,Karnataka,Delhi,801389,2025-01-28,2,133235,99.0,4.0,5044.0,0,2025,1,1,18-25,103.0,Medium Usage
29,Airtel,M,64,Gujarat,Kolkata,106829,2025-01-29,2,103868,20.0,39.0,8314.0,0,2025,1,1,56+,59.0,High Usage
30,Reliance Jio,M,53,Maharashtra,Kolkata,270313,2025-01-30,4,61335,4.0,45.0,7268.0,0,2025,1,1,46-55,49.0,High Usage
31,Vodafone,M,29,Chhattisgarh,Kolkata,316582,2025-01-31,2,86124,65.0,22.0,7592.0,0,2025,1,1,26-35,87.0,High Usage
32,Airtel,M,73,Gujarat,Chennai,832883,2025-02-01,4,61329,25.0,29.0,1479.0,1,2025,2,1,56+,54.0,Low Usage
33,BSNL,F,66,Telangana,Mumbai,523021,2025-02-02,3,104227,93.0,6.0,837.0,0,2025,2,1,56+,99.0,Low Usage
34,BSNL,F,31,Haryana,Bangalore,830078,2025-02-03,2,106097,89.0,25.5,3927.0,0,2025,2,1,26-35,114.5,Medium Usage
35,Vodafone,M,58,West Bengal,Kolkata,856084,2025-02-04,2,104291,51.0,8.0,8662.0,0,2025,2,1,56+,59.0,High Usage
36,Reliance Jio,F,62,Madhya Pradesh,Delhi,875931,2025-02-05,0,90788,46.0,29.0,4532.0,0,2025,2,1,56+,75.0,Medium Usage
37,BSNL,M,73,Andhra Pradesh,Bangalore,717172,2025-02-06,1,40437,77.0,6.0,4239.0,0,2025,2,1,56+,83.0,Medium Usage
38,BSNL,M,52,Telangana,Bangalore,947518,2025-02-07,2,69301,69.0,44.0,528.0,1,2025,2,1,46-55,113.0,Low Usage
39,Reliance Jio,M,69,Gujarat,Chennai,712223,2025-02-08,1,87166,92.0,15.0,5049.0,0,2025,2,1,56+,107.0,Medium Usage
40,BSNL,F,26,Sikkim,Mumbai,106161,2025-02-09,4,104164,62.0,39.0,8305.0,0,2025,2,1,26-35,101.0,High Usage
41,Reliance Jio,M,26,Madhya Pradesh,Hyderabad,974052,2025-02-10,3,71542,16.0,27.0,1660.0,1,2025,2,1,26-35,43.0,Low Usage
42,Reliance Jio,M,33,Rajasthan,Mumbai,638965,2025-02-11,0,119789,102.0,51.0,8639.0,0,2025,2,1,26-35,153.0,High Usage
43,Airtel,M,48,Odisha,Chennai,504372,2025-02-12,2,126147,0.0,24.0,3310.0,0,2025,2,1,46-55,24.0,Low Usage
44,Airtel,F,42,Gujarat,Bangalore,983359,2025-02-13,3,71532,75.0,16.0,2998.0,0,2025,2,1,36-45,91.0,Low Usage
45,BSNL,F,53,Assam,Kolkata,417695,2025-02-14,0,45828,87.0,30.0,4939.0,0,2025,2,1,46-55,117.0,Medium Usage
46,Airtel,F,55,Himachal Pradesh,Hyderabad,606590,2025-02-15,2,132122,96.0,31.0,3183.0,0,2025,2,1,46-55,127.0,Low Usage
47,Vodafone,M,33,West Bengal,Chennai,657984,2025-02-16,4,115283,77.0,36.0,3491.0,0,2025,2,1,26-35,113.0,Low Usage
48,BSNL,M,52,West Bengal,Bangalore,730830,2025-02-17,0,75578,46.0,42.0,4853.0,0,2025,2,1,46-55,88.0,Medium Usage
49,Vodafone,F,26,Mizoram,Chennai,839294,2025-02-18,0,145508,88.0,51.0,8790.0,0,2025,2,1,26-35,139.0,High Usage
50,Vodafone,F,40,Sikkim,Hyderabad,522390,2025-02-19,3,102431,56.0,12.0,754.0,0,2025,2,1,36-45,68.0,Low Usage
51,BSNL,F,30,Tripura,Hyderabad,517218,2025-02-20,3,86402,16.0,27.0,4865.0,1,2025,2,1,26-35,43.0,Medium Usage
52,Reliance Jio,F,35,Mizoram,Delhi,512762,2025-02-21,4,47529,51.0,8.0,7563.0,0,2025,2,1,26-35,59.0,High Usage
53,Reliance Jio,M,28,Madhya Pradesh,Mumbai,688718,2025-02-22,3,87586,31.0,19.0,10131.0,0,2025,2,1,26-35,50.0,High Usage
54,Vodafone,M,70,Uttar Pradesh,Chennai,937192,2025-02-23,2,104134,66.0,20.0,1477.0,0,2025,2,1,56+,86.0,Low Usage
55,BSNL,F,49,Jharkhand,Chennai,462840,2025-02-24,3,25655,32.0,0.0,2756.0,0,2025,2,1,46-55,32.0,Low Usage
56,Reliance Jio,M,43,Telangana,Mumbai,350531,2025-02-25,3,131771,92.0,27.0,3903.0,0,2025,2,1,36-45,119.0,Medium Usage
57,BSNL,M,30,Kerala,Hyderabad,153029,2025-02-26,2,21510,70.0,38.0,1141.0,0,2025,2,1,26-35,108.0,Low Usage
58,Vodafone,F,59,Arunachal Pradesh,Kolkata,515124,2025-02-27,0,54488,20.0,17.0,9285.0,1,2025,2,1,56+,37.0,High Usage
59,BSNL,F,35,Uttar Pradesh,Bangalore,826709,2025-02-28,3,73419,61.0,29.0,5040.0,0,2025,2,1,26-35,90.0,Medium Usage
60,Reliance Jio,M,18,Chhattisgarh,Bangalore,438015,2025-03-01,0,59727,80.0,16.0,1683.0,0,2025,3,1,18-25,96.0,Low Usage
61,Vodafone,F,42,Karnataka,Kolkata,907782,2025-03-02,2,119872,3.0,17.0,3451.0,0,2025,3,1,36-45,20.0,Low Usage
62,Reliance Jio,F,71,Uttarakhand,Hyderabad,306394,2025-03-03,3,136576,14.0,48.0,5372.0,0,2025,3,1,56+,62.0,Medium Usage
63,BSNL,F,25,Mizoram,Hyderabad,145498,2025-03-04,1,119513,33.0,19.0,6143.0,0,2025,3,1,18-25,52.0,Medium Usage
64,Airtel,M,40,West Bengal,Kolkata,234208,2025-03-05,1,88703,30.0,48.0,484.0,1,2025,3,1,36-45,78.0,Low Usage
65,Vodafone,F,44,Mizoram,Kolkata,572957,2025-03-06,1,95271,40.0,9.0,2542.0,0,2025,3,1,36-45,49.0,Low Usage
66,BSNL,F,47,Himachal Pradesh,Hyderabad,834880,2025-03-07,0,37927,42.0,31.0,6702.0,0,2025,3,1,46-55,73.0,High Usage
67,Vodafone,F,53,Mizoram,Mumbai,422748,2025-03-08,3,138704,83.0,49.0,8023.0,0,2025,3,1,46-55,132.0,High Usage
68,Vodafone,F,72,Punjab,Kolkata,646678,2025-03-09,1,124607,25.0,38.0,4867.0,0,2025,3,1,56+,63.0,Medium Usage
69,Airtel,M,39,Kerala,Mumbai,413226,2025-03-10,2,121809,50.0,13.0,8728.0,0,2025,3,1,36-45,63.0,High Usage
70,Reliance Jio,M,28,Kerala,Chennai,520338,2025-03-11,2,34463,36.0,6.0,5049.0,0,2025,3,1,26-35,42.0,Medium Usage
71,BSNL,M,50,West Bengal,Delhi,250131,2025-03-12,4,83907,29.0,11.0,8198.0,0,2025,3,1,46-55,40.0,High Usage
72,Vodafone,F,31,Tamil Nadu,Chennai,534099,2025-03-13,1,54302,105.0,15.0,166.0,0,2025,3,1,26-35,120.0,Low Usage
73,BSNL,F,43,Uttarakhand,Delhi,554046,2025-03-14,4,101224,33.0,44.0,5049.0,0,2025,3,1,36-45,77.0,Medium Usage
74,Vodafone,F,59,Maharashtra,Mumbai,787762,2025-03-15,4,63041,45.0,45.0,4405.0,0,2025,3,1,56+,90.0,Medium Usage
75,Airtel,M,61,Manipur,Kolkata,982413,2025-03-16,4,98314,78.0,29.0,1369.0,0,2025,3,1,56+,107.0,Low Usage
76,BSNL,M,34,Kerala,Chennai,273053,2025-03-17,0,127804,59.0,16.0,3488.0,0,2025,3,1,26-35,75.0,Low Usage
77,BSNL,M,44,Mizoram,Bangalore,883211,2025-03-18,1,147453,20.0,35.0,5049.0,0,2025,3,1,36-45,55.0,Medium Usage
78,Vodafone,M,24,Assam,Kolkata,342769,2025-03-19,4,86828,57.0,29.0,7743.0,0,2025,3,1,18-25,86.0,High Usage
79,Reliance Jio,M,61,Jharkhand,Chennai,491303,2025-03-20,0,43619,39.0,35.0,9625.0,1,2025,3,1,56+,74.0,High Usage
80,BSNL,F,64,Sikkim,Mumbai,295488,2025-03-21,2,113686,91.0,19.0,1682.0,0,2025,3,1,56+,110.0,Low Usage
81,Vodafone,M,25,Mizoram,Bangalore,644267,2025-03-22,2,131010,27.0,42.0,8155.0,1,2025,3,1,18-25,69.0,High Usage
82,Reliance Jio,M,42,Nagaland,Kolkata,567807,2025-03-23,4,135489,66.0,10.0,5821.0,1,2025,3,1,36-45,76.0,Medium Usage
83,Vodafone,F,55,Arunachal Pradesh,Chennai,552365,2025-03-24,2,71817,3.0,18.0,3096.0,0,2025,3,1,46-55,21.0,Low Usage
84,Reliance Jio,F,22,Assam,Hyderabad,848983,2025-03-25,2,47235,102.0,25.5,7785.0,0,2025,3,1,18-25,127.5,High Usage
85,Reliance Jio,M,31,Goa,Bangalore,998092,2025-03-26,4,92068,70.0,39.0,10269.0,0,2025,3,1,26-35,109.0,High Usage
86,Airtel,F,35,Assam,Hyderabad,209707,2025-03-27,4,72035,80.0,36.0,3496.0,0,2025,3,1,26-35,116.0,Low Usage
87,Vodafone,F,55,Mizoram,Mumbai,896895,2025-03-28,3,111216,56.0,30.0,3507.0,0,2025,3,1,46-55,86.0,Low Usage
88,Airtel,F,33,Himachal Pradesh,Kolkata,100889,2025-03-29,0,122987,78.0,4.0,5049.0,1,2025,3,1,26-35,82.0,Medium Usage
89,BSNL,M,74,Manipur,Chennai,823520,2025-03-30,2,71227,55.0,0.0,1337.0,0,2025,3,1,56+,55.0,Low Usage
90,BSNL,M,39,Uttar Pradesh,Chennai,458766,2025-03-31,3,118200,22.0,8.0,10449.0,0,2025,3,1,36-45,30.0,High Usage
91,BSNL,M,28,Bihar,Bangalore,638325,2025-04-01,0,31297,36.0,25.5,2695.0,0,2025,4,2,26-35,61.5,Low Usage
92,BSNL,F,22,Uttarakhand,Bangalore,760782,2025-04-02,1,118100,25.0,5.0,1467.0,0,2025,4,2,18-25,30.0,Low Usage
93,Reliance Jio,F,62,Maharashtra,Chennai,829044,2025-04-03,2,20720,90.0,29.0,2963.0,0,2025,4,2,56+,119.0,Low Usage
94,Vodafone,F,52,Haryana,Hyderabad,298464,2025-04-04,1,100048,39.0,43.0,907.0,0,2025,4,2,46-55,82.0,Low Usage
95,BSNL,M,42,Uttarakhand,Hyderabad,714661,2025-04-05,2,23948,29.0,43.0,359.0,0,2025,4,2,36-45,72.0,Low Usage
96,Vodafone,M,62,Maharashtra,Mumbai,740775,2025-04-06,3,30472,76.0,36.0,5671.0,0,2025,4,2,56+,112.0,Medium Usage
97,BSNL,M,22,Uttar Pradesh,Delhi,804886,2025-04-07,3,145001,71.0,43.0,9224.0,0,2025,4,2,18-25,114.0,High Usage
98,Reliance Jio,M,32,Uttar Pradesh,Kolkata,565688,2025-04-08,3,108307,14.0,35.0,1889.0,0,2025,4,2,26-35,49.0,Low Usage
99,Vodafone,F,40,Rajasthan,Chennai,356048,2025-04-09,1,54706,101.0,5.0,3771.0,0,2025,4,2,36-45,106.0,Medium Usage
100,Airtel,M,59,Manipur,Hyderabad,879464,2025-04-10,2,144251,42.0,5.0,3497.0,1,2025,4,2,56+,47.0,Low Usage
101,Vodafone,M,44,Meghalaya,Mumbai,863937,2025-04-11,2,113584,42.0,41.0,729.0,0,2025,4,2,36-45,83.0,Low Usage
102,Reliance Jio,M,68,Haryana,Hyderabad,388491,2025-04-12,0,96198,21.0,40.0,5271.0,0,2025,4,2,56+,61.0,Medium Usage
103,BSNL,M,31,Madhya Pradesh,Delhi,283382,2025-04-13,1,73367,69.0,44.0,4943.0,0,2025,4,2,26-35,113.0,Medium Usage
104,Vodafone,F,61,Uttar Pradesh,Hyderabad,100027,2025-04-14,2,103051,15.0,22.0,8993.0,0,2025,4,2,56+,37.0,High Usage
105,Vodafone,M,59,Uttar Pradesh,Delhi,620044,2025-04-15,1,82246,74.0,12.0,8560.0,0,2025,4,2,56+,86.0,High Usage
106,Vodafone,M,70,Himachal Pradesh,Mumbai,837746,2025-04-16,3,28513,87.0,4.0,5021.0,1,2025,4,2,56+,91.0,Medium Usage
107,Vodafone,F,58,Assam,Delhi,385096,2025-04-17,2,58870,98.0,40.0,7367.0,0,2025,4,2,56+,138.0,High Usage
108,Airtel,F,30,Punjab,Delhi,736732,2025-04-18,1,93546,13.0,26.0,5049.0,0,2025,4,2,26-35,39.0,Medium Usage
109,Vodafone,M,27,Karnataka,Chennai,952589,2025-04-19,4,104285,52.0,25.0,1868.0,1,2025,4,2,26-35,77.0,Low Usage
110,BSNL,M,36,Chhattisgarh,Delhi,635762,2025-04-20,3,53001,50.0,24.0,3695.0,0,2025,4,2,36-45,74.0,Medium Usage
111,Airtel,F,44,Maharashtra,Bangalore,208672,2025-04-21,4,107123,38.0,25.5,3529.0,0,2025,4,2,36-45,63.5,Low Usage
112,BSNL,F,24,Nagaland,Mumbai,955447,2025-04-22,4,22814,96.0,30.0,9049.0,0,2025,4,2,18-25,126.0,High Usage
113,Reliance Jio,M,28,Bihar,Kolkata,150265,2025-04-23,0,54634,20.0,45.0,8572.0,0,2025,4,2,26-35,65.0,High Usage
114,Vodafone,M,65,Madhya Pradesh,Bangalore,726907,2025-04-24,4,102036,75.0,19.0,5169.0,0,2025,4,2,56+,94.0,Medium Usage
115,Vodafone,F,60,Nagaland,Chennai,691617,2025-04-25,1,29859,25.0,26.0,3163.0,0,2025,4,2,56+,51.0,Low Usage
116,BSNL,M,68,Nagaland,Hyderabad,417409,2025-04-26,1,45577,44.0,9.0,3931.0,0,2025,4,2,56+,53.0,Medium Usage
117,Reliance Jio,F,40,Nagaland,Chennai,197583,2025-04-27,1,85856,98.0,52.0,1781.0,0,2025,4,2,36-45,150.0,Low Usage
118,Reliance Jio,M,24,Chhattisgarh,Chennai,872942,2025-04-28,1,66198,78.0,36.0,4517.0,0,2025,4,2,18-25,114.0,Medium Usage
119,Vodafone,F,72,Maharashtra,Kolkata,828452,2025-04-29,2,92886,79.0,23.0,3167.0,0,2025,4,2,56+,102.0,Low Usage
120,BSNL,M,18,Andhra Pradesh,Hyderabad,528993,2025-04-30,4,96992,93.0,3.0,5049.0,1,2025,4,2,18-25,96.0,Medium Usage
121,Vodafone,M,65,Chhattisgarh,Delhi,762562,2025-05-01,0,55114,65.0,33.0,214.0,0,2025,5,2,56+,98.0,Low Usage
122,Reliance Jio,M,23,Arunachal Pradesh,Mumbai,778646,2025-05-02,2,149464,73.0,22.0,5723.0,0,2025,5,2,18-25,95.0,Medium Usage
123,Vodafone,M,55,Kerala,Bangalore,265519,2025-05-03,3,126483,32.0,28.0,6919.0,0,2025,5,2,46-55,60.0,High Usage
124,Vodafone,F,64,Odisha,Mumbai,110486,2025-05-04,4,32570,53.0,25.0,6534.0,0,2025,5,2,56+,78.0,Medium Usage
125,Vodafone,M,35,Manipur,Mumbai,804740,2025-05-05,3,35375,77.0,7.0,4195.0,0,2025,5,2,26-35,84.0,Medium Usage
126,Airtel,M,39,Mizoram,Kolkata,954531,2025-05-06,3,33619,25.0,52.0,3001.0,0,2025,5,2,36-45,77.0,Low Usage
127,Reliance Jio,M,62,Punjab,Mumbai,788597,2025-05-07,3,56168,90.0,18.0,5658.0,0,2025,5,2,56+,108.0,Medium Usage
128,BSNL,F,35,Uttar Pradesh,Hyderabad,152172,2025-05-08,0,22346,95.0,18.0,3927.0,0,2025,5,2,26-35,113.0,Medium Usage
129,Airtel,M,22,Andhra Pradesh,Mumbai,365201,2025-05-09,0,132796,68.0,23.0,2644.0,0,2025,5,2,18-25,91.0,Low Usage
130,Vodafone,M,34,Haryana,Hyderabad,924432,2025-05-10,0,132240,57.0,42.0,7082.0,0,2025,5,2,26-35,99.0,High Usage
131,BSNL,F,53,Karnataka,Mumbai,892454,2025-05-11,1,107295,8.0,17.0,10401.0,0,2025,5,2,46-55,25.0,High Usage
132,Vodafone,M,35,Haryana,Mumbai,864506,2025-05-12,4,91207,43.0,31.0,7942.0,0,2025,5,2,26-35,74.0,High Usage
133,BSNL,M,53,Madhya Pradesh,Kolkata,158608,2025-05-13,3,93214,83.0,23.0,4015.0,0,2025,5,2,46-55,106.0,Medium Usage
134,Reliance Jio,M,37,Odisha,Bangalore,739980,2025-05-14,3,64145,10.0,26.0,5049.0,0,2025,5,2,36-45,36.0,Medium Usage
135,Airtel,F,63,Manipur,Kolkata,382481,2025-05-15,4,88523,22.0,9.0,6211.0,0,2025,5,2,56+,31.0,Medium Usage
136,BSNL,M,65,Bihar,Mumbai,449353,2025-05-16,0,54114,37.0,39.0,2594.0,1,2025,5,2,56+,76.0,Low Usage
137,BSNL,M,19,Haryana,Bangalore,156611,2025-05-17,0,21407,85.0,21.0,5561.0,0,2025,5,2,18-25,106.0,Medium Usage
138,Reliance Jio,M,64,Himachal Pradesh,Chennai,670897,2025-05-18,3,56741,22.0,1.0,4821.0,1,2025,5,2,56+,23.0,Medium Usage
139,Airtel,F,66,Karnataka,Delhi,773622,2025-05-19,4,43605,81.0,33.0,6244.0,0,2025,5,2,56+,114.0,Medium Usage
140,Reliance Jio,M,68,Tamil Nadu,Bangalore,126830,2025-05-20,2,28548,98.0,33.0,1919.0,1,2025,5,2,56+,131.0,Low Usage
141,BSNL,M,48,Bihar,Chennai,873992,2025-05-21,4,145661,25.0,37.0,4236.0,0,2025,5,2,46-55,62.0,Medium Usage
142,Airtel,M,65,Jharkhand,Kolkata,240470,2025-05-22,4,106064,60.0,27.0,5329.0,0,2025,5,2,56+,87.0,Medium Usage
143,Airtel,M,58,Kerala,Bangalore,931935,2025-05-23,2,102742,25.0,19.0,7841.0,1,2025,5,2,56+,44.0,High Usage
144,Reliance Jio,M,49,Uttar Pradesh,Bangalore,759035,2025-05-24,0,145743,62.0,47.0,6075.0,0,2025,5,2,46-55,109.0,Medium Usage
145,Airtel,F,43,Manipur,Chennai,353042,2025-05-25,2,121818,43.0,27.0,7217.0,0,2025,5,2,36-45,70.0,High Usage
146,Vodafone,M,35,Tripura,Kolkata,320351,2025-05-26,2,24791,15.0,26.0,8421.0,0,2025,5,2,26-35,41.0,High Usage
147,Vodafone,M,44,Himachal Pradesh,Hyderabad,843578,2025-05-27,4,59042,15.0,34.0,4801.0,0,2025,5,2,36-45,49.0,Medium Usage
148,Reliance Jio,M,59,Uttarakhand,Kolkata,885229,2025-05-28,2,133539,30.0,8.0,2799.0,0,2025,5,2,56+,38.0,Low Usage
149,BSNL,F,50,Himachal Pradesh,Kolkata,272009,2025-05-29,0,128273,29.0,11.0,711.0,0,2025,5,2,46-55,40.0,Low Usage
150,Reliance Jio,M,56,Telangana,Delhi,767351,2025-05-30,3,50807,41.0,25.5,5820.0,0,2025,5,2,56+,66.5,Medium Usage
151,Reliance Jio,M,21,Rajasthan,Delhi,880311,2025-05-31,2,125880,56.0,42.0,3559.0,1,2025,5,2,18-25,98.0,Medium Usage
152,Reliance Jio,M,67,Assam,Bangalore,298721,2025-06-01,3,28846,18.0,49.0,10200.0,0,2025,6,2,56+,67.0,High Usage
153,Vodafone,F,22,Sikkim,Hyderabad,690314,2025-06-02,2,42843,34.0,44.0,4217.0,0,2025,6,2,18-25,78.0,Medium Usage
154,Airtel,M,23,Haryana,Chennai,486947,2025-06-03,0,69382,85.0,19.0,5049.0,0,2025,6,2,18-25,104.0,Medium Usage
155,Reliance Jio,M,70,Arunachal Pradesh,Kolkata,973590,2025-06-04,0,53865,50.0,42.0,9856.0,0,2025,6,2,56+,92.0,High Usage
156,Reliance Jio,M,23,Karnataka,Bangalore,972084,2025-06-05,4,27209,85.0,49.0,2101.0,0,2025,6,2,18-25,134.0,Low Usage
157,Vodafone,F,72,Meghalaya,Bangalore,466929,2025-06-06,0,62577,13.0,24.0,5525.0,0,2025,6,2,56+,37.0,Medium Usage
158,Airtel,F,47,Bihar,Hyderabad,654557,2025-06-07,4,126629,18.0,46.0,8353.0,0,2025,6,2,46-55,64.0,High Usage
159,Reliance Jio,M,38,Karnataka,Mumbai,417276,2025-06-08,3,140257,93.0,40.0,156.0,1,2025,6,2,36-45,133.0,Low Usage
160,Airtel,M,72,Punjab,Mumbai,455642,2025-06-09,4,31235,55.0,5.0,312.0,0,2025,6,2,56+,60.0,Low Usage
161,Airtel,M,43,Haryana,Bangalore,633285,2025-06-10,2,113024,30.0,50.0,4057.0,0,2025,6,2,36-45,80.0,Medium Usage
162,Airtel,F,27,Goa,Mumbai,544679,2025-06-11,1,36886,89.0,11.0,168.0,0,2025,6,2,26-35,100.0,Low Usage
163,BSNL,F,38,Meghalaya,Mumbai,872390,2025-06-12,0,99383,91.0,18.0,8555.0,0,2025,6,2,36-45,109.0,High Usage
164,Vodafone,F,68,Bihar,Delhi,850188,2025-06-13,0,113555,29.0,29.0,3274.0,0,2025,6,2,56+,58.0,Low Usage
165,Vodafone,F,30,Uttarakhand,Mumbai,582663,2025-06-14,3,26351,49.0,5.0,3285.0,0,2025,6,2,26-35,54.0,Low Usage
166,Reliance Jio,M,39,Kerala,Chennai,873646,2025-06-15,2,128969,95.0,25.5,2378.0,0,2025,6,2,36-45,120.5,Low Usage
167,Vodafone,M,27,Assam,Mumbai,340844,2025-06-16,0,39965,102.0,18.0,4990.0,0,2025,6,2,26-35,120.0,Medium Usage
168,Vodafone,M,34,Jharkhand,Bangalore,260534,2025-06-17,2,65287,69.0,18.0,9227.0,0,2025,6,2,26-35,87.0,High Usage
169,Airtel,M,55,Sikkim,Chennai,977395,2025-06-18,0,93934,85.0,4.0,5625.0,0,2025,6,2,46-55,89.0,Medium Usage
170,Reliance Jio,M,60,Meghalaya,Bangalore,169509,2025-06-19,0,94281,62.0,40.0,4428.0,0,2025,6,2,56+,102.0,Medium Usage
171,BSNL,M,47,Uttarakhand,Bangalore,385903,2025-06-20,1,80198,28.0,25.5,4942.0,1,2025,6,2,46-55,53.5,Medium Usage
172,Reliance Jio,M,40,Odisha,Kolkata,690472,2025-06-21,2,91609,76.0,40.0,8171.0,0,2025,6,2,36-45,116.0,High Usage
173,Reliance Jio,M,18,Tamil Nadu,Kolkata,719734,2025-06-22,3,100163,12.0,40.0,722.0,1,2025,6,2,18-25,52.0,Low Usage
174,BSNL,F,53,Punjab,Delhi,505794,2025-06-23,2,118459,60.0,21.0,9746.0,0,2025,6,2,46-55,81.0,High Usage
175,Reliance Jio,M,29,Kerala,Delhi,257901,2025-06-24,4,122685,76.0,19.0,1813.0,0,2025,6,2,26-35,95.0,Low Usage
176,Vodafone,M,26,Himachal Pradesh,Hyderabad,605322,2025-06-25,0,47767,17.0,47.0,4537.0,0,2025,6,2,26-35,64.0,Medium Usage
177,BSNL,M,19,Himachal Pradesh,Hyderabad,275465,2025-06-26,0,98573,80.0,27.0,1288.0,0,2025,6,2,18-25,107.0,Low Usage
178,Airtel,M,36,Nagaland,Mumbai,483053,2025-06-27,0,130932,57.0,0.0,3824.0,0,2025,6,2,36-45,57.0,Medium Usage
179,Airtel,M,22,Meghalaya,Mumbai,958668,2025-06-28,1,61756,78.0,41.0,4519.0,0,2025,6,2,18-25,119.0,Medium Usage
180,Airtel,M,46,Chhattisgarh,Mumbai,326691,2025-06-29,2,44681,0.0,45.0,3747.0,0,2025,6,2,46-55,45.0,Medium Usage
181,Reliance Jio,F,55,Maharashtra,Mumbai,387154,2025-06-30,0,121888,50.0,9.0,8344.0,0,2025,6,2,46-55,59.0,High Usage
182,Airtel,M,34,West Bengal,Bangalore,672973,2025-07-01,2,110008,68.0,19.0,4361.0,0,2025,7,3,26-35,87.0,Medium Usage
183,Vodafone,M,59,Maharashtra,Mumbai,190698,2025-07-02,1,113606,47.0,12.0,5049.0,1,2025,7,3,56+,59.0,Medium Usage
184,Reliance Jio,F,36,Telangana,Mumbai,351924,2025-07-03,4,65770,26.0,19.0,8990.0,0,2025,7,3,36-45,45.0,High Usage
185,Reliance Jio,F,40,Arunachal Pradesh,Delhi,159105,2025-07-04,3,96844,51.0,9.0,896.0,1,2025,7,3,36-45,60.0,Low Usage
186,Reliance Jio,F,67,Himachal Pradesh,Kolkata,538585,2025-07-05,3,115361,24.0,10.0,6744.0,0,2025,7,3,56+,34.0,High Usage
187,Reliance Jio,M,51,Manipur,Bangalore,294714,2025-07-06,1,47430,49.0,34.0,566.0,0,2025,7,3,46-55,83.0,Low Usage
188,BSNL,M,58,Tripura,Bangalore,184050,2025-07-07,2,101004,78.0,32.0,3938.0,0,2025,7,3,56+,110.0,Medium Usage
189,Reliance Jio,F,48,Arunachal Pradesh,Bangalore,581869,2025-07-08,2,63598,46.0,36.0,4300.0,0,2025,7,3,46-55,82.0,Medium Usage
190,BSNL,M,49,Gujarat,Hyderabad,617283,2025-07-09,3,96938,68.0,33.0,5265.0,0,2025,7,3,46-55,101.0,Medium Usage
191,Reliance Jio,M,66,Kerala,Chennai,214048,2025-07-10,0,99159,50.0,25.5,3838.0,1,2025,7,3,56+,75.5,Medium Usage
192,Vodafone,M,29,Nagaland,Kolkata,697605,2025-07-11,3,57925,70.0,41.0,5774.0,0,2025,7,3,26-35,111.0,Medium Usage
193,Airtel,M,21,Andhra Pradesh,Kolkata,448340,2025-07-12,1,89133,22.0,6.0,5990.0,0,2025,7,3,18-25,28.0,Medium Usage
194,Airtel,M,30,Uttar Pradesh,Chennai,999230,2025-07-13,1,120001,65.0,11.0,6249.0,1,2025,7,3,26-35,76.0,Medium Usage
195,Vodafone,M,39,Manipur,Mumbai,809089,2025-07-14,2,36810,71.0,11.0,8988.0,0,2025,7,3,36-45,82.0,High Usage
196,Vodafone,M,30,Assam,Bangalore,768340,2025-07-15,1,109615,0.0,7.0,2956.0,0,2025,7,3,26-35,7.0,Low Usage
197,Airtel,F,73,Karnataka,Chennai,567625,2025-07-16,2,122350,49.0,35.0,6638.0,1,2025,7,3,56+,84.0,High Usage
198,Reliance Jio,F,25,Tripura,Kolkata,813063,2025-07-17,0,25329,38.0,9.0,3095.0,0,2025,7,3,18-25,47.0,Low Usage
199,BSNL,M,57,Mizoram,Mumbai,550072,2025-07-18,1,93731,88.0,32.0,8342.0,0,2025,7,3,56+,120.0,High Usage
200,Reliance Jio,F,48,Manipur,Kolkata,638475,2025-07-19,2,114548,27.0,20.0,1075.0,1,2025,7,3,46-55,47.0,Low Usage
201,Vodafone,M,67,Gujarat,Delhi,206197,2025-07-20,0,41206,22.0,44.0,8467.0,0,2025,7,3,56+,66.0,High Usage
202,Vodafone,M,70,Assam,Delhi,550433,2025-07-21,2,27518,62.0,16.0,5487.0,0,2025,7,3,56+,78.0,Medium Usage
203,Airtel,M,33,Goa,Bangalore,296406,2025-07-22,3,128299,83.0,44.0,5391.0,0,2025,7,3,26-35,127.0,Medium Usage
204,Vodafone,M,59,Gujarat,Bangalore,996317,2025-07-23,3,47975,30.0,33.0,6477.0,0,2025,7,3,56+,63.0,Medium Usage
205,Vodafone,M,55,Himachal Pradesh,Hyderabad,334856,2025-07-24,3,42952,17.0,43.0,1848.0,0,2025,7,3,46-55,60.0,Low Usage
206,Reliance Jio,F,21,Arunachal Pradesh,Bangalore,437537,2025-07-25,4,45341,45.0,34.0,2067.0,0,2025,7,3,18-25,79.0,Low Usage
207,BSNL,F,57,Punjab,Hyderabad,672050,2025-07-26,4,87831,93.0,38.0,4264.0,1,2025,7,3,56+,131.0,Medium Usage
208,BSNL,F,60,Nagaland,Hyderabad,626416,2025-07-27,3,75974,68.0,49.0,2262.0,0,2025,7,3,56+,117.0,Low Usage
209,Reliance Jio,M,44,Punjab,Delhi,180359,2025-07-28,4,33029,37.0,34.0,1516.0,0,2025,7,3,36-45,71.0,Low Usage
210,Airtel,F,36,Uttar Pradesh,Hyderabad,496898,2025-07-29,1,84307,85.0,29.0,5370.0,0,2025,7,3,36-45,114.0,Medium Usage
211,Vodafone,M,72,Telangana,Mumbai,548744,2025-07-30,0,39983,33.0,12.0,8597.0,0,2025,7,3,56+,45.0,High Usage
212,Airtel,F,44,Punjab,Bangalore,275866,2025-07-31,3,70935,33.0,7.0,9960.0,0,2025,7,3,36-45,40.0,High Usage
213,BSNL,M,42,Maharashtra,Bangalore,391456,2025-08-01,0,112535,50.0,21.0,9798.0,1,2025,8,3,36-45,71.0,High Usage
214,Reliance Jio,M,39,Bihar,Mumbai,933478,2025-08-02,1,137015,5.0,11.0,6982.0,1,2025,8,3,36-45,16.0,High Usage
215,Vodafone,M,34,Andhra Pradesh,Hyderabad,553594,2025-08-03,4,51329,24.0,4.0,9512.0,1,2025,8,3,26-35,28.0,High Usage
216,Airtel,M,52,Tamil Nadu,Mumbai,392462,2025-08-04,1,41115,11.0,43.0,3439.0,0,2025,8,3,46-55,54.0,Low Usage
217,Vodafone,F,43,Manipur,Delhi,965066,2025-08-05,0,69505,50.0,12.0,5243.0,0,2025,8,3,36-45,62.0,Medium Usage
218,Vodafone,F,27,Chhattisgarh,Delhi,431233,2025-08-06,0,73418,33.0,38.0,5314.0,0,2025,8,3,26-35,71.0,Medium Usage
219,Airtel,F,43,Tripura,Chennai,279933,2025-08-07,2,61692,61.0,2.0,1335.0,0,2025,8,3,36-45,63.0,Low Usage
220,Vodafone,M,74,Himachal Pradesh,Chennai,758252,2025-08-08,2,125262,42.0,12.0,3329.0,0,2025,8,3,56+,54.0,Low Usage
221,Vodafone,M,73,Nagaland,Hyderabad,415523,2025-08-09,3,50810,75.0,47.0,2957.0,0,2025,8,3,56+,122.0,Low Usage
222,Reliance Jio,F,41,Arunachal Pradesh,Chennai,605204,2025-08-10,0,143064,19.0,13.0,4788.0,0,2025,8,3,36-45,32.0,Medium Usage
223,Vodafone,M,28,Mizoram,Mumbai,233131,2025-08-11,2,85780,33.0,17.0,6230.0,0,2025,8,3,26-35,50.0,Medium Usage
224,Vodafone,F,32,Karnataka,Delhi,933773,2025-08-12,3,76706,55.0,12.0,2210.0,0,2025,8,3,26-35,67.0,Low Usage
225,BSNL,M,42,Nagaland,Mumbai,370016,2025-08-13,3,74845,21.0,8.0,6660.0,0,2025,8,3,36-45,29.0,High Usage
226,Reliance Jio,M,31,Manipur,Kolkata,376737,2025-08-14,0,78215,65.0,5.0,74.0,0,2025,8,3,26-35,70.0,Low Usage
227,Airtel,M,29,Haryana,Hyderabad,363618,2025-08-15,1,86004,8.0,43.0,1102.0,0,2025,8,3,26-35,51.0,Low Usage
228,Reliance Jio,M,42,Haryana,Bangalore,482240,2025-08-16,3,127407,10.0,2.0,6557.0,0,2025,8,3,36-45,12.0,Medium Usage
229,Airtel,M,30,Gujarat,Hyderabad,358169,2025-08-17,0,149438,78.0,9.0,737.0,0,2025,8,3,26-35,87.0,Low Usage
230,BSNL,M,20,Punjab,Hyderabad,126091,2025-08-18,2,128667,82.0,29.0,1937.0,0,2025,8,3,18-25,111.0,Low Usage
231,Reliance Jio,M,61,Karnataka,Chennai,238058,2025-08-19,0,65026,53.0,32.0,215.0,0,2025,8,3,56+,85.0,Low Usage
232,Vodafone,F,45,Arunachal Pradesh,Hyderabad,275158,2025-08-20,1,132579,71.0,38.0,6403.0,1,2025,8,3,36-45,109.0,Medium Usage
233,Vodafone,M,58,Chhattisgarh,Bangalore,414692,2025-08-21,2,50540,73.0,23.0,2200.0,0,2025,8,3,56+,96.0,Low Usage
234,Vodafone,M,32,Karnataka,Kolkata,532502,2025-08-22,1,110639,40.0,32.0,5049.0,0,2025,8,3,26-35,72.0,Medium Usage
235,BSNL,M,56,Karnataka,Kolkata,485359,2025-08-23,3,98653,5.0,30.0,7760.0,1,2025,8,3,56+,35.0,High Usage
236,Vodafone,F,26,Odisha,Delhi,583537,2025-08-24,4,89208,2.0,30.0,2680.0,0,2025,8,3,26-35,32.0,Low Usage
237,Vodafone,M,32,Arunachal Pradesh,Chennai,932537,2025-08-25,0,116280,81.0,8.0,9252.0,0,2025,8,3,26-35,89.0,High Usage
238,Airtel,F,35,Tamil Nadu,Kolkata,579056,2025-08-26,1,28168,103.0,20.0,10155.0,0,2025,8,3,26-35,123.0,High Usage
239,Reliance Jio,M,66,Tamil Nadu,Mumbai,457276,2025-08-27,2,38426,88.0,25.0,9296.0,1,2025,8,3,56+,113.0,High Usage
240,Airtel,M,33,Uttar Pradesh,Mumbai,760751,2025-08-28,3,38322,38.0,29.0,8081.0,1,2025,8,3,26-35,67.0,High Usage
241,Reliance Jio,F,69,Haryana,Delhi,270920,2025-08-29,0,33654,21.0,12.0,6522.0,0,2025,8,3,56+,33.0,Medium Usage
242,Reliance Jio,F,22,Uttarakhand,Kolkata,918104,2025-08-30,2,47542,51.0,48.0,5049.0,0,2025,8,3,18-25,99.0,Medium Usage
243,Vodafone,F,33,Arunachal Pradesh,Kolkata,856931,2025-08-31,0,75395,29.0,46.0,4116.0,0,2025,8,3,26-35,75.0,Medium Usage
244,Vodafone,F,31,Himachal Pradesh,Chennai,698625,2025-09-01,1,84898,50.0,20.0,5952.0,0,2025,9,3,26-35,70.0,Medium Usage
245,Vodafone,F,33,Uttarakhand,Hyderabad,125634,2025-09-02,4,40232,69.0,1.0,3798.0,0,2025,9,3,26-35,70.0,Medium Usage
246,Reliance Jio,M,42,Telangana,Kolkata,317292,2025-09-03,3,101163,107.0,11.0,6496.0,0,2025,9,3,36-45,118.0,Medium Usage
247,Airtel,F,31,Maharashtra,Kolkata,666591,2025-09-04,3,67608,52.0,39.0,3784.0,0,2025,9,3,26-35,91.0,Medium Usage
248,Vodafone,M,39,Chhattisgarh,Kolkata,755020,2025-09-05,0,80822,33.0,46.0,6921.0,0,2025,9,3,36-45,79.0,High Usage
249,Airtel,F,27,Rajasthan,Mumbai,458614,2025-09-06,4,103388,18.0,35.0,8840.0,0,2025,9,3,26-35,53.0,High Usage
250,Airtel,M,59,Nagaland,Delhi,241435,2025-09-07,2,78218,50.0,22.0,8154.0,0,2025,9,3,56+,72.0,High Usage
251,Reliance Jio,M,74,Tamil Nadu,Mumbai,172165,2025-09-08,2,135742,56.0,39.0,7323.0,0,2025,9,3,56+,95.0,High Usage
252,BSNL,M,62,Chhattisgarh,Hyderabad,268122,2025-09-09,1,130282,47.0,36.0,3941.0,1,2025,9,3,56+,83.0,Medium Usage
253,Airtel,M,63,Assam,Hyderabad,742583,2025-09-10,0,139202,5.0,25.5,1811.0,0,2025,9,3,56+,30.5,Low Usage
254,Airtel,M,31,Maharashtra,Bangalore,301810,2025-09-11,0,146742,10.0,14.0,7102.0,0,2025,9,3,26-35,24.0,High Usage
255,Vodafone,F,29,Bihar,Hyderabad,981841,2025-09-12,3,114515,75.0,21.0,5707.0,0,2025,9,3,26-35,96.0,Medium Usage
256,Vodafone,M,29,Maharashtra,Kolkata,162519,2025-09-13,4,147761,20.0,27.0,2202.0,0,2025,9,3,26-35,47.0,Low Usage
257,BSNL,M,21,Gujarat,Mumbai,554079,2025-09-14,4,40854,8.0,28.0,1326.0,0,2025,9,3,18-25,36.0,Low Usage
258,Reliance Jio,F,44,Bihar,Chennai,595196,2025-09-15,2,121363,22.0,11.0,4357.0,0,2025,9,3,36-45,33.0,Medium Usage
259,Airtel,M,45,Chhattisgarh,Mumbai,731397,2025-09-16,0,73602,87.0,46.0,396.0,0,2025,9,3,36-45,133.0,Low Usage
260,Airtel,F,33,Kerala,Bangalore,827526,2025-09-17,0,119465,72.0,41.0,4484.0,0,2025,9,3,26-35,113.0,Medium Usage
261,BSNL,M,32,Jharkhand,Hyderabad,909182,2025-09-18,2,26934,105.0,20.0,3976.0,0,2025,9,3,26-35,125.0,Medium Usage
262,Vodafone,M,59,Andhra Pradesh,Delhi,679237,2025-09-19,1,28888,37.0,22.0,4306.0,0,2025,9,3,56+,59.0,Medium Usage
263,Reliance Jio,F,70,Bihar,Delhi,393485,2025-09-20,2,31889,19.0,12.0,897.0,0,2025,9,3,56+,31.0,Low Usage
264,Airtel,M,35,Punjab,Mumbai,806688,2025-09-21,0,142177,59.0,22.0,7049.0,0,2025,9,3,26-35,81.0,High Usage
265,BSNL,M,63,Arunachal Pradesh,Chennai,449434,2025-09-22,2,94172,15.0,36.0,6709.0,0,2025,9,3,56+,51.0,High Usage
266,Airtel,M,25,Bihar,Delhi,500993,2025-09-23,0,39224,97.0,44.0,7861.0,1,2025,9,3,18-25,141.0,High Usage
267,Vodafone,M,73,Nagaland,Bangalore,601397,2025-09-24,2,137334,38.0,14.0,967.0,1,2025,9,3,56+,52.0,Low Usage
268,Reliance Jio,M,69,Odisha,Bangalore,414830,2025-09-25,2,105856,64.0,24.0,1334.0,0,2025,9,3,56+,88.0,Low Usage
269,BSNL,F,73,Punjab,Bangalore,971233,2025-09-26,4,65791,61.0,28.0,4907.0,0,2025,9,3,56+,89.0,Medium Usage
270,Reliance Jio,F,71,Bihar,Bangalore,370304,2025-09-27,0,58985,83.0,8.0,5596.0,1,2025,9,3,56+,91.0,Medium Usage
271,Reliance Jio,F,36,Haryana,Hyderabad,792670,2025-09-28,3,112741,53.0,24.0,3480.0,0,2025,9,3,36-45,77.0,Low Usage
272,Vodafone,F,18,Madhya Pradesh,Mumbai,423145,2025-09-29,4,127991,6.0,42.0,1171.0,1,2025,9,3,18-25,48.0,Low Usage
273,Airtel,F,60,Chhattisgarh,Bangalore,246556,2025-09-30,2,104425,36.0,35.0,8129.0,0,2025,9,3,56+,71.0,High Usage
274,Vodafone,M,60,Haryana,Delhi,775862,2025-10-01,0,134937,30.0,26.0,2296.0,0,2025,10,4,56+,56.0,Low Usage
275,Airtel,F,63,Mizoram,Hyderabad,970963,2025-10-02,4,149325,106.0,5.0,7993.0,1,2025,10,4,56+,111.0,High Usage
276,Airtel,M,37,Bihar,Bangalore,978459,2025-10-03,3,129980,19.0,8.0,6013.0,0,2025,10,4,36-45,27.0,Medium Usage
277,Reliance Jio,M,63,Jharkhand,Mumbai,145183,2025-10-04,4,112865,67.0,14.0,3488.0,0,2025,10,4,56+,81.0,Low Usage
278,BSNL,M,74,Bihar,Kolkata,822349,2025-10-05,3,101394,89.0,33.0,3106.0,1,2025,10,4,56+,122.0,Low Usage
279,Vodafone,M,24,Assam,Hyderabad,563153,2025-10-06,4,147010,78.0,41.0,1352.0,0,2025,10,4,18-25,119.0,Low Usage
280,Airtel,F,73,Andhra Pradesh,Chennai,439795,2025-10-07,0,47621,99.0,15.0,844.0,0,2025,10,4,56+,114.0,Low Usage
281,Airtel,F,55,Gujarat,Kolkata,804590,2025-10-08,4,84239,43.0,3.0,976.0,0,2025,10,4,46-55,46.0,Low Usage
282,Reliance Jio,F,72,Nagaland,Delhi,990356,2025-10-09,2,22514,28.0,28.0,10385.0,0,2025,10,4,56+,56.0,High Usage
283,Reliance Jio,F,33,Telangana,Bangalore,428664,2025-10-10,1,43005,50.0,25.5,1595.0,0,2025,10,4,26-35,75.5,Low Usage
284,Airtel,M,57,Nagaland,Mumbai,419359,2025-10-11,4,118360,54.0,43.0,3670.0,0,2025,10,4,56+,97.0,Medium Usage
285,BSNL,M,23,Gujarat,Mumbai,183348,2025-10-12,3,103474,4.0,48.0,2846.0,0,2025,10,4,18-25,52.0,Low Usage
286,Vodafone,M,19,Sikkim,Kolkata,422715,2025-10-13,0,109872,37.0,24.0,7806.0,0,2025,10,4,18-25,61.0,High Usage
287,Vodafone,F,18,Jharkhand,Kolkata,220612,2025-10-14,3,80143,39.0,25.5,5049.0,0,2025,10,4,18-25,64.5,Medium Usage
288,BSNL,F,66,Punjab,Mumbai,247365,2025-10-15,3,50103,50.0,31.0,2679.0,0,2025,10,4,56+,81.0,Low Usage
289,Vodafone,F,63,Uttarakhand,Mumbai,801611,2025-10-16,0,30879,17.0,21.0,5772.0,0,2025,10,4,56+,38.0,Medium Usage
290,Vodafone,M,42,Himachal Pradesh,Kolkata,962922,2025-10-17,1,127552,54.0,37.0,3315.0,0,2025,10,4,36-45,91.0,Low Usage
291,Reliance Jio,M,18,Mizoram,Bangalore,906833,2025-10-18,1,72410,75.0,6.0,6299.0,0,2025,10,4,18-25,81.0,Medium Usage
292,Reliance Jio,M,20,Andhra Pradesh,Bangalore,852794,2025-10-19,1,70189,57.0,5.0,2937.0,0,2025,10,4,18-25,62.0,Low Usage
293,BSNL,M,44,Andhra Pradesh,Kolkata,806657,2025-10-20,4,40046,67.0,26.0,2018.0,0,2025,10,4,36-45,93.0,Low Usage
294,Reliance Jio,F,28,Jharkhand,Bangalore,279014,2025-10-21,4,83611,57.0,44.0,1725.0,1,2025,10,4,26-35,101.0,Low Usage
295,Airtel,F,62,Haryana,Bangalore,943326,2025-10-22,2,124007,65.0,1.0,2317.0,1,2025,10,4,56+,66.0,Low Usage
296,BSNL,F,49,West Bengal,Delhi,924404,2025-10-23,1,121486,27.0,26.0,3744.0,0,2025,10,4,46-55,53.0,Medium Usage
297,Airtel,F,23,Tripura,Kolkata,588222,2025-10-24,1,122360,32.0,9.0,5429.0,0,2025,10,4,18-25,41.0,Medium Usage
298,BSNL,M,46,Goa,Delhi,176302,2025-10-25,2,131904,1.0,21.0,2991.0,1,2025,10,4,46-55,22.0,Low Usage
299,Vodafone,M,73,Himachal Pradesh,Delhi,776231,2025-10-26,4,84961,54.0,16.0,5320.0,0,2025,10,4,56+,70.0,Medium Usage
300,BSNL,M,55,Assam,Kolkata,439577,2025-10-27,1,83930,81.0,27.0,2832.0,0,2025,10,4,46-55,108.0,Low Usage
301,Vodafone,M,54,Andhra Pradesh,Bangalore,105199,2025-10-28,1,110342,86.0,11.0,3011.0,0,2025,10,4,46-55,97.0,Low Usage
302,Vodafone,F,40,Rajasthan,Bangalore,373900,2025-10-29,2,46368,35.0,12.0,1966.0,0,2025,10,4,36-45,47.0,Low Usage
303,Reliance Jio,M,21,Meghalaya,Bangalore,800847,2025-10-30,1,24120,99.0,25.5,5800.0,0,2025,10,4,18-25,124.5,Medium Usage
304,Vodafone,M,49,Punjab,Kolkata,522654,2025-10-31,0,72885,10.0,21.0,4018.0,0,2025,10,4,46-55,31.0,Medium Usage
305,BSNL,F,46,Assam,Mumbai,588033,2025-11-01,3,125247,52.0,20.0,6976.0,0,2025,11,4,46-55,72.0,High Usage
306,Vodafone,M,54,Gujarat,Bangalore,376073,2025-11-02,4,125090,77.0,35.0,4856.0,0,2025,11,4,46-55,112.0,Medium Usage
307,BSNL,F,54,Uttar Pradesh,Mumbai,321749,2025-11-03,3,88196,42.0,20.0,4897.0,0,2025,11,4,46-55,62.0,Medium Usage
308,Airtel,F,45,Sikkim,Kolkata,513507,2025-11-04,4,116297,43.0,20.0,4289.0,0,2025,11,4,36-45,63.0,Medium Usage
309,Reliance Jio,M,64,Odisha,Hyderabad,150239,2025-11-05,1,54157,58.0,43.0,1520.0,0,2025,11,4,56+,101.0,Low Usage
310,BSNL,M,18,Chhattisgarh,Delhi,408299,2025-11-06,0,94168,15.0,29.0,7737.0,0,2025,11,4,18-25,44.0,High Usage
311,Vodafone,M,19,Assam,Chennai,625921,2025-11-07,0,30544,50.0,30.0,1477.0,1,2025,11,4,18-25,80.0,Low Usage
312,Reliance Jio,M,64,Uttarakhand,Bangalore,484816,2025-11-08,2,126417,76.0,5.0,3422.0,0,2025,11,4,56+,81.0,Low Usage
313,Reliance Jio,M,18,Arunachal Pradesh,Hyderabad,329988,2025-11-09,0,109455,5.0,43.0,1004.0,0,2025,11,4,18-25,48.0,Low Usage
314,Vodafone,M,66,Goa,Delhi,467268,2025-11-10,2,84945,50.0,35.0,3104.0,0,2025,11,4,56+,85.0,Low Usage
315,Vodafone,F,29,Andhra Pradesh,Delhi,235974,2025-11-11,1,20806,92.0,2.0,3461.0,1,2025,11,4,26-35,94.0,Low Usage
316,Reliance Jio,F,71,Andhra Pradesh,Bangalore,730980,2025-11-12,3,41732,105.0,30.0,6536.0,1,2025,11,4,56+,135.0,Medium Usage
317,BSNL,F,23,Gujarat,Hyderabad,538935,2025-11-13,3,111960,84.0,34.0,4752.0,0,2025,11,4,18-25,118.0,Medium Usage
318,Airtel,M,47,Himachal Pradesh,Kolkata,534424,2025-11-14,1,65486,11.0,15.0,9928.0,0,2025,11,4,46-55,26.0,High Usage
319,Airtel,M,33,Madhya Pradesh,Kolkata,926241,2025-11-15,0,133702,84.0,19.0,3928.0,0,2025,11,4,26-35,103.0,Medium Usage
320,Vodafone,M,20,Haryana,Delhi,155614,2025-11-16,3,53713,104.0,10.0,5950.0,0,2025,11,4,18-25,114.0,Medium Usage
321,Reliance Jio,F,26,Arunachal Pradesh,Kolkata,370260,2025-11-17,2,42786,28.0,1.0,4321.0,0,2025,11,4,26-35,29.0,Medium Usage
322,Vodafone,M,40,Uttarakhand,Hyderabad,935405,2025-11-18,4,48102,91.0,49.0,4223.0,0,2025,11,4,36-45,140.0,Medium Usage
323,Reliance Jio,M,49,Bihar,Mumbai,191441,2025-11-19,2,73315,13.0,45.0,3755.0,0,2025,11,4,46-55,58.0,Medium Usage
324,Airtel,M,21,West Bengal,Mumbai,444300,2025-11-20,0,77800,15.0,37.0,2079.0,0,2025,11,4,18-25,52.0,Low Usage
325,Vodafone,M,51,Gujarat,Chennai,633872,2025-11-21,0,74585,50.0,26.0,7700.0,0,2025,11,4,46-55,76.0,High Usage
326,Reliance Jio,F,73,Telangana,Kolkata,676103,2025-11-22,0,56032,28.0,44.0,7653.0,0,2025,11,4,56+,72.0,High Usage
327,Airtel,M,69,Tamil Nadu,Chennai,337217,2025-11-23,2,84544,14.0,28.0,9884.0,0,2025,11,4,56+,42.0,High Usage
328,Reliance Jio,M,47,Manipur,Delhi,676461,2025-11-24,0,42454,58.0,8.0,8520.0,0,2025,11,4,46-55,66.0,High Usage
329,Reliance Jio,F,33,Tripura,Bangalore,788869,2025-11-25,3,142201,32.0,43.0,8262.0,0,2025,11,4,26-35,75.0,High Usage
330,Airtel,F,44,Gujarat,Mumbai,465349,2025-11-26,4,83967,44.0,43.0,2533.0,0,2025,11,4,36-45,87.0,Low Usage
331,Reliance Jio,F,66,Gujarat,Bangalore,566460,2025-11-27,0,87045,57.0,24.0,1301.0,0,2025,11,4,56+,81.0,Low Usage
332,Vodafone,M,28,West Bengal,Kolkata,890268,2025-11-28,2,82306,70.0,46.0,1261.0,0,2025,11,4,26-35,116.0,Low Usage
333,Vodafone,M,33,Arunachal Pradesh,Delhi,112822,2025-11-29,3,52681,64.0,47.0,3293.0,0,2025,11,4,26-35,111.0,Low Usage
334,Airtel,M,43,Assam,Kolkata,308488,2025-11-30,1,110758,34.0,44.0,3017.0,1,2025,11,4,36-45,78.0,Low Usage
335,Airtel,F,73,West Bengal,Kolkata,925035,2025-12-01,3,81795,80.0,9.0,328.0,0,2025,12,4,56+,89.0,Low Usage
336,Reliance Jio,F,70,Tamil Nadu,Hyderabad,591057,2025-12-02,4,42657,81.0,29.0,1563.0,0,2025,12,4,56+,110.0,Low Usage
337,Reliance Jio,M,43,Tamil Nadu,Chennai,696454,2025-12-03,4,132775,49.0,4.0,3305.0,0,2025,12,4,36-45,53.0,Low Usage
338,BSNL,M,58,Karnataka,Chennai,722664,2025-12-04,1,74129,26.0,37.0,2654.0,0,2025,12,4,56+,63.0,Low Usage
339,BSNL,M,39,Himachal Pradesh,Delhi,779893,2025-12-05,3,34432,66.0,11.0,2659.0,0,2025,12,4,36-45,77.0,Low Usage
340,Airtel,M,54,Tamil Nadu,Hyderabad,974920,2025-12-06,1,62846,98.0,15.0,5876.0,0,2025,12,4,46-55,113.0,Medium Usage
341,Reliance Jio,M,24,Telangana,Chennai,479889,2025-12-07,0,136740,29.0,26.0,4601.0,0,2025,12,4,18-25,55.0,Medium Usage
342,BSNL,F,49,Jharkhand,Kolkata,644139,2025-12-08,1,49830,9.0,14.0,1533.0,0,2025,12,4,46-55,23.0,Low Usage
343,Airtel,M,57,Himachal Pradesh,Delhi,212297,2025-12-09,0,117355,50.0,38.0,6185.0,0,2025,12,4,56+,88.0,Medium Usage
344,BSNL,F,46,Assam,Bangalore,486162,2025-12-10,0,104717,80.0,8.0,7487.0,0,2025,12,4,46-55,88.0,High Usage
345,Vodafone,M,27,Telangana,Mumbai,715839,2025-12-11,1,91209,81.0,44.0,2843.0,0,2025,12,4,26-35,125.0,Low Usage
346,Airtel,M,38,Gujarat,Hyderabad,745481,2025-12-12,4,102092,86.0,43.0,3811.0,0,2025,12,4,36-45,129.0,Medium Usage
347,BSNL,M,20,Tamil Nadu,Hyderabad,838969,2025-12-13,2,97864,35.0,7.0,5314.0,0,2025,12,4,18-25,42.0,Medium Usage
348,Airtel,F,60,West Bengal,Bangalore,534225,2025-12-14,3,76335,10.0,35.0,10387.0,0,2025,12,4,56+,45.0,High Usage
349,Airtel,M,38,Jharkhand,Mumbai,805240,2025-12-15,1,50984,50.0,1.0,2232.0,0,2025,12,4,36-45,51.0,Low Usage
350,Reliance Jio,M,19,Maharashtra,Kolkata,338039,2025-12-16,4,116019,89.0,4.0,2234.0,1,2025,12,4,18-25,93.0,Low Usage
351,BSNL,M,51,Telangana,Kolkata,660501,2025-12-17,0,73942,73.0,3.0,8482.0,0,2025,12,4,46-55,76.0,High Usage
352,BSNL,M,43,Haryana,Chennai,134717,2025-12-18,4,135229,17.0,13.0,3821.0,0,2025,12,4,36-45,30.0,Medium Usage
353,Airtel,M,38,Gujarat,Hyderabad,177754,2025-12-19,3,37512,29.0,35.0,4781.0,0,2025,12,4,36-45,64.0,Medium Usage
354,Airtel,F,57,Telangana,Chennai,207971,2025-12-20,4,29752,75.0,48.0,4848.0,0,2025,12,4,56+,123.0,Medium Usage
355,Reliance Jio,M,33,Assam,Mumbai,542758,2025-12-21,4,131042,15.0,20.0,6324.0,0,2025,12,4,26-35,35.0,Medium Usage
356,BSNL,M,25,Madhya Pradesh,Chennai,731199,2025-12-22,3,76568,16.0,28.0,5449.0,0,2025,12,4,18-25,44.0,Medium Usage
357,Vodafone,F,31,Goa,Kolkata,142807,2025-12-23,1,93415,44.0,10.0,2612.0,0,2025,12,4,26-35,54.0,Low Usage
358,Vodafone,F,26,Manipur,Chennai,948953,2025-12-24,3,104369,31.0,32.0,9497.0,1,2025,12,4,26-35,63.0,High Usage
359,Airtel,M,40,Madhya Pradesh,Hyderabad,507488,2025-12-25,0,112603,3.0,41.0,1269.0,0,2025,12,4,36-45,44.0,Low Usage
360,Vodafone,M,70,Uttar Pradesh,Mumbai,805405,2025-12-26,0,123779,69.0,37.0,3444.0,0,2025,12,4,56+,106.0,Low Usage
361,Airtel,F,27,Odisha,Hyderabad,585734,2025-12-27,3,107068,71.0,4.0,8938.0,0,2025,12,4,26-35,75.0,High Usage
362,Reliance Jio,M,26,Meghalaya,Mumbai,310270,2025-12-28,1,118266,40.0,19.0,4522.0,1,2025,12,4,26-35,59.0,Medium Usage
363,Vodafone,M,60,Bihar,Mumbai,378746,2025-12-29,1,67099,24.0,13.0,5979.0,0,2025,12,4,56+,37.0,Medium Usage
364,BSNL,F,35,Tamil Nadu,Chennai,316031,2025-12-30,0,92677,9.0,28.0,6876.0,0,2025,12,4,26-35,37.0,High Usage
365,BSNL,M,40,Assam,Chennai,654900,2025-12-31,0,103965,45.0,27.0,3814.0,0,2025,12,4,36-45,72.0,Medium Usage
366,Airtel,M,21,Meghalaya,Chennai,901674,2026-01-01,0,102173,98.0,10.0,7145.0,1,2026,1,1,18-25,108.0,High Usage
367,Airtel,M,71,Gujarat,Hyderabad,829776,2026-01-02,2,57910,88.0,34.0,6214.0,0,2026,1,1,56+,122.0,Medium Usage
368,Airtel,F,55,Tamil Nadu,Delhi,877214,2026-01-03,2,100210,95.0,47.0,9829.0,0,2026,1,1,46-55,142.0,High Usage
369,Reliance Jio,M,33,Mizoram,Kolkata,148484,2026-01-04,2,132500,102.0,0.0,5008.0,0,2026,1,1,26-35,102.0,Medium Usage
370,Vodafone,F,60,Assam,Bangalore,458540,2026-01-05,3,43179,89.0,17.0,5521.0,0,2026,1,1,56+,106.0,Medium Usage
371,Airtel,F,51,Uttarakhand,Mumbai,655304,2026-01-06,0,40940,46.0,2.0,7409.0,1,2026,1,1,46-55,48.0,High Usage
372,BSNL,F,23,Nagaland,Hyderabad,196644,2026-01-07,0,137564,50.0,30.0,7553.0,0,2026,1,1,18-25,80.0,High Usage
373,Vodafone,M,31,Goa,Bangalore,493842,2026-01-08,3,132732,73.0,29.0,4584.0,0,2026,1,1,26-35,102.0,Medium Usage
374,Airtel,F,49,Jharkhand,Mumbai,245269,2026-01-09,4,35809,85.0,46.0,5392.0,0,2026,1,1,46-55,131.0,Medium Usage
375,Vodafone,M,18,Karnataka,Kolkata,778167,2026-01-10,4,109880,25.0,4.0,2974.0,0,2026,1,1,18-25,29.0,Low Usage
376,Vodafone,F,62,Himachal Pradesh,Kolkata,880523,2026-01-11,3,71276,50.0,17.0,4318.0,0,2026,1,1,56+,67.0,Medium Usage
377,Airtel,F,61,Andhra Pradesh,Mumbai,840552,2026-01-12,4,104056,27.0,17.0,7331.0,1,2026,1,1,56+,44.0,High Usage
378,Reliance Jio,M,45,Gujarat,Chennai,930576,2026-01-13,4,108830,69.0,49.0,5900.0,0,2026,1,1,36-45,118.0,Medium Usage
379,BSNL,F,31,Mizoram,Delhi,274339,2026-01-14,2,48070,59.0,20.0,7556.0,0,2026,1,1,26-35,79.0,High Usage
380,Vodafone,F,24,Uttar Pradesh,Mumbai,663047,2026-01-15,4,109504,50.0,45.0,10244.0,0,2026,1,1,18-25,95.0,High Usage
381,BSNL,M,29,Tamil Nadu,Delhi,102293,2026-01-16,0,128897,77.0,46.0,2351.0,0,2026,1,1,26-35,123.0,Low Usage
382,Vodafone,M,57,Bihar,Hyderabad,143783,2026-01-17,0,28097,1.0,24.0,6184.0,1,2026,1,1,56+,25.0,Medium Usage
383,Airtel,M,56,Telangana,Chennai,874288,2026-01-18,1,62086,71.0,5.0,8838.0,0,2026,1,1,56+,76.0,High Usage
384,Airtel,M,25,Kerala,Hyderabad,709759,2026-01-19,4,23184,9.0,14.0,1390.0,0,2026,1,1,18-25,23.0,Low Usage
385,Vodafone,F,39,Jharkhand,Hyderabad,242734,2026-01-20,1,77635,85.0,40.0,579.0,0,2026,1,1,36-45,125.0,Low Usage
386,Airtel,F,50,Rajasthan,Hyderabad,286573,2026-01-21,0,104420,15.0,25.5,8251.0,0,2026,1,1,46-55,40.5,High Usage
387,Reliance Jio,M,52,Arunachal Pradesh,Hyderabad,654561,2026-01-22,0,101109,35.0,32.0,650.0,0,2026,1,1,46-55,67.0,Low Usage
388,Vodafone,M,42,Mizoram,Bangalore,416775,2026-01-23,3,64219,44.0,24.0,8730.0,0,2026,1,1,36-45,68.0,High Usage
389,Airtel,M,62,Madhya Pradesh,Chennai,895347,2026-01-24,4,129422,5.0,5.0,3657.0,0,2026,1,1,56+,10.0,Medium Usage
390,BSNL,M,29,Uttar Pradesh,Delhi,522997,2026-01-25,3,30115,48.0,12.0,5049.0,0,2026,1,1,26-35,60.0,Medium Usage
391,Airtel,F,52,Haryana,Delhi,425430,2026-01-26,3,116351,74.0,6.0,3800.0,0,2026,1,1,46-55,80.0,Medium Usage
392,BSNL,M,20,Arunachal Pradesh,Mumbai,960000,2026-01-27,2,33588,86.0,29.0,5702.0,0,2026,1,1,18-25,115.0,Medium Usage
393,Reliance Jio,M,65,Haryana,Hyderabad,182499,2026-01-28,0,117358,64.0,48.0,5016.0,0,2026,1,1,56+,112.0,Medium Usage
394,BSNL,M,20,Madhya Pradesh,Delhi,290263,2026-01-29,3,54235,66.0,7.0,5049.0,0,2026,1,1,18-25,73.0,Medium Usage
395,Vodafone,M,30,Gujarat,Chennai,948152,2026-01-30,4,149187,51.0,4.0,9104.0,0,2026,1,1,26-35,55.0,High Usage
396,Airtel,M,26,Nagaland,Chennai,427409,2026-01-31,0,62316,12.0,38.0,1238.0,0,2026,1,1,26-35,50.0,Low Usage
397,BSNL,F,47,Uttarakhand,Kolkata,516793,2026-02-01,0,60281,92.0,10.0,4671.0,0,2026,2,1,46-55,102.0,Medium Usage
398,Reliance Jio,M,44,Himachal Pradesh,Hyderabad,968283,2026-02-02,0,82926,47.0,43.0,3690.0,0,2026,2,1,36-45,90.0,Medium Usage
399,Reliance Jio,F,72,Tamil Nadu,Chennai,832713,2026-02-03,1,146043,36.0,13.0,2179.0,0,2026,2,1,56+,49.0,Low Usage
400,Airtel,M,67,Nagaland,Hyderabad,606649,2026-02-04,0,29790,21.0,42.0,730.0,1,2026,2,1,56+,63.0,Low Usage
401,BSNL,M,73,Chhattisgarh,Bangalore,483398,2026-02-05,0,52898,89.0,19.0,4250.0,0,2026,2,1,56+,108.0,Medium Usage
402,Airtel,M,44,Sikkim,Bangalore,532968,2026-02-06,1,30124,61.0,37.0,2316.0,0,2026,2,1,36-45,98.0,Low Usage
403,Airtel,F,43,Haryana,Delhi,452102,2026-02-07,3,57211,23.0,6.0,2980.0,0,2026,2,1,36-45,29.0,Low Usage
404,BSNL,F,26,Bihar,Chennai,748754,2026-02-08,2,67441,40.0,10.0,8583.0,0,2026,2,1,26-35,50.0,High Usage
405,Reliance Jio,M,67,Odisha,Mumbai,169583,2026-02-09,4,49392,50.0,7.0,4692.0,1,2026,2,1,56+,57.0,Medium Usage
406,BSNL,F,74,West Bengal,Mumbai,825884,2026-02-10,3,131294,94.0,19.0,7892.0,0,2026,2,1,56+,113.0,High Usage
407,BSNL,M,50,Andhra Pradesh,Mumbai,408635,2026-02-11,1,27602,17.0,27.0,8031.0,0,2026,2,1,46-55,44.0,High Usage
408,BSNL,M,60,Punjab,Chennai,916505,2026-02-12,1,120060,18.0,25.0,4836.0,0,2026,2,1,56+,43.0,Medium Usage
409,Reliance Jio,F,26,Andhra Pradesh,Chennai,837518,2026-02-13,3,45407,51.0,36.0,2185.0,0,2026,2,1,26-35,87.0,Low Usage
410,Vodafone,M,36,Uttar Pradesh,Bangalore,306217,2026-02-14,1,39286,71.0,23.0,1594.0,1,2026,2,1,36-45,94.0,Low Usage
411,Airtel,F,36,Bihar,Delhi,673521,2026-02-15,1,36370,2.0,5.0,8879.0,0,2026,2,1,36-45,7.0,High Usage
412,Airtel,F,18,Manipur,Chennai,865254,2026-02-16,2,64552,32.0,10.0,8699.0,0,2026,2,1,18-25,42.0,High Usage
413,BSNL,F,31,Punjab,Hyderabad,219788,2026-02-17,3,129021,70.0,45.0,550.0,0,2026,2,1,26-35,115.0,Low Usage
414,Vodafone,M,28,Punjab,Bangalore,207677,2026-02-18,3,72116,20.0,28.0,7987.0,0,2026,2,1,26-35,48.0,High Usage
415,Airtel,M,55,Rajasthan,Bangalore,115054,2026-02-19,3,81137,50.0,40.0,7892.0,0,2026,2,1,46-55,90.0,High Usage
416,BSNL,F,28,Arunachal Pradesh,Kolkata,185579,2026-02-20,3,59589,69.0,9.0,2024.0,0,2026,2,1,26-35,78.0,Low Usage
417,BSNL,M,24,Meghalaya,Kolkata,614931,2026-02-21,3,122632,52.0,36.0,9297.0,0,2026,2,1,18-25,88.0,High Usage
418,Vodafone,M,53,Tripura,Delhi,152858,2026-02-22,2,82155,87.0,45.0,7588.0,0,2026,2,1,46-55,132.0,High Usage
419,Reliance Jio,M,65,Himachal Pradesh,Bangalore,484608,2026-02-23,0,87182,76.0,33.0,4217.0,0,2026,2,1,56+,109.0,Medium Usage
420,Vodafone,M,49,Tamil Nadu,Chennai,404259,2026-02-24,1,20908,53.0,48.0,555.0,0,2026,2,1,46-55,101.0,Low Usage
421,BSNL,M,40,Kerala,Hyderabad,744801,2026-02-25,3,96061,74.0,42.0,6074.0,0,2026,2,1,36-45,116.0,Medium Usage
422,Reliance Jio,F,56,Nagaland,Mumbai,882611,2026-02-26,0,103335,77.0,20.0,6335.0,0,2026,2,1,56+,97.0,Medium Usage
423,BSNL,F,62,Gujarat,Bangalore,720965,2026-02-27,4,51444,5.0,37.0,1325.0,0,2026,2,1,56+,42.0,Low Usage
424,Airtel,F,54,Andhra Pradesh,Mumbai,302465,2026-02-28,3,32362,102.0,8.0,1322.0,1,2026,2,1,46-55,110.0,Low Usage
425,Vodafone,M,22,Punjab,Chennai,783735,2026-03-01,3,116212,48.0,30.0,10274.0,0,2026,3,1,18-25,78.0,High Usage
426,BSNL,M,58,Kerala,Chennai,409976,2026-03-02,3,96999,26.0,31.0,328.0,0,2026,3,1,56+,57.0,Low Usage
427,BSNL,M,58,Manipur,Mumbai,183003,2026-03-03,0,100174,33.0,44.0,9654.0,0,2026,3,1,56+,77.0,High Usage
428,BSNL,F,61,Telangana,Mumbai,241114,2026-03-04,3,29781,6.0,28.0,4712.0,1,2026,3,1,56+,34.0,Medium Usage
429,Reliance Jio,M,44,Madhya Pradesh,Bangalore,362874,2026-03-05,2,44381,66.0,10.0,4855.0,1,2026,3,1,36-45,76.0,Medium Usage
430,Vodafone,M,51,Telangana,Kolkata,141516,2026-03-06,2,148645,20.0,15.0,8995.0,1,2026,3,1,46-55,35.0,High Usage
431,Airtel,M,70,Madhya Pradesh,Bangalore,806255,2026-03-07,3,44046,91.0,30.0,5356.0,0,2026,3,1,56+,121.0,Medium Usage
432,Airtel,M,26,Telangana,Delhi,700076,2026-03-08,1,49917,84.0,16.0,8639.0,0,2026,3,1,26-35,100.0,High Usage
433,Reliance Jio,F,22,Meghalaya,Bangalore,913824,2026-03-09,3,24963,5.0,36.0,682.0,0,2026,3,1,18-25,41.0,Low Usage
434,Airtel,M,58,Uttar Pradesh,Mumbai,817740,2026-03-10,1,123671,58.0,18.0,4666.0,1,2026,3,1,56+,76.0,Medium Usage
435,Reliance Jio,F,70,Uttar Pradesh,Chennai,272575,2026-03-11,3,45037,20.0,5.0,4017.0,0,2026,3,1,56+,25.0,Medium Usage
436,Airtel,M,69,Maharashtra,Bangalore,396040,2026-03-12,3,81083,9.0,5.0,1772.0,1,2026,3,1,56+,14.0,Low Usage
437,Reliance Jio,M,27,Mizoram,Kolkata,723341,2026-03-13,0,130020,84.0,13.0,5049.0,0,2026,3,1,26-35,97.0,Medium Usage
438,Vodafone,M,37,Uttar Pradesh,Kolkata,866584,2026-03-14,1,112351,30.0,44.0,5049.0,0,2026,3,1,36-45,74.0,Medium Usage
439,Vodafone,F,60,Sikkim,Bangalore,515906,2026-03-15,0,105193,6.0,20.0,938.0,0,2026,3,1,56+,26.0,Low Usage
440,Vodafone,F,66,Odisha,Mumbai,975861,2026-03-16,0,103979,75.0,30.0,212.0,0,2026,3,1,56+,105.0,Low Usage
441,Vodafone,M,73,Chhattisgarh,Chennai,817927,2026-03-17,2,75484,55.0,10.0,9357.0,0,2026,3,1,56+,65.0,High Usage
442,Vodafone,M,18,Sikkim,Kolkata,927058,2026-03-18,2,110074,54.0,15.0,9673.0,1,2026,3,1,18-25,69.0,High Usage
443,BSNL,F,24,Assam,Kolkata,544676,2026-03-19,3,97497,57.0,23.0,4268.0,0,2026,3,1,18-25,80.0,Medium Usage
444,Airtel,M,68,West Bengal,Kolkata,802643,2026-03-20,4,114732,81.0,42.0,4317.0,0,2026,3,1,56+,123.0,Medium Usage
445,Reliance Jio,M,65,Maharashtra,Mumbai,576962,2026-03-21,4,83949,63.0,12.0,6320.0,0,2026,3,1,56+,75.0,Medium Usage
446,Vodafone,F,41,Karnataka,Kolkata,459186,2026-03-22,1,91019,60.0,6.0,1785.0,0,2026,3,1,36-45,66.0,Low Usage
447,Airtel,M,65,Meghalaya,Chennai,785268,2026-03-23,4,20797,52.0,32.0,9263.0,0,2026,3,1,56+,84.0,High Usage
448,BSNL,F,35,Himachal Pradesh,Hyderabad,117812,2026-03-24,1,99181,71.0,16.0,5914.0,1,2026,3,1,26-35,87.0,Medium Usage
449,Vodafone,F,72,Uttar Pradesh,Delhi,207241,2026-03-25,2,132130,25.0,29.0,9872.0,1,2026,3,1,56+,54.0,High Usage
450,BSNL,F,70,Uttarakhand,Bangalore,905927,2026-03-26,1,31918,56.0,41.0,7808.0,0,2026,3,1,56+,97.0,High Usage
451,BSNL,M,20,Assam,Mumbai,430272,2026-03-27,4,59533,39.0,24.0,9071.0,0,2026,3,1,18-25,63.0,High Usage
452,BSNL,M,69,Jharkhand,Delhi,697005,2026-03-28,4,84930,62.0,49.0,4426.0,0,2026,3,1,56+,111.0,Medium Usage
453,Vodafone,F,34,Telangana,Bangalore,934731,2026-03-29,3,82873,70.0,13.0,5460.0,0,2026,3,1,26-35,83.0,Medium Usage
454,BSNL,M,36,Karnataka,Kolkata,116274,2026-03-30,1,117088,18.0,8.0,3755.0,0,2026,3,1,36-45,26.0,Medium Usage
455,Airtel,M,57,Tamil Nadu,Chennai,255229,2026-03-31,2,48105,58.0,45.0,8920.0,0,2026,3,1,56+,103.0,High Usage
456,BSNL,M,41,Chhattisgarh,Chennai,518181,2026-04-01,4,20038,19.0,7.0,1982.0,0,2026,4,2,36-45,26.0,Low Usage
457,BSNL,M,31,West Bengal,Mumbai,925911,2026-04-02,1,103809,78.0,14.0,2534.0,0,2026,4,2,26-35,92.0,Low Usage
458,Reliance Jio,M,25,Tamil Nadu,Bangalore,119977,2026-04-03,1,120797,18.0,19.0,4984.0,0,2026,4,2,18-25,37.0,Medium Usage
459,Vodafone,F,71,Haryana,Chennai,621695,2026-04-04,2,122184,60.0,44.0,9649.0,0,2026,4,2,56+,104.0,High Usage
460,Airtel,M,59,Haryana,Hyderabad,101718,2026-04-05,0,48487,44.0,14.0,7117.0,0,2026,4,2,56+,58.0,High Usage
461,Vodafone,M,34,Jharkhand,Kolkata,734168,2026-04-06,3,27308,5.0,3.0,3688.0,0,2026,4,2,26-35,8.0,Medium Usage
462,Vodafone,F,34,Nagaland,Chennai,372335,2026-04-07,3,51380,21.0,35.0,1908.0,0,2026,4,2,26-35,56.0,Low Usage
463,Airtel,M,53,Kerala,Hyderabad,556851,2026-04-08,2,51401,50.0,45.0,3211.0,0,2026,4,2,46-55,95.0,Low Usage
464,Reliance Jio,F,70,Nagaland,Kolkata,471384,2026-04-09,4,123031,44.0,21.0,7605.0,1,2026,4,2,56+,65.0,High Usage
465,Reliance Jio,M,71,Uttarakhand,Bangalore,816930,2026-04-10,2,147464,52.0,12.0,4259.0,0,2026,4,2,56+,64.0,Medium Usage
466,BSNL,M,25,Bihar,Delhi,259220,2026-04-11,1,149940,72.0,7.0,893.0,0,2026,4,2,18-25,79.0,Low Usage
467,Reliance Jio,F,55,Nagaland,Kolkata,814045,2026-04-12,4,71991,7.0,25.0,8226.0,0,2026,4,2,46-55,32.0,High Usage
468,Reliance Jio,M,61,Telangana,Bangalore,606604,2026-04-13,1,103765,8.0,13.0,8503.0,1,2026,4,2,56+,21.0,High Usage
469,BSNL,M,63,Sikkim,Hyderabad,509373,2026-04-14,2,66128,17.0,29.0,2183.0,0,2026,4,2,56+,46.0,Low Usage
470,BSNL,F,72,Uttar Pradesh,Bangalore,108424,2026-04-15,1,124442,44.0,11.0,7488.0,0,2026,4,2,56+,55.0,High Usage
471,Airtel,F,46,Sikkim,Kolkata,692826,2026-04-16,2,53404,93.0,48.0,2594.0,1,2026,4,2,46-55,141.0,Low Usage
472,BSNL,F,61,Assam,Hyderabad,366755,2026-04-17,2,31107,59.0,13.0,6324.0,0,2026,4,2,56+,72.0,Medium Usage
473,Vodafone,M,36,Assam,Chennai,588357,2026-04-18,0,97004,89.0,11.0,5955.0,0,2026,4,2,36-45,100.0,Medium Usage
474,BSNL,F,23,Tripura,Delhi,816920,2026-04-19,2,71580,75.0,14.0,7537.0,0,2026,4,2,18-25,89.0,High Usage
475,Airtel,M,41,Uttar Pradesh,Kolkata,178644,2026-04-20,0,66714,73.0,3.0,4083.0,0,2026,4,2,36-45,76.0,Medium Usage
476,Airtel,F,61,Tripura,Chennai,688616,2026-04-21,2,149571,5.0,43.0,617.0,0,2026,4,2,56+,48.0,Low Usage
477,Reliance Jio,M,21,Tamil Nadu,Hyderabad,974466,2026-04-22,2,144303,41.0,22.0,8709.0,0,2026,4,2,18-25,63.0,High Usage
478,Airtel,M,37,Tamil Nadu,Hyderabad,515031,2026-04-23,1,25306,32.0,44.0,488.0,0,2026,4,2,36-45,76.0,Low Usage
479,Vodafone,F,69,Odisha,Delhi,813069,2026-04-24,2,129075,62.0,38.0,404.0,0,2026,4,2,56+,100.0,Low Usage
480,Reliance Jio,F,38,Odisha,Mumbai,820815,2026-04-25,2,104093,70.0,19.0,7216.0,0,2026,4,2,36-45,89.0,High Usage
481,Airtel,M,20,Haryana,Hyderabad,276120,2026-04-26,1,52519,89.0,27.0,14.0,0,2026,4,2,18-25,116.0,Low Usage
482,Vodafone,M,23,Nagaland,Delhi,857216,2026-04-27,2,47223,73.0,26.0,5490.0,0,2026,4,2,18-25,99.0,Medium Usage
483,Airtel,M,72,Bihar,Hyderabad,609730,2026-04-28,0,107783,84.0,18.0,9316.0,0,2026,4,2,56+,102.0,High Usage
484,Vodafone,M,30,Tripura,Kolkata,205906,2026-04-29,3,40077,53.0,33.0,1563.0,1,2026,4,2,26-35,86.0,Low Usage
485,Reliance Jio,M,30,Kerala,Delhi,746111,2026-04-30,2,68434,26.0,36.0,7190.0,0,2026,4,2,26-35,62.0,High Usage
486,Reliance Jio,M,18,Haryana,Bangalore,885225,2026-05-01,4,133046,67.0,21.0,1184.0,0,2026,5,2,18-25,88.0,Low Usage
487,BSNL,F,39,Kerala,Hyderabad,884839,2026-05-02,2,99279,38.0,30.0,6893.0,1,2026,5,2,36-45,68.0,High Usage
488,Vodafone,F,63,Tamil Nadu,Chennai,849685,2026-05-03,3,101526,35.0,24.0,1610.0,0,2026,5,2,56+,59.0,Low Usage
489,Airtel,F,66,Meghalaya,Hyderabad,409777,2026-05-04,4,49211,47.0,20.0,5049.0,0,2026,5,2,56+,67.0,Medium Usage
490,Airtel,M,21,Andhra Pradesh,Hyderabad,296625,2026-05-05,3,127871,50.0,24.0,7947.0,0,2026,5,2,18-25,74.0,High Usage
491,Airtel,F,65,Gujarat,Chennai,134858,2026-05-06,0,75699,78.0,22.0,5104.0,0,2026,5,2,56+,100.0,Medium Usage
492,Airtel,F,73,Haryana,Kolkata,182851,2026-05-07,4,90106,97.0,46.0,6760.0,0,2026,5,2,56+,143.0,High Usage
493,Vodafone,M,33,Tamil Nadu,Mumbai,455946,2026-05-08,1,35944,37.0,42.0,9330.0,1,2026,5,2,26-35,79.0,High Usage
494,Airtel,F,67,Nagaland,Delhi,512435,2026-05-09,2,116562,23.0,4.0,4494.0,1,2026,5,2,56+,27.0,Medium Usage
495,Airtel,F,41,Uttarakhand,Delhi,439164,2026-05-10,1,63658,73.0,30.0,8497.0,0,2026,5,2,36-45,103.0,High Usage
496,Vodafone,M,38,Mizoram,Hyderabad,378293,2026-05-11,3,132783,71.0,49.0,10229.0,1,2026,5,2,36-45,120.0,High Usage
497,Vodafone,M,50,Mizoram,Kolkata,689765,2026-05-12,1,98282,51.0,13.0,3597.0,0,2026,5,2,46-55,64.0,Medium Usage
498,Airtel,M,27,Jharkhand,Delhi,627762,2026-05-13,4,24674,23.0,7.0,8206.0,0,2026,5,2,26-35,30.0,High Usage
499,BSNL,F,34,West Bengal,Kolkata,506385,2026-05-14,3,29776,60.0,51.0,4800.0,0,2026,5,2,26-35,111.0,Medium Usage
500,Airtel,F,36,Sikkim,Delhi,238927,2026-05-15,0,147858,95.0,33.0,1601.0,0,2026,5,2,36-45,128.0,Low Usage
501,BSNL,F,55,Manipur,Bangalore,312255,2026-05-16,0,33928,51.0,12.0,4030.0,0,2026,5,2,46-55,63.0,Medium Usage
502,Airtel,M,22,Jharkhand,Bangalore,925116,2026-05-17,1,84699,104.0,41.0,3258.0,1,2026,5,2,18-25,145.0,Low Usage
503,BSNL,M,53,Jharkhand,Delhi,731586,2026-05-18,4,63026,37.0,12.0,5049.0,0,2026,5,2,46-55,49.0,Medium Usage
504,Vodafone,M,65,Assam,Kolkata,867100,2026-05-19,3,115456,76.0,28.0,8412.0,0,2026,5,2,56+,104.0,High Usage
505,Vodafone,M,68,Sikkim,Kolkata,814618,2026-05-20,1,102265,25.0,46.0,9077.0,0,2026,5,2,56+,71.0,High Usage
506,Airtel,M,67,Assam,Hyderabad,493626,2026-05-21,3,66892,34.0,13.0,3286.0,0,2026,5,2,56+,47.0,Low Usage
507,BSNL,M,23,Kerala,Mumbai,294695,2026-05-22,0,101553,90.0,15.0,10125.0,0,2026,5,2,18-25,105.0,High Usage
508,Reliance Jio,M,40,Gujarat,Mumbai,198455,2026-05-23,2,24568,27.0,10.0,2691.0,1,2026,5,2,36-45,37.0,Low Usage
509,BSNL,F,60,Tamil Nadu,Kolkata,584218,2026-05-24,2,31522,84.0,4.0,4482.0,0,2026,5,2,56+,88.0,Medium Usage
510,Vodafone,M,66,Andhra Pradesh,Kolkata,743916,2026-05-25,3,136307,92.0,30.0,2323.0,0,2026,5,2,56+,122.0,Low Usage
511,BSNL,M,57,Telangana,Delhi,962339,2026-05-26,2,121325,46.0,43.0,6789.0,0,2026,5,2,56+,89.0,High Usage
512,Vodafone,F,26,Mizoram,Hyderabad,272920,2026-05-27,1,39520,86.0,29.0,9446.0,1,2026,5,2,26-35,115.0,High Usage
513,BSNL,F,29,Uttar Pradesh,Delhi,227211,2026-05-28,2,120050,26.0,3.0,2691.0,0,2026,5,2,26-35,29.0,Low Usage
514,Reliance Jio,F,61,Telangana,Kolkata,853887,2026-05-29,4,43388,32.0,6.0,1528.0,0,2026,5,2,56+,38.0,Low Usage
515,Airtel,M,73,Madhya Pradesh,Hyderabad,456752,2026-05-30,1,66301,50.0,13.0,2154.0,0,2026,5,2,56+,63.0,Low Usage
516,Airtel,M,62,Assam,Bangalore,455924,2026-05-31,1,39751,92.0,43.0,8593.0,0,2026,5,2,56+,135.0,High Usage
517,Vodafone,M,70,Jharkhand,Hyderabad,607675,2026-06-01,1,49984,27.0,17.0,2484.0,1,2026,6,2,56+,44.0,Low Usage
518,Airtel,M,62,Rajasthan,Hyderabad,127791,2026-06-02,0,135719,83.0,25.5,5049.0,0,2026,6,2,56+,108.5,Medium Usage
519,Reliance Jio,M,72,Jharkhand,Delhi,708646,2026-06-03,2,41911,40.0,35.0,5262.0,0,2026,6,2,56+,75.0,Medium Usage
520,Airtel,M,64,Goa,Bangalore,273232,2026-06-04,1,100231,11.0,20.0,4591.0,0,2026,6,2,56+,31.0,Medium Usage
521,Airtel,M,65,Telangana,Kolkata,183943,2026-06-05,1,144521,85.0,7.0,2500.0,0,2026,6,2,56+,92.0,Low Usage
522,Airtel,M,44,West Bengal,Delhi,400990,2026-06-06,0,58917,96.0,43.0,7408.0,0,2026,6,2,36-45,139.0,High Usage
523,Reliance Jio,M,29,West Bengal,Kolkata,405980,2026-06-07,3,127353,102.0,24.0,46.0,0,2026,6,2,26-35,126.0,Low Usage
524,BSNL,M,61,Rajasthan,Hyderabad,609588,2026-06-08,2,71266,27.0,3.0,5960.0,0,2026,6,2,56+,30.0,Medium Usage
525,Reliance Jio,M,67,Goa,Mumbai,355951,2026-06-09,4,38264,96.0,44.0,143.0,0,2026,6,2,56+,140.0,Low Usage
526,BSNL,M,47,Nagaland,Hyderabad,603288,2026-06-10,2,110063,41.0,0.0,7613.0,1,2026,6,2,46-55,41.0,High Usage
527,Reliance Jio,M,58,Uttarakhand,Hyderabad,781307,2026-06-11,0,121046,83.0,40.0,2843.0,0,2026,6,2,56+,123.0,Low Usage
528,BSNL,M,55,Sikkim,Mumbai,776129,2026-06-12,4,38480,13.0,44.0,9302.0,0,2026,6,2,46-55,57.0,High Usage
529,Airtel,M,21,Rajasthan,Kolkata,634049,2026-06-13,3,120546,70.0,27.0,258.0,0,2026,6,2,18-25,97.0,Low Usage
530,Airtel,F,31,Mizoram,Bangalore,583675,2026-06-14,4,91738,0.0,47.0,2966.0,0,2026,6,2,26-35,47.0,Low Usage
531,Vodafone,M,64,Kerala,Hyderabad,528896,2026-06-15,0,122486,50.0,27.0,6395.0,0,2026,6,2,56+,77.0,Medium Usage
532,Vodafone,M,45,Nagaland,Chennai,306697,2026-06-16,1,45761,44.0,27.0,4235.0,0,2026,6,2,36-45,71.0,Medium Usage
533,BSNL,M,21,Kerala,Kolkata,694123,2026-06-17,0,71536,47.0,5.0,1818.0,0,2026,6,2,18-25,52.0,Low Usage
534,Airtel,M,65,Madhya Pradesh,Kolkata,113134,2026-06-18,3,49445,37.0,3.0,5049.0,0,2026,6,2,56+,40.0,Medium Usage
535,Reliance Jio,M,52,Madhya Pradesh,Delhi,291689,2026-06-19,0,69862,76.0,27.0,2682.0,0,2026,6,2,46-55,103.0,Low Usage
536,Vodafone,M,34,Arunachal Pradesh,Delhi,982794,2026-06-20,0,46038,88.0,22.0,2467.0,0,2026,6,2,26-35,110.0,Low Usage
537,Vodafone,F,35,Haryana,Mumbai,648366,2026-06-21,3,55354,50.0,48.0,6754.0,0,2026,6,2,26-35,98.0,High Usage
538,BSNL,M,22,Himachal Pradesh,Delhi,710663,2026-06-22,2,49860,50.0,33.0,1948.0,0,2026,6,2,18-25,83.0,Low Usage
539,Vodafone,M,56,Maharashtra,Bangalore,893489,2026-06-23,3,104299,6.0,25.0,3532.0,0,2026,6,2,56+,31.0,Low Usage
540,Airtel,M,26,Arunachal Pradesh,Chennai,817280,2026-06-24,2,59908,54.0,17.0,1720.0,0,2026,6,2,26-35,71.0,Low Usage
541,Reliance Jio,F,21,Gujarat,Chennai,877092,2026-06-25,0,47598,66.0,18.0,671.0,0,2026,6,2,18-25,84.0,Low Usage
542,BSNL,F,38,Odisha,Delhi,158310,2026-06-26,0,83729,53.0,29.0,8183.0,0,2026,6,2,36-45,82.0,High Usage
543,Airtel,M,46,Manipur,Hyderabad,415373,2026-06-27,3,49828,63.0,27.0,8299.0,0,2026,6,2,46-55,90.0,High Usage
544,BSNL,F,58,Andhra Pradesh,Chennai,475004,2026-06-28,0,143116,5.0,42.0,8438.0,1,2026,6,2,56+,47.0,High Usage
545,BSNL,M,20,Kerala,Kolkata,198845,2026-06-29,3,143873,96.0,11.0,428.0,0,2026,6,2,18-25,107.0,Low Usage
546,Vodafone,F,25,Madhya Pradesh,Delhi,789841,2026-06-30,1,69022,28.0,1.0,7776.0,0,2026,6,2,18-25,29.0,High Usage
547,Vodafone,F,55,Assam,Mumbai,989613,2026-07-01,2,68519,42.0,40.0,7983.0,1,2026,7,3,46-55,82.0,High Usage
548,Reliance Jio,M,22,Manipur,Hyderabad,299671,2026-07-02,3,103846,50.0,22.0,7387.0,0,2026,7,3,18-25,72.0,High Usage
549,Airtel,F,31,Chhattisgarh,Hyderabad,616511,2026-07-03,1,79200,27.0,23.0,6919.0,0,2026,7,3,26-35,50.0,High Usage
550,BSNL,M,65,Nagaland,Delhi,589319,2026-07-04,4,90440,5.0,44.0,4182.0,1,2026,7,3,56+,49.0,Medium Usage
551,Reliance Jio,M,43,Arunachal Pradesh,Chennai,914337,2026-07-05,0,112179,55.0,38.0,5049.0,0,2026,7,3,36-45,93.0,Medium Usage
552,BSNL,M,55,Haryana,Bangalore,824366,2026-07-06,0,63307,0.0,44.0,5503.0,0,2026,7,3,46-55,44.0,Medium Usage
553,BSNL,M,30,Sikkim,Chennai,141074,2026-07-07,4,97921,102.0,4.0,5550.0,1,2026,7,3,26-35,106.0,Medium Usage
554,Reliance Jio,F,25,Gujarat,Chennai,981787,2026-07-08,1,93852,102.0,46.0,229.0,0,2026,7,3,18-25,148.0,Low Usage
555,BSNL,F,44,Tamil Nadu,Hyderabad,607061,2026-07-09,4,94041,64.0,27.0,4462.0,0,2026,7,3,36-45,91.0,Medium Usage
556,Reliance Jio,M,39,Punjab,Bangalore,463921,2026-07-10,2,99339,73.0,42.0,8109.0,0,2026,7,3,36-45,115.0,High Usage
557,Vodafone,M,44,Telangana,Delhi,609734,2026-07-11,3,35432,13.0,35.0,10470.0,1,2026,7,3,36-45,48.0,High Usage
558,Airtel,M,45,Odisha,Hyderabad,283264,2026-07-12,4,97714,35.0,13.0,4125.0,0,2026,7,3,36-45,48.0,Medium Usage
559,Airtel,F,43,Assam,Hyderabad,893666,2026-07-13,3,52872,36.0,33.0,10194.0,0,2026,7,3,36-45,69.0,High Usage
560,Vodafone,F,62,Mizoram,Mumbai,322549,2026-07-14,1,140114,52.0,29.0,8713.0,0,2026,7,3,56+,81.0,High Usage
561,Reliance Jio,M,29,Arunachal Pradesh,Mumbai,744351,2026-07-15,4,84462,87.0,21.0,6766.0,0,2026,7,3,26-35,108.0,High Usage
562,Reliance Jio,M,54,Gujarat,Chennai,435454,2026-07-16,3,133190,79.0,4.0,1050.0,1,2026,7,3,46-55,83.0,Low Usage
563,Airtel,M,41,Uttar Pradesh,Delhi,658408,2026-07-17,4,27403,90.0,15.0,9299.0,0,2026,7,3,36-45,105.0,High Usage
564,BSNL,M,36,Karnataka,Delhi,657427,2026-07-18,0,137796,57.0,4.0,4286.0,0,2026,7,3,36-45,61.0,Medium Usage
565,BSNL,F,45,West Bengal,Chennai,226944,2026-07-19,4,35060,73.0,20.0,6613.0,0,2026,7,3,36-45,93.0,Medium Usage
566,BSNL,M,54,Himachal Pradesh,Hyderabad,281768,2026-07-20,0,33496,11.0,36.0,5467.0,0,2026,7,3,46-55,47.0,Medium Usage
567,BSNL,F,38,Assam,Delhi,487361,2026-07-21,1,56661,57.0,25.0,3658.0,0,2026,7,3,36-45,82.0,Medium Usage
568,Reliance Jio,M,49,Goa,Delhi,757398,2026-07-22,1,141710,10.0,21.0,5024.0,0,2026,7,3,46-55,31.0,Medium Usage
569,Airtel,F,47,Gujarat,Hyderabad,123749,2026-07-23,3,103302,9.0,25.5,10432.0,0,2026,7,3,46-55,34.5,High Usage
570,Airtel,M,41,Jharkhand,Bangalore,268223,2026-07-24,4,62961,37.0,14.0,5834.0,0,2026,7,3,36-45,51.0,Medium Usage
571,Reliance Jio,M,56,Tamil Nadu,Chennai,777381,2026-07-25,3,56448,50.0,3.0,3338.0,1,2026,7,3,56+,53.0,Low Usage
572,BSNL,F,23,Sikkim,Mumbai,713976,2026-07-26,1,78355,29.0,45.0,1176.0,0,2026,7,3,18-25,74.0,Low Usage
573,Vodafone,M,57,Rajasthan,Kolkata,959863,2026-07-27,1,126213,38.0,26.0,534.0,0,2026,7,3,56+,64.0,Low Usage
574,Reliance Jio,F,31,Tripura,Chennai,186885,2026-07-28,1,52906,81.0,27.0,5275.0,0,2026,7,3,26-35,108.0,Medium Usage
575,BSNL,F,43,Himachal Pradesh,Chennai,404858,2026-07-29,1,118265,97.0,36.0,317.0,1,2026,7,3,36-45,133.0,Low Usage
576,Airtel,M,41,Gujarat,Mumbai,248238,2026-07-30,3,71467,32.0,3.0,6104.0,1,2026,7,3,36-45,35.0,Medium Usage
577,Airtel,M,51,Chhattisgarh,Mumbai,459465,2026-07-31,3,26780,52.0,33.0,7360.0,0,2026,7,3,46-55,85.0,High Usage
578,Reliance Jio,M,22,Maharashtra,Kolkata,137579,2026-08-01,3,94395,68.0,22.0,6082.0,0,2026,8,3,18-25,90.0,Medium Usage
579,Reliance Jio,M,54,Bihar,Delhi,373388,2026-08-02,3,22573,49.0,34.0,2975.0,0,2026,8,3,46-55,83.0,Low Usage
580,BSNL,M,74,Arunachal Pradesh,Chennai,560321,2026-08-03,4,91138,62.0,42.0,3169.0,0,2026,8,3,56+,104.0,Low Usage
581,Vodafone,M,66,Rajasthan,Bangalore,768494,2026-08-04,4,99972,10.0,1.0,5198.0,0,2026,8,3,56+,11.0,Medium Usage
582,Vodafone,M,33,Mizoram,Mumbai,224741,2026-08-05,2,26162,93.0,31.0,7525.0,0,2026,8,3,26-35,124.0,High Usage
583,Airtel,F,68,Andhra Pradesh,Delhi,439239,2026-08-06,1,52581,60.0,26.0,6942.0,0,2026,8,3,56+,86.0,High Usage
584,Reliance Jio,M,73,Uttar Pradesh,Chennai,642242,2026-08-07,3,115459,10.0,42.0,2708.0,0,2026,8,3,56+,52.0,Low Usage
585,Vodafone,F,22,Gujarat,Chennai,219061,2026-08-08,2,36184,60.0,29.0,5697.0,1,2026,8,3,18-25,89.0,Medium Usage
586,Airtel,F,40,Meghalaya,Kolkata,989459,2026-08-09,1,28285,23.0,44.0,6471.0,0,2026,8,3,36-45,67.0,Medium Usage
587,Airtel,F,40,Kerala,Mumbai,839526,2026-08-10,4,102604,78.0,5.0,5049.0,0,2026,8,3,36-45,83.0,Medium Usage
588,BSNL,M,37,Arunachal Pradesh,Mumbai,808390,2026-08-11,2,27313,18.0,32.0,6253.0,0,2026,8,3,36-45,50.0,Medium Usage
589,Reliance Jio,M,48,Kerala,Chennai,104391,2026-08-12,3,76817,84.0,16.0,7203.0,0,2026,8,3,46-55,100.0,High Usage
590,Vodafone,M,36,Karnataka,Bangalore,626014,2026-08-13,2,54413,62.0,28.0,5117.0,1,2026,8,3,36-45,90.0,Medium Usage
591,BSNL,M,35,Madhya Pradesh,Bangalore,144981,2026-08-14,2,70485,11.0,22.0,7841.0,0,2026,8,3,26-35,33.0,High Usage
592,Airtel,M,61,Maharashtra,Chennai,797095,2026-08-15,1,60152,65.0,29.0,5049.0,0,2026,8,3,56+,94.0,Medium Usage
593,Reliance Jio,M,20,Tripura,Hyderabad,378634,2026-08-16,1,27291,18.0,21.0,3248.0,0,2026,8,3,18-25,39.0,Low Usage
594,BSNL,F,55,Haryana,Bangalore,241698,2026-08-17,4,42005,11.0,44.0,5777.0,0,2026,8,3,46-55,55.0,Medium Usage
595,Airtel,M,59,Arunachal Pradesh,Bangalore,724349,2026-08-18,0,43333,33.0,24.0,8435.0,0,2026,8,3,56+,57.0,High Usage
596,BSNL,F,24,Andhra Pradesh,Chennai,526605,2026-08-19,1,93611,35.0,20.0,4626.0,0,2026,8,3,18-25,55.0,Medium Usage
597,Airtel,F,21,Nagaland,Delhi,878215,2026-08-20,4,75823,73.0,33.0,2541.0,1,2026,8,3,18-25,106.0,Low Usage
598,BSNL,F,60,Assam,Mumbai,730139,2026-08-21,4,34164,38.0,24.0,1085.0,0,2026,8,3,56+,62.0,Low Usage
599,BSNL,M,58,Nagaland,Chennai,914778,2026-08-22,0,94614,14.0,28.0,6873.0,0,2026,8,3,56+,42.0,High Usage
600,BSNL,F,36,Maharashtra,Mumbai,459256,2026-08-23,3,103577,26.0,21.0,2314.0,1,2026,8,3,36-45,47.0,Low Usage
601,BSNL,M,41,Bihar,Hyderabad,742739,2026-08-24,2,46474,58.0,18.0,7964.0,0,2026,8,3,36-45,76.0,High Usage
602,BSNL,F,31,Andhra Pradesh,Delhi,875730,2026-08-25,0,87962,19.0,6.0,799.0,0,2026,8,3,26-35,25.0,Low Usage
603,Airtel,M,60,Himachal Pradesh,Mumbai,101722,2026-08-26,4,143361,29.0,49.0,5951.0,0,2026,8,3,56+,78.0,Medium Usage
604,Reliance Jio,F,74,Haryana,Bangalore,955414,2026-08-27,0,40553,1.0,11.0,2819.0,0,2026,8,3,56+,12.0,Low Usage
605,Vodafone,F,29,Maharashtra,Bangalore,696973,2026-08-28,1,64743,94.0,34.0,8803.0,0,2026,8,3,26-35,128.0,High Usage
606,BSNL,F,58,Odisha,Bangalore,565669,2026-08-29,3,36628,28.0,30.0,513.0,0,2026,8,3,56+,58.0,Low Usage
607,Vodafone,F,26,Goa,Delhi,928275,2026-08-30,4,82017,38.0,49.0,6397.0,0,2026,8,3,26-35,87.0,Medium Usage
608,Vodafone,M,66,Andhra Pradesh,Kolkata,259353,2026-08-31,1,50606,94.0,38.0,1311.0,0,2026,8,3,56+,132.0,Low Usage
609,Reliance Jio,M,73,Manipur,Mumbai,304831,2026-09-01,1,149124,36.0,25.5,6958.0,0,2026,9,3,56+,61.5,High Usage
610,BSNL,M,44,Rajasthan,Mumbai,884292,2026-09-02,3,63238,103.0,30.0,4267.0,0,2026,9,3,36-45,133.0,Medium Usage
611,Vodafone,M,19,Meghalaya,Hyderabad,199088,2026-09-03,0,132309,56.0,45.0,5178.0,0,2026,9,3,18-25,101.0,Medium Usage
612,Airtel,F,22,Gujarat,Bangalore,396640,2026-09-04,4,44523,42.0,52.0,3377.0,0,2026,9,3,18-25,94.0,Low Usage
613,Airtel,M,43,Punjab,Hyderabad,630565,2026-09-05,1,68207,42.0,27.0,5841.0,1,2026,9,3,36-45,69.0,Medium Usage
614,BSNL,M,47,Goa,Mumbai,331651,2026-09-06,2,101683,19.0,25.0,1950.0,0,2026,9,3,46-55,44.0,Low Usage
615,Vodafone,M,27,Rajasthan,Mumbai,302453,2026-09-07,3,64387,29.0,36.0,5642.0,0,2026,9,3,26-35,65.0,Medium Usage
616,Vodafone,F,37,Goa,Kolkata,212522,2026-09-08,4,99950,20.0,48.0,1449.0,1,2026,9,3,36-45,68.0,Low Usage
617,Airtel,M,43,Uttar Pradesh,Mumbai,496141,2026-09-09,3,143446,38.0,16.0,3075.0,0,2026,9,3,36-45,54.0,Low Usage
618,BSNL,M,64,Uttarakhand,Mumbai,557906,2026-09-10,1,101528,6.0,43.0,5951.0,1,2026,9,3,56+,49.0,Medium Usage
619,Airtel,M,24,Punjab,Chennai,459918,2026-09-11,4,127065,6.0,39.0,1615.0,0,2026,9,3,18-25,45.0,Low Usage
620,Reliance Jio,M,29,Assam,Delhi,439872,2026-09-12,4,119793,63.0,23.0,1351.0,0,2026,9,3,26-35,86.0,Low Usage
621,Vodafone,F,50,Chhattisgarh,Hyderabad,353533,2026-09-13,2,137763,45.0,16.0,10439.0,0,2026,9,3,46-55,61.0,High Usage
622,Reliance Jio,M,32,Bihar,Chennai,927621,2026-09-14,4,31730,56.0,28.0,91.0,0,2026,9,3,26-35,84.0,Low Usage
623,Vodafone,M,43,Assam,Delhi,466876,2026-09-15,0,118919,39.0,3.0,2520.0,0,2026,9,3,36-45,42.0,Low Usage
624,Vodafone,M,67,Assam,Kolkata,673215,2026-09-16,2,27016,34.0,9.0,2255.0,0,2026,9,3,56+,43.0,Low Usage
625,Vodafone,F,49,Haryana,Chennai,662255,2026-09-17,2,63554,37.0,27.0,6627.0,0,2026,9,3,46-55,64.0,High Usage
626,Reliance Jio,F,38,Andhra Pradesh,Delhi,895136,2026-09-18,1,93879,30.0,30.0,2102.0,0,2026,9,3,36-45,60.0,Low Usage
627,Vodafone,F,51,Odisha,Bangalore,481904,2026-09-19,1,105253,94.0,43.0,3694.0,0,2026,9,3,46-55,137.0,Medium Usage
628,Airtel,F,36,Meghalaya,Kolkata,148854,2026-09-20,1,94833,82.0,25.5,3810.0,1,2026,9,3,36-45,107.5,Medium Usage
629,Vodafone,M,55,Madhya Pradesh,Hyderabad,529425,2026-09-21,4,99518,82.0,5.0,3952.0,0,2026,9,3,46-55,87.0,Medium Usage
630,Airtel,M,31,Andhra Pradesh,Mumbai,476773,2026-09-22,2,36384,83.0,22.0,7107.0,0,2026,9,3,26-35,105.0,High Usage
631,Airtel,F,33,Goa,Mumbai,135639,2026-09-23,2,141161,34.0,42.0,1931.0,0,2026,9,3,26-35,76.0,Low Usage
632,Vodafone,F,74,Tamil Nadu,Kolkata,804222,2026-09-24,0,113707,33.0,37.0,3266.0,0,2026,9,3,56+,70.0,Low Usage
633,Vodafone,M,18,Haryana,Mumbai,400115,2026-09-25,0,125189,36.0,50.0,2599.0,0,2026,9,3,18-25,86.0,Low Usage
634,Reliance Jio,F,71,Rajasthan,Chennai,160659,2026-09-26,1,40123,50.0,32.0,9877.0,0,2026,9,3,56+,82.0,High Usage
635,Reliance Jio,M,73,Karnataka,Chennai,317773,2026-09-27,1,69493,56.0,8.0,2341.0,0,2026,9,3,56+,64.0,Low Usage
636,Vodafone,F,28,Sikkim,Chennai,154319,2026-09-28,2,106904,29.0,48.0,4037.0,0,2026,9,3,26-35,77.0,Medium Usage
637,Airtel,M,18,Chhattisgarh,Chennai,853875,2026-09-29,1,89736,62.0,16.0,3496.0,1,2026,9,3,18-25,78.0,Low Usage
638,BSNL,M,38,Telangana,Kolkata,989340,2026-09-30,0,100447,14.0,9.0,3950.0,0,2026,9,3,36-45,23.0,Medium Usage
639,Airtel,F,23,Uttar Pradesh,Mumbai,613059,2026-10-01,1,79122,6.0,35.0,8368.0,0,2026,10,4,18-25,41.0,High Usage
640,BSNL,F,19,Madhya Pradesh,Chennai,218489,2026-10-02,4,50046,1.0,51.0,385.0,0,2026,10,4,18-25,52.0,Low Usage
641,Vodafone,M,28,Rajasthan,Delhi,342665,2026-10-03,3,47171,31.0,29.0,3796.0,0,2026,10,4,26-35,60.0,Medium Usage
642,Airtel,M,25,Odisha,Hyderabad,709696,2026-10-04,2,89466,18.0,9.0,4396.0,0,2026,10,4,18-25,27.0,Medium Usage
643,Reliance Jio,F,29,Chhattisgarh,Bangalore,859513,2026-10-05,3,125900,86.0,17.0,183.0,0,2026,10,4,26-35,103.0,Low Usage
644,Reliance Jio,M,46,Goa,Chennai,330579,2026-10-06,0,103623,101.0,24.0,1242.0,0,2026,10,4,46-55,125.0,Low Usage
645,Airtel,M,65,Telangana,Kolkata,449646,2026-10-07,0,82424,64.0,2.0,8611.0,0,2026,10,4,56+,66.0,High Usage
646,Reliance Jio,M,31,Uttar Pradesh,Bangalore,515015,2026-10-08,2,74050,35.0,32.0,784.0,0,2026,10,4,26-35,67.0,Low Usage
647,BSNL,F,22,Gujarat,Hyderabad,948071,2026-10-09,3,111956,89.0,17.0,7155.0,0,2026,10,4,18-25,106.0,High Usage
648,Vodafone,F,33,Odisha,Bangalore,376336,2026-10-10,4,137726,38.0,23.0,10854.0,0,2026,10,4,26-35,61.0,High Usage
649,Vodafone,M,45,Goa,Hyderabad,737455,2026-10-11,2,63082,41.0,42.0,9244.0,0,2026,10,4,36-45,83.0,High Usage
650,Vodafone,F,24,Karnataka,Mumbai,692995,2026-10-12,0,27260,65.0,45.0,2415.0,0,2026,10,4,18-25,110.0,Low Usage
651,Vodafone,F,44,Andhra Pradesh,Delhi,398398,2026-10-13,2,136870,50.0,41.0,8890.0,0,2026,10,4,36-45,91.0,High Usage
652,Reliance Jio,F,63,West Bengal,Mumbai,843273,2026-10-14,3,85638,40.0,6.0,3885.0,0,2026,10,4,56+,46.0,Medium Usage
653,Reliance Jio,M,19,Karnataka,Bangalore,345041,2026-10-15,3,119249,42.0,32.0,3228.0,0,2026,10,4,18-25,74.0,Low Usage
654,BSNL,M,40,West Bengal,Hyderabad,763432,2026-10-16,0,133295,12.0,49.0,2420.0,0,2026,10,4,36-45,61.0,Low Usage
655,Airtel,M,23,Meghalaya,Kolkata,249827,2026-10-17,0,121242,27.0,14.0,8519.0,1,2026,10,4,18-25,41.0,High Usage
656,Vodafone,M,42,Arunachal Pradesh,Mumbai,925231,2026-10-18,3,138618,72.0,25.5,274.0,0,2026,10,4,36-45,97.5,Low Usage
657,Reliance Jio,F,72,Chhattisgarh,Mumbai,258816,2026-10-19,2,77199,83.0,17.0,7577.0,0,2026,10,4,56+,100.0,High Usage
658,BSNL,F,42,Manipur,Kolkata,224794,2026-10-20,1,44261,18.0,25.0,7039.0,0,2026,10,4,36-45,43.0,High Usage
659,Airtel,M,41,Kerala,Hyderabad,701388,2026-10-21,1,108934,90.0,28.0,6950.0,0,2026,10,4,36-45,118.0,High Usage
660,Airtel,M,40,Himachal Pradesh,Mumbai,379221,2026-10-22,4,36279,88.0,34.0,6031.0,1,2026,10,4,36-45,122.0,Medium Usage
661,Reliance Jio,M,33,Rajasthan,Hyderabad,583001,2026-10-23,1,108098,23.0,3.0,8360.0,0,2026,10,4,26-35,26.0,High Usage
662,Reliance Jio,F,39,Himachal Pradesh,Hyderabad,436656,2026-10-24,2,140857,12.0,20.0,4479.0,0,2026,10,4,36-45,32.0,Medium Usage
663,Reliance Jio,F,68,Assam,Mumbai,758253,2026-10-25,3,136126,78.0,45.0,3104.0,1,2026,10,4,56+,123.0,Low Usage
664,BSNL,M,73,Bihar,Bangalore,379863,2026-10-26,0,126677,77.0,5.0,7696.0,0,2026,10,4,56+,82.0,High Usage
665,Vodafone,F,71,Mizoram,Kolkata,601939,2026-10-27,4,75785,80.0,37.0,9076.0,0,2026,10,4,56+,117.0,High Usage
666,Reliance Jio,M,60,Karnataka,Delhi,157897,2026-10-28,1,107644,77.0,20.0,5103.0,0,2026,10,4,56+,97.0,Medium Usage
667,Airtel,F,60,Tamil Nadu,Delhi,836794,2026-10-29,0,45328,64.0,35.0,992.0,0,2026,10,4,56+,99.0,Low Usage
668,Vodafone,M,46,West Bengal,Delhi,611381,2026-10-30,1,135149,62.0,25.5,8880.0,1,2026,10,4,46-55,87.5,High Usage
669,Vodafone,F,65,Maharashtra,Bangalore,742640,2026-10-31,2,108372,39.0,29.0,5368.0,0,2026,10,4,56+,68.0,Medium Usage
670,BSNL,M,53,Uttarakhand,Bangalore,698361,2026-11-01,2,76983,20.0,10.0,5594.0,0,2026,11,4,46-55,30.0,Medium Usage
671,Airtel,M,54,Sikkim,Delhi,803905,2026-11-02,1,93101,48.0,39.0,10064.0,0,2026,11,4,46-55,87.0,High Usage
672,Reliance Jio,M,39,Sikkim,Hyderabad,273257,2026-11-03,3,112435,20.0,39.0,10486.0,0,2026,11,4,36-45,59.0,High Usage
673,BSNL,F,63,Telangana,Mumbai,371078,2026-11-04,3,110823,43.0,8.0,888.0,0,2026,11,4,56+,51.0,Low Usage
674,Airtel,M,27,Karnataka,Mumbai,748838,2026-11-05,4,137047,22.0,17.0,1365.0,1,2026,11,4,26-35,39.0,Low Usage
675,BSNL,M,69,Bihar,Delhi,999941,2026-11-06,4,23262,83.0,7.0,724.0,1,2026,11,4,56+,90.0,Low Usage
676,Vodafone,F,32,Nagaland,Hyderabad,392023,2026-11-07,2,47985,15.0,33.0,6948.0,1,2026,11,4,26-35,48.0,High Usage
677,Reliance Jio,M,58,Andhra Pradesh,Hyderabad,925250,2026-11-08,4,24407,21.0,24.0,3655.0,0,2026,11,4,56+,45.0,Medium Usage
678,Vodafone,F,52,Manipur,Bangalore,953545,2026-11-09,1,120660,77.0,3.0,5485.0,1,2026,11,4,46-55,80.0,Medium Usage
679,Airtel,M,55,Tamil Nadu,Bangalore,246172,2026-11-10,2,27294,95.0,32.0,1797.0,0,2026,11,4,46-55,127.0,Low Usage
680,Airtel,M,36,Meghalaya,Kolkata,682850,2026-11-11,0,100778,4.0,9.0,3916.0,0,2026,11,4,36-45,13.0,Medium Usage
681,Reliance Jio,M,67,Manipur,Kolkata,379186,2026-11-12,1,105219,93.0,43.0,1482.0,1,2026,11,4,56+,136.0,Low Usage
682,BSNL,M,37,Gujarat,Chennai,166913,2026-11-13,1,30290,33.0,18.0,48.0,0,2026,11,4,36-45,51.0,Low Usage
683,Vodafone,M,49,Tripura,Delhi,186429,2026-11-14,1,79208,22.0,24.0,5049.0,1,2026,11,4,46-55,46.0,Medium Usage
684,Reliance Jio,M,33,Arunachal Pradesh,Delhi,121855,2026-11-15,0,134031,67.0,24.0,4074.0,0,2026,11,4,26-35,91.0,Medium Usage
685,Vodafone,F,21,Uttar Pradesh,Delhi,992244,2026-11-16,2,58510,42.0,6.0,3824.0,0,2026,11,4,18-25,48.0,Medium Usage
686,BSNL,M,41,Arunachal Pradesh,Delhi,444891,2026-11-17,3,55373,46.0,8.0,5049.0,0,2026,11,4,36-45,54.0,Medium Usage
687,Reliance Jio,M,33,West Bengal,Bangalore,977016,2026-11-18,4,72930,50.0,42.0,3905.0,0,2026,11,4,26-35,92.0,Medium Usage
688,Reliance Jio,F,60,Manipur,Chennai,115363,2026-11-19,2,53590,50.0,45.0,6747.0,0,2026,11,4,56+,95.0,High Usage
689,BSNL,M,32,Uttar Pradesh,Hyderabad,102782,2026-11-20,2,79797,45.0,4.0,7037.0,0,2026,11,4,26-35,49.0,High Usage
690,Vodafone,F,64,Rajasthan,Kolkata,388044,2026-11-21,4,91298,86.0,1.0,8041.0,1,2026,11,4,56+,87.0,High Usage
691,Reliance Jio,M,31,Nagaland,Bangalore,511833,2026-11-22,2,52446,8.0,19.0,6927.0,0,2026,11,4,26-35,27.0,High Usage
692,BSNL,F,67,Maharashtra,Kolkata,727117,2026-11-23,2,32774,11.0,45.0,7020.0,0,2026,11,4,56+,56.0,High Usage
693,Reliance Jio,M,65,Uttar Pradesh,Mumbai,915310,2026-11-24,1,22886,29.0,47.0,4431.0,0,2026,11,4,56+,76.0,Medium Usage
694,BSNL,M,23,West Bengal,Hyderabad,836063,2026-11-25,3,135884,13.0,33.0,4728.0,1,2026,11,4,18-25,46.0,Medium Usage
695,BSNL,M,59,Mizoram,Delhi,331333,2026-11-26,3,79076,14.0,10.0,3628.0,1,2026,11,4,56+,24.0,Medium Usage
696,Reliance Jio,M,43,Assam,Mumbai,704576,2026-11-27,4,119598,23.0,46.0,8792.0,0,2026,11,4,36-45,69.0,High Usage
697,Reliance Jio,F,53,Arunachal Pradesh,Mumbai,461755,2026-11-28,0,44839,30.0,29.0,515.0,0,2026,11,4,46-55,59.0,Low Usage
698,Reliance Jio,M,44,Assam,Kolkata,764910,2026-11-29,1,119942,60.0,18.0,3019.0,0,2026,11,4,36-45,78.0,Low Usage
699,Reliance Jio,M,73,Bihar,Chennai,177041,2026-11-30,0,51009,37.0,16.0,8730.0,0,2026,11,4,56+,53.0,High Usage
700,Vodafone,F,61,Sikkim,Kolkata,384185,2026-12-01,3,20190,14.0,36.0,5500.0,0,2026,12,4,56+,50.0,Medium Usage
701,BSNL,M,20,Madhya Pradesh,Delhi,425603,2026-12-02,2,29437,90.0,47.0,8867.0,0,2026,12,4,18-25,137.0,High Usage
702,Reliance Jio,M,64,Meghalaya,Mumbai,713436,2026-12-03,1,86197,18.0,48.0,2735.0,0,2026,12,4,56+,66.0,Low Usage
703,Reliance Jio,M,54,Arunachal Pradesh,Mumbai,487675,2026-12-04,0,70843,53.0,38.0,4050.0,0,2026,12,4,46-55,91.0,Medium Usage
704,BSNL,F,55,Mizoram,Mumbai,150985,2026-12-05,1,77793,86.0,11.0,8725.0,0,2026,12,4,46-55,97.0,High Usage
705,Airtel,F,46,Maharashtra,Kolkata,876575,2026-12-06,0,102507,74.0,24.0,7127.0,0,2026,12,4,46-55,98.0,High Usage
706,BSNL,F,29,Rajasthan,Delhi,301778,2026-12-07,3,20276,72.0,24.0,9386.0,0,2026,12,4,26-35,96.0,High Usage
707,Reliance Jio,M,48,Chhattisgarh,Chennai,447070,2026-12-08,0,66667,97.0,34.0,8951.0,0,2026,12,4,46-55,131.0,High Usage
708,Vodafone,M,23,Himachal Pradesh,Delhi,529637,2026-12-09,0,147511,21.0,29.0,6212.0,0,2026,12,4,18-25,50.0,Medium Usage
709,Vodafone,M,59,Karnataka,Bangalore,993822,2026-12-10,0,82263,82.0,30.0,8821.0,0,2026,12,4,56+,112.0,High Usage
710,BSNL,M,60,Himachal Pradesh,Mumbai,824935,2026-12-11,0,76609,77.0,38.0,5665.0,0,2026,12,4,56+,115.0,Medium Usage
711,Airtel,M,32,Bihar,Bangalore,929243,2026-12-12,0,64800,43.0,9.0,6550.0,0,2026,12,4,26-35,52.0,Medium Usage
712,Reliance Jio,F,74,Sikkim,Chennai,945713,2026-12-13,1,137261,72.0,25.0,5148.0,1,2026,12,4,56+,97.0,Medium Usage
713,BSNL,M,51,Odisha,Bangalore,703760,2026-12-14,4,43053,23.0,47.0,4249.0,0,2026,12,4,46-55,70.0,Medium Usage
714,Airtel,F,47,Karnataka,Bangalore,490333,2026-12-15,0,114008,70.0,16.0,6246.0,0,2026,12,4,46-55,86.0,Medium Usage
715,BSNL,F,29,Uttarakhand,Delhi,332622,2026-12-16,2,50737,85.0,46.0,2072.0,0,2026,12,4,26-35,131.0,Low Usage
716,Reliance Jio,M,25,Madhya Pradesh,Hyderabad,179679,2026-12-17,1,36525,93.0,28.0,4312.0,0,2026,12,4,18-25,121.0,Medium Usage
717,BSNL,M,49,Rajasthan,Hyderabad,899389,2026-12-18,0,125060,67.0,25.0,8469.0,0,2026,12,4,46-55,92.0,High Usage
718,BSNL,M,72,Himachal Pradesh,Chennai,479398,2026-12-19,4,106065,25.0,28.0,1365.0,0,2026,12,4,56+,53.0,Low Usage
719,Airtel,M,55,Manipur,Chennai,573662,2026-12-20,0,87017,32.0,47.0,8436.0,0,2026,12,4,46-55,79.0,High Usage
720,BSNL,F,61,Haryana,Hyderabad,667727,2026-12-21,3,45524,28.0,25.0,7733.0,0,2026,12,4,56+,53.0,High Usage
721,Reliance Jio,F,20,Meghalaya,Delhi,287831,2026-12-22,0,134822,79.0,12.0,7059.0,0,2026,12,4,18-25,91.0,High Usage
722,Airtel,M,22,Arunachal Pradesh,Bangalore,799972,2026-12-23,2,128716,23.0,5.0,2208.0,0,2026,12,4,18-25,28.0,Low Usage
723,BSNL,F,72,Sikkim,Delhi,626910,2026-12-24,2,94739,35.0,0.0,498.0,0,2026,12,4,56+,35.0,Low Usage
724,Reliance Jio,F,69,Manipur,Bangalore,484129,2026-12-25,1,113861,1.0,29.0,4393.0,0,2026,12,4,56+,30.0,Medium Usage
725,Vodafone,M,68,West Bengal,Mumbai,258363,2026-12-26,4,71749,80.0,25.5,3974.0,0,2026,12,4,56+,105.5,Medium Usage
726,Airtel,M,55,Himachal Pradesh,Hyderabad,584143,2026-12-27,1,26660,31.0,39.0,7373.0,0,2026,12,4,46-55,70.0,High Usage
727,Vodafone,F,40,Punjab,Mumbai,376205,2026-12-28,1,47891,53.0,33.0,2705.0,0,2026,12,4,36-45,86.0,Low Usage
728,Reliance Jio,M,51,Chhattisgarh,Bangalore,879747,2026-12-29,0,118620,23.0,22.0,6048.0,1,2026,12,4,46-55,45.0,Medium Usage
729,Vodafone,F,65,Bihar,Mumbai,706167,2026-12-30,1,40232,22.0,42.0,5049.0,1,2026,12,4,56+,64.0,Medium Usage
730,Vodafone,F,69,Himachal Pradesh,Delhi,326677,2026-12-31,4,84873,39.0,6.0,7501.0,0,2026,12,4,56+,45.0,High Usage
731,Vodafone,F,51,West Bengal,Chennai,758237,2027-01-01,1,31147,8.0,3.0,5049.0,1,2027,1,1,46-55,11.0,Medium Usage
732,Vodafone,M,31,Meghalaya,Delhi,784928,2027-01-02,3,72870,57.0,44.0,7065.0,0,2027,1,1,26-35,101.0,High Usage
733,Vodafone,M,21,Andhra Pradesh,Bangalore,819766,2027-01-03,1,95828,31.0,39.0,4663.0,0,2027,1,1,18-25,70.0,Medium Usage
734,Airtel,F,47,Karnataka,Kolkata,537724,2027-01-04,1,103554,50.0,3.0,5319.0,1,2027,1,1,46-55,53.0,Medium Usage
735,Reliance Jio,M,62,Nagaland,Chennai,912103,2027-01-05,3,105951,107.0,10.0,2205.0,0,2027,1,1,56+,117.0,Low Usage
736,Reliance Jio,F,38,Karnataka,Delhi,513074,2027-01-06,1,113651,38.0,37.0,2698.0,0,2027,1,1,36-45,75.0,Low Usage
737,Airtel,M,57,Jharkhand,Kolkata,716525,2027-01-07,4,91593,50.0,23.0,9212.0,0,2027,1,1,56+,73.0,High Usage
738,Reliance Jio,F,30,Tamil Nadu,Delhi,214220,2027-01-08,2,62077,10.0,29.0,7550.0,0,2027,1,1,26-35,39.0,High Usage
739,Reliance Jio,F,35,Andhra Pradesh,Bangalore,115268,2027-01-09,4,133515,45.0,51.0,6199.0,0,2027,1,1,26-35,96.0,Medium Usage
740,Reliance Jio,F,40,Bihar,Bangalore,202102,2027-01-10,1,24696,42.0,12.0,3999.0,0,2027,1,1,36-45,54.0,Medium Usage
741,Vodafone,F,59,Andhra Pradesh,Chennai,863431,2027-01-11,4,90749,9.0,17.0,1169.0,1,2027,1,1,56+,26.0,Low Usage
742,Reliance Jio,M,66,Telangana,Delhi,483738,2027-01-12,4,141228,57.0,22.0,5477.0,0,2027,1,1,56+,79.0,Medium Usage
743,Airtel,F,30,Rajasthan,Bangalore,663091,2027-01-13,3,116296,61.0,46.0,1193.0,1,2027,1,1,26-35,107.0,Low Usage
744,Reliance Jio,M,46,Bihar,Chennai,240410,2027-01-14,2,65237,51.0,3.0,4598.0,0,2027,1,1,46-55,54.0,Medium Usage
745,BSNL,M,48,Assam,Delhi,763649,2027-01-15,0,76062,74.0,25.0,8417.0,1,2027,1,1,46-55,99.0,High Usage
746,Reliance Jio,M,47,Punjab,Kolkata,561525,2027-01-16,3,43890,45.0,15.0,6351.0,1,2027,1,1,46-55,60.0,Medium Usage
747,Vodafone,M,26,Maharashtra,Bangalore,954643,2027-01-17,4,37087,36.0,24.0,5830.0,0,2027,1,1,26-35,60.0,Medium Usage
748,Vodafone,F,71,Kerala,Kolkata,643912,2027-01-18,1,83667,65.0,30.0,8918.0,0,2027,1,1,56+,95.0,High Usage
749,BSNL,M,54,Maharashtra,Chennai,590093,2027-01-19,1,103284,44.0,49.0,1711.0,0,2027,1,1,46-55,93.0,Low Usage
750,Reliance Jio,M,41,Himachal Pradesh,Chennai,235196,2027-01-20,4,60822,40.0,28.0,5275.0,0,2027,1,1,36-45,68.0,Medium Usage
751,Airtel,M,58,Gujarat,Chennai,558432,2027-01-21,1,56724,67.0,24.0,5366.0,0,2027,1,1,56+,91.0,Medium Usage
752,Vodafone,M,27,Tripura,Delhi,241616,2027-01-22,0,67853,52.0,0.0,4446.0,1,2027,1,1,26-35,52.0,Medium Usage
753,Vodafone,M,40,Bihar,Mumbai,518717,2027-01-23,4,72961,38.0,37.0,6345.0,1,2027,1,1,36-45,75.0,Medium Usage
754,Vodafone,M,71,Manipur,Chennai,879758,2027-01-24,3,52822,9.0,10.0,590.0,0,2027,1,1,56+,19.0,Low Usage
755,Airtel,M,43,Bihar,Chennai,886325,2027-01-25,0,99366,90.0,30.0,292.0,0,2027,1,1,36-45,120.0,Low Usage
756,Airtel,M,58,Haryana,Hyderabad,228121,2027-01-26,4,111096,33.0,28.0,8477.0,0,2027,1,1,56+,61.0,High Usage
757,Reliance Jio,F,48,Kerala,Delhi,147365,2027-01-27,0,41354,56.0,19.0,10426.0,0,2027,1,1,46-55,75.0,High Usage
758,Reliance Jio,M,21,Kerala,Bangalore,745087,2027-01-28,1,27014,93.0,21.0,2920.0,0,2027,1,1,18-25,114.0,Low Usage
759,Airtel,M,58,Haryana,Bangalore,754901,2027-01-29,2,62810,71.0,26.0,4293.0,0,2027,1,1,56+,97.0,Medium Usage
760,BSNL,F,53,Andhra Pradesh,Hyderabad,281040,2027-01-30,3,50632,15.0,3.0,7009.0,1,2027,1,1,46-55,18.0,High Usage
761,Reliance Jio,M,54,Manipur,Bangalore,897390,2027-01-31,1,54739,60.0,14.0,5049.0,0,2027,1,1,46-55,74.0,Medium Usage
762,Airtel,M,26,Haryana,Hyderabad,616200,2027-02-01,0,100746,86.0,45.0,9719.0,0,2027,2,1,26-35,131.0,High Usage
763,Airtel,M,25,Maharashtra,Kolkata,697227,2027-02-02,0,71325,50.0,43.0,8512.0,1,2027,2,1,18-25,93.0,High Usage
764,Airtel,M,25,Tripura,Chennai,625117,2027-02-03,1,55138,36.0,9.0,10799.0,0,2027,2,1,18-25,45.0,High Usage
765,Airtel,F,50,Sikkim,Kolkata,904161,2027-02-04,3,50193,55.0,25.5,4226.0,0,2027,2,1,46-55,80.5,Medium Usage
766,Airtel,F,56,Meghalaya,Delhi,460911,2027-02-05,4,47959,73.0,25.0,5220.0,0,2027,2,1,56+,98.0,Medium Usage
767,Reliance Jio,M,72,Bihar,Mumbai,190485,2027-02-06,0,135004,32.0,47.0,2642.0,0,2027,2,1,56+,79.0,Low Usage
768,Vodafone,F,26,Goa,Bangalore,888876,2027-02-07,0,59802,95.0,28.0,6393.0,1,2027,2,1,26-35,123.0,Medium Usage
769,Vodafone,M,59,Kerala,Chennai,717915,2027-02-08,1,129675,69.0,33.0,5447.0,0,2027,2,1,56+,102.0,Medium Usage
770,BSNL,M,73,Jharkhand,Kolkata,609573,2027-02-09,1,117872,16.0,39.0,3981.0,0,2027,2,1,56+,55.0,Medium Usage
771,BSNL,M,36,Chhattisgarh,Chennai,938571,2027-02-10,2,118176,7.0,47.0,5697.0,1,2027,2,1,36-45,54.0,Medium Usage
772,Reliance Jio,F,49,Uttarakhand,Chennai,380287,2027-02-11,3,89877,54.0,3.0,2483.0,0,2027,2,1,46-55,57.0,Low Usage
773,Airtel,F,67,Nagaland,Chennai,948806,2027-02-12,4,35244,4.0,15.0,8236.0,1,2027,2,1,56+,19.0,High Usage
774,BSNL,F,47,Nagaland,Chennai,289413,2027-02-13,0,110255,20.0,45.0,2564.0,0,2027,2,1,46-55,65.0,Low Usage
775,Reliance Jio,M,61,Gujarat,Kolkata,296095,2027-02-14,2,32210,65.0,25.0,7277.0,0,2027,2,1,56+,90.0,High Usage
776,Reliance Jio,M,72,Bihar,Bangalore,978817,2027-02-15,0,55472,50.0,13.0,8097.0,1,2027,2,1,56+,63.0,High Usage
777,Reliance Jio,M,61,Karnataka,Chennai,779054,2027-02-16,4,108990,6.0,49.0,6298.0,0,2027,2,1,56+,55.0,Medium Usage
778,Vodafone,M,45,West Bengal,Mumbai,392675,2027-02-17,4,83460,101.0,14.0,3628.0,0,2027,2,1,36-45,115.0,Medium Usage
779,Reliance Jio,M,54,Bihar,Mumbai,633965,2027-02-18,2,57305,40.0,13.0,2512.0,0,2027,2,1,46-55,53.0,Low Usage
780,BSNL,F,59,Maharashtra,Kolkata,162639,2027-02-19,2,94104,43.0,14.0,1125.0,0,2027,2,1,56+,57.0,Low Usage
781,Airtel,F,33,Gujarat,Hyderabad,982832,2027-02-20,2,105314,86.0,4.0,605.0,0,2027,2,1,26-35,90.0,Low Usage
782,Airtel,M,29,Himachal Pradesh,Bangalore,256153,2027-02-21,4,139343,32.0,16.0,3021.0,0,2027,2,1,26-35,48.0,Low Usage
783,Reliance Jio,M,48,Haryana,Kolkata,531250,2027-02-22,0,126943,98.0,45.0,3349.0,0,2027,2,1,46-55,143.0,Low Usage
784,Airtel,M,66,Kerala,Kolkata,657277,2027-02-23,0,73268,14.0,40.0,8704.0,0,2027,2,1,56+,54.0,High Usage
785,Reliance Jio,F,46,Tripura,Delhi,681172,2027-02-24,2,141414,66.0,11.0,459.0,0,2027,2,1,46-55,77.0,Low Usage
786,Reliance Jio,F,64,Uttarakhand,Mumbai,571894,2027-02-25,0,29384,100.0,41.0,3167.0,1,2027,2,1,56+,141.0,Low Usage
787,Airtel,F,22,Bihar,Chennai,335661,2027-02-26,1,132617,16.0,33.0,6053.0,0,2027,2,1,18-25,49.0,Medium Usage
788,BSNL,M,71,Goa,Mumbai,410047,2027-02-27,1,72376,62.0,10.0,4494.0,0,2027,2,1,56+,72.0,Medium Usage
789,Reliance Jio,F,66,Uttar Pradesh,Hyderabad,981604,2027-02-28,3,25535,69.0,14.0,7559.0,0,2027,2,1,56+,83.0,High Usage
790,Reliance Jio,M,54,Uttarakhand,Bangalore,652953,2027-03-01,1,35466,72.0,3.0,7303.0,0,2027,3,1,46-55,75.0,High Usage
791,BSNL,F,47,Haryana,Hyderabad,226137,2027-03-02,4,146871,11.0,43.0,981.0,0,2027,3,1,46-55,54.0,Low Usage
792,Airtel,M,40,Karnataka,Mumbai,349093,2027-03-03,3,132502,33.0,15.0,5049.0,0,2027,3,1,36-45,48.0,Medium Usage
793,BSNL,F,24,Rajasthan,Kolkata,420600,2027-03-04,3,135675,72.0,33.0,4531.0,0,2027,3,1,18-25,105.0,Medium Usage
794,BSNL,M,30,Tamil Nadu,Delhi,615281,2027-03-05,1,118830,66.0,32.0,5655.0,0,2027,3,1,26-35,98.0,Medium Usage
795,Vodafone,F,47,Jharkhand,Chennai,753264,2027-03-06,4,95568,24.0,13.0,1646.0,0,2027,3,1,46-55,37.0,Low Usage
796,Reliance Jio,M,27,Meghalaya,Hyderabad,496294,2027-03-07,2,81480,81.0,12.0,6924.0,0,2027,3,1,26-35,93.0,High Usage
797,Airtel,F,57,Andhra Pradesh,Hyderabad,109630,2027-03-08,0,101994,25.0,11.0,123.0,0,2027,3,1,56+,36.0,Low Usage
798,Airtel,M,55,Himachal Pradesh,Hyderabad,747375,2027-03-09,1,129608,50.0,49.0,387.0,0,2027,3,1,46-55,99.0,Low Usage
799,BSNL,M,42,Mizoram,Kolkata,798421,2027-03-10,1,106251,50.0,20.0,6009.0,0,2027,3,1,36-45,70.0,Medium Usage
800,BSNL,F,66,Jharkhand,Bangalore,647190,2027-03-11,2,113523,18.0,17.0,1464.0,0,2027,3,1,56+,35.0,Low Usage
801,Airtel,F,67,Tripura,Chennai,632952,2027-03-12,3,90770,23.0,38.0,6222.0,0,2027,3,1,56+,61.0,Medium Usage
802,BSNL,F,22,Sikkim,Chennai,704295,2027-03-13,0,54554,89.0,1.0,2588.0,1,2027,3,1,18-25,90.0,Low Usage
803,BSNL,M,72,Himachal Pradesh,Delhi,837075,2027-03-14,4,35890,37.0,28.0,3956.0,1,2027,3,1,56+,65.0,Medium Usage
804,Vodafone,M,37,Maharashtra,Kolkata,112490,2027-03-15,2,139880,92.0,52.0,9330.0,1,2027,3,1,36-45,144.0,High Usage
805,Reliance Jio,M,20,Haryana,Mumbai,279834,2027-03-16,0,112448,32.0,2.0,8277.0,0,2027,3,1,18-25,34.0,High Usage
806,Reliance Jio,M,32,Madhya Pradesh,Kolkata,721024,2027-03-17,0,28514,86.0,16.0,6101.0,0,2027,3,1,26-35,102.0,Medium Usage
807,Vodafone,F,57,Bihar,Hyderabad,284002,2027-03-18,0,140578,41.0,28.0,4373.0,0,2027,3,1,56+,69.0,Medium Usage
808,Vodafone,M,54,Tamil Nadu,Bangalore,334207,2027-03-19,4,110967,48.0,2.0,10352.0,1,2027,3,1,46-55,50.0,High Usage
809,Airtel,F,42,West Bengal,Kolkata,883518,2027-03-20,2,109661,75.0,27.0,6090.0,0,2027,3,1,36-45,102.0,Medium Usage
810,Airtel,F,19,Jharkhand,Chennai,829568,2027-03-21,4,98648,38.0,11.0,1938.0,0,2027,3,1,18-25,49.0,Low Usage
811,Airtel,M,25,Punjab,Kolkata,823579,2027-03-22,1,80528,65.0,40.0,6555.0,0,2027,3,1,18-25,105.0,Medium Usage
812,Vodafone,M,72,Arunachal Pradesh,Delhi,152251,2027-03-23,2,91311,91.0,18.0,2776.0,0,2027,3,1,56+,109.0,Low Usage
813,Airtel,M,46,Chhattisgarh,Mumbai,760347,2027-03-24,4,99344,73.0,50.0,9064.0,0,2027,3,1,46-55,123.0,High Usage
814,Airtel,M,28,Odisha,Hyderabad,773490,2027-03-25,2,89950,31.0,36.0,9595.0,0,2027,3,1,26-35,67.0,High Usage
815,Reliance Jio,F,28,Uttar Pradesh,Chennai,891545,2027-03-26,1,135818,15.0,1.0,3704.0,0,2027,3,1,26-35,16.0,Medium Usage
816,Vodafone,F,52,Gujarat,Delhi,678159,2027-03-27,1,84680,61.0,12.0,4497.0,0,2027,3,1,46-55,73.0,Medium Usage
817,Reliance Jio,M,43,Assam,Kolkata,175219,2027-03-28,3,91095,37.0,42.0,7137.0,0,2027,3,1,36-45,79.0,High Usage
818,BSNL,F,25,Karnataka,Hyderabad,945189,2027-03-29,3,138775,20.0,3.0,8190.0,0,2027,3,1,18-25,23.0,High Usage
819,BSNL,M,25,Chhattisgarh,Hyderabad,456832,2027-03-30,4,54118,87.0,3.0,3673.0,0,2027,3,1,18-25,90.0,Medium Usage
820,Airtel,F,67,Meghalaya,Hyderabad,171699,2027-03-31,2,63614,54.0,25.0,951.0,0,2027,3,1,56+,79.0,Low Usage
821,Reliance Jio,M,37,Uttar Pradesh,Delhi,167941,2027-04-01,1,110631,42.0,20.0,10252.0,0,2027,4,2,36-45,62.0,High Usage
822,Vodafone,M,43,Andhra Pradesh,Mumbai,814392,2027-04-02,1,45188,19.0,22.0,4071.0,1,2027,4,2,36-45,41.0,Medium Usage
823,Vodafone,M,32,Haryana,Delhi,388523,2027-04-03,1,34660,13.0,11.0,5951.0,1,2027,4,2,26-35,24.0,Medium Usage
824,Reliance Jio,F,41,Gujarat,Hyderabad,469814,2027-04-04,0,98264,46.0,52.0,9726.0,0,2027,4,2,36-45,98.0,High Usage
825,Reliance Jio,F,66,West Bengal,Chennai,297970,2027-04-05,0,86778,38.0,4.0,6493.0,0,2027,4,2,56+,42.0,Medium Usage
826,Vodafone,F,47,Kerala,Hyderabad,721338,2027-04-06,4,26015,10.0,7.0,6041.0,1,2027,4,2,46-55,17.0,Medium Usage
827,BSNL,F,73,Himachal Pradesh,Hyderabad,716098,2027-04-07,3,54833,80.0,18.0,5081.0,0,2027,4,2,56+,98.0,Medium Usage
828,BSNL,M,63,Uttarakhand,Chennai,817154,2027-04-08,4,32669,38.0,19.0,5367.0,0,2027,4,2,56+,57.0,Medium Usage
829,Reliance Jio,M,69,Assam,Chennai,392714,2027-04-09,0,143268,16.0,39.0,2346.0,1,2027,4,2,56+,55.0,Low Usage
830,Reliance Jio,F,51,Telangana,Delhi,950404,2027-04-10,3,53548,26.0,40.0,3230.0,0,2027,4,2,46-55,66.0,Low Usage
831,Reliance Jio,M,24,Arunachal Pradesh,Hyderabad,493729,2027-04-11,2,65878,50.0,2.0,3860.0,0,2027,4,2,18-25,52.0,Medium Usage
832,Vodafone,F,30,Madhya Pradesh,Mumbai,667899,2027-04-12,4,138782,94.0,27.0,533.0,1,2027,4,2,26-35,121.0,Low Usage
833,Vodafone,F,49,Haryana,Mumbai,903098,2027-04-13,3,107924,1.0,5.0,5397.0,0,2027,4,2,46-55,6.0,Medium Usage
834,Reliance Jio,M,32,Maharashtra,Mumbai,257858,2027-04-14,1,116298,66.0,45.0,4820.0,0,2027,4,2,26-35,111.0,Medium Usage
835,BSNL,F,25,Rajasthan,Bangalore,388475,2027-04-15,3,50939,34.0,7.0,6840.0,0,2027,4,2,18-25,41.0,High Usage
836,Vodafone,M,39,Maharashtra,Kolkata,549507,2027-04-16,3,112135,52.0,34.0,6551.0,1,2027,4,2,36-45,86.0,Medium Usage
837,Vodafone,M,30,Tripura,Mumbai,707906,2027-04-17,1,84343,37.0,16.0,8498.0,0,2027,4,2,26-35,53.0,High Usage
838,Vodafone,M,66,Mizoram,Kolkata,622874,2027-04-18,1,31965,18.0,5.0,2901.0,1,2027,4,2,56+,23.0,Low Usage
839,BSNL,F,59,Meghalaya,Kolkata,423054,2027-04-19,4,47697,98.0,46.0,1049.0,0,2027,4,2,56+,144.0,Low Usage
840,BSNL,F,68,West Bengal,Kolkata,528067,2027-04-20,2,83688,97.0,34.0,2820.0,0,2027,4,2,56+,131.0,Low Usage
841,Vodafone,F,39,Punjab,Kolkata,510073,2027-04-21,1,53945,90.0,51.0,6840.0,1,2027,4,2,36-45,141.0,High Usage
842,BSNL,M,50,Punjab,Kolkata,527853,2027-04-22,2,133795,56.0,13.0,5161.0,1,2027,4,2,46-55,69.0,Medium Usage
843,BSNL,M,42,Telangana,Mumbai,533191,2027-04-23,3,35952,79.0,14.0,4369.0,0,2027,4,2,36-45,93.0,Medium Usage
844,Vodafone,M,23,Sikkim,Kolkata,838504,2027-04-24,4,112775,23.0,3.0,10700.0,0,2027,4,2,18-25,26.0,High Usage
845,Airtel,F,33,Telangana,Chennai,266584,2027-04-25,4,120376,31.0,23.0,7863.0,0,2027,4,2,26-35,54.0,High Usage
846,Vodafone,F,66,Haryana,Hyderabad,864193,2027-04-26,2,138210,67.0,6.0,5049.0,0,2027,4,2,56+,73.0,Medium Usage
847,BSNL,M,37,Gujarat,Mumbai,871629,2027-04-27,0,116209,7.0,2.0,5049.0,0,2027,4,2,36-45,9.0,Medium Usage
848,BSNL,M,55,Meghalaya,Delhi,518670,2027-04-28,4,74653,90.0,34.0,10455.0,0,2027,4,2,46-55,124.0,High Usage
849,Airtel,M,49,Meghalaya,Bangalore,787380,2027-04-29,2,21482,49.0,35.0,7730.0,0,2027,4,2,46-55,84.0,High Usage
850,Vodafone,M,63,Himachal Pradesh,Kolkata,667598,2027-04-30,1,45441,42.0,37.0,7746.0,0,2027,4,2,56+,79.0,High Usage
851,Reliance Jio,M,25,Arunachal Pradesh,Mumbai,342027,2027-05-01,4,38802,80.0,23.0,10273.0,0,2027,5,2,18-25,103.0,High Usage
852,Reliance Jio,F,67,Andhra Pradesh,Chennai,549192,2027-05-02,1,43638,52.0,18.0,8537.0,0,2027,5,2,56+,70.0,High Usage
853,Reliance Jio,F,58,Kerala,Chennai,265850,2027-05-03,0,20604,19.0,49.0,2171.0,0,2027,5,2,56+,68.0,Low Usage
854,Reliance Jio,M,36,Telangana,Mumbai,844413,2027-05-04,3,127147,29.0,30.0,2406.0,0,2027,5,2,36-45,59.0,Low Usage
855,BSNL,F,27,Tamil Nadu,Kolkata,874229,2027-05-05,0,100981,31.0,15.0,4750.0,1,2027,5,2,26-35,46.0,Medium Usage
856,Vodafone,F,22,Kerala,Delhi,927469,2027-05-06,4,85566,36.0,36.0,2384.0,0,2027,5,2,18-25,72.0,Low Usage
857,Airtel,M,58,Maharashtra,Mumbai,264964,2027-05-07,2,119575,66.0,8.0,3783.0,0,2027,5,2,56+,74.0,Medium Usage
858,BSNL,F,63,Uttar Pradesh,Kolkata,433324,2027-05-08,1,43973,79.0,22.0,6815.0,0,2027,5,2,56+,101.0,High Usage
859,Airtel,M,25,Jharkhand,Kolkata,871852,2027-05-09,4,22987,12.0,18.0,9309.0,0,2027,5,2,18-25,30.0,High Usage
860,BSNL,F,63,Mizoram,Kolkata,156983,2027-05-10,4,30353,81.0,19.0,8039.0,0,2027,5,2,56+,100.0,High Usage
861,Vodafone,M,65,Uttarakhand,Delhi,604802,2027-05-11,3,149346,42.0,19.0,3788.0,0,2027,5,2,56+,61.0,Medium Usage
862,Vodafone,M,56,Tripura,Hyderabad,170092,2027-05-12,2,80921,9.0,49.0,2654.0,0,2027,5,2,56+,58.0,Low Usage
863,Vodafone,M,66,Haryana,Kolkata,460663,2027-05-13,2,88864,30.0,38.0,3411.0,0,2027,5,2,56+,68.0,Low Usage
864,Vodafone,M,32,Andhra Pradesh,Delhi,855491,2027-05-14,4,123354,29.0,39.0,309.0,0,2027,5,2,26-35,68.0,Low Usage
865,BSNL,F,60,Odisha,Chennai,690541,2027-05-15,1,48899,99.0,37.0,9649.0,0,2027,5,2,56+,136.0,High Usage
866,Airtel,F,67,Odisha,Hyderabad,339355,2027-05-16,4,109760,72.0,37.0,5884.0,0,2027,5,2,56+,109.0,Medium Usage
867,Reliance Jio,M,21,Andhra Pradesh,Kolkata,116707,2027-05-17,4,120637,61.0,3.0,961.0,0,2027,5,2,18-25,64.0,Low Usage
868,Reliance Jio,M,28,Mizoram,Chennai,704928,2027-05-18,2,22933,34.0,53.0,6413.0,1,2027,5,2,26-35,87.0,Medium Usage
869,Vodafone,M,48,Manipur,Chennai,184381,2027-05-19,1,99757,53.0,41.0,8986.0,0,2027,5,2,46-55,94.0,High Usage
870,Airtel,F,29,Rajasthan,Chennai,558155,2027-05-20,3,66874,80.0,41.0,5298.0,0,2027,5,2,26-35,121.0,Medium Usage
871,Reliance Jio,M,68,Kerala,Hyderabad,935797,2027-05-21,0,52333,67.0,27.0,7204.0,0,2027,5,2,56+,94.0,High Usage
872,Airtel,F,54,Kerala,Delhi,377428,2027-05-22,2,142333,30.0,25.5,2617.0,0,2027,5,2,46-55,55.5,Low Usage
873,BSNL,M,45,Nagaland,Mumbai,824414,2027-05-23,1,57446,51.0,2.0,10458.0,0,2027,5,2,36-45,53.0,High Usage
874,BSNL,F,47,Assam,Delhi,352556,2027-05-24,0,40200,76.0,44.0,9412.0,0,2027,5,2,46-55,120.0,High Usage
875,Reliance Jio,F,30,Himachal Pradesh,Kolkata,708059,2027-05-25,4,119835,62.0,21.0,952.0,0,2027,5,2,26-35,83.0,Low Usage
876,Vodafone,M,31,Himachal Pradesh,Hyderabad,142059,2027-05-26,1,104108,18.0,28.0,5561.0,0,2027,5,2,26-35,46.0,Medium Usage
877,Vodafone,M,44,Odisha,Mumbai,565200,2027-05-27,3,140333,42.0,44.0,321.0,0,2027,5,2,36-45,86.0,Low Usage
878,BSNL,M,47,Telangana,Delhi,920599,2027-05-28,4,134931,79.0,10.0,5200.0,0,2027,5,2,46-55,89.0,Medium Usage
879,Airtel,F,37,Madhya Pradesh,Chennai,935579,2027-05-29,2,61196,48.0,17.0,8882.0,0,2027,5,2,36-45,65.0,High Usage
880,Reliance Jio,M,23,Karnataka,Hyderabad,376377,2027-05-30,3,41152,22.0,45.0,9081.0,0,2027,5,2,18-25,67.0,High Usage
881,Reliance Jio,M,51,Madhya Pradesh,Delhi,459076,2027-05-31,1,70204,28.0,28.0,5726.0,0,2027,5,2,46-55,56.0,Medium Usage
882,BSNL,M,26,Madhya Pradesh,Delhi,575734,2027-06-01,4,109939,21.0,40.0,1587.0,0,2027,6,2,26-35,61.0,Low Usage
883,Vodafone,M,46,Uttarakhand,Delhi,476784,2027-06-02,0,33675,4.0,12.0,2439.0,0,2027,6,2,46-55,16.0,Low Usage
884,Reliance Jio,F,34,Manipur,Mumbai,596660,2027-06-03,3,95804,61.0,32.0,7281.0,0,2027,6,2,26-35,93.0,High Usage
885,Reliance Jio,M,35,Uttarakhand,Delhi,907275,2027-06-04,0,95319,63.0,25.5,2339.0,0,2027,6,2,26-35,88.5,Low Usage
886,Vodafone,F,37,Punjab,Bangalore,836491,2027-06-05,3,113179,11.0,36.0,5147.0,0,2027,6,2,36-45,47.0,Medium Usage
887,Airtel,M,73,Assam,Chennai,848380,2027-06-06,1,142310,42.0,1.0,7401.0,0,2027,6,2,56+,43.0,High Usage
888,BSNL,M,39,Maharashtra,Kolkata,668922,2027-06-07,1,65582,92.0,38.0,1217.0,1,2027,6,2,36-45,130.0,Low Usage
889,Airtel,M,34,Jharkhand,Mumbai,392908,2027-06-08,4,22930,89.0,24.0,6070.0,0,2027,6,2,26-35,113.0,Medium Usage
890,BSNL,M,53,Jharkhand,Chennai,236342,2027-06-09,2,61038,22.0,37.0,4366.0,0,2027,6,2,46-55,59.0,Medium Usage
891,Airtel,M,51,Telangana,Delhi,742611,2027-06-10,3,136249,74.0,16.0,4324.0,0,2027,6,2,46-55,90.0,Medium Usage
892,Airtel,M,63,Bihar,Chennai,669522,2027-06-11,3,28968,89.0,15.0,2981.0,0,2027,6,2,56+,104.0,Low Usage
893,Vodafone,M,19,Gujarat,Chennai,623496,2027-06-12,1,117770,49.0,15.0,5199.0,0,2027,6,2,18-25,64.0,Medium Usage
894,Vodafone,M,31,Himachal Pradesh,Bangalore,548325,2027-06-13,2,91172,103.0,42.0,9162.0,1,2027,6,2,26-35,145.0,High Usage
895,Vodafone,F,41,Punjab,Kolkata,452014,2027-06-14,3,142240,84.0,22.0,5694.0,1,2027,6,2,36-45,106.0,Medium Usage
896,Vodafone,M,29,Sikkim,Mumbai,187170,2027-06-15,1,112234,39.0,42.0,4935.0,0,2027,6,2,26-35,81.0,Medium Usage
897,BSNL,F,49,Tamil Nadu,Hyderabad,573343,2027-06-16,2,120545,26.0,9.0,8830.0,0,2027,6,2,46-55,35.0,High Usage
898,Reliance Jio,M,51,Maharashtra,Delhi,542882,2027-06-17,2,72143,63.0,37.0,5966.0,1,2027,6,2,46-55,100.0,Medium Usage
899,BSNL,M,47,Mizoram,Mumbai,617859,2027-06-18,1,137297,64.0,48.0,2764.0,1,2027,6,2,46-55,112.0,Low Usage
900,BSNL,M,68,Arunachal Pradesh,Chennai,782795,2027-06-19,4,90532,42.0,26.0,4679.0,0,2027,6,2,56+,68.0,Medium Usage
901,Airtel,M,41,Maharashtra,Mumbai,228641,2027-06-20,0,95919,69.0,25.0,5049.0,0,2027,6,2,36-45,94.0,Medium Usage
902,Vodafone,M,32,Telangana,Hyderabad,990302,2027-06-21,0,125227,15.0,0.0,6637.0,0,2027,6,2,26-35,15.0,High Usage
903,Reliance Jio,F,49,Uttarakhand,Delhi,425470,2027-06-22,4,32341,58.0,50.0,2382.0,0,2027,6,2,46-55,108.0,Low Usage
904,Vodafone,F,62,Haryana,Kolkata,944759,2027-06-23,4,35410,43.0,26.0,8815.0,1,2027,6,2,56+,69.0,High Usage
905,Airtel,M,39,Himachal Pradesh,Delhi,386757,2027-06-24,3,67163,96.0,5.0,5049.0,0,2027,6,2,36-45,101.0,Medium Usage
906,Reliance Jio,M,43,Gujarat,Chennai,839415,2027-06-25,2,135890,26.0,44.0,10256.0,0,2027,6,2,36-45,70.0,High Usage
907,Vodafone,F,65,Maharashtra,Bangalore,770057,2027-06-26,3,37397,101.0,32.0,220.0,1,2027,6,2,56+,133.0,Low Usage
908,BSNL,F,60,Nagaland,Bangalore,181717,2027-06-27,1,21722,32.0,20.0,8911.0,0,2027,6,2,56+,52.0,High Usage
909,Vodafone,M,51,Uttarakhand,Hyderabad,309365,2027-06-28,2,141638,57.0,1.0,3609.0,0,2027,6,2,46-55,58.0,Medium Usage
910,Reliance Jio,M,43,Karnataka,Hyderabad,731478,2027-06-29,4,74504,10.0,3.0,3688.0,0,2027,6,2,36-45,13.0,Medium Usage
911,BSNL,M,23,Assam,Chennai,955847,2027-06-30,3,125444,65.0,49.0,3004.0,0,2027,6,2,18-25,114.0,Low Usage
912,Vodafone,F,63,Kerala,Hyderabad,638984,2027-07-01,3,22851,13.0,11.0,1046.0,0,2027,7,3,56+,24.0,Low Usage
913,BSNL,F,47,Himachal Pradesh,Hyderabad,851949,2027-07-02,0,23944,28.0,18.0,4348.0,0,2027,7,3,46-55,46.0,Medium Usage
914,BSNL,M,27,Mizoram,Delhi,589174,2027-07-03,2,124104,96.0,47.0,10318.0,1,2027,7,3,26-35,143.0,High Usage
915,Airtel,M,30,Arunachal Pradesh,Delhi,963215,2027-07-04,3,132757,62.0,9.0,8239.0,0,2027,7,3,26-35,71.0,High Usage
916,Reliance Jio,M,69,Odisha,Hyderabad,775953,2027-07-05,0,84245,80.0,31.0,6625.0,1,2027,7,3,56+,111.0,Medium Usage
917,Vodafone,F,48,Odisha,Chennai,512736,2027-07-06,0,111566,44.0,27.0,5508.0,0,2027,7,3,46-55,71.0,Medium Usage
918,Airtel,F,60,Arunachal Pradesh,Kolkata,540673,2027-07-07,0,142086,32.0,38.0,2252.0,1,2027,7,3,56+,70.0,Low Usage
919,Vodafone,M,58,Kerala,Kolkata,455313,2027-07-08,0,76645,36.0,33.0,8063.0,0,2027,7,3,56+,69.0,High Usage
920,Vodafone,M,45,Telangana,Delhi,282486,2027-07-09,2,47458,44.0,34.0,7303.0,0,2027,7,3,36-45,78.0,High Usage
921,Vodafone,F,62,Manipur,Hyderabad,124728,2027-07-10,1,66136,15.0,40.0,5099.0,0,2027,7,3,56+,55.0,Medium Usage
922,Airtel,M,25,Karnataka,Delhi,340173,2027-07-11,3,93348,50.0,5.0,6939.0,0,2027,7,3,18-25,55.0,High Usage
923,Reliance Jio,M,49,Himachal Pradesh,Bangalore,613144,2027-07-12,3,109679,26.0,11.0,7615.0,1,2027,7,3,46-55,37.0,High Usage
924,BSNL,M,20,Bihar,Chennai,400621,2027-07-13,2,107928,54.0,25.5,6798.0,0,2027,7,3,18-25,79.5,High Usage
925,BSNL,M,55,Mizoram,Kolkata,715364,2027-07-14,3,56155,88.0,19.0,1806.0,0,2027,7,3,46-55,107.0,Low Usage
926,Vodafone,F,33,Tripura,Mumbai,563595,2027-07-15,0,73212,97.0,35.0,1364.0,0,2027,7,3,26-35,132.0,Low Usage
927,Airtel,F,59,Punjab,Mumbai,192676,2027-07-16,0,34487,45.0,3.0,2519.0,1,2027,7,3,56+,48.0,Low Usage
928,Reliance Jio,M,68,Kerala,Kolkata,966937,2027-07-17,3,48672,8.0,9.0,6518.0,1,2027,7,3,56+,17.0,Medium Usage
929,BSNL,M,22,Andhra Pradesh,Chennai,288539,2027-07-18,1,52857,56.0,4.0,2465.0,0,2027,7,3,18-25,60.0,Low Usage
930,BSNL,M,26,Karnataka,Kolkata,490179,2027-07-19,3,142365,46.0,33.0,8010.0,0,2027,7,3,26-35,79.0,High Usage
931,Vodafone,F,41,Jharkhand,Hyderabad,565481,2027-07-20,4,101946,60.0,39.0,9254.0,0,2027,7,3,36-45,99.0,High Usage
932,Airtel,M,72,Nagaland,Mumbai,927464,2027-07-21,4,148370,14.0,18.0,6161.0,0,2027,7,3,56+,32.0,Medium Usage
933,Reliance Jio,M,23,Andhra Pradesh,Chennai,898535,2027-07-22,4,115147,21.0,25.5,7434.0,0,2027,7,3,18-25,46.5,High Usage
934,BSNL,F,71,Kerala,Mumbai,802483,2027-07-23,0,103223,63.0,10.0,2982.0,1,2027,7,3,56+,73.0,Low Usage
935,Reliance Jio,F,50,Manipur,Bangalore,410563,2027-07-24,3,141318,91.0,11.0,2923.0,1,2027,7,3,46-55,102.0,Low Usage
936,BSNL,M,26,Kerala,Mumbai,599673,2027-07-25,4,116192,26.0,10.0,9230.0,0,2027,7,3,26-35,36.0,High Usage
937,BSNL,M,48,Rajasthan,Chennai,907240,2027-07-26,2,99681,38.0,16.0,1762.0,0,2027,7,3,46-55,54.0,Low Usage
938,Airtel,M,32,Tripura,Chennai,578604,2027-07-27,1,112079,91.0,44.0,6466.0,0,2027,7,3,26-35,135.0,Medium Usage
939,Airtel,M,45,Tamil Nadu,Kolkata,705235,2027-07-28,3,64599,12.0,41.0,890.0,0,2027,7,3,36-45,53.0,Low Usage
940,Airtel,M,37,Rajasthan,Chennai,375305,2027-07-29,2,120298,2.0,39.0,2843.0,1,2027,7,3,36-45,41.0,Low Usage
941,Airtel,M,33,Arunachal Pradesh,Kolkata,159680,2027-07-30,1,61042,30.0,18.0,5649.0,0,2027,7,3,26-35,48.0,Medium Usage
942,Airtel,M,67,West Bengal,Bangalore,232402,2027-07-31,0,90391,20.0,34.0,947.0,0,2027,7,3,56+,54.0,Low Usage
943,BSNL,M,55,Odisha,Mumbai,632291,2027-08-01,3,131836,90.0,5.0,8013.0,0,2027,8,3,46-55,95.0,High Usage
944,Airtel,M,26,Chhattisgarh,Mumbai,584880,2027-08-02,3,44176,31.0,10.0,8259.0,0,2027,8,3,26-35,41.0,High Usage
945,Reliance Jio,F,23,Sikkim,Delhi,518515,2027-08-03,0,71761,91.0,34.0,4825.0,0,2027,8,3,18-25,125.0,Medium Usage
946,Airtel,M,35,Chhattisgarh,Bangalore,255159,2027-08-04,3,116319,7.0,42.0,7150.0,0,2027,8,3,26-35,49.0,High Usage
947,Airtel,F,63,West Bengal,Chennai,108899,2027-08-05,1,34991,87.0,24.0,1788.0,0,2027,8,3,56+,111.0,Low Usage
948,Reliance Jio,M,32,Manipur,Chennai,167981,2027-08-06,4,20509,68.0,9.0,678.0,0,2027,8,3,26-35,77.0,Low Usage
949,BSNL,M,37,Goa,Delhi,193047,2027-08-07,2,41228,37.0,43.0,7858.0,1,2027,8,3,36-45,80.0,High Usage
950,Reliance Jio,F,59,Madhya Pradesh,Hyderabad,298443,2027-08-08,3,80058,18.0,31.0,9961.0,0,2027,8,3,56+,49.0,High Usage
951,Reliance Jio,F,41,Jharkhand,Delhi,900567,2027-08-09,2,38670,53.0,25.5,9282.0,0,2027,8,3,36-45,78.5,High Usage
952,Reliance Jio,M,62,Assam,Chennai,202649,2027-08-10,2,79013,25.0,16.0,4591.0,1,2027,8,3,56+,41.0,Medium Usage
953,Reliance Jio,M,74,Meghalaya,Hyderabad,792535,2027-08-11,0,77342,55.0,44.0,4342.0,0,2027,8,3,56+,99.0,Medium Usage
954,Reliance Jio,M,61,Kerala,Mumbai,559244,2027-08-12,0,34792,29.0,35.0,5482.0,0,2027,8,3,56+,64.0,Medium Usage
955,BSNL,F,55,Kerala,Delhi,196512,2027-08-13,4,103341,15.0,33.0,8298.0,0,2027,8,3,46-55,48.0,High Usage
956,Airtel,M,22,Kerala,Delhi,737512,2027-08-14,4,47471,57.0,20.0,5654.0,0,2027,8,3,18-25,77.0,Medium Usage
957,BSNL,M,26,Telangana,Chennai,811731,2027-08-15,0,95878,29.0,3.0,7460.0,1,2027,8,3,26-35,32.0,High Usage
958,Vodafone,F,38,Karnataka,Mumbai,153004,2027-08-16,3,144039,45.0,19.0,7758.0,0,2027,8,3,36-45,64.0,High Usage
959,Reliance Jio,M,49,Maharashtra,Bangalore,226328,2027-08-17,2,29972,18.0,9.0,2771.0,0,2027,8,3,46-55,27.0,Low Usage
960,BSNL,M,45,Gujarat,Hyderabad,448002,2027-08-18,2,27320,57.0,12.0,10632.0,0,2027,8,3,36-45,69.0,High Usage
961,Airtel,M,54,Rajasthan,Hyderabad,924285,2027-08-19,0,99094,77.0,24.0,1135.0,0,2027,8,3,46-55,101.0,Low Usage
962,Reliance Jio,M,46,Bihar,Delhi,321733,2027-08-20,3,102027,53.0,36.0,7632.0,0,2027,8,3,46-55,89.0,High Usage
963,Vodafone,F,23,Tamil Nadu,Hyderabad,320461,2027-08-21,2,33430,93.0,13.0,8048.0,1,2027,8,3,18-25,106.0,High Usage
964,Reliance Jio,M,65,Punjab,Chennai,254608,2027-08-22,4,115723,105.0,4.0,7826.0,0,2027,8,3,56+,109.0,High Usage
965,Reliance Jio,M,40,Himachal Pradesh,Chennai,668149,2027-08-23,3,26148,12.0,25.0,8298.0,0,2027,8,3,36-45,37.0,High Usage
966,BSNL,M,73,Odisha,Chennai,248210,2027-08-24,1,131638,17.0,29.0,1950.0,0,2027,8,3,56+,46.0,Low Usage
967,Vodafone,F,18,Tamil Nadu,Delhi,854527,2027-08-25,2,32492,88.0,12.0,1192.0,1,2027,8,3,18-25,100.0,Low Usage
968,Airtel,M,64,Jharkhand,Kolkata,560480,2027-08-26,0,140672,55.0,4.0,7053.0,0,2027,8,3,56+,59.0,High Usage
969,BSNL,M,40,Nagaland,Delhi,304580,2027-08-27,1,100573,70.0,12.0,6712.0,0,2027,8,3,36-45,82.0,High Usage
970,BSNL,M,28,Manipur,Kolkata,232154,2027-08-28,0,95569,42.0,29.0,2058.0,0,2027,8,3,26-35,71.0,Low Usage
971,Reliance Jio,F,63,Haryana,Hyderabad,629562,2027-08-29,2,78858,50.0,36.0,2799.0,0,2027,8,3,56+,86.0,Low Usage
972,BSNL,M,70,Madhya Pradesh,Bangalore,711248,2027-08-30,1,127557,61.0,32.0,1355.0,0,2027,8,3,56+,93.0,Low Usage
973,BSNL,M,69,Meghalaya,Kolkata,560360,2027-08-31,4,71203,5.0,46.0,2275.0,0,2027,8,3,56+,51.0,Low Usage
974,BSNL,F,49,Rajasthan,Kolkata,710388,2027-09-01,2,109351,47.0,31.0,6749.0,1,2027,9,3,46-55,78.0,High Usage
975,BSNL,F,63,Goa,Bangalore,640838,2027-09-02,2,119501,55.0,35.0,6743.0,0,2027,9,3,56+,90.0,High Usage
976,Vodafone,M,64,Odisha,Hyderabad,914236,2027-09-03,2,73030,47.0,47.0,7952.0,0,2027,9,3,56+,94.0,High Usage
977,Airtel,M,24,Tamil Nadu,Delhi,684317,2027-09-04,0,35351,4.0,7.0,746.0,1,2027,9,3,18-25,11.0,Low Usage
978,Airtel,F,19,Haryana,Kolkata,870376,2027-09-05,0,127590,17.0,45.0,738.0,0,2027,9,3,18-25,62.0,Low Usage
979,BSNL,M,23,Maharashtra,Mumbai,440474,2027-09-06,2,57464,6.0,20.0,913.0,0,2027,9,3,18-25,26.0,Low Usage
980,Reliance Jio,M,65,Gujarat,Delhi,786280,2027-09-07,0,64956,86.0,27.0,3837.0,0,2027,9,3,56+,113.0,Medium Usage
981,Reliance Jio,F,37,West Bengal,Mumbai,845440,2027-09-08,4,91652,97.0,41.0,3814.0,0,2027,9,3,36-45,138.0,Medium Usage
982,Vodafone,F,48,Telangana,Chennai,344460,2027-09-09,3,148331,12.0,10.0,1203.0,0,2027,9,3,46-55,22.0,Low Usage
983,Vodafone,F,22,Tripura,Delhi,948763,2027-09-10,0,74315,79.0,21.0,6175.0,0,2027,9,3,18-25,100.0,Medium Usage
984,Reliance Jio,M,40,West Bengal,Hyderabad,307897,2027-09-11,0,49677,39.0,36.0,7924.0,0,2027,9,3,36-45,75.0,High Usage
985,BSNL,F,27,Odisha,Mumbai,921057,2027-09-12,3,105165,67.0,42.0,9388.0,1,2027,9,3,26-35,109.0,High Usage
986,Reliance Jio,F,27,Sikkim,Delhi,460211,2027-09-13,3,60099,35.0,0.0,5099.0,0,2027,9,3,26-35,35.0,Medium Usage
987,Airtel,F,71,Jharkhand,Mumbai,651287,2027-09-14,3,98598,2.0,42.0,7531.0,0,2027,9,3,56+,44.0,High Usage
988,Reliance Jio,F,59,Arunachal Pradesh,Bangalore,505632,2027-09-15,2,66046,16.0,48.0,9546.0,0,2027,9,3,56+,64.0,High Usage
989,Vodafone,F,23,Mizoram,Mumbai,791097,2027-09-16,3,94480,38.0,9.0,5049.0,0,2027,9,3,18-25,47.0,Medium Usage
990,Airtel,M,25,Telangana,Delhi,138460,2027-09-17,2,116561,24.0,42.0,8085.0,0,2027,9,3,18-25,66.0,High Usage
991,Reliance Jio,M,44,Karnataka,Kolkata,622713,2027-09-18,1,29390,86.0,46.0,8080.0,0,2027,9,3,36-45,132.0,High Usage
992,Airtel,F,53,Jharkhand,Delhi,139520,2027-09-19,2,61319,67.0,29.0,837.0,1,2027,9,3,46-55,96.0,Low Usage
993,BSNL,F,57,Tamil Nadu,Chennai,393839,2027-09-20,3,123185,44.0,44.0,5785.0,0,2027,9,3,56+,88.0,Medium Usage
994,BSNL,F,39,Madhya Pradesh,Chennai,487284,2027-09-21,0,78871,95.0,11.0,4605.0,0,2027,9,3,36-45,106.0,Medium Usage
995,Airtel,M,22,Odisha,Bangalore,695989,2027-09-22,1,48101,70.0,17.0,9308.0,1,2027,9,3,18-25,87.0,High Usage
996,BSNL,F,19,Tamil Nadu,Delhi,326273,2027-09-23,0,81532,29.0,36.0,3952.0,0,2027,9,3,18-25,65.0,Medium Usage
997,Airtel,M,38,Nagaland,Kolkata,126707,2027-09-24,4,127367,39.0,19.0,5328.0,0,2027,9,3,36-45,58.0,Medium Usage
998,Vodafone,M,18,Odisha,Chennai,742600,2027-09-25,1,120764,49.0,42.0,6260.0,1,2027,9,3,18-25,91.0,Medium Usage
999,Vodafone,M,64,Tripura,Delhi,186458,2027-09-26,1,95036,96.0,12.0,2262.0,0,2027,9,3,56+,108.0,Low Usage
1000,Reliance Jio,M,38,Himachal Pradesh,Bangalore,378040,2027-09-27,4,88151,29.0,25.0,5908.0,0,2027,9,3,36-45,54.0,Medium Usage
1001,Airtel,F,38,Telangana,Kolkata,477437,2027-09-28,0,143847,42.0,41.0,6704.0,1,2027,9,3,36-45,83.0,High Usage
1002,BSNL,F,68,Tamil Nadu,Delhi,989922,2027-09-29,0,20855,37.0,41.0,9136.0,1,2027,9,3,56+,78.0,High Usage
1003,Reliance Jio,M,33,Haryana,Delhi,481087,2027-09-30,0,38092,50.0,11.0,476.0,0,2027,9,3,26-35,61.0,Low Usage
1004,Reliance Jio,M,30,Tripura,Bangalore,998773,2027-10-01,4,46329,59.0,29.0,4680.0,0,2027,10,4,26-35,88.0,Medium Usage
1005,Reliance Jio,M,70,Bihar,Hyderabad,978106,2027-10-02,4,25821,72.0,45.0,1343.0,1,2027,10,4,56+,117.0,Low Usage
1006,BSNL,M,55,Kerala,Mumbai,714832,2027-10-03,4,148349,3.0,24.0,7050.0,0,2027,10,4,46-55,27.0,High Usage
1007,Airtel,M,57,West Bengal,Hyderabad,534897,2027-10-04,3,104354,38.0,12.0,1151.0,0,2027,10,4,56+,50.0,Low Usage
1008,Vodafone,F,63,Mizoram,Bangalore,972546,2027-10-05,4,23853,27.0,8.0,1348.0,0,2027,10,4,56+,35.0,Low Usage
1009,BSNL,M,25,Manipur,Hyderabad,811533,2027-10-06,4,140771,60.0,18.0,7817.0,0,2027,10,4,18-25,78.0,High Usage
1010,Vodafone,M,31,Andhra Pradesh,Delhi,829153,2027-10-07,4,127291,36.0,33.0,5571.0,0,2027,10,4,26-35,69.0,Medium Usage
1011,Airtel,F,32,West Bengal,Kolkata,662699,2027-10-08,0,118491,46.0,31.0,8805.0,1,2027,10,4,26-35,77.0,High Usage
1012,BSNL,M,22,Tamil Nadu,Kolkata,475327,2027-10-09,0,73298,26.0,0.0,8453.0,1,2027,10,4,18-25,26.0,High Usage
1013,Vodafone,M,58,Tamil Nadu,Bangalore,142330,2027-10-10,1,31233,28.0,46.0,4056.0,0,2027,10,4,56+,74.0,Medium Usage
1014,BSNL,F,40,West Bengal,Bangalore,592240,2027-10-11,4,75611,3.0,21.0,7572.0,1,2027,10,4,36-45,24.0,High Usage
1015,Reliance Jio,M,38,Tripura,Kolkata,168297,2027-10-12,3,67661,55.0,39.0,7768.0,0,2027,10,4,36-45,94.0,High Usage
1016,BSNL,M,35,Karnataka,Chennai,510188,2027-10-13,3,111440,102.0,29.0,2056.0,0,2027,10,4,26-35,131.0,Low Usage
1017,Reliance Jio,M,40,Bihar,Kolkata,768329,2027-10-14,0,36514,29.0,21.0,4563.0,0,2027,10,4,36-45,50.0,Medium Usage
1018,Airtel,F,52,Meghalaya,Kolkata,326353,2027-10-15,3,75511,52.0,10.0,5049.0,0,2027,10,4,46-55,62.0,Medium Usage
1019,Vodafone,M,20,Karnataka,Delhi,353185,2027-10-16,4,25345,50.0,5.0,7093.0,0,2027,10,4,18-25,55.0,High Usage
1020,BSNL,M,52,Manipur,Chennai,415495,2027-10-17,4,39019,13.0,22.0,4341.0,0,2027,10,4,46-55,35.0,Medium Usage
1021,Vodafone,M,50,Goa,Chennai,241603,2027-10-18,2,81792,74.0,42.0,2037.0,0,2027,10,4,46-55,116.0,Low Usage
1022,Airtel,F,37,Assam,Chennai,197948,2027-10-19,2,62563,24.0,28.0,5049.0,0,2027,10,4,36-45,52.0,Medium Usage
1023,Reliance Jio,F,50,Jharkhand,Mumbai,391985,2027-10-20,4,43304,13.0,18.0,9203.0,0,2027,10,4,46-55,31.0,High Usage
1024,Airtel,F,23,Manipur,Bangalore,838843,2027-10-21,1,141427,72.0,40.0,10552.0,0,2027,10,4,18-25,112.0,High Usage
1025,Reliance Jio,F,45,Madhya Pradesh,Mumbai,832387,2027-10-22,2,113371,49.0,40.0,5060.0,1,2027,10,4,36-45,89.0,Medium Usage
1026,Airtel,F,38,Chhattisgarh,Kolkata,554851,2027-10-23,2,78986,35.0,12.0,1828.0,0,2027,10,4,36-45,47.0,Low Usage
1027,Vodafone,M,64,Uttarakhand,Chennai,311833,2027-10-24,3,142054,68.0,31.0,7814.0,0,2027,10,4,56+,99.0,High Usage
1028,Vodafone,M,53,Nagaland,Bangalore,767465,2027-10-25,4,69054,58.0,38.0,3318.0,0,2027,10,4,46-55,96.0,Low Usage
1029,Airtel,M,29,Odisha,Kolkata,886347,2027-10-26,1,56312,20.0,36.0,5049.0,1,2027,10,4,26-35,56.0,Medium Usage
1030,Reliance Jio,M,48,Tamil Nadu,Mumbai,520699,2027-10-27,3,71549,98.0,16.0,7522.0,0,2027,10,4,46-55,114.0,High Usage
1031,Reliance Jio,M,68,Tripura,Mumbai,751461,2027-10-28,0,94925,41.0,23.0,6348.0,0,2027,10,4,56+,64.0,Medium Usage
1032,Airtel,M,58,Andhra Pradesh,Bangalore,845059,2027-10-29,4,129811,25.0,48.0,3952.0,0,2027,10,4,56+,73.0,Medium Usage
1033,Airtel,M,38,Telangana,Kolkata,588064,2027-10-30,0,143339,73.0,1.0,8910.0,0,2027,10,4,36-45,74.0,High Usage
1034,Airtel,M,26,Manipur,Hyderabad,865053,2027-10-31,0,137115,3.0,40.0,5693.0,0,2027,10,4,26-35,43.0,Medium Usage
1035,Vodafone,M,31,Odisha,Bangalore,494011,2027-11-01,1,131357,73.0,44.0,4749.0,0,2027,11,4,26-35,117.0,Medium Usage
1036,Vodafone,F,21,Himachal Pradesh,Chennai,486754,2027-11-02,1,122093,24.0,49.0,8003.0,0,2027,11,4,18-25,73.0,High Usage
1037,Airtel,M,33,Jharkhand,Hyderabad,154751,2027-11-03,2,49420,86.0,25.0,7310.0,0,2027,11,4,26-35,111.0,High Usage
1038,BSNL,F,28,Telangana,Bangalore,206368,2027-11-04,4,94852,91.0,44.0,2856.0,0,2027,11,4,26-35,135.0,Low Usage
1039,Vodafone,M,52,Odisha,Mumbai,125248,2027-11-05,2,106047,7.0,36.0,1393.0,1,2027,11,4,46-55,43.0,Low Usage
1040,BSNL,M,19,Arunachal Pradesh,Chennai,945589,2027-11-06,1,99554,32.0,25.5,4162.0,0,2027,11,4,18-25,57.5,Medium Usage
1041,Reliance Jio,M,71,Kerala,Kolkata,291771,2027-11-07,0,82351,24.0,24.0,5672.0,1,2027,11,4,56+,48.0,Medium Usage
1042,Reliance Jio,F,42,Jharkhand,Mumbai,398018,2027-11-08,2,39056,44.0,2.0,6776.0,1,2027,11,4,36-45,46.0,High Usage
1043,Reliance Jio,F,74,Bihar,Kolkata,833984,2027-11-09,0,106118,44.0,6.0,6329.0,0,2027,11,4,56+,50.0,Medium Usage
1044,Airtel,M,42,Himachal Pradesh,Delhi,326386,2027-11-10,1,86026,86.0,2.0,3517.0,1,2027,11,4,36-45,88.0,Low Usage
1045,Airtel,M,36,Manipur,Chennai,661001,2027-11-11,2,59118,84.0,46.0,7346.0,1,2027,11,4,36-45,130.0,High Usage
1046,BSNL,F,41,Manipur,Chennai,131448,2027-11-12,4,31909,99.0,49.0,1795.0,0,2027,11,4,36-45,148.0,Low Usage
1047,Vodafone,F,18,Tripura,Kolkata,132981,2027-11-13,4,68858,26.0,20.0,5716.0,0,2027,11,4,18-25,46.0,Medium Usage
1048,Vodafone,F,28,Madhya Pradesh,Chennai,759891,2027-11-14,3,53675,13.0,6.0,783.0,1,2027,11,4,26-35,19.0,Low Usage
1049,BSNL,M,24,Haryana,Kolkata,674036,2027-11-15,0,93585,23.0,18.0,7232.0,1,2027,11,4,18-25,41.0,High Usage
1050,Airtel,M,64,Chhattisgarh,Delhi,239038,2027-11-16,4,80759,78.0,0.0,6722.0,0,2027,11,4,56+,78.0,High Usage
1051,Airtel,F,65,Rajasthan,Hyderabad,112730,2027-11-17,4,111852,58.0,10.0,10084.0,0,2027,11,4,56+,68.0,High Usage
1052,Reliance Jio,F,42,Karnataka,Hyderabad,424435,2027-11-18,0,117901,50.0,14.0,5892.0,0,2027,11,4,36-45,64.0,Medium Usage
1053,Vodafone,M,33,Haryana,Mumbai,746734,2027-11-19,0,75247,84.0,43.0,5049.0,0,2027,11,4,26-35,127.0,Medium Usage
1054,Airtel,M,43,Jharkhand,Delhi,144954,2027-11-20,0,85509,24.0,40.0,6781.0,0,2027,11,4,36-45,64.0,High Usage
1055,Reliance Jio,F,53,Manipur,Kolkata,667231,2027-11-21,1,129517,23.0,7.0,2185.0,0,2027,11,4,46-55,30.0,Low Usage
1056,BSNL,M,50,Jharkhand,Chennai,751232,2027-11-22,2,40158,71.0,44.0,6252.0,1,2027,11,4,46-55,115.0,Medium Usage
1057,BSNL,F,48,Uttar Pradesh,Delhi,557321,2027-11-23,2,93919,96.0,28.0,5162.0,0,2027,11,4,46-55,124.0,Medium Usage
1058,BSNL,F,30,Rajasthan,Mumbai,183955,2027-11-24,2,36765,31.0,25.0,6518.0,0,2027,11,4,26-35,56.0,Medium Usage
1059,BSNL,M,30,Maharashtra,Chennai,410024,2027-11-25,2,21704,81.0,50.0,1649.0,0,2027,11,4,26-35,131.0,Low Usage
1060,Vodafone,M,29,Sikkim,Kolkata,299617,2027-11-26,1,20502,26.0,10.0,3500.0,1,2027,11,4,26-35,36.0,Low Usage
1061,BSNL,M,61,Kerala,Bangalore,424991,2027-11-27,0,118104,32.0,44.0,6810.0,0,2027,11,4,56+,76.0,High Usage
1062,BSNL,F,22,Andhra Pradesh,Kolkata,335116,2027-11-28,1,83933,81.0,30.0,658.0,1,2027,11,4,18-25,111.0,Low Usage
1063,Vodafone,M,52,Rajasthan,Mumbai,686434,2027-11-29,1,147962,35.0,17.0,10407.0,0,2027,11,4,46-55,52.0,High Usage
1064,Airtel,F,71,Uttarakhand,Delhi,932054,2027-11-30,1,78267,93.0,28.0,1299.0,0,2027,11,4,56+,121.0,Low Usage
1065,Reliance Jio,F,35,Himachal Pradesh,Hyderabad,442451,2027-12-01,4,105916,53.0,45.0,2751.0,0,2027,12,4,26-35,98.0,Low Usage
1066,Airtel,F,42,Assam,Bangalore,638133,2027-12-02,3,68468,36.0,11.0,7184.0,1,2027,12,4,36-45,47.0,High Usage
1067,Reliance Jio,M,73,Rajasthan,Chennai,334217,2027-12-03,4,120023,34.0,25.5,2180.0,0,2027,12,4,56+,59.5,Low Usage
1068,BSNL,F,34,Jharkhand,Bangalore,508379,2027-12-04,4,48516,35.0,36.0,4574.0,0,2027,12,4,26-35,71.0,Medium Usage
1069,Vodafone,M,27,Tripura,Mumbai,950347,2027-12-05,3,43011,9.0,5.0,4004.0,0,2027,12,4,26-35,14.0,Medium Usage
1070,Airtel,F,27,Jharkhand,Kolkata,772685,2027-12-06,0,133738,40.0,13.0,4866.0,1,2027,12,4,26-35,53.0,Medium Usage
1071,BSNL,M,56,Meghalaya,Delhi,820269,2027-12-07,0,148351,98.0,13.0,7634.0,0,2027,12,4,56+,111.0,High Usage
1072,Reliance Jio,F,19,Andhra Pradesh,Bangalore,625154,2027-12-08,1,66857,63.0,42.0,6560.0,1,2027,12,4,18-25,105.0,Medium Usage
1073,BSNL,M,27,Punjab,Bangalore,624014,2027-12-09,2,37557,21.0,7.0,7895.0,0,2027,12,4,26-35,28.0,High Usage
1074,BSNL,M,26,Maharashtra,Kolkata,590583,2027-12-10,0,97337,53.0,3.0,4587.0,1,2027,12,4,26-35,56.0,Medium Usage
1075,Vodafone,M,24,Goa,Hyderabad,965609,2027-12-11,4,140262,58.0,21.0,4539.0,1,2027,12,4,18-25,79.0,Medium Usage
1076,Vodafone,M,53,Meghalaya,Hyderabad,569845,2027-12-12,0,74098,73.0,22.0,4914.0,0,2027,12,4,46-55,95.0,Medium Usage
1077,Airtel,F,25,Gujarat,Kolkata,378100,2027-12-13,1,122893,29.0,11.0,5575.0,0,2027,12,4,18-25,40.0,Medium Usage
1078,Reliance Jio,F,28,West Bengal,Mumbai,480982,2027-12-14,0,58558,36.0,9.0,3724.0,0,2027,12,4,26-35,45.0,Medium Usage
1079,Reliance Jio,M,25,Arunachal Pradesh,Kolkata,627453,2027-12-15,0,149051,35.0,38.0,3075.0,1,2027,12,4,18-25,73.0,Low Usage
1080,Reliance Jio,M,41,Andhra Pradesh,Bangalore,588348,2027-12-16,4,141229,96.0,34.0,7684.0,0,2027,12,4,36-45,130.0,High Usage
1081,Vodafone,F,30,Assam,Delhi,358103,2027-12-17,4,37217,33.0,12.0,4969.0,1,2027,12,4,26-35,45.0,Medium Usage
1082,Reliance Jio,M,62,Madhya Pradesh,Mumbai,780709,2027-12-18,3,91297,50.0,7.0,1133.0,0,2027,12,4,56+,57.0,Low Usage
1083,Airtel,M,40,Punjab,Mumbai,111014,2027-12-19,2,111574,67.0,36.0,2224.0,0,2027,12,4,36-45,103.0,Low Usage
1084,Reliance Jio,M,20,West Bengal,Kolkata,921686,2027-12-20,4,60766,43.0,15.0,4583.0,0,2027,12,4,18-25,58.0,Medium Usage
1085,Reliance Jio,M,37,Gujarat,Delhi,801766,2027-12-21,0,68672,15.0,31.0,977.0,1,2027,12,4,36-45,46.0,Low Usage
1086,Reliance Jio,M,49,Rajasthan,Bangalore,285248,2027-12-22,1,131451,73.0,19.0,6714.0,0,2027,12,4,46-55,92.0,High Usage
1087,Airtel,F,44,Jharkhand,Kolkata,686616,2027-12-23,1,27410,81.0,1.0,7015.0,1,2027,12,4,36-45,82.0,High Usage
1088,Reliance Jio,M,49,Telangana,Kolkata,873457,2027-12-24,2,145296,2.0,4.0,3939.0,0,2027,12,4,46-55,6.0,Medium Usage
1089,Vodafone,F,44,Andhra Pradesh,Mumbai,364082,2027-12-25,0,122754,11.0,41.0,1605.0,1,2027,12,4,36-45,52.0,Low Usage
1090,BSNL,F,22,Gujarat,Bangalore,139829,2027-12-26,3,140379,42.0,24.0,3936.0,0,2027,12,4,18-25,66.0,Medium Usage
1091,Vodafone,M,70,Punjab,Chennai,145249,2027-12-27,3,75861,17.0,39.0,5049.0,0,2027,12,4,56+,56.0,Medium Usage
1092,Airtel,M,29,Odisha,Kolkata,513540,2027-12-28,3,116980,58.0,48.0,1989.0,0,2027,12,4,26-35,106.0,Low Usage
1093,Vodafone,M,19,West Bengal,Chennai,341075,2027-12-29,2,118676,41.0,41.0,5403.0,0,2027,12,4,18-25,82.0,Medium Usage
1094,Reliance Jio,M,71,Uttar Pradesh,Hyderabad,234936,2027-12-30,2,79577,59.0,33.0,2498.0,0,2027,12,4,56+,92.0,Low Usage
1095,Vodafone,M,22,Punjab,Hyderabad,666504,2027-12-31,3,117855,81.0,26.0,310.0,0,2027,12,4,18-25,107.0,Low Usage
1096,Airtel,M,60,Mizoram,Bangalore,285756,2028-01-01,1,71344,3.0,37.0,1157.0,1,2028,1,1,56+,40.0,Low Usage
1097,Vodafone,M,52,Tripura,Delhi,659113,2028-01-02,0,123398,79.0,28.0,8691.0,0,2028,1,1,46-55,107.0,High Usage
1098,Airtel,M,61,Assam,Delhi,298497,2028-01-03,1,143019,7.0,6.0,2291.0,0,2028,1,1,56+,13.0,Low Usage
1099,BSNL,M,60,Haryana,Bangalore,137366,2028-01-04,2,81440,72.0,40.0,6407.0,1,2028,1,1,56+,112.0,Medium Usage
1100,Airtel,M,31,Uttar Pradesh,Bangalore,336133,2028-01-05,0,75483,62.0,26.0,7297.0,0,2028,1,1,26-35,88.0,High Usage
1101,Airtel,M,32,Haryana,Kolkata,455773,2028-01-06,2,37519,50.0,26.0,7647.0,0,2028,1,1,26-35,76.0,High Usage
1102,BSNL,M,38,Mizoram,Hyderabad,516246,2028-01-07,3,83005,50.0,34.0,7877.0,0,2028,1,1,36-45,84.0,High Usage
1103,BSNL,M,27,Tripura,Hyderabad,967732,2028-01-08,4,121788,67.0,51.0,10373.0,0,2028,1,1,26-35,118.0,High Usage
1104,Vodafone,M,29,Himachal Pradesh,Chennai,334752,2028-01-09,0,134751,7.0,15.0,4029.0,0,2028,1,1,26-35,22.0,Medium Usage
1105,Reliance Jio,F,72,Uttar Pradesh,Chennai,614108,2028-01-10,2,53594,78.0,39.0,1343.0,0,2028,1,1,56+,117.0,Low Usage
1106,Reliance Jio,M,55,Himachal Pradesh,Bangalore,358919,2028-01-11,0,81157,29.0,30.0,3474.0,0,2028,1,1,46-55,59.0,Low Usage
1107,Reliance Jio,M,64,Meghalaya,Kolkata,843003,2028-01-12,1,114664,22.0,13.0,6074.0,0,2028,1,1,56+,35.0,Medium Usage
1108,Airtel,M,60,Sikkim,Delhi,979495,2028-01-13,0,33416,66.0,3.0,5969.0,0,2028,1,1,56+,69.0,Medium Usage
1109,Reliance Jio,M,25,Nagaland,Chennai,383990,2028-01-14,1,134351,60.0,7.0,2358.0,0,2028,1,1,18-25,67.0,Low Usage
1110,Vodafone,F,49,Manipur,Bangalore,859807,2028-01-15,4,47405,8.0,37.0,8597.0,0,2028,1,1,46-55,45.0,High Usage
1111,Vodafone,M,63,Telangana,Hyderabad,665479,2028-01-16,0,143668,47.0,35.0,5049.0,1,2028,1,1,56+,82.0,Medium Usage
1112,Reliance Jio,F,22,Tamil Nadu,Bangalore,226039,2028-01-17,3,58248,86.0,25.5,6319.0,0,2028,1,1,18-25,111.5,Medium Usage
1113,BSNL,M,61,Bihar,Delhi,683535,2028-01-18,4,45612,77.0,5.0,8459.0,0,2028,1,1,56+,82.0,High Usage
1114,BSNL,M,18,Chhattisgarh,Delhi,993047,2028-01-19,3,129279,18.0,49.0,3681.0,0,2028,1,1,18-25,67.0,Medium Usage
1115,Reliance Jio,M,25,Rajasthan,Kolkata,603172,2028-01-20,4,52220,18.0,44.0,3397.0,1,2028,1,1,18-25,62.0,Low Usage
1116,Reliance Jio,M,46,Tripura,Kolkata,697200,2028-01-21,1,98699,24.0,21.0,8743.0,1,2028,1,1,46-55,45.0,High Usage
1117,Vodafone,M,58,Himachal Pradesh,Chennai,409105,2028-01-22,4,61462,37.0,22.0,3251.0,0,2028,1,1,56+,59.0,Low Usage
1118,Reliance Jio,M,60,Himachal Pradesh,Kolkata,253698,2028-01-23,4,93758,90.0,31.0,1244.0,1,2028,1,1,56+,121.0,Low Usage
1119,BSNL,M,52,Telangana,Kolkata,288783,2028-01-24,4,49472,35.0,16.0,6642.0,0,2028,1,1,46-55,51.0,High Usage
1120,BSNL,F,26,Gujarat,Bangalore,697381,2028-01-25,3,101698,50.0,37.0,6116.0,0,2028,1,1,26-35,87.0,Medium Usage
1121,BSNL,M,73,Uttarakhand,Bangalore,430344,2028-01-26,1,80220,70.0,26.0,9283.0,0,2028,1,1,56+,96.0,High Usage
1122,Reliance Jio,F,24,Jharkhand,Kolkata,853937,2028-01-27,3,49235,18.0,23.0,7375.0,0,2028,1,1,18-25,41.0,High Usage
1123,Reliance Jio,F,36,Manipur,Delhi,300207,2028-01-28,0,126789,58.0,28.0,5049.0,0,2028,1,1,36-45,86.0,Medium Usage
1124,Airtel,M,53,Sikkim,Kolkata,144871,2028-01-29,3,27222,76.0,26.0,7093.0,1,2028,1,1,46-55,102.0,High Usage
1125,Airtel,M,70,Arunachal Pradesh,Kolkata,832803,2028-01-30,0,40966,55.0,6.0,7223.0,0,2028,1,1,56+,61.0,High Usage
1126,Airtel,M,65,Uttar Pradesh,Mumbai,270729,2028-01-31,4,92998,55.0,14.0,1099.0,0,2028,1,1,56+,69.0,Low Usage
1127,Reliance Jio,F,72,Odisha,Hyderabad,814736,2028-02-01,0,25736,19.0,26.0,151.0,0,2028,2,1,56+,45.0,Low Usage
1128,Vodafone,M,70,Karnataka,Mumbai,250300,2028-02-02,1,40385,69.0,29.0,3468.0,0,2028,2,1,56+,98.0,Low Usage
1129,BSNL,M,71,Odisha,Delhi,549140,2028-02-03,4,100833,81.0,15.0,6611.0,0,2028,2,1,56+,96.0,Medium Usage
1130,Reliance Jio,F,37,Assam,Delhi,252631,2028-02-04,3,67408,82.0,44.0,5708.0,0,2028,2,1,36-45,126.0,Medium Usage
1131,Airtel,M,47,Karnataka,Mumbai,376113,2028-02-05,4,23026,93.0,16.0,406.0,0,2028,2,1,46-55,109.0,Low Usage
1132,Reliance Jio,M,30,Assam,Mumbai,443839,2028-02-06,2,147379,48.0,37.0,9873.0,1,2028,2,1,26-35,85.0,High Usage
1133,BSNL,F,49,Mizoram,Hyderabad,433415,2028-02-07,3,96307,12.0,50.0,7601.0,1,2028,2,1,46-55,62.0,High Usage
1134,Vodafone,F,25,Goa,Kolkata,590889,2028-02-08,3,149053,28.0,42.0,4140.0,0,2028,2,1,18-25,70.0,Medium Usage
1135,BSNL,F,40,Meghalaya,Mumbai,822709,2028-02-09,2,71942,35.0,41.0,7963.0,0,2028,2,1,36-45,76.0,High Usage
1136,Vodafone,F,50,Goa,Bangalore,667164,2028-02-10,1,62595,28.0,3.0,4240.0,0,2028,2,1,46-55,31.0,Medium Usage
1137,BSNL,M,21,Tripura,Mumbai,709839,2028-02-11,3,71102,86.0,12.0,8310.0,1,2028,2,1,18-25,98.0,High Usage
1138,Reliance Jio,F,28,Punjab,Bangalore,737557,2028-02-12,0,40457,66.0,16.0,2668.0,1,2028,2,1,26-35,82.0,Low Usage
1139,BSNL,F,49,Nagaland,Kolkata,110506,2028-02-13,3,132026,92.0,45.0,8034.0,0,2028,2,1,46-55,137.0,High Usage
1140,Reliance Jio,F,62,Arunachal Pradesh,Mumbai,791862,2028-02-14,1,37564,76.0,0.0,7292.0,0,2028,2,1,56+,76.0,High Usage
1141,BSNL,M,63,Madhya Pradesh,Chennai,860560,2028-02-15,4,120178,52.0,12.0,8731.0,0,2028,2,1,56+,64.0,High Usage
1142,Reliance Jio,F,71,Mizoram,Bangalore,598525,2028-02-16,2,135526,20.0,12.0,2460.0,0,2028,2,1,56+,32.0,Low Usage
1143,BSNL,M,35,Karnataka,Chennai,906321,2028-02-17,1,53122,50.0,0.0,1535.0,0,2028,2,1,26-35,50.0,Low Usage
1144,Airtel,M,38,Chhattisgarh,Bangalore,857543,2028-02-18,2,29864,37.0,20.0,2678.0,0,2028,2,1,36-45,57.0,Low Usage
1145,Airtel,F,34,Uttarakhand,Delhi,827601,2028-02-19,0,73986,30.0,25.5,3117.0,0,2028,2,1,26-35,55.5,Low Usage
1146,BSNL,F,27,Madhya Pradesh,Kolkata,119347,2028-02-20,2,22016,63.0,27.0,6015.0,1,2028,2,1,26-35,90.0,Medium Usage
1147,Reliance Jio,M,58,Meghalaya,Delhi,245544,2028-02-21,1,127705,74.0,48.0,3984.0,0,2028,2,1,56+,122.0,Medium Usage
1148,Reliance Jio,M,39,Madhya Pradesh,Mumbai,391980,2028-02-22,4,49751,59.0,19.0,3227.0,0,2028,2,1,36-45,78.0,Low Usage
1149,Airtel,M,38,Tripura,Delhi,267143,2028-02-23,0,111068,75.0,18.0,6625.0,0,2028,2,1,36-45,93.0,Medium Usage
1150,BSNL,F,71,Bihar,Bangalore,562715,2028-02-24,3,146501,71.0,16.0,4028.0,1,2028,2,1,56+,87.0,Medium Usage
1151,Airtel,M,60,Punjab,Delhi,421479,2028-02-25,1,21188,9.0,9.0,9397.0,0,2028,2,1,56+,18.0,High Usage
1152,Vodafone,F,27,Telangana,Mumbai,111643,2028-02-26,3,104794,8.0,31.0,9740.0,0,2028,2,1,26-35,39.0,High Usage
1153,Airtel,F,37,Himachal Pradesh,Mumbai,695040,2028-02-27,1,67256,32.0,7.0,6614.0,0,2028,2,1,36-45,39.0,Medium Usage
1154,Reliance Jio,M,72,Tamil Nadu,Kolkata,379309,2028-02-28,1,69313,10.0,2.0,6276.0,0,2028,2,1,56+,12.0,Medium Usage
1155,Vodafone,F,49,Rajasthan,Bangalore,878206,2028-02-29,2,102101,0.0,11.0,6567.0,0,2028,2,1,46-55,11.0,Medium Usage
1156,Vodafone,M,18,Jharkhand,Delhi,519124,2028-03-01,3,90886,13.0,33.0,9405.0,1,2028,3,1,18-25,46.0,High Usage
1157,BSNL,F,29,Odisha,Kolkata,780973,2028-03-02,3,80454,58.0,7.0,5059.0,0,2028,3,1,26-35,65.0,Medium Usage
1158,BSNL,M,41,Telangana,Chennai,185845,2028-03-03,0,97100,72.0,49.0,8417.0,0,2028,3,1,36-45,121.0,High Usage
1159,Reliance Jio,F,69,Sikkim,Hyderabad,302245,2028-03-04,4,99465,70.0,1.0,14.0,0,2028,3,1,56+,71.0,Low Usage
1160,Reliance Jio,F,64,Bihar,Chennai,737618,2028-03-05,1,123067,74.0,25.5,5331.0,1,2028,3,1,56+,99.5,Medium Usage
1161,Vodafone,M,37,Tripura,Chennai,346237,2028-03-06,0,133325,91.0,22.0,1644.0,0,2028,3,1,36-45,113.0,Low Usage
1162,Airtel,M,27,Meghalaya,Hyderabad,899780,2028-03-07,2,76162,14.0,16.0,4864.0,0,2028,3,1,26-35,30.0,Medium Usage
1163,BSNL,F,30,Goa,Delhi,705956,2028-03-08,0,122830,56.0,27.0,3465.0,0,2028,3,1,26-35,83.0,Low Usage
1164,Airtel,F,51,Nagaland,Kolkata,115320,2028-03-09,1,144721,66.0,49.0,9522.0,0,2028,3,1,46-55,115.0,High Usage
1165,Reliance Jio,M,63,Nagaland,Bangalore,120628,2028-03-10,4,141392,22.0,29.0,8703.0,0,2028,3,1,56+,51.0,High Usage
1166,Vodafone,M,62,Madhya Pradesh,Delhi,186761,2028-03-11,4,73656,50.0,35.0,5285.0,1,2028,3,1,56+,85.0,Medium Usage
1167,BSNL,M,18,Tamil Nadu,Mumbai,574898,2028-03-12,3,90821,50.0,30.0,1118.0,0,2028,3,1,18-25,80.0,Low Usage
1168,Airtel,M,58,Karnataka,Kolkata,900984,2028-03-13,3,137832,37.0,24.0,2574.0,0,2028,3,1,56+,61.0,Low Usage
1169,BSNL,M,46,Haryana,Hyderabad,738428,2028-03-14,0,125847,46.0,13.0,7419.0,1,2028,3,1,46-55,59.0,High Usage
1170,Vodafone,F,24,Punjab,Kolkata,652659,2028-03-15,1,123256,43.0,36.0,3888.0,0,2028,3,1,18-25,79.0,Medium Usage
1171,Reliance Jio,M,43,Madhya Pradesh,Mumbai,447904,2028-03-16,3,148242,19.0,31.0,5738.0,0,2028,3,1,36-45,50.0,Medium Usage
1172,Vodafone,M,23,Himachal Pradesh,Mumbai,115596,2028-03-17,2,148903,87.0,36.0,6019.0,0,2028,3,1,18-25,123.0,Medium Usage
1173,Vodafone,F,74,West Bengal,Kolkata,697363,2028-03-18,0,147774,84.0,25.5,8768.0,0,2028,3,1,56+,109.5,High Usage
1174,Airtel,M,56,Gujarat,Bangalore,112116,2028-03-19,1,73131,75.0,0.0,7010.0,0,2028,3,1,56+,75.0,High Usage
1175,BSNL,F,20,Madhya Pradesh,Hyderabad,117700,2028-03-20,1,20938,83.0,8.0,4722.0,1,2028,3,1,18-25,91.0,Medium Usage
1176,Reliance Jio,F,37,Meghalaya,Hyderabad,955957,2028-03-21,4,52444,59.0,21.0,1914.0,0,2028,3,1,36-45,80.0,Low Usage
1177,Reliance Jio,M,51,Punjab,Mumbai,151924,2028-03-22,3,54029,22.0,25.5,5170.0,0,2028,3,1,46-55,47.5,Medium Usage
1178,Reliance Jio,F,69,West Bengal,Hyderabad,625136,2028-03-23,4,65263,5.0,28.0,4899.0,1,2028,3,1,56+,33.0,Medium Usage
1179,Vodafone,F,69,Kerala,Chennai,396379,2028-03-24,0,79950,91.0,36.0,6130.0,0,2028,3,1,56+,127.0,Medium Usage
1180,Airtel,F,68,Uttarakhand,Bangalore,952159,2028-03-25,0,93567,17.0,6.0,4100.0,0,2028,3,1,56+,23.0,Medium Usage
1181,Vodafone,M,36,Uttar Pradesh,Hyderabad,400946,2028-03-26,0,128847,46.0,49.0,169.0,0,2028,3,1,36-45,95.0,Low Usage
1182,Reliance Jio,M,56,Bihar,Delhi,177116,2028-03-27,4,80631,76.0,47.0,9079.0,0,2028,3,1,56+,123.0,High Usage
1183,Vodafone,F,58,Arunachal Pradesh,Bangalore,209205,2028-03-28,0,145486,50.0,31.0,684.0,0,2028,3,1,56+,81.0,Low Usage
1184,Vodafone,F,70,Telangana,Chennai,137052,2028-03-29,4,28955,10.0,12.0,10051.0,0,2028,3,1,56+,22.0,High Usage
1185,Airtel,F,39,Meghalaya,Mumbai,872517,2028-03-30,3,101519,11.0,43.0,7839.0,0,2028,3,1,36-45,54.0,High Usage
1186,Airtel,F,42,Chhattisgarh,Mumbai,677796,2028-03-31,2,114662,58.0,36.0,2238.0,0,2028,3,1,36-45,94.0,Low Usage
1187,BSNL,M,22,Odisha,Chennai,444078,2028-04-01,1,35099,63.0,29.0,4582.0,0,2028,4,2,18-25,92.0,Medium Usage
1188,BSNL,M,28,Karnataka,Hyderabad,957117,2028-04-02,2,107939,76.0,23.0,1428.0,0,2028,4,2,26-35,99.0,Low Usage
1189,Airtel,M,20,Karnataka,Bangalore,716674,2028-04-03,3,94141,6.0,39.0,957.0,0,2028,4,2,18-25,45.0,Low Usage
1190,BSNL,M,69,Telangana,Kolkata,837867,2028-04-04,2,143169,86.0,8.0,3591.0,0,2028,4,2,56+,94.0,Medium Usage
1191,Airtel,M,31,Madhya Pradesh,Chennai,365724,2028-04-05,0,114362,64.0,16.0,3612.0,0,2028,4,2,26-35,80.0,Medium Usage
1192,BSNL,F,56,Andhra Pradesh,Chennai,891960,2028-04-06,2,105913,53.0,35.0,10566.0,0,2028,4,2,56+,88.0,High Usage
1193,Airtel,F,31,Karnataka,Delhi,781558,2028-04-07,3,44808,85.0,33.0,112.0,0,2028,4,2,26-35,118.0,Low Usage
1194,Vodafone,F,55,Odisha,Mumbai,368565,2028-04-08,0,129128,73.0,44.0,6212.0,0,2028,4,2,46-55,117.0,Medium Usage
1195,Vodafone,F,44,Telangana,Chennai,551120,2028-04-09,4,142513,53.0,50.0,3563.0,0,2028,4,2,36-45,103.0,Medium Usage
1196,Reliance Jio,M,20,Meghalaya,Delhi,964345,2028-04-10,0,99975,51.0,12.0,1473.0,0,2028,4,2,18-25,63.0,Low Usage
1197,Reliance Jio,F,42,Mizoram,Chennai,811090,2028-04-11,1,125747,22.0,3.0,8139.0,0,2028,4,2,36-45,25.0,High Usage
1198,BSNL,M,74,Tripura,Delhi,788369,2028-04-12,3,97400,22.0,23.0,2458.0,1,2028,4,2,56+,45.0,Low Usage
1199,Reliance Jio,M,34,Jharkhand,Chennai,937228,2028-04-13,2,41794,98.0,5.0,5607.0,0,2028,4,2,26-35,103.0,Medium Usage
1200,BSNL,F,57,Kerala,Delhi,831736,2028-04-14,1,26637,72.0,6.0,4705.0,0,2028,4,2,56+,78.0,Medium Usage
1201,Airtel,F,25,Kerala,Bangalore,661389,2028-04-15,3,127659,34.0,20.0,6383.0,1,2028,4,2,18-25,54.0,Medium Usage
1202,Vodafone,M,54,West Bengal,Hyderabad,343715,2028-04-16,3,80913,23.0,19.0,4534.0,0,2028,4,2,46-55,42.0,Medium Usage
1203,Reliance Jio,F,59,Uttar Pradesh,Bangalore,670042,2028-04-17,0,129529,58.0,45.0,9301.0,0,2028,4,2,56+,103.0,High Usage
1204,Vodafone,M,54,Chhattisgarh,Bangalore,628178,2028-04-18,2,70116,52.0,11.0,9488.0,1,2028,4,2,46-55,63.0,High Usage
1205,Airtel,M,41,Haryana,Delhi,363976,2028-04-19,0,32883,20.0,23.0,6105.0,0,2028,4,2,36-45,43.0,Medium Usage
1206,BSNL,M,37,Bihar,Bangalore,765100,2028-04-20,3,21614,40.0,14.0,9023.0,1,2028,4,2,36-45,54.0,High Usage
1207,Airtel,F,25,Kerala,Hyderabad,685708,2028-04-21,1,82176,4.0,17.0,909.0,0,2028,4,2,18-25,21.0,Low Usage
1208,Airtel,F,39,Gujarat,Bangalore,185942,2028-04-22,0,70668,83.0,27.0,3569.0,0,2028,4,2,36-45,110.0,Medium Usage
1209,Airtel,M,46,Arunachal Pradesh,Bangalore,887259,2028-04-23,0,131487,93.0,8.0,5773.0,0,2028,4,2,46-55,101.0,Medium Usage
1210,Vodafone,F,49,Gujarat,Delhi,572189,2028-04-24,3,44753,76.0,36.0,9142.0,0,2028,4,2,46-55,112.0,High Usage
1211,Reliance Jio,F,45,Rajasthan,Delhi,479772,2028-04-25,1,142868,34.0,0.0,8283.0,0,2028,4,2,36-45,34.0,High Usage
1212,Airtel,M,50,Mizoram,Delhi,638754,2028-04-26,4,35307,66.0,43.0,863.0,0,2028,4,2,46-55,109.0,Low Usage
1213,Reliance Jio,M,21,Nagaland,Kolkata,714831,2028-04-27,3,126584,14.0,46.0,5846.0,0,2028,4,2,18-25,60.0,Medium Usage
1214,Vodafone,F,72,Maharashtra,Hyderabad,449674,2028-04-28,3,111155,11.0,23.0,1923.0,0,2028,4,2,56+,34.0,Low Usage
1215,BSNL,M,28,Telangana,Delhi,364994,2028-04-29,0,68758,52.0,19.0,5654.0,0,2028,4,2,26-35,71.0,Medium Usage
1216,Airtel,M,38,Andhra Pradesh,Delhi,197053,2028-04-30,4,124146,36.0,8.0,3752.0,0,2028,4,2,36-45,44.0,Medium Usage
1217,Reliance Jio,M,43,Arunachal Pradesh,Bangalore,221260,2028-05-01,3,20605,52.0,39.0,3015.0,1,2028,5,2,36-45,91.0,Low Usage
1218,Airtel,M,19,Arunachal Pradesh,Hyderabad,634634,2028-05-02,3,46911,29.0,13.0,10256.0,0,2028,5,2,18-25,42.0,High Usage
1219,Airtel,M,31,Mizoram,Bangalore,607748,2028-05-03,3,78518,90.0,8.0,2308.0,0,2028,5,2,26-35,98.0,Low Usage
1220,Airtel,M,65,Punjab,Kolkata,800440,2028-05-04,3,37512,12.0,0.0,2018.0,0,2028,5,2,56+,12.0,Low Usage
1221,Airtel,M,38,Goa,Bangalore,724770,2028-05-05,3,67743,78.0,0.0,5027.0,0,2028,5,2,36-45,78.0,Medium Usage
1222,Reliance Jio,M,64,Haryana,Kolkata,398615,2028-05-06,2,75579,50.0,40.0,7838.0,0,2028,5,2,56+,90.0,High Usage
1223,Airtel,M,40,Tamil Nadu,Delhi,527179,2028-05-07,1,51352,66.0,23.0,10061.0,0,2028,5,2,36-45,89.0,High Usage
1224,Reliance Jio,M,44,Uttarakhand,Chennai,222733,2028-05-08,4,98083,53.0,13.0,8826.0,0,2028,5,2,36-45,66.0,High Usage
1225,Vodafone,F,29,Punjab,Chennai,202260,2028-05-09,3,129174,76.0,30.0,5049.0,0,2028,5,2,26-35,106.0,Medium Usage
1226,BSNL,F,60,Madhya Pradesh,Hyderabad,902040,2028-05-10,4,110320,23.0,39.0,6401.0,1,2028,5,2,56+,62.0,Medium Usage
1227,Reliance Jio,M,49,Andhra Pradesh,Delhi,170904,2028-05-11,2,146866,72.0,17.0,5752.0,0,2028,5,2,46-55,89.0,Medium Usage
1228,Vodafone,M,35,Odisha,Chennai,755732,2028-05-12,4,41689,72.0,6.0,2661.0,0,2028,5,2,26-35,78.0,Low Usage
1229,Reliance Jio,M,40,Arunachal Pradesh,Chennai,723789,2028-05-13,2,103988,74.0,29.0,989.0,0,2028,5,2,36-45,103.0,Low Usage
1230,Vodafone,M,37,Tripura,Chennai,419396,2028-05-14,3,71102,43.0,8.0,658.0,0,2028,5,2,36-45,51.0,Low Usage
1231,BSNL,M,39,Madhya Pradesh,Kolkata,556819,2028-05-15,4,28016,55.0,3.0,8138.0,0,2028,5,2,36-45,58.0,High Usage
1232,BSNL,M,26,Uttarakhand,Bangalore,767552,2028-05-16,1,108634,2.0,39.0,3686.0,0,2028,5,2,26-35,41.0,Medium Usage
1233,Vodafone,M,33,Haryana,Kolkata,155964,2028-05-17,0,142278,63.0,25.0,8893.0,0,2028,5,2,26-35,88.0,High Usage
1234,BSNL,F,56,Nagaland,Kolkata,842263,2028-05-18,2,145277,7.0,32.0,8502.0,0,2028,5,2,56+,39.0,High Usage
1235,Airtel,M,34,Gujarat,Mumbai,915832,2028-05-19,1,85620,39.0,21.0,7788.0,0,2028,5,2,26-35,60.0,High Usage
1236,Vodafone,F,53,Punjab,Chennai,310342,2028-05-20,4,148308,82.0,8.0,9478.0,0,2028,5,2,46-55,90.0,High Usage
1237,BSNL,M,53,Madhya Pradesh,Mumbai,370973,2028-05-21,3,84599,11.0,44.0,4446.0,1,2028,5,2,46-55,55.0,Medium Usage
1238,Reliance Jio,M,58,Bihar,Bangalore,429801,2028-05-22,0,100163,69.0,46.0,6031.0,1,2028,5,2,56+,115.0,Medium Usage
1239,BSNL,F,56,Jharkhand,Bangalore,660776,2028-05-23,3,62636,67.0,26.0,5645.0,1,2028,5,2,56+,93.0,Medium Usage
1240,BSNL,M,45,Bihar,Delhi,909303,2028-05-24,0,78929,80.0,25.0,4200.0,0,2028,5,2,36-45,105.0,Medium Usage
1241,Reliance Jio,M,63,Andhra Pradesh,Hyderabad,989383,2028-05-25,2,116420,11.0,39.0,7755.0,0,2028,5,2,56+,50.0,High Usage
1242,BSNL,M,66,Chhattisgarh,Kolkata,251747,2028-05-26,1,70956,43.0,44.0,3394.0,0,2028,5,2,56+,87.0,Low Usage
1243,BSNL,F,25,Tripura,Kolkata,912955,2028-05-27,3,108503,45.0,9.0,3832.0,0,2028,5,2,18-25,54.0,Medium Usage
1244,BSNL,F,50,Himachal Pradesh,Hyderabad,752597,2028-05-28,0,125826,11.0,10.0,7133.0,1,2028,5,2,46-55,21.0,High Usage
1245,Airtel,F,32,Meghalaya,Hyderabad,571984,2028-05-29,0,85278,70.0,24.0,1030.0,0,2028,5,2,26-35,94.0,Low Usage
1246,Airtel,M,33,Manipur,Hyderabad,967366,2028-05-30,4,77867,63.0,38.0,1255.0,0,2028,5,2,26-35,101.0,Low Usage
1247,Airtel,M,69,Karnataka,Hyderabad,280904,2028-05-31,3,129470,22.0,25.5,4138.0,0,2028,5,2,56+,47.5,Medium Usage
1248,Reliance Jio,F,53,Arunachal Pradesh,Bangalore,738810,2028-06-01,0,89356,56.0,44.0,1819.0,0,2028,6,2,46-55,100.0,Low Usage
1249,Airtel,F,72,Nagaland,Bangalore,584622,2028-06-02,3,43163,15.0,9.0,1604.0,0,2028,6,2,56+,24.0,Low Usage
1250,BSNL,F,37,Maharashtra,Bangalore,382299,2028-06-03,3,34000,59.0,21.0,8531.0,0,2028,6,2,36-45,80.0,High Usage
1251,BSNL,M,53,Nagaland,Bangalore,619546,2028-06-04,0,31220,60.0,13.0,5049.0,0,2028,6,2,46-55,73.0,Medium Usage
1252,Vodafone,F,28,Bihar,Delhi,478916,2028-06-05,3,92707,11.0,33.0,524.0,0,2028,6,2,26-35,44.0,Low Usage
1253,BSNL,M,49,Telangana,Mumbai,957154,2028-06-06,4,88078,57.0,14.0,380.0,0,2028,6,2,46-55,71.0,Low Usage
1254,Vodafone,F,42,Rajasthan,Kolkata,123097,2028-06-07,4,91317,32.0,32.0,5793.0,0,2028,6,2,36-45,64.0,Medium Usage
1255,BSNL,M,64,Gujarat,Chennai,963706,2028-06-08,3,62667,65.0,4.0,6705.0,0,2028,6,2,56+,69.0,High Usage
1256,BSNL,M,52,Madhya Pradesh,Mumbai,255416,2028-06-09,4,78161,51.0,44.0,2764.0,0,2028,6,2,46-55,95.0,Low Usage
1257,Airtel,M,61,Odisha,Kolkata,389892,2028-06-10,4,82784,72.0,21.0,8488.0,0,2028,6,2,56+,93.0,High Usage
1258,Reliance Jio,M,57,Uttar Pradesh,Bangalore,935941,2028-06-11,4,100242,76.0,8.0,4746.0,0,2028,6,2,56+,84.0,Medium Usage
1259,Vodafone,M,67,Maharashtra,Chennai,572011,2028-06-12,0,73622,36.0,13.0,5049.0,0,2028,6,2,56+,49.0,Medium Usage
1260,Reliance Jio,F,26,Manipur,Chennai,593833,2028-06-13,1,89005,45.0,45.0,1365.0,0,2028,6,2,26-35,90.0,Low Usage
1261,Reliance Jio,M,63,Kerala,Chennai,118758,2028-06-14,4,120131,73.0,42.0,1418.0,0,2028,6,2,56+,115.0,Low Usage
1262,Reliance Jio,M,71,Uttarakhand,Kolkata,243757,2028-06-15,0,109638,76.0,22.0,8241.0,0,2028,6,2,56+,98.0,High Usage
1263,Reliance Jio,M,26,Assam,Mumbai,797199,2028-06-16,4,94966,67.0,35.0,353.0,0,2028,6,2,26-35,102.0,Low Usage
1264,Vodafone,M,58,Assam,Chennai,517835,2028-06-17,0,59812,57.0,27.0,1855.0,0,2028,6,2,56+,84.0,Low Usage
1265,Vodafone,M,70,Assam,Hyderabad,404203,2028-06-18,2,140716,59.0,52.0,8512.0,0,2028,6,2,56+,111.0,High Usage
1266,Vodafone,F,31,West Bengal,Kolkata,449620,2028-06-19,4,43332,79.0,46.0,3047.0,1,2028,6,2,26-35,125.0,Low Usage
1267,Airtel,M,24,Uttarakhand,Mumbai,612647,2028-06-20,3,78593,57.0,13.0,1518.0,0,2028,6,2,18-25,70.0,Low Usage
1268,Airtel,F,41,Telangana,Chennai,407180,2028-06-21,0,26831,64.0,30.0,7414.0,0,2028,6,2,36-45,94.0,High Usage
1269,Airtel,M,63,Mizoram,Mumbai,995362,2028-06-22,2,71077,10.0,47.0,2469.0,0,2028,6,2,56+,57.0,Low Usage
1270,BSNL,F,71,Odisha,Chennai,599398,2028-06-23,4,110074,44.0,36.0,4170.0,0,2028,6,2,56+,80.0,Medium Usage
1271,BSNL,F,72,Gujarat,Delhi,136743,2028-06-24,2,49244,63.0,26.0,8625.0,0,2028,6,2,56+,89.0,High Usage
1272,Vodafone,M,33,Haryana,Chennai,536222,2028-06-25,1,34240,68.0,43.0,8194.0,0,2028,6,2,26-35,111.0,High Usage
1273,Airtel,M,55,Odisha,Chennai,646990,2028-06-26,2,78976,49.0,22.0,5587.0,0,2028,6,2,46-55,71.0,Medium Usage
1274,BSNL,M,68,Punjab,Kolkata,182462,2028-06-27,0,67230,90.0,5.0,6432.0,0,2028,6,2,56+,95.0,Medium Usage
1275,BSNL,F,38,Mizoram,Chennai,991767,2028-06-28,1,123483,14.0,34.0,9711.0,0,2028,6,2,36-45,48.0,High Usage
1276,Airtel,M,53,Punjab,Mumbai,400793,2028-06-29,2,117161,31.0,38.0,3093.0,0,2028,6,2,46-55,69.0,Low Usage
1277,Reliance Jio,M,73,Tamil Nadu,Chennai,990628,2028-06-30,2,69523,56.0,1.0,7142.0,0,2028,6,2,56+,57.0,High Usage
1278,BSNL,M,63,Himachal Pradesh,Chennai,418785,2028-07-01,3,45910,26.0,48.0,5663.0,0,2028,7,3,56+,74.0,Medium Usage
1279,Vodafone,M,20,Sikkim,Delhi,398768,2028-07-02,4,118482,71.0,6.0,3640.0,0,2028,7,3,18-25,77.0,Medium Usage
1280,BSNL,M,61,Tripura,Delhi,920173,2028-07-03,2,30746,9.0,34.0,1924.0,0,2028,7,3,56+,43.0,Low Usage
1281,Reliance Jio,F,51,Bihar,Bangalore,403831,2028-07-04,3,47948,79.0,4.0,4384.0,0,2028,7,3,46-55,83.0,Medium Usage
1282,Airtel,M,68,Uttarakhand,Hyderabad,513119,2028-07-05,3,141520,77.0,45.0,8471.0,0,2028,7,3,56+,122.0,High Usage
1283,Reliance Jio,F,60,Mizoram,Bangalore,444627,2028-07-06,2,69084,54.0,30.0,9280.0,0,2028,7,3,56+,84.0,High Usage
1284,Vodafone,M,55,Bihar,Mumbai,107376,2028-07-07,0,137597,20.0,32.0,3474.0,0,2028,7,3,46-55,52.0,Low Usage
1285,Airtel,F,31,Andhra Pradesh,Delhi,779595,2028-07-08,3,59318,11.0,9.0,3179.0,0,2028,7,3,26-35,20.0,Low Usage
1286,Vodafone,F,63,Sikkim,Hyderabad,410101,2028-07-09,1,145938,41.0,18.0,1509.0,0,2028,7,3,56+,59.0,Low Usage
1287,BSNL,M,71,Tripura,Kolkata,499262,2028-07-10,3,105874,13.0,44.0,8854.0,0,2028,7,3,56+,57.0,High Usage
1288,Airtel,F,37,Karnataka,Mumbai,876830,2028-07-11,4,135645,43.0,16.0,2660.0,0,2028,7,3,36-45,59.0,Low Usage
1289,Reliance Jio,M,40,Chhattisgarh,Bangalore,375721,2028-07-12,1,82150,31.0,3.0,9348.0,1,2028,7,3,36-45,34.0,High Usage
1290,Vodafone,M,21,Gujarat,Chennai,174102,2028-07-13,4,76497,57.0,28.0,5897.0,0,2028,7,3,18-25,85.0,Medium Usage
1291,Airtel,M,30,Rajasthan,Bangalore,442214,2028-07-14,2,81268,96.0,46.0,1299.0,0,2028,7,3,26-35,142.0,Low Usage
1292,Reliance Jio,M,29,Maharashtra,Delhi,482349,2028-07-15,4,141175,33.0,41.0,2756.0,0,2028,7,3,26-35,74.0,Low Usage
1293,Airtel,M,19,Maharashtra,Delhi,958836,2028-07-16,3,61738,26.0,8.0,34.0,0,2028,7,3,18-25,34.0,Low Usage
1294,Reliance Jio,M,38,Sikkim,Mumbai,994227,2028-07-17,2,49518,28.0,46.0,7062.0,0,2028,7,3,36-45,74.0,High Usage
1295,Vodafone,F,46,West Bengal,Delhi,989456,2028-07-18,1,52192,89.0,12.0,3504.0,0,2028,7,3,46-55,101.0,Low Usage
1296,BSNL,M,53,Telangana,Chennai,735318,2028-07-19,2,72375,2.0,17.0,7759.0,0,2028,7,3,46-55,19.0,High Usage
1297,Reliance Jio,M,33,Kerala,Hyderabad,606949,2028-07-20,3,76424,50.0,19.0,4526.0,0,2028,7,3,26-35,69.0,Medium Usage
1298,Reliance Jio,M,71,Tripura,Delhi,537313,2028-07-21,3,68224,55.0,34.0,9944.0,0,2028,7,3,56+,89.0,High Usage
1299,Reliance Jio,F,51,Meghalaya,Mumbai,552032,2028-07-22,3,84820,29.0,29.0,1281.0,1,2028,7,3,46-55,58.0,Low Usage
1300,Airtel,F,53,Andhra Pradesh,Hyderabad,389546,2028-07-23,0,127573,31.0,8.0,9190.0,0,2028,7,3,46-55,39.0,High Usage
1301,BSNL,M,55,Bihar,Chennai,988581,2028-07-24,4,47149,50.0,24.0,8253.0,0,2028,7,3,46-55,74.0,High Usage
1302,Airtel,M,57,Assam,Delhi,412557,2028-07-25,1,88764,24.0,16.0,5456.0,0,2028,7,3,56+,40.0,Medium Usage
1303,BSNL,F,53,Rajasthan,Chennai,943530,2028-07-26,1,114869,26.0,8.0,7657.0,0,2028,7,3,46-55,34.0,High Usage
1304,Reliance Jio,F,45,Rajasthan,Hyderabad,237150,2028-07-27,1,145195,24.0,43.0,7506.0,1,2028,7,3,36-45,67.0,High Usage
1305,Reliance Jio,M,39,Odisha,Bangalore,233756,2028-07-28,1,100761,24.0,27.0,758.0,1,2028,7,3,36-45,51.0,Low Usage
1306,BSNL,M,73,Gujarat,Mumbai,976086,2028-07-29,3,37276,36.0,25.5,8991.0,1,2028,7,3,56+,61.5,High Usage
1307,BSNL,F,47,Manipur,Mumbai,368555,2028-07-30,3,87350,106.0,12.0,9725.0,0,2028,7,3,46-55,118.0,High Usage
1308,Airtel,F,24,Telangana,Bangalore,662964,2028-07-31,2,140174,27.0,33.0,6391.0,0,2028,7,3,18-25,60.0,Medium Usage
1309,Vodafone,F,65,Punjab,Delhi,931289,2028-08-01,1,74361,60.0,5.0,3215.0,1,2028,8,3,56+,65.0,Low Usage
1310,Reliance Jio,F,46,Tamil Nadu,Chennai,598608,2028-08-02,0,132745,0.0,32.0,8962.0,0,2028,8,3,46-55,32.0,High Usage
1311,Reliance Jio,M,55,West Bengal,Bangalore,158920,2028-08-03,2,117425,78.0,15.0,1612.0,0,2028,8,3,46-55,93.0,Low Usage
1312,Reliance Jio,F,36,Gujarat,Mumbai,221588,2028-08-04,1,90799,11.0,33.0,7559.0,0,2028,8,3,36-45,44.0,High Usage
1313,Reliance Jio,M,59,Rajasthan,Mumbai,744327,2028-08-05,4,62494,83.0,36.0,3114.0,0,2028,8,3,56+,119.0,Low Usage
1314,Reliance Jio,M,41,Bihar,Kolkata,649395,2028-08-06,0,33502,61.0,5.0,10353.0,0,2028,8,3,36-45,66.0,High Usage
1315,Airtel,F,20,Uttar Pradesh,Mumbai,251691,2028-08-07,3,87542,86.0,5.0,5307.0,0,2028,8,3,18-25,91.0,Medium Usage
1316,Reliance Jio,M,74,Manipur,Chennai,194124,2028-08-08,1,100232,78.0,14.0,8928.0,1,2028,8,3,56+,92.0,High Usage
1317,Vodafone,M,36,Jharkhand,Bangalore,220664,2028-08-09,1,120722,85.0,20.0,9472.0,0,2028,8,3,36-45,105.0,High Usage
1318,BSNL,M,29,Chhattisgarh,Kolkata,504880,2028-08-10,4,89087,31.0,40.0,8130.0,0,2028,8,3,26-35,71.0,High Usage
1319,Reliance Jio,M,44,Tripura,Chennai,207024,2028-08-11,2,45106,55.0,32.0,2750.0,0,2028,8,3,36-45,87.0,Low Usage
1320,BSNL,M,62,Tripura,Kolkata,964884,2028-08-12,3,47312,75.0,29.0,779.0,0,2028,8,3,56+,104.0,Low Usage
1321,Airtel,M,60,Arunachal Pradesh,Kolkata,408649,2028-08-13,0,149015,92.0,37.0,7834.0,0,2028,8,3,56+,129.0,High Usage
1322,Vodafone,F,58,Arunachal Pradesh,Mumbai,886001,2028-08-14,4,101415,4.0,29.0,9659.0,0,2028,8,3,56+,33.0,High Usage
1323,Reliance Jio,M,22,Tripura,Chennai,495232,2028-08-15,4,111509,100.0,30.0,6339.0,1,2028,8,3,18-25,130.0,Medium Usage
1324,Airtel,M,56,Kerala,Kolkata,744508,2028-08-16,3,86027,2.0,42.0,1539.0,1,2028,8,3,56+,44.0,Low Usage
1325,Airtel,M,19,Maharashtra,Kolkata,448451,2028-08-17,2,128684,5.0,23.0,4131.0,0,2028,8,3,18-25,28.0,Medium Usage
1326,Vodafone,M,71,Jharkhand,Bangalore,786623,2028-08-18,3,37930,44.0,3.0,5049.0,0,2028,8,3,56+,47.0,Medium Usage
1327,Reliance Jio,M,22,Himachal Pradesh,Bangalore,975041,2028-08-19,4,55933,17.0,43.0,8919.0,0,2028,8,3,18-25,60.0,High Usage
1328,Reliance Jio,F,46,Sikkim,Chennai,379848,2028-08-20,0,118388,85.0,35.0,4242.0,0,2028,8,3,46-55,120.0,Medium Usage
1329,BSNL,M,29,Nagaland,Hyderabad,843211,2028-08-21,2,82888,42.0,12.0,4182.0,1,2028,8,3,26-35,54.0,Medium Usage
1330,Airtel,F,55,Chhattisgarh,Chennai,592749,2028-08-22,1,55468,33.0,7.0,6044.0,1,2028,8,3,46-55,40.0,Medium Usage
1331,Airtel,M,62,Meghalaya,Bangalore,602699,2028-08-23,2,143764,57.0,25.5,5018.0,0,2028,8,3,56+,82.5,Medium Usage
1332,Vodafone,M,28,Assam,Hyderabad,339650,2028-08-24,3,72771,37.0,43.0,4000.0,0,2028,8,3,26-35,80.0,Medium Usage
1333,BSNL,M,67,Haryana,Delhi,175243,2028-08-25,0,141304,27.0,34.0,2363.0,0,2028,8,3,56+,61.0,Low Usage
1334,Airtel,M,25,Rajasthan,Kolkata,774710,2028-08-26,0,30878,98.0,23.0,3958.0,1,2028,8,3,18-25,121.0,Medium Usage
1335,Reliance Jio,M,58,Jharkhand,Chennai,519074,2028-08-27,3,37910,65.0,37.0,8828.0,0,2028,8,3,56+,102.0,High Usage
1336,BSNL,F,29,Arunachal Pradesh,Mumbai,521525,2028-08-28,2,124703,30.0,5.0,4124.0,0,2028,8,3,26-35,35.0,Medium Usage
1337,Airtel,F,54,Meghalaya,Delhi,656312,2028-08-29,0,144327,57.0,31.0,7372.0,0,2028,8,3,46-55,88.0,High Usage
1338,Vodafone,M,64,Bihar,Bangalore,562663,2028-08-30,3,50027,106.0,40.0,3947.0,0,2028,8,3,56+,146.0,Medium Usage
1339,Vodafone,F,36,Mizoram,Bangalore,501722,2028-08-31,4,130900,50.0,7.0,4787.0,0,2028,8,3,36-45,57.0,Medium Usage
1340,BSNL,F,19,Manipur,Hyderabad,868719,2028-09-01,4,32033,36.0,29.0,5577.0,0,2028,9,3,18-25,65.0,Medium Usage
1341,Vodafone,F,59,Himachal Pradesh,Hyderabad,705528,2028-09-02,2,61058,58.0,43.0,1409.0,0,2028,9,3,56+,101.0,Low Usage
1342,Airtel,M,30,Uttarakhand,Chennai,354110,2028-09-03,4,139146,22.0,23.0,9158.0,1,2028,9,3,26-35,45.0,High Usage
1343,Airtel,M,32,Meghalaya,Hyderabad,182258,2028-09-04,1,38449,69.0,2.0,4096.0,0,2028,9,3,26-35,71.0,Medium Usage
1344,BSNL,M,28,West Bengal,Hyderabad,599815,2028-09-05,4,142106,1.0,29.0,7340.0,1,2028,9,3,26-35,30.0,High Usage
1345,Reliance Jio,M,19,Bihar,Delhi,510130,2028-09-06,2,21851,11.0,36.0,8770.0,0,2028,9,3,18-25,47.0,High Usage
1346,Vodafone,M,36,Punjab,Hyderabad,685746,2028-09-07,4,55718,80.0,41.0,4980.0,1,2028,9,3,36-45,121.0,Medium Usage
1347,Airtel,M,52,West Bengal,Bangalore,781673,2028-09-08,2,23797,11.0,26.0,5006.0,0,2028,9,3,46-55,37.0,Medium Usage
1348,Reliance Jio,F,70,Assam,Delhi,894514,2028-09-09,1,137300,107.0,30.0,8354.0,0,2028,9,3,56+,137.0,High Usage
1349,BSNL,M,27,Gujarat,Hyderabad,379530,2028-09-10,0,138246,32.0,29.0,5191.0,1,2028,9,3,26-35,61.0,Medium Usage
1350,Reliance Jio,M,61,Chhattisgarh,Delhi,388813,2028-09-11,1,86819,73.0,31.0,5385.0,0,2028,9,3,56+,104.0,Medium Usage
1351,Vodafone,M,29,Uttar Pradesh,Bangalore,853603,2028-09-12,4,103865,49.0,5.0,9939.0,0,2028,9,3,26-35,54.0,High Usage
1352,Reliance Jio,F,53,Rajasthan,Chennai,943930,2028-09-13,0,80480,34.0,41.0,7858.0,0,2028,9,3,46-55,75.0,High Usage
1353,Reliance Jio,F,19,Madhya Pradesh,Delhi,475472,2028-09-14,1,124188,61.0,43.0,87.0,0,2028,9,3,18-25,104.0,Low Usage
1354,BSNL,F,20,Jharkhand,Chennai,767023,2028-09-15,3,24722,74.0,44.0,6315.0,0,2028,9,3,18-25,118.0,Medium Usage
1355,Airtel,M,26,Haryana,Bangalore,140373,2028-09-16,0,133983,73.0,16.0,3850.0,1,2028,9,3,26-35,89.0,Medium Usage
1356,Airtel,F,54,Manipur,Mumbai,252066,2028-09-17,2,96862,66.0,7.0,1087.0,1,2028,9,3,46-55,73.0,Low Usage
1357,Vodafone,F,70,Kerala,Mumbai,200106,2028-09-18,2,68853,3.0,34.0,648.0,0,2028,9,3,56+,37.0,Low Usage
1358,BSNL,F,61,Sikkim,Mumbai,230982,2028-09-19,2,101384,9.0,37.0,4417.0,0,2028,9,3,56+,46.0,Medium Usage
1359,Vodafone,M,74,Punjab,Hyderabad,305695,2028-09-20,4,43175,89.0,16.0,1448.0,0,2028,9,3,56+,105.0,Low Usage
1360,BSNL,F,68,Chhattisgarh,Bangalore,156673,2028-09-21,0,144335,50.0,0.0,8216.0,0,2028,9,3,56+,50.0,High Usage
1361,BSNL,F,71,Punjab,Bangalore,211620,2028-09-22,1,83282,0.0,26.0,7053.0,0,2028,9,3,56+,26.0,High Usage
1362,BSNL,F,49,Meghalaya,Hyderabad,498385,2028-09-23,1,121562,19.0,7.0,6480.0,0,2028,9,3,46-55,26.0,Medium Usage
1363,Airtel,M,69,Maharashtra,Hyderabad,736616,2028-09-24,4,119913,66.0,1.0,1524.0,0,2028,9,3,56+,67.0,Low Usage
1364,Reliance Jio,M,50,Sikkim,Hyderabad,129089,2028-09-25,3,91062,30.0,35.0,1774.0,1,2028,9,3,46-55,65.0,Low Usage
1365,BSNL,F,67,Telangana,Kolkata,673421,2028-09-26,3,114292,98.0,49.0,3558.0,0,2028,9,3,56+,147.0,Medium Usage
1366,Airtel,M,24,Tamil Nadu,Kolkata,647742,2028-09-27,3,90356,41.0,20.0,7549.0,0,2028,9,3,18-25,61.0,High Usage
1367,Reliance Jio,F,31,Manipur,Kolkata,658486,2028-09-28,1,61325,13.0,46.0,1595.0,0,2028,9,3,26-35,59.0,Low Usage
1368,BSNL,F,58,Haryana,Hyderabad,408270,2028-09-29,1,61074,68.0,15.0,6315.0,0,2028,9,3,56+,83.0,Medium Usage
1369,Airtel,F,53,Jharkhand,Kolkata,331427,2028-09-30,1,127106,59.0,14.0,10680.0,0,2028,9,3,46-55,73.0,High Usage
1370,BSNL,M,40,Sikkim,Bangalore,664913,2028-10-01,4,30067,64.0,1.0,6656.0,0,2028,10,4,36-45,65.0,High Usage
1371,Airtel,F,46,Maharashtra,Hyderabad,844575,2028-10-02,3,132556,71.0,26.0,6174.0,0,2028,10,4,46-55,97.0,Medium Usage
1372,Vodafone,M,40,Kerala,Kolkata,948032,2028-10-03,3,118920,63.0,52.0,10141.0,0,2028,10,4,36-45,115.0,High Usage
1373,Reliance Jio,M,57,Arunachal Pradesh,Kolkata,221814,2028-10-04,4,123858,38.0,3.0,6469.0,0,2028,10,4,56+,41.0,Medium Usage
1374,Reliance Jio,F,27,Bihar,Delhi,802621,2028-10-05,1,93442,89.0,21.0,2317.0,1,2028,10,4,26-35,110.0,Low Usage
1375,Reliance Jio,F,67,Assam,Bangalore,991634,2028-10-06,3,123987,93.0,16.0,4051.0,0,2028,10,4,56+,109.0,Medium Usage
1376,Airtel,F,73,Karnataka,Delhi,148627,2028-10-07,0,145298,85.0,2.0,5919.0,0,2028,10,4,56+,87.0,Medium Usage
1377,Airtel,M,30,Gujarat,Delhi,564881,2028-10-08,3,67580,85.0,19.0,9646.0,0,2028,10,4,26-35,104.0,High Usage
1378,Airtel,F,45,Meghalaya,Kolkata,428348,2028-10-09,1,148243,23.0,40.0,7442.0,0,2028,10,4,36-45,63.0,High Usage
1379,Vodafone,M,22,Uttar Pradesh,Delhi,753930,2028-10-10,1,110766,7.0,37.0,8373.0,0,2028,10,4,18-25,44.0,High Usage
1380,Vodafone,M,55,Karnataka,Hyderabad,863130,2028-10-11,2,83844,32.0,49.0,7781.0,0,2028,10,4,46-55,81.0,High Usage
1381,Airtel,F,68,Nagaland,Chennai,761986,2028-10-12,1,137412,41.0,27.0,6784.0,0,2028,10,4,56+,68.0,High Usage
1382,Vodafone,M,48,Tripura,Bangalore,604225,2028-10-13,3,91462,72.0,3.0,3472.0,1,2028,10,4,46-55,75.0,Low Usage
1383,Airtel,M,71,Goa,Mumbai,693165,2028-10-14,0,146522,5.0,29.0,8411.0,0,2028,10,4,56+,34.0,High Usage
1384,Airtel,M,69,Rajasthan,Chennai,979855,2028-10-15,1,56501,59.0,19.0,8941.0,0,2028,10,4,56+,78.0,High Usage
1385,Reliance Jio,M,59,Meghalaya,Bangalore,540308,2028-10-16,2,78183,45.0,21.0,8299.0,0,2028,10,4,56+,66.0,High Usage
1386,Vodafone,M,19,Arunachal Pradesh,Bangalore,979462,2028-10-17,3,144657,61.0,24.0,8931.0,1,2028,10,4,18-25,85.0,High Usage
1387,Reliance Jio,M,22,Punjab,Chennai,532704,2028-10-18,3,112134,44.0,41.0,9047.0,1,2028,10,4,18-25,85.0,High Usage
1388,Vodafone,F,31,Chhattisgarh,Kolkata,772410,2028-10-19,4,112260,79.0,30.0,1055.0,0,2028,10,4,26-35,109.0,Low Usage
1389,BSNL,M,29,Meghalaya,Bangalore,762573,2028-10-20,2,66442,52.0,5.0,7280.0,0,2028,10,4,26-35,57.0,High Usage
1390,Vodafone,F,73,Gujarat,Chennai,532073,2028-10-21,0,106842,71.0,10.0,5048.0,1,2028,10,4,56+,81.0,Medium Usage
1391,Reliance Jio,M,27,Punjab,Bangalore,761441,2028-10-22,1,106167,49.0,11.0,6382.0,0,2028,10,4,26-35,60.0,Medium Usage
1392,Airtel,M,70,Andhra Pradesh,Kolkata,659199,2028-10-23,4,22161,91.0,29.0,6135.0,1,2028,10,4,56+,120.0,Medium Usage
1393,Airtel,F,61,Assam,Mumbai,703151,2028-10-24,1,116788,7.0,44.0,1152.0,0,2028,10,4,56+,51.0,Low Usage
1394,Airtel,M,27,Punjab,Mumbai,272371,2028-10-25,3,118307,92.0,12.0,8526.0,0,2028,10,4,26-35,104.0,High Usage
1395,Airtel,F,40,Punjab,Mumbai,589592,2028-10-26,3,41101,7.0,5.0,8511.0,1,2028,10,4,36-45,12.0,High Usage
1396,Airtel,M,49,Goa,Mumbai,292700,2028-10-27,1,36662,81.0,42.0,6035.0,0,2028,10,4,46-55,123.0,Medium Usage
1397,BSNL,F,71,Rajasthan,Mumbai,177827,2028-10-28,3,73732,36.0,28.0,3350.0,0,2028,10,4,56+,64.0,Low Usage
1398,Reliance Jio,F,60,Himachal Pradesh,Bangalore,833866,2028-10-29,2,131410,88.0,36.0,1887.0,0,2028,10,4,56+,124.0,Low Usage
1399,Vodafone,F,34,Goa,Kolkata,988095,2028-10-30,4,39452,83.0,6.0,9110.0,0,2028,10,4,26-35,89.0,High Usage
1400,Airtel,F,27,Punjab,Chennai,821389,2028-10-31,0,76963,58.0,26.0,7207.0,0,2028,10,4,26-35,84.0,High Usage
1401,Airtel,F,74,Arunachal Pradesh,Mumbai,523780,2028-11-01,4,21073,24.0,16.0,2504.0,0,2028,11,4,56+,40.0,Low Usage
1402,Vodafone,F,47,Jharkhand,Chennai,162927,2028-11-02,1,24199,20.0,37.0,7667.0,0,2028,11,4,46-55,57.0,High Usage
1403,BSNL,M,61,Uttarakhand,Chennai,819394,2028-11-03,1,104203,60.0,19.0,1851.0,0,2028,11,4,56+,79.0,Low Usage
1404,Vodafone,M,24,Assam,Mumbai,447573,2028-11-04,3,115722,89.0,39.0,2990.0,1,2028,11,4,18-25,128.0,Low Usage
1405,BSNL,M,21,Andhra Pradesh,Delhi,673404,2028-11-05,2,88369,3.0,27.0,8120.0,1,2028,11,4,18-25,30.0,High Usage
1406,Reliance Jio,F,63,Andhra Pradesh,Kolkata,981564,2028-11-06,4,107316,85.0,2.0,5509.0,0,2028,11,4,56+,87.0,Medium Usage
1407,Reliance Jio,M,33,Tripura,Kolkata,854341,2028-11-07,2,127876,77.0,8.0,2779.0,1,2028,11,4,26-35,85.0,Low Usage
1408,Airtel,M,66,Tripura,Hyderabad,552668,2028-11-08,3,23971,59.0,42.0,7432.0,1,2028,11,4,56+,101.0,High Usage
1409,Airtel,M,22,West Bengal,Delhi,523609,2028-11-09,1,42267,100.0,21.0,1108.0,0,2028,11,4,18-25,121.0,Low Usage
1410,BSNL,F,66,Uttarakhand,Chennai,808501,2028-11-10,0,97442,47.0,39.0,7817.0,0,2028,11,4,56+,86.0,High Usage
1411,BSNL,M,60,Manipur,Chennai,723034,2028-11-11,2,51471,13.0,18.0,2106.0,0,2028,11,4,56+,31.0,Low Usage
1412,Vodafone,M,34,Uttarakhand,Hyderabad,349809,2028-11-12,3,58103,55.0,18.0,1275.0,0,2028,11,4,26-35,73.0,Low Usage
1413,Vodafone,M,25,Mizoram,Bangalore,972543,2028-11-13,4,134455,58.0,19.0,3217.0,0,2028,11,4,18-25,77.0,Low Usage
1414,Vodafone,F,38,Haryana,Chennai,704588,2028-11-14,3,147303,28.0,45.0,4318.0,0,2028,11,4,36-45,73.0,Medium Usage
1415,Reliance Jio,M,18,Jharkhand,Hyderabad,288535,2028-11-15,2,125583,73.0,3.0,3349.0,0,2028,11,4,18-25,76.0,Low Usage
1416,Vodafone,M,57,Bihar,Kolkata,329054,2028-11-16,2,110259,75.0,30.0,10155.0,0,2028,11,4,56+,105.0,High Usage
1417,Reliance Jio,F,18,Haryana,Hyderabad,366912,2028-11-17,3,137652,82.0,30.0,1064.0,0,2028,11,4,18-25,112.0,Low Usage
1418,Vodafone,F,18,Sikkim,Chennai,467895,2028-11-18,4,31080,35.0,15.0,1349.0,1,2028,11,4,18-25,50.0,Low Usage
1419,Vodafone,F,56,Tripura,Bangalore,756156,2028-11-19,2,20756,34.0,31.0,3719.0,1,2028,11,4,56+,65.0,Medium Usage
1420,Airtel,M,19,Tamil Nadu,Kolkata,736825,2028-11-20,4,61670,10.0,44.0,2572.0,0,2028,11,4,18-25,54.0,Low Usage
1421,BSNL,M,60,Telangana,Chennai,883662,2028-11-21,1,130768,62.0,10.0,4833.0,0,2028,11,4,56+,72.0,Medium Usage
1422,BSNL,M,20,Andhra Pradesh,Chennai,773558,2028-11-22,0,79477,90.0,34.0,1732.0,0,2028,11,4,18-25,124.0,Low Usage
1423,Airtel,F,67,Mizoram,Hyderabad,366771,2028-11-23,2,134899,22.0,38.0,7426.0,0,2028,11,4,56+,60.0,High Usage
1424,Reliance Jio,M,68,Telangana,Chennai,468473,2028-11-24,0,26148,86.0,20.0,4385.0,0,2028,11,4,56+,106.0,Medium Usage
1425,Vodafone,M,24,Andhra Pradesh,Delhi,354151,2028-11-25,0,60020,85.0,42.0,2399.0,0,2028,11,4,18-25,127.0,Low Usage
1426,Reliance Jio,M,21,Chhattisgarh,Bangalore,968690,2028-11-26,3,47717,40.0,43.0,3765.0,0,2028,11,4,18-25,83.0,Medium Usage
1427,Airtel,M,58,Uttarakhand,Bangalore,964462,2028-11-27,1,44661,99.0,7.0,8502.0,0,2028,11,4,56+,106.0,High Usage
1428,BSNL,M,51,Tripura,Hyderabad,817234,2028-11-28,3,80552,65.0,36.0,6011.0,0,2028,11,4,46-55,101.0,Medium Usage
1429,Reliance Jio,F,26,Odisha,Hyderabad,700655,2028-11-29,4,54999,90.0,42.0,8342.0,0,2028,11,4,26-35,132.0,High Usage
1430,Reliance Jio,M,46,Haryana,Mumbai,930202,2028-11-30,1,26661,82.0,40.0,8733.0,0,2028,11,4,46-55,122.0,High Usage
1431,Vodafone,M,62,Karnataka,Kolkata,639990,2028-12-01,1,62013,34.0,45.0,2945.0,0,2028,12,4,56+,79.0,Low Usage
1432,Reliance Jio,M,54,Uttar Pradesh,Bangalore,191480,2028-12-02,0,65860,74.0,26.0,6090.0,0,2028,12,4,46-55,100.0,Medium Usage
1433,Vodafone,M,43,Jharkhand,Hyderabad,454736,2028-12-03,0,143320,44.0,31.0,1211.0,0,2028,12,4,36-45,75.0,Low Usage
1434,BSNL,M,56,Punjab,Delhi,491612,2028-12-04,2,143001,74.0,44.0,3631.0,0,2028,12,4,56+,118.0,Medium Usage
1435,BSNL,M,19,Maharashtra,Hyderabad,660899,2028-12-05,3,87431,9.0,40.0,10390.0,0,2028,12,4,18-25,49.0,High Usage
1436,BSNL,M,53,Meghalaya,Delhi,770068,2028-12-06,3,136654,32.0,26.0,2847.0,0,2028,12,4,46-55,58.0,Low Usage
1437,BSNL,M,28,Bihar,Bangalore,313190,2028-12-07,4,23363,12.0,37.0,2185.0,0,2028,12,4,26-35,49.0,Low Usage
1438,Vodafone,M,61,Arunachal Pradesh,Hyderabad,550857,2028-12-08,4,114090,32.0,25.5,1400.0,0,2028,12,4,56+,57.5,Low Usage
1439,BSNL,M,55,Meghalaya,Bangalore,905649,2028-12-09,0,44450,86.0,26.0,1283.0,0,2028,12,4,46-55,112.0,Low Usage
1440,Reliance Jio,F,29,Chhattisgarh,Delhi,608062,2028-12-10,2,70221,105.0,47.0,6033.0,0,2028,12,4,26-35,152.0,Medium Usage
1441,BSNL,M,64,Mizoram,Delhi,410881,2028-12-11,4,35421,89.0,13.0,3549.0,0,2028,12,4,56+,102.0,Medium Usage
1442,Airtel,M,53,Punjab,Bangalore,638610,2028-12-12,1,138349,100.0,44.0,1407.0,0,2028,12,4,46-55,144.0,Low Usage
1443,BSNL,F,43,Gujarat,Bangalore,339245,2028-12-13,3,68939,4.0,9.0,8880.0,0,2028,12,4,36-45,13.0,High Usage
1444,BSNL,F,35,Karnataka,Bangalore,923419,2028-12-14,4,107620,50.0,38.0,2740.0,0,2028,12,4,26-35,88.0,Low Usage
1445,Reliance Jio,M,66,Nagaland,Mumbai,321778,2028-12-15,0,69249,96.0,44.0,8230.0,0,2028,12,4,56+,140.0,High Usage
1446,Reliance Jio,F,44,Andhra Pradesh,Hyderabad,886299,2028-12-16,4,84853,14.0,37.0,4106.0,0,2028,12,4,36-45,51.0,Medium Usage
1447,BSNL,F,23,Jharkhand,Kolkata,379564,2028-12-17,2,105557,47.0,27.0,4963.0,1,2028,12,4,18-25,74.0,Medium Usage
1448,Reliance Jio,M,72,Mizoram,Bangalore,338550,2028-12-18,3,103617,37.0,46.0,4577.0,0,2028,12,4,56+,83.0,Medium Usage
1449,Airtel,F,44,Arunachal Pradesh,Chennai,812707,2028-12-19,4,117665,77.0,8.0,1599.0,0,2028,12,4,36-45,85.0,Low Usage
1450,Airtel,M,47,Jharkhand,Hyderabad,366424,2028-12-20,4,138998,42.0,1.0,1508.0,0,2028,12,4,46-55,43.0,Low Usage
1451,Airtel,M,18,Nagaland,Bangalore,170231,2028-12-21,2,116321,56.0,4.0,4956.0,1,2028,12,4,18-25,60.0,Medium Usage
1452,BSNL,F,72,Himachal Pradesh,Chennai,976650,2028-12-22,0,127858,32.0,31.0,1317.0,0,2028,12,4,56+,63.0,Low Usage
1453,Vodafone,F,43,Manipur,Chennai,960315,2028-12-23,3,132471,81.0,44.0,8649.0,0,2028,12,4,36-45,125.0,High Usage
1454,BSNL,M,51,Goa,Hyderabad,482484,2028-12-24,4,84565,28.0,10.0,4246.0,0,2028,12,4,46-55,38.0,Medium Usage
1455,Vodafone,F,56,Madhya Pradesh,Mumbai,307255,2028-12-25,0,21797,42.0,25.0,6489.0,0,2028,12,4,56+,67.0,Medium Usage
1456,Vodafone,M,47,Tamil Nadu,Hyderabad,454549,2028-12-26,0,143655,23.0,48.0,5924.0,0,2028,12,4,46-55,71.0,Medium Usage
1457,Vodafone,F,53,Rajasthan,Chennai,143802,2028-12-27,0,96427,8.0,25.0,1357.0,1,2028,12,4,46-55,33.0,Low Usage
1458,Reliance Jio,M,49,Odisha,Chennai,266768,2028-12-28,0,95021,69.0,5.0,4300.0,0,2028,12,4,46-55,74.0,Medium Usage
1459,Vodafone,M,37,Arunachal Pradesh,Kolkata,920456,2028-12-29,2,43350,5.0,46.0,2822.0,0,2028,12,4,36-45,51.0,Low Usage
1460,Reliance Jio,M,70,Sikkim,Chennai,431977,2028-12-30,1,126769,42.0,7.0,6806.0,1,2028,12,4,56+,49.0,High Usage
1461,Vodafone,M,21,Uttar Pradesh,Delhi,635395,2028-12-31,3,76064,57.0,50.0,8064.0,1,2028,12,4,18-25,107.0,High Usage
1462,BSNL,M,70,Odisha,Delhi,966041,2029-01-01,1,136917,4.0,26.0,2758.0,0,2029,1,1,56+,30.0,Low Usage
1463,Reliance Jio,F,21,Bihar,Chennai,745917,2029-01-02,2,38493,10.0,31.0,5299.0,1,2029,1,1,18-25,41.0,Medium Usage
1464,Airtel,F,59,Bihar,Bangalore,629642,2029-01-03,4,66010,9.0,35.0,1021.0,0,2029,1,1,56+,44.0,Low Usage
1465,Vodafone,M,38,Tamil Nadu,Mumbai,650103,2029-01-04,1,99836,97.0,27.0,7312.0,0,2029,1,1,36-45,124.0,High Usage
1466,Vodafone,F,41,Odisha,Chennai,162094,2029-01-05,4,30377,3.0,21.0,5888.0,0,2029,1,1,36-45,24.0,Medium Usage
1467,Airtel,M,65,Rajasthan,Hyderabad,146126,2029-01-06,0,98391,61.0,24.0,9917.0,0,2029,1,1,56+,85.0,High Usage
1468,Vodafone,M,25,Kerala,Chennai,607639,2029-01-07,2,38956,39.0,24.0,1530.0,0,2029,1,1,18-25,63.0,Low Usage
1469,Vodafone,F,74,Himachal Pradesh,Bangalore,191990,2029-01-08,1,90398,77.0,41.0,661.0,0,2029,1,1,56+,118.0,Low Usage
1470,Vodafone,F,73,Himachal Pradesh,Bangalore,620313,2029-01-09,1,55194,70.0,24.0,667.0,0,2029,1,1,56+,94.0,Low Usage
1471,Airtel,F,64,Chhattisgarh,Kolkata,921527,2029-01-10,0,114485,20.0,47.0,5049.0,0,2029,1,1,56+,67.0,Medium Usage
1472,BSNL,M,57,Maharashtra,Mumbai,848471,2029-01-11,1,26299,1.0,15.0,3421.0,0,2029,1,1,56+,16.0,Low Usage
1473,Vodafone,F,24,Nagaland,Chennai,100665,2029-01-12,2,42914,5.0,22.0,7130.0,0,2029,1,1,18-25,27.0,High Usage
1474,Reliance Jio,M,45,Mizoram,Kolkata,598569,2029-01-13,1,37638,82.0,12.0,1816.0,0,2029,1,1,36-45,94.0,Low Usage
1475,BSNL,M,47,Mizoram,Bangalore,629762,2029-01-14,2,50743,65.0,41.0,5797.0,0,2029,1,1,46-55,106.0,Medium Usage
1476,BSNL,M,57,Mizoram,Bangalore,795742,2029-01-15,0,108505,7.0,21.0,3207.0,0,2029,1,1,56+,28.0,Low Usage
1477,BSNL,M,23,Uttar Pradesh,Chennai,285541,2029-01-16,0,122956,58.0,24.0,4303.0,1,2029,1,1,18-25,82.0,Medium Usage
1478,Vodafone,F,42,Himachal Pradesh,Hyderabad,830350,2029-01-17,2,87743,24.0,3.0,2694.0,0,2029,1,1,36-45,27.0,Low Usage
1479,Vodafone,M,27,Sikkim,Chennai,166622,2029-01-18,2,115682,80.0,1.0,7342.0,0,2029,1,1,26-35,81.0,High Usage
1480,Reliance Jio,F,60,Meghalaya,Bangalore,188554,2029-01-19,3,29102,78.0,7.0,583.0,1,2029,1,1,56+,85.0,Low Usage
1481,Vodafone,F,41,Haryana,Delhi,907777,2029-01-20,4,51344,52.0,19.0,7779.0,0,2029,1,1,36-45,71.0,High Usage
1482,Airtel,F,37,Manipur,Chennai,589689,2029-01-21,2,63810,41.0,19.0,10240.0,0,2029,1,1,36-45,60.0,High Usage
1483,Reliance Jio,M,18,Telangana,Bangalore,718276,2029-01-22,4,35780,50.0,35.0,6654.0,1,2029,1,1,18-25,85.0,High Usage
1484,Airtel,M,64,Nagaland,Bangalore,587173,2029-01-23,2,75415,44.0,40.0,8645.0,1,2029,1,1,56+,84.0,High Usage
1485,Reliance Jio,M,52,Chhattisgarh,Delhi,653348,2029-01-24,1,40468,9.0,10.0,5573.0,0,2029,1,1,46-55,19.0,Medium Usage
1486,Vodafone,M,56,Tamil Nadu,Kolkata,818218,2029-01-25,4,61182,97.0,25.0,8688.0,0,2029,1,1,56+,122.0,High Usage
1487,Reliance Jio,M,64,Manipur,Mumbai,225413,2029-01-26,0,112780,52.0,26.0,5695.0,0,2029,1,1,56+,78.0,Medium Usage
1488,BSNL,M,33,Haryana,Mumbai,417282,2029-01-27,3,136175,45.0,13.0,9418.0,1,2029,1,1,26-35,58.0,High Usage
1489,Reliance Jio,M,66,Haryana,Bangalore,143109,2029-01-28,0,70369,60.0,15.0,409.0,1,2029,1,1,56+,75.0,Low Usage
1490,Vodafone,F,33,Haryana,Delhi,565138,2029-01-29,1,61938,35.0,3.0,1161.0,0,2029,1,1,26-35,38.0,Low Usage
1491,BSNL,M,64,Madhya Pradesh,Bangalore,140147,2029-01-30,1,145003,76.0,38.0,5049.0,1,2029,1,1,56+,114.0,Medium Usage
1492,BSNL,M,64,Assam,Hyderabad,485763,2029-01-31,4,41981,23.0,33.0,9706.0,0,2029,1,1,56+,56.0,High Usage
1493,Airtel,M,50,Haryana,Chennai,911314,2029-02-01,2,81124,9.0,25.0,9170.0,0,2029,2,1,46-55,34.0,High Usage
1494,Airtel,M,36,Jharkhand,Bangalore,908405,2029-02-02,1,108030,78.0,37.0,2379.0,0,2029,2,1,36-45,115.0,Low Usage
1495,Reliance Jio,M,50,Gujarat,Mumbai,688869,2029-02-03,2,25697,70.0,28.0,9031.0,0,2029,2,1,46-55,98.0,High Usage
1496,Reliance Jio,F,20,Jharkhand,Kolkata,871556,2029-02-04,2,94078,93.0,30.0,3327.0,0,2029,2,1,18-25,123.0,Low Usage
1497,Airtel,F,37,Sikkim,Hyderabad,750444,2029-02-05,4,96842,2.0,1.0,3443.0,0,2029,2,1,36-45,3.0,Low Usage
1498,Vodafone,F,22,Uttarakhand,Kolkata,222968,2029-02-06,0,129905,80.0,5.0,6882.0,0,2029,2,1,18-25,85.0,High Usage
1499,Airtel,F,44,Meghalaya,Mumbai,917328,2029-02-07,4,61176,79.0,6.0,2748.0,1,2029,2,1,36-45,85.0,Low Usage
1500,Reliance Jio,M,47,Tripura,Bangalore,812150,2029-02-08,1,122787,31.0,21.0,3432.0,1,2029,2,1,46-55,52.0,Low Usage
1501,Airtel,M,70,Uttar Pradesh,Mumbai,506994,2029-02-09,1,40310,83.0,48.0,3923.0,0,2029,2,1,56+,131.0,Medium Usage
1502,Airtel,M,18,Uttarakhand,Bangalore,319458,2029-02-10,3,77381,46.0,21.0,2470.0,0,2029,2,1,18-25,67.0,Low Usage
1503,Airtel,F,29,Karnataka,Delhi,909213,2029-02-11,4,41935,77.0,3.0,6300.0,0,2029,2,1,26-35,80.0,Medium Usage
1504,BSNL,M,68,Meghalaya,Kolkata,385034,2029-02-12,2,35121,1.0,8.0,5869.0,0,2029,2,1,56+,9.0,Medium Usage
1505,Reliance Jio,M,70,Tripura,Bangalore,914702,2029-02-13,4,99057,66.0,33.0,3140.0,0,2029,2,1,56+,99.0,Low Usage
1506,Vodafone,F,61,Nagaland,Bangalore,805924,2029-02-14,1,100164,87.0,8.0,8192.0,0,2029,2,1,56+,95.0,High Usage
1507,BSNL,F,72,Mizoram,Kolkata,629200,2029-02-15,3,148620,43.0,44.0,9451.0,1,2029,2,1,56+,87.0,High Usage
1508,Vodafone,M,35,Telangana,Delhi,851655,2029-02-16,3,21593,60.0,18.0,517.0,0,2029,2,1,26-35,78.0,Low Usage
1509,Vodafone,M,26,Kerala,Mumbai,867255,2029-02-17,0,92730,51.0,29.0,978.0,0,2029,2,1,26-35,80.0,Low Usage
1510,Airtel,M,43,Manipur,Kolkata,117599,2029-02-18,1,144804,67.0,10.0,6557.0,1,2029,2,1,36-45,77.0,Medium Usage
1511,Vodafone,F,32,Goa,Chennai,620111,2029-02-19,4,90907,40.0,8.0,7555.0,0,2029,2,1,26-35,48.0,High Usage
1512,Vodafone,F,42,Chhattisgarh,Bangalore,625311,2029-02-20,0,20658,79.0,31.0,2501.0,1,2029,2,1,36-45,110.0,Low Usage
1513,Reliance Jio,M,41,Mizoram,Bangalore,619289,2029-02-21,3,111103,4.0,21.0,1562.0,0,2029,2,1,36-45,25.0,Low Usage
1514,Airtel,M,31,Bihar,Delhi,592937,2029-02-22,2,88591,56.0,24.0,7354.0,1,2029,2,1,26-35,80.0,High Usage
1515,BSNL,M,41,Haryana,Chennai,125311,2029-02-23,4,70402,88.0,32.0,3355.0,0,2029,2,1,36-45,120.0,Low Usage
1516,Reliance Jio,F,30,Chhattisgarh,Hyderabad,942195,2029-02-24,1,59508,15.0,39.0,3757.0,1,2029,2,1,26-35,54.0,Medium Usage
1517,Airtel,M,48,Sikkim,Mumbai,430792,2029-02-25,4,33550,92.0,19.0,158.0,0,2029,2,1,46-55,111.0,Low Usage
1518,Reliance Jio,F,24,Tamil Nadu,Bangalore,735922,2029-02-26,4,123939,65.0,29.0,49.0,0,2029,2,1,18-25,94.0,Low Usage
1519,BSNL,F,24,Mizoram,Hyderabad,638145,2029-02-27,1,135597,19.0,25.5,8137.0,1,2029,2,1,18-25,44.5,High Usage
1520,Vodafone,M,32,Rajasthan,Delhi,899287,2029-02-28,4,44315,57.0,0.0,2852.0,0,2029,2,1,26-35,57.0,Low Usage
1521,Airtel,M,52,Maharashtra,Chennai,850511,2029-03-01,2,58619,61.0,10.0,4455.0,1,2029,3,1,46-55,71.0,Medium Usage
1522,BSNL,F,73,Tamil Nadu,Kolkata,971385,2029-03-02,0,56793,14.0,17.0,1428.0,0,2029,3,1,56+,31.0,Low Usage
1523,BSNL,F,72,Nagaland,Delhi,418019,2029-03-03,4,20014,48.0,39.0,9608.0,1,2029,3,1,56+,87.0,High Usage
1524,Reliance Jio,M,19,Tamil Nadu,Bangalore,501403,2029-03-04,2,141136,26.0,22.0,8192.0,0,2029,3,1,18-25,48.0,High Usage
1525,Reliance Jio,M,43,Punjab,Hyderabad,503179,2029-03-05,0,97651,20.0,23.0,5109.0,0,2029,3,1,36-45,43.0,Medium Usage
1526,Vodafone,M,39,Uttar Pradesh,Bangalore,882433,2029-03-06,1,81624,71.0,31.0,9633.0,0,2029,3,1,36-45,102.0,High Usage
1527,Airtel,F,22,Goa,Bangalore,753165,2029-03-07,4,98794,90.0,25.5,1916.0,0,2029,3,1,18-25,115.5,Low Usage
1528,Airtel,F,74,Bihar,Delhi,719908,2029-03-08,0,47460,0.0,32.0,3658.0,0,2029,3,1,56+,32.0,Medium Usage
1529,Vodafone,F,36,Andhra Pradesh,Bangalore,632922,2029-03-09,3,57123,68.0,35.0,4514.0,1,2029,3,1,36-45,103.0,Medium Usage
1530,BSNL,M,66,Maharashtra,Hyderabad,244309,2029-03-10,4,90842,69.0,1.0,6117.0,0,2029,3,1,56+,70.0,Medium Usage
1531,Reliance Jio,F,65,Tripura,Chennai,621245,2029-03-11,4,95467,89.0,12.0,3496.0,1,2029,3,1,56+,101.0,Low Usage
1532,Reliance Jio,M,73,Jharkhand,Mumbai,503343,2029-03-12,1,66871,17.0,44.0,2886.0,1,2029,3,1,56+,61.0,Low Usage
1533,Vodafone,F,43,Maharashtra,Delhi,200990,2029-03-13,0,45224,11.0,43.0,5539.0,1,2029,3,1,36-45,54.0,Medium Usage
1534,Airtel,F,29,Punjab,Chennai,896897,2029-03-14,3,95757,22.0,23.0,5261.0,1,2029,3,1,26-35,45.0,Medium Usage
1535,Airtel,M,45,Rajasthan,Delhi,760804,2029-03-15,2,25499,77.0,36.0,1027.0,1,2029,3,1,36-45,113.0,Low Usage
1536,Vodafone,M,62,West Bengal,Chennai,758607,2029-03-16,2,133436,29.0,15.0,6183.0,0,2029,3,1,56+,44.0,Medium Usage
1537,Reliance Jio,F,25,Tamil Nadu,Mumbai,734752,2029-03-17,0,131078,40.0,48.0,5698.0,1,2029,3,1,18-25,88.0,Medium Usage
1538,BSNL,M,21,Goa,Chennai,471279,2029-03-18,3,126297,12.0,19.0,1193.0,0,2029,3,1,18-25,31.0,Low Usage
1539,Vodafone,M,56,Assam,Mumbai,934208,2029-03-19,1,129251,46.0,24.0,1911.0,1,2029,3,1,56+,70.0,Low Usage
1540,Reliance Jio,M,20,Telangana,Delhi,632102,2029-03-20,2,66744,17.0,7.0,41.0,0,2029,3,1,18-25,24.0,Low Usage
1541,BSNL,F,50,Gujarat,Delhi,261934,2029-03-21,4,117002,18.0,3.0,8404.0,0,2029,3,1,46-55,21.0,High Usage
1542,Vodafone,M,43,Assam,Delhi,786719,2029-03-22,3,123666,81.0,24.0,9524.0,0,2029,3,1,36-45,105.0,High Usage
1543,Vodafone,F,35,Bihar,Delhi,762519,2029-03-23,3,131328,54.0,24.0,215.0,1,2029,3,1,26-35,78.0,Low Usage
1544,BSNL,F,38,Rajasthan,Delhi,704638,2029-03-24,1,97953,25.0,46.0,5586.0,0,2029,3,1,36-45,71.0,Medium Usage
1545,Vodafone,M,29,Uttar Pradesh,Delhi,695625,2029-03-25,0,134980,73.0,26.0,7260.0,0,2029,3,1,26-35,99.0,High Usage
1546,Vodafone,M,23,Bihar,Chennai,130360,2029-03-26,4,52657,76.0,9.0,8450.0,0,2029,3,1,18-25,85.0,High Usage
1547,Vodafone,F,30,Kerala,Delhi,913105,2029-03-27,3,103889,77.0,9.0,5353.0,0,2029,3,1,26-35,86.0,Medium Usage
1548,Vodafone,F,19,Sikkim,Hyderabad,767511,2029-03-28,4,136215,67.0,46.0,10041.0,0,2029,3,1,18-25,113.0,High Usage
1549,Airtel,F,34,Telangana,Kolkata,689803,2029-03-29,0,94110,32.0,5.0,4123.0,0,2029,3,1,26-35,37.0,Medium Usage
1550,BSNL,M,70,Jharkhand,Kolkata,291548,2029-03-30,3,34808,16.0,28.0,5007.0,0,2029,3,1,56+,44.0,Medium Usage
1551,BSNL,F,46,Mizoram,Kolkata,904870,2029-03-31,2,58107,51.0,41.0,1231.0,0,2029,3,1,46-55,92.0,Low Usage
1552,Airtel,M,37,Kerala,Bangalore,307180,2029-04-01,0,66369,52.0,49.0,1076.0,0,2029,4,2,36-45,101.0,Low Usage
1553,Vodafone,M,36,Bihar,Hyderabad,980995,2029-04-02,3,111317,57.0,13.0,8713.0,0,2029,4,2,36-45,70.0,High Usage
1554,Reliance Jio,M,55,Kerala,Mumbai,462406,2029-04-03,0,61383,77.0,9.0,547.0,1,2029,4,2,46-55,86.0,Low Usage
1555,Vodafone,F,30,Meghalaya,Bangalore,574721,2029-04-04,4,48530,81.0,25.5,7400.0,0,2029,4,2,26-35,106.5,High Usage
1556,Reliance Jio,M,68,Chhattisgarh,Hyderabad,589713,2029-04-05,3,76940,36.0,52.0,6647.0,0,2029,4,2,56+,88.0,High Usage
1557,Airtel,M,38,Uttarakhand,Mumbai,928195,2029-04-06,0,28070,78.0,38.0,2043.0,0,2029,4,2,36-45,116.0,Low Usage
1558,BSNL,M,62,Manipur,Delhi,578538,2029-04-07,2,146257,49.0,2.0,6154.0,0,2029,4,2,56+,51.0,Medium Usage
1559,BSNL,M,35,Chhattisgarh,Mumbai,115004,2029-04-08,3,42945,32.0,42.0,5049.0,1,2029,4,2,26-35,74.0,Medium Usage
1560,Airtel,F,43,Madhya Pradesh,Kolkata,597369,2029-04-09,3,135516,33.0,35.0,5811.0,0,2029,4,2,36-45,68.0,Medium Usage
1561,Airtel,M,24,Andhra Pradesh,Chennai,677646,2029-04-10,1,34550,80.0,24.0,4445.0,0,2029,4,2,18-25,104.0,Medium Usage
1562,Vodafone,M,71,Tamil Nadu,Hyderabad,465904,2029-04-11,1,103945,12.0,20.0,264.0,0,2029,4,2,56+,32.0,Low Usage
1563,Reliance Jio,M,29,Telangana,Kolkata,754250,2029-04-12,4,61502,47.0,33.0,1470.0,0,2029,4,2,26-35,80.0,Low Usage
1564,Airtel,M,47,Kerala,Hyderabad,370594,2029-04-13,0,53410,7.0,25.0,10005.0,0,2029,4,2,46-55,32.0,High Usage
1565,Reliance Jio,F,52,Himachal Pradesh,Chennai,343680,2029-04-14,0,91160,44.0,30.0,5996.0,1,2029,4,2,46-55,74.0,Medium Usage
1566,Airtel,F,61,Punjab,Chennai,890438,2029-04-15,0,109368,92.0,42.0,5134.0,0,2029,4,2,56+,134.0,Medium Usage
1567,Vodafone,F,24,Jharkhand,Bangalore,207240,2029-04-16,2,63350,74.0,41.0,6817.0,1,2029,4,2,18-25,115.0,High Usage
1568,Airtel,F,62,Tripura,Delhi,479323,2029-04-17,0,27749,27.0,6.0,9041.0,0,2029,4,2,56+,33.0,High Usage
1569,BSNL,F,62,Sikkim,Mumbai,402825,2029-04-18,4,71888,60.0,21.0,2186.0,0,2029,4,2,56+,81.0,Low Usage
1570,Reliance Jio,M,65,Haryana,Delhi,956601,2029-04-19,1,100110,78.0,49.0,2052.0,0,2029,4,2,56+,127.0,Low Usage
1571,Airtel,F,43,Meghalaya,Mumbai,872686,2029-04-20,1,139388,22.0,17.0,8814.0,0,2029,4,2,36-45,39.0,High Usage
1572,BSNL,M,18,Jharkhand,Mumbai,615827,2029-04-21,3,65451,19.0,46.0,1393.0,0,2029,4,2,18-25,65.0,Low Usage
1573,BSNL,F,19,Odisha,Delhi,687532,2029-04-22,3,21741,74.0,42.0,7465.0,0,2029,4,2,18-25,116.0,High Usage
1574,Reliance Jio,M,51,Tripura,Mumbai,494485,2029-04-23,1,149073,69.0,24.0,7260.0,0,2029,4,2,46-55,93.0,High Usage
1575,BSNL,M,72,Gujarat,Mumbai,905658,2029-04-24,1,65438,18.0,12.0,6891.0,1,2029,4,2,56+,30.0,High Usage
1576,Airtel,F,53,Manipur,Bangalore,158787,2029-04-25,0,111408,81.0,45.0,1654.0,0,2029,4,2,46-55,126.0,Low Usage
1577,BSNL,F,66,Uttarakhand,Kolkata,403891,2029-04-26,0,29573,9.0,28.0,1564.0,0,2029,4,2,56+,37.0,Low Usage
1578,Reliance Jio,M,27,West Bengal,Delhi,242586,2029-04-27,0,134564,49.0,41.0,5308.0,0,2029,4,2,26-35,90.0,Medium Usage
1579,Airtel,M,66,Meghalaya,Mumbai,190639,2029-04-28,1,23525,96.0,25.5,9076.0,0,2029,4,2,56+,121.5,High Usage
1580,Reliance Jio,M,30,Maharashtra,Bangalore,558297,2029-04-29,1,23509,63.0,43.0,1068.0,0,2029,4,2,26-35,106.0,Low Usage
1581,Airtel,M,59,Bihar,Bangalore,813931,2029-04-30,0,88326,59.0,5.0,5121.0,0,2029,4,2,56+,64.0,Medium Usage
1582,BSNL,F,31,Chhattisgarh,Hyderabad,685378,2029-05-01,4,136548,66.0,25.0,3799.0,0,2029,5,2,26-35,91.0,Medium Usage
1583,Airtel,M,41,Uttar Pradesh,Kolkata,164747,2029-05-02,3,66793,77.0,20.0,1655.0,0,2029,5,2,36-45,97.0,Low Usage
1584,Reliance Jio,F,58,Telangana,Mumbai,988953,2029-05-03,3,30263,80.0,30.0,1150.0,1,2029,5,2,56+,110.0,Low Usage
1585,Vodafone,F,68,Goa,Kolkata,146024,2029-05-04,3,54191,81.0,30.0,1357.0,0,2029,5,2,56+,111.0,Low Usage
1586,Vodafone,F,21,Uttar Pradesh,Mumbai,484244,2029-05-05,2,32440,18.0,40.0,1673.0,0,2029,5,2,18-25,58.0,Low Usage
1587,BSNL,M,30,Rajasthan,Kolkata,624708,2029-05-06,3,89507,66.0,7.0,9207.0,0,2029,5,2,26-35,73.0,High Usage
1588,Airtel,M,67,Jharkhand,Chennai,562577,2029-05-07,0,104807,96.0,0.0,3275.0,0,2029,5,2,56+,96.0,Low Usage
1589,Reliance Jio,F,33,Uttarakhand,Bangalore,636293,2029-05-08,3,38493,30.0,1.0,2516.0,0,2029,5,2,26-35,31.0,Low Usage
1590,Reliance Jio,M,31,Odisha,Mumbai,754505,2029-05-09,0,114389,73.0,8.0,3078.0,0,2029,5,2,26-35,81.0,Low Usage
1591,Vodafone,F,74,Jharkhand,Chennai,539507,2029-05-10,3,133557,44.0,41.0,3370.0,1,2029,5,2,56+,85.0,Low Usage
1592,BSNL,F,57,Assam,Mumbai,981917,2029-05-11,0,64687,15.0,19.0,7037.0,0,2029,5,2,56+,34.0,High Usage
1593,Vodafone,F,49,Punjab,Bangalore,975746,2029-05-12,4,109873,43.0,8.0,1707.0,0,2029,5,2,46-55,51.0,Low Usage
1594,BSNL,M,35,West Bengal,Mumbai,665317,2029-05-13,2,46364,20.0,19.0,1961.0,1,2029,5,2,26-35,39.0,Low Usage
1595,Vodafone,M,63,Goa,Bangalore,876137,2029-05-14,4,48425,7.0,25.5,4094.0,1,2029,5,2,56+,32.5,Medium Usage
1596,Reliance Jio,M,61,Assam,Hyderabad,322869,2029-05-15,4,40953,64.0,43.0,5049.0,1,2029,5,2,56+,107.0,Medium Usage
1597,Airtel,F,44,Kerala,Kolkata,101280,2029-05-16,2,101489,104.0,38.0,8133.0,0,2029,5,2,36-45,142.0,High Usage
1598,Airtel,M,56,Jharkhand,Bangalore,103633,2029-05-17,4,85040,17.0,23.0,2323.0,0,2029,5,2,56+,40.0,Low Usage
1599,Airtel,M,25,Jharkhand,Chennai,150109,2029-05-18,1,133956,41.0,35.0,7877.0,0,2029,5,2,18-25,76.0,High Usage
1600,Vodafone,F,62,Uttarakhand,Bangalore,431515,2029-05-19,4,41520,27.0,28.0,623.0,0,2029,5,2,56+,55.0,Low Usage
1601,Airtel,F,46,Sikkim,Delhi,608809,2029-05-20,1,84293,71.0,0.0,9581.0,0,2029,5,2,46-55,71.0,High Usage
1602,BSNL,M,73,Goa,Chennai,470861,2029-05-21,0,84699,38.0,27.0,4088.0,0,2029,5,2,56+,65.0,Medium Usage
1603,Reliance Jio,F,46,Meghalaya,Delhi,497142,2029-05-22,2,112795,17.0,11.0,3145.0,0,2029,5,2,46-55,28.0,Low Usage
1604,BSNL,M,72,Tamil Nadu,Mumbai,675840,2029-05-23,3,27348,44.0,6.0,9994.0,0,2029,5,2,56+,50.0,High Usage
1605,Vodafone,M,18,Meghalaya,Bangalore,746840,2029-05-24,0,109243,48.0,20.0,6876.0,0,2029,5,2,18-25,68.0,High Usage
1606,BSNL,M,62,Jharkhand,Hyderabad,786947,2029-05-25,4,61855,90.0,19.0,9420.0,0,2029,5,2,56+,109.0,High Usage
1607,Airtel,M,64,Bihar,Chennai,104744,2029-05-26,0,68322,51.0,26.0,9132.0,0,2029,5,2,56+,77.0,High Usage
1608,Airtel,F,37,Tripura,Mumbai,594148,2029-05-27,2,26758,33.0,29.0,1802.0,0,2029,5,2,36-45,62.0,Low Usage
1609,Vodafone,M,50,Chhattisgarh,Hyderabad,768242,2029-05-28,3,54535,45.0,25.0,367.0,1,2029,5,2,46-55,70.0,Low Usage
1610,Airtel,M,26,Goa,Chennai,237757,2029-05-29,1,53192,81.0,28.0,9909.0,1,2029,5,2,26-35,109.0,High Usage
1611,Airtel,M,24,Chhattisgarh,Kolkata,460034,2029-05-30,1,126809,60.0,28.0,3845.0,0,2029,5,2,18-25,88.0,Medium Usage
1612,Reliance Jio,F,38,Telangana,Chennai,320078,2029-05-31,2,58060,46.0,5.0,2261.0,0,2029,5,2,36-45,51.0,Low Usage
1613,BSNL,F,70,Uttarakhand,Bangalore,461374,2029-06-01,0,105304,43.0,44.0,6992.0,0,2029,6,2,56+,87.0,High Usage
1614,Reliance Jio,F,55,Sikkim,Kolkata,578167,2029-06-02,1,133302,71.0,9.0,7035.0,0,2029,6,2,46-55,80.0,High Usage
1615,Airtel,M,45,Telangana,Hyderabad,586263,2029-06-03,0,86561,60.0,18.0,6725.0,0,2029,6,2,36-45,78.0,High Usage
1616,BSNL,M,69,Bihar,Hyderabad,535579,2029-06-04,4,32777,68.0,40.0,6569.0,1,2029,6,2,56+,108.0,Medium Usage
1617,Reliance Jio,F,55,Andhra Pradesh,Mumbai,642876,2029-06-05,0,38763,28.0,13.0,2987.0,0,2029,6,2,46-55,41.0,Low Usage
1618,Airtel,F,23,Tripura,Mumbai,497575,2029-06-06,4,137709,42.0,9.0,7344.0,0,2029,6,2,18-25,51.0,High Usage
1619,Vodafone,F,60,Gujarat,Mumbai,255162,2029-06-07,1,112852,75.0,6.0,3328.0,1,2029,6,2,56+,81.0,Low Usage
1620,BSNL,F,35,Odisha,Chennai,726333,2029-06-08,4,54719,44.0,11.0,2804.0,0,2029,6,2,26-35,55.0,Low Usage
1621,Airtel,M,31,Punjab,Delhi,756983,2029-06-09,4,36779,19.0,1.0,3710.0,0,2029,6,2,26-35,20.0,Medium Usage
1622,Reliance Jio,M,41,Nagaland,Bangalore,436499,2029-06-10,2,94352,42.0,18.0,4081.0,0,2029,6,2,36-45,60.0,Medium Usage
1623,BSNL,M,23,Jharkhand,Hyderabad,155298,2029-06-11,0,94346,57.0,19.0,8503.0,0,2029,6,2,18-25,76.0,High Usage
1624,Airtel,M,37,Nagaland,Mumbai,268833,2029-06-12,2,116916,44.0,2.0,1128.0,1,2029,6,2,36-45,46.0,Low Usage
1625,Reliance Jio,M,64,Rajasthan,Mumbai,267850,2029-06-13,3,82578,44.0,40.0,3250.0,0,2029,6,2,56+,84.0,Low Usage
1626,Vodafone,M,41,Maharashtra,Bangalore,215391,2029-06-14,1,112165,41.0,22.0,5679.0,0,2029,6,2,36-45,63.0,Medium Usage
1627,Vodafone,F,55,Jharkhand,Kolkata,171837,2029-06-15,4,108713,90.0,50.0,9952.0,1,2029,6,2,46-55,140.0,High Usage
1628,Vodafone,F,62,Jharkhand,Hyderabad,789135,2029-06-16,1,137675,4.0,6.0,4783.0,1,2029,6,2,56+,10.0,Medium Usage
1629,BSNL,M,69,Punjab,Bangalore,930538,2029-06-17,2,90098,94.0,48.0,3375.0,0,2029,6,2,56+,142.0,Low Usage
1630,Reliance Jio,M,35,Chhattisgarh,Mumbai,156699,2029-06-18,3,119440,70.0,18.0,2444.0,0,2029,6,2,26-35,88.0,Low Usage
1631,Airtel,M,70,Bihar,Mumbai,662696,2029-06-19,0,115525,13.0,27.0,4533.0,0,2029,6,2,56+,40.0,Medium Usage
1632,BSNL,F,34,Andhra Pradesh,Delhi,697503,2029-06-20,4,59349,50.0,16.0,8958.0,0,2029,6,2,26-35,66.0,High Usage
1633,Vodafone,F,41,Haryana,Mumbai,110079,2029-06-21,4,149129,50.0,36.0,8825.0,1,2029,6,2,36-45,86.0,High Usage
1634,Airtel,M,65,Maharashtra,Mumbai,671936,2029-06-22,2,41880,17.0,11.0,7700.0,0,2029,6,2,56+,28.0,High Usage
1635,Reliance Jio,F,61,Himachal Pradesh,Hyderabad,696263,2029-06-23,2,139506,17.0,23.0,1892.0,1,2029,6,2,56+,40.0,Low Usage
1636,Vodafone,F,40,Mizoram,Chennai,109846,2029-06-24,4,143259,59.0,29.0,8744.0,1,2029,6,2,36-45,88.0,High Usage
1637,BSNL,M,45,Madhya Pradesh,Mumbai,795344,2029-06-25,0,67238,32.0,3.0,3965.0,0,2029,6,2,36-45,35.0,Medium Usage
1638,Vodafone,F,68,Meghalaya,Hyderabad,809180,2029-06-26,1,21307,93.0,44.0,8113.0,0,2029,6,2,56+,137.0,High Usage
1639,Reliance Jio,F,66,Madhya Pradesh,Kolkata,687597,2029-06-27,4,93714,18.0,24.0,2318.0,0,2029,6,2,56+,42.0,Low Usage
1640,Airtel,F,22,Maharashtra,Chennai,459316,2029-06-28,2,104488,13.0,25.0,1964.0,0,2029,6,2,18-25,38.0,Low Usage
1641,Vodafone,M,66,Chhattisgarh,Kolkata,609217,2029-06-29,0,97948,25.0,47.0,1212.0,0,2029,6,2,56+,72.0,Low Usage
1642,Airtel,F,68,Arunachal Pradesh,Kolkata,498238,2029-06-30,2,83197,83.0,36.0,8413.0,0,2029,6,2,56+,119.0,High Usage
1643,BSNL,F,43,Sikkim,Bangalore,799472,2029-07-01,3,66237,77.0,14.0,4358.0,1,2029,7,3,36-45,91.0,Medium Usage
1644,Vodafone,M,43,West Bengal,Mumbai,825715,2029-07-02,1,24626,45.0,33.0,5049.0,0,2029,7,3,36-45,78.0,Medium Usage
1645,Vodafone,M,27,Jharkhand,Kolkata,137080,2029-07-03,4,140551,100.0,11.0,7941.0,0,2029,7,3,26-35,111.0,High Usage
1646,Vodafone,M,37,Himachal Pradesh,Delhi,733515,2029-07-04,1,41244,59.0,21.0,3408.0,0,2029,7,3,36-45,80.0,Low Usage
1647,Reliance Jio,M,37,Meghalaya,Kolkata,248119,2029-07-05,2,101590,72.0,48.0,10065.0,0,2029,7,3,36-45,120.0,High Usage
1648,Airtel,M,61,Madhya Pradesh,Delhi,347045,2029-07-06,1,91392,100.0,44.0,4985.0,0,2029,7,3,56+,144.0,Medium Usage
1649,Vodafone,M,18,Chhattisgarh,Hyderabad,139794,2029-07-07,3,26339,62.0,6.0,5049.0,0,2029,7,3,18-25,68.0,Medium Usage
1650,Vodafone,F,58,Chhattisgarh,Hyderabad,122020,2029-07-08,0,141552,84.0,18.0,9738.0,0,2029,7,3,56+,102.0,High Usage
1651,Airtel,M,69,Uttarakhand,Bangalore,238923,2029-07-09,3,105119,51.0,37.0,8957.0,0,2029,7,3,56+,88.0,High Usage
1652,Vodafone,M,24,Meghalaya,Bangalore,179702,2029-07-10,2,110039,15.0,44.0,6355.0,0,2029,7,3,18-25,59.0,Medium Usage
1653,Reliance Jio,M,24,West Bengal,Mumbai,575491,2029-07-11,2,117061,20.0,52.0,7825.0,0,2029,7,3,18-25,72.0,High Usage
1654,Reliance Jio,M,32,West Bengal,Kolkata,743543,2029-07-12,1,51054,38.0,12.0,6311.0,0,2029,7,3,26-35,50.0,Medium Usage
1655,Vodafone,M,49,Uttar Pradesh,Chennai,130206,2029-07-13,1,134831,30.0,34.0,429.0,0,2029,7,3,46-55,64.0,Low Usage
1656,Airtel,M,67,Chhattisgarh,Kolkata,565887,2029-07-14,2,21310,87.0,4.0,3668.0,1,2029,7,3,56+,91.0,Medium Usage
1657,Airtel,M,64,Tripura,Delhi,474046,2029-07-15,2,89259,31.0,1.0,4539.0,0,2029,7,3,56+,32.0,Medium Usage
1658,Reliance Jio,F,47,Goa,Hyderabad,366456,2029-07-16,0,129727,35.0,20.0,7985.0,1,2029,7,3,46-55,55.0,High Usage
1659,BSNL,M,34,Odisha,Bangalore,345140,2029-07-17,0,34407,52.0,25.5,5953.0,0,2029,7,3,26-35,77.5,Medium Usage
1660,Reliance Jio,M,42,Himachal Pradesh,Bangalore,678441,2029-07-18,1,97739,51.0,20.0,7967.0,0,2029,7,3,36-45,71.0,High Usage
1661,Vodafone,F,27,Tripura,Hyderabad,587308,2029-07-19,0,134902,17.0,33.0,7027.0,1,2029,7,3,26-35,50.0,High Usage
1662,BSNL,M,73,Telangana,Delhi,212716,2029-07-20,1,128382,69.0,24.0,6975.0,0,2029,7,3,56+,93.0,High Usage
1663,Airtel,M,68,Manipur,Kolkata,369262,2029-07-21,0,83981,40.0,43.0,6038.0,0,2029,7,3,56+,83.0,Medium Usage
1664,Airtel,M,24,Uttarakhand,Hyderabad,133372,2029-07-22,4,31136,5.0,37.0,5005.0,1,2029,7,3,18-25,42.0,Medium Usage
1665,Reliance Jio,F,50,Gujarat,Bangalore,212560,2029-07-23,4,52384,98.0,0.0,8448.0,0,2029,7,3,46-55,98.0,High Usage
1666,Airtel,F,32,Karnataka,Chennai,134902,2029-07-24,3,146862,40.0,33.0,7345.0,0,2029,7,3,26-35,73.0,High Usage
1667,Airtel,M,65,West Bengal,Mumbai,388500,2029-07-25,2,117023,84.0,20.0,7392.0,1,2029,7,3,56+,104.0,High Usage
1668,BSNL,M,30,Mizoram,Bangalore,726086,2029-07-26,4,74928,53.0,46.0,789.0,0,2029,7,3,26-35,99.0,Low Usage
1669,Reliance Jio,F,25,Tamil Nadu,Delhi,994986,2029-07-27,2,121531,13.0,50.0,6364.0,0,2029,7,3,18-25,63.0,Medium Usage
1670,BSNL,F,52,Manipur,Hyderabad,776846,2029-07-28,1,99320,15.0,30.0,1701.0,0,2029,7,3,46-55,45.0,Low Usage
1671,BSNL,M,49,Jharkhand,Mumbai,806522,2029-07-29,2,146934,24.0,13.0,8431.0,1,2029,7,3,46-55,37.0,High Usage
1672,Vodafone,M,49,Rajasthan,Mumbai,913905,2029-07-30,4,138689,93.0,24.0,698.0,0,2029,7,3,46-55,117.0,Low Usage
1673,Airtel,M,53,Gujarat,Hyderabad,799941,2029-07-31,3,93665,98.0,15.0,1633.0,1,2029,7,3,46-55,113.0,Low Usage
1674,Reliance Jio,F,61,Madhya Pradesh,Hyderabad,300597,2029-08-01,1,28278,75.0,5.0,6388.0,0,2029,8,3,56+,80.0,Medium Usage
1675,Vodafone,M,69,Goa,Bangalore,716249,2029-08-02,3,83704,70.0,24.0,5095.0,0,2029,8,3,56+,94.0,Medium Usage
1676,Reliance Jio,M,73,Assam,Bangalore,638324,2029-08-03,4,20736,39.0,11.0,2696.0,0,2029,8,3,56+,50.0,Low Usage
1677,Reliance Jio,M,21,Andhra Pradesh,Hyderabad,397201,2029-08-04,3,32018,14.0,22.0,1231.0,0,2029,8,3,18-25,36.0,Low Usage
1678,Airtel,F,19,Kerala,Bangalore,589251,2029-08-05,1,42777,29.0,14.0,2962.0,0,2029,8,3,18-25,43.0,Low Usage
1679,Airtel,M,69,Odisha,Delhi,424173,2029-08-06,0,58446,73.0,22.0,5342.0,0,2029,8,3,56+,95.0,Medium Usage
1680,Reliance Jio,M,45,Punjab,Delhi,412023,2029-08-07,3,116867,50.0,18.0,8006.0,1,2029,8,3,36-45,68.0,High Usage
1681,Airtel,M,56,Telangana,Hyderabad,824772,2029-08-08,1,30029,7.0,28.0,7094.0,0,2029,8,3,56+,35.0,High Usage
1682,Vodafone,F,29,Punjab,Chennai,361136,2029-08-09,4,139204,56.0,9.0,7117.0,1,2029,8,3,26-35,65.0,High Usage
1683,Airtel,F,66,Arunachal Pradesh,Hyderabad,859552,2029-08-10,3,102002,53.0,38.0,6923.0,0,2029,8,3,56+,91.0,High Usage
1684,BSNL,M,56,Odisha,Kolkata,738364,2029-08-11,4,145660,58.0,33.0,3402.0,0,2029,8,3,56+,91.0,Low Usage
1685,Reliance Jio,M,25,Nagaland,Delhi,242512,2029-08-12,2,50487,38.0,39.0,9009.0,0,2029,8,3,18-25,77.0,High Usage
1686,BSNL,F,51,Karnataka,Chennai,768805,2029-08-13,0,93616,39.0,25.0,1130.0,0,2029,8,3,46-55,64.0,Low Usage
1687,Reliance Jio,M,39,Karnataka,Bangalore,245505,2029-08-14,0,54462,4.0,21.0,3461.0,0,2029,8,3,36-45,25.0,Low Usage
1688,Vodafone,M,47,Gujarat,Bangalore,889984,2029-08-15,4,77497,4.0,44.0,7005.0,1,2029,8,3,46-55,48.0,High Usage
1689,Reliance Jio,M,55,Madhya Pradesh,Hyderabad,674435,2029-08-16,1,148200,34.0,20.0,2493.0,0,2029,8,3,46-55,54.0,Low Usage
1690,Reliance Jio,M,63,Jharkhand,Mumbai,743303,2029-08-17,3,103535,76.0,25.0,1843.0,0,2029,8,3,56+,101.0,Low Usage
1691,BSNL,M,44,West Bengal,Bangalore,341063,2029-08-18,2,49777,7.0,25.5,5502.0,0,2029,8,3,36-45,32.5,Medium Usage
1692,Vodafone,M,47,Assam,Kolkata,465985,2029-08-19,4,88939,62.0,27.0,6884.0,0,2029,8,3,46-55,89.0,High Usage
1693,Airtel,F,65,Tripura,Kolkata,809211,2029-08-20,1,115970,49.0,28.0,1414.0,0,2029,8,3,56+,77.0,Low Usage
1694,Reliance Jio,M,43,Sikkim,Hyderabad,942207,2029-08-21,2,42761,5.0,25.5,9722.0,0,2029,8,3,36-45,30.5,High Usage
1695,Airtel,F,57,Jharkhand,Hyderabad,118956,2029-08-22,1,79885,45.0,31.0,4414.0,0,2029,8,3,56+,76.0,Medium Usage
1696,Reliance Jio,F,24,Arunachal Pradesh,Bangalore,593497,2029-08-23,4,49210,11.0,17.0,3819.0,1,2029,8,3,18-25,28.0,Medium Usage
1697,Reliance Jio,M,70,Madhya Pradesh,Bangalore,373263,2029-08-24,2,27939,30.0,46.0,7218.0,1,2029,8,3,56+,76.0,High Usage
1698,Reliance Jio,F,40,Madhya Pradesh,Bangalore,882257,2029-08-25,1,66344,14.0,33.0,2048.0,0,2029,8,3,36-45,47.0,Low Usage
1699,Airtel,F,45,Telangana,Bangalore,680588,2029-08-26,4,79977,91.0,11.0,6524.0,0,2029,8,3,36-45,102.0,Medium Usage
1700,Reliance Jio,M,70,Haryana,Chennai,513664,2029-08-27,0,58937,45.0,4.0,7922.0,0,2029,8,3,56+,49.0,High Usage
1701,Vodafone,F,35,Kerala,Hyderabad,796801,2029-08-28,0,20680,99.0,18.0,1665.0,1,2029,8,3,26-35,117.0,Low Usage
1702,Vodafone,M,55,Jharkhand,Bangalore,330604,2029-08-29,4,70219,78.0,24.0,2678.0,0,2029,8,3,46-55,102.0,Low Usage
1703,Vodafone,M,36,Bihar,Mumbai,283556,2029-08-30,2,49644,78.0,37.0,8455.0,0,2029,8,3,36-45,115.0,High Usage
1704,Vodafone,M,38,Bihar,Delhi,988583,2029-08-31,0,120963,91.0,12.0,4931.0,0,2029,8,3,36-45,103.0,Medium Usage
1705,BSNL,M,73,Bihar,Chennai,104591,2029-09-01,4,23960,65.0,37.0,7831.0,0,2029,9,3,56+,102.0,High Usage
1706,Airtel,M,34,Assam,Hyderabad,755010,2029-09-02,1,55788,10.0,34.0,5049.0,0,2029,9,3,26-35,44.0,Medium Usage
1707,Reliance Jio,M,47,Goa,Kolkata,818848,2029-09-03,0,103621,94.0,40.0,105.0,0,2029,9,3,46-55,134.0,Low Usage
1708,Airtel,M,59,Kerala,Chennai,888553,2029-09-04,3,100463,39.0,44.0,7020.0,0,2029,9,3,56+,83.0,High Usage
1709,Airtel,M,59,Jharkhand,Delhi,871469,2029-09-05,3,148308,44.0,38.0,8344.0,0,2029,9,3,56+,82.0,High Usage
1710,Airtel,M,71,Punjab,Delhi,871245,2029-09-06,2,101996,50.0,20.0,1543.0,0,2029,9,3,56+,70.0,Low Usage
1711,Vodafone,F,34,Kerala,Kolkata,243469,2029-09-07,3,94609,43.0,33.0,3044.0,0,2029,9,3,26-35,76.0,Low Usage
1712,Airtel,M,30,West Bengal,Mumbai,874468,2029-09-08,1,20974,86.0,7.0,4307.0,0,2029,9,3,26-35,93.0,Medium Usage
1713,Reliance Jio,M,25,Arunachal Pradesh,Chennai,773162,2029-09-09,0,32637,32.0,11.0,1229.0,0,2029,9,3,18-25,43.0,Low Usage
1714,Airtel,F,51,Karnataka,Bangalore,530365,2029-09-10,4,41512,36.0,14.0,4015.0,0,2029,9,3,46-55,50.0,Medium Usage
1715,Reliance Jio,F,66,Manipur,Hyderabad,622434,2029-09-11,4,81772,59.0,29.0,3782.0,1,2029,9,3,56+,88.0,Medium Usage
1716,Reliance Jio,M,74,Maharashtra,Mumbai,857689,2029-09-12,1,72225,29.0,22.0,8994.0,0,2029,9,3,56+,51.0,High Usage
1717,Vodafone,F,42,Punjab,Delhi,547956,2029-09-13,0,50336,1.0,31.0,7031.0,0,2029,9,3,36-45,32.0,High Usage
1718,Vodafone,F,50,Tamil Nadu,Chennai,893360,2029-09-14,3,146327,59.0,30.0,6042.0,0,2029,9,3,46-55,89.0,Medium Usage
1719,Vodafone,F,67,Sikkim,Chennai,887447,2029-09-15,4,64890,81.0,31.0,3833.0,0,2029,9,3,56+,112.0,Medium Usage
1720,Airtel,M,31,Maharashtra,Bangalore,336151,2029-09-16,3,98391,9.0,2.0,55.0,0,2029,9,3,26-35,11.0,Low Usage
1721,BSNL,M,37,Meghalaya,Hyderabad,532437,2029-09-17,3,35474,37.0,42.0,5486.0,0,2029,9,3,36-45,79.0,Medium Usage
1722,Reliance Jio,M,52,Rajasthan,Kolkata,834988,2029-09-18,1,88896,58.0,25.5,408.0,1,2029,9,3,46-55,83.5,Low Usage
1723,Reliance Jio,M,28,Chhattisgarh,Hyderabad,455737,2029-09-19,2,129378,56.0,40.0,7012.0,0,2029,9,3,26-35,96.0,High Usage
1724,BSNL,M,44,Odisha,Hyderabad,122791,2029-09-20,3,141540,43.0,13.0,1013.0,0,2029,9,3,36-45,56.0,Low Usage
1725,Airtel,M,67,Haryana,Mumbai,869024,2029-09-21,4,22516,73.0,34.0,2954.0,1,2029,9,3,56+,107.0,Low Usage
1726,Airtel,M,38,Telangana,Bangalore,811253,2029-09-22,4,146140,22.0,32.0,8527.0,0,2029,9,3,36-45,54.0,High Usage
1727,Reliance Jio,F,18,Karnataka,Bangalore,568503,2029-09-23,1,48629,50.0,30.0,4489.0,0,2029,9,3,18-25,80.0,Medium Usage
1728,Vodafone,M,19,Nagaland,Kolkata,807769,2029-09-24,2,144792,55.0,35.0,29.0,0,2029,9,3,18-25,90.0,Low Usage
1729,Vodafone,M,33,Telangana,Mumbai,453821,2029-09-25,0,141288,25.0,41.0,3411.0,1,2029,9,3,26-35,66.0,Low Usage
1730,Airtel,F,61,Mizoram,Delhi,121091,2029-09-26,0,25944,19.0,32.0,7224.0,0,2029,9,3,56+,51.0,High Usage
1731,Vodafone,F,37,Uttar Pradesh,Hyderabad,737817,2029-09-27,1,138702,39.0,30.0,482.0,1,2029,9,3,36-45,69.0,Low Usage
1732,Vodafone,F,59,Arunachal Pradesh,Kolkata,739368,2029-09-28,0,59230,89.0,10.0,4495.0,1,2029,9,3,56+,99.0,Medium Usage
1733,Vodafone,M,45,Chhattisgarh,Kolkata,114923,2029-09-29,2,45289,48.0,10.0,8354.0,0,2029,9,3,36-45,58.0,High Usage
1734,Vodafone,M,55,Goa,Kolkata,618935,2029-09-30,4,73917,87.0,33.0,355.0,0,2029,9,3,46-55,120.0,Low Usage
1735,Airtel,F,27,Gujarat,Delhi,104244,2029-10-01,2,109879,69.0,36.0,1742.0,0,2029,10,4,26-35,105.0,Low Usage
1736,BSNL,M,65,Madhya Pradesh,Kolkata,670357,2029-10-02,2,86540,50.0,3.0,1993.0,1,2029,10,4,56+,53.0,Low Usage
1737,Airtel,F,48,Gujarat,Mumbai,464629,2029-10-03,3,117908,41.0,12.0,7582.0,0,2029,10,4,46-55,53.0,High Usage
1738,Vodafone,M,55,Uttar Pradesh,Chennai,117044,2029-10-04,1,21310,7.0,10.0,2191.0,1,2029,10,4,46-55,17.0,Low Usage
1739,Reliance Jio,F,23,Meghalaya,Hyderabad,724248,2029-10-05,4,80778,85.0,41.0,9843.0,0,2029,10,4,18-25,126.0,High Usage
1740,BSNL,M,48,Assam,Chennai,621808,2029-10-06,0,81491,48.0,4.0,2701.0,0,2029,10,4,46-55,52.0,Low Usage
1741,BSNL,M,48,Meghalaya,Chennai,964694,2029-10-07,2,59229,60.0,21.0,8189.0,0,2029,10,4,46-55,81.0,High Usage
1742,Airtel,M,69,Goa,Chennai,401050,2029-10-08,3,53423,29.0,22.0,8163.0,0,2029,10,4,56+,51.0,High Usage
1743,Airtel,M,33,Nagaland,Mumbai,168085,2029-10-09,2,103559,86.0,28.0,8956.0,0,2029,10,4,26-35,114.0,High Usage
1744,Vodafone,F,21,Nagaland,Chennai,286634,2029-10-10,0,74607,14.0,10.0,9614.0,0,2029,10,4,18-25,24.0,High Usage
1745,Airtel,M,53,Maharashtra,Chennai,358200,2029-10-11,0,105087,65.0,23.0,8297.0,0,2029,10,4,46-55,88.0,High Usage
1746,Vodafone,M,73,Himachal Pradesh,Bangalore,184159,2029-10-12,4,23380,84.0,30.0,10508.0,0,2029,10,4,56+,114.0,High Usage
1747,BSNL,F,56,Karnataka,Delhi,939161,2029-10-13,2,67840,85.0,23.0,9108.0,0,2029,10,4,56+,108.0,High Usage
1748,BSNL,M,42,Manipur,Bangalore,791264,2029-10-14,0,123689,15.0,35.0,9555.0,0,2029,10,4,36-45,50.0,High Usage
1749,Reliance Jio,F,37,Arunachal Pradesh,Hyderabad,705013,2029-10-15,1,86745,50.0,25.5,582.0,0,2029,10,4,36-45,75.5,Low Usage
1750,Vodafone,M,23,Sikkim,Chennai,701202,2029-10-16,2,109985,91.0,45.0,9361.0,0,2029,10,4,18-25,136.0,High Usage
1751,Airtel,M,41,Chhattisgarh,Mumbai,712546,2029-10-17,3,86563,30.0,39.0,2101.0,0,2029,10,4,36-45,69.0,Low Usage
1752,BSNL,M,41,Haryana,Hyderabad,795096,2029-10-18,0,69228,50.0,49.0,3316.0,0,2029,10,4,36-45,99.0,Low Usage
1753,Airtel,M,49,Tripura,Bangalore,770683,2029-10-19,4,43120,11.0,15.0,92.0,0,2029,10,4,46-55,26.0,Low Usage
1754,Airtel,M,59,Haryana,Mumbai,530754,2029-10-20,1,62747,38.0,7.0,5067.0,0,2029,10,4,56+,45.0,Medium Usage
1755,Vodafone,M,23,Uttarakhand,Chennai,260096,2029-10-21,4,50376,66.0,17.0,315.0,0,2029,10,4,18-25,83.0,Low Usage
1756,BSNL,M,28,Assam,Bangalore,775860,2029-10-22,4,70549,62.0,25.5,9050.0,0,2029,10,4,26-35,87.5,High Usage
1757,Reliance Jio,M,47,Himachal Pradesh,Hyderabad,254903,2029-10-23,3,132524,90.0,21.0,9694.0,0,2029,10,4,46-55,111.0,High Usage
1758,Airtel,M,45,Goa,Kolkata,191368,2029-10-24,4,98701,18.0,51.0,9349.0,0,2029,10,4,36-45,69.0,High Usage
1759,Reliance Jio,M,34,Jharkhand,Mumbai,409610,2029-10-25,3,22416,69.0,31.0,2207.0,0,2029,10,4,26-35,100.0,Low Usage
1760,Airtel,F,55,Himachal Pradesh,Bangalore,449657,2029-10-26,1,102586,101.0,35.0,5779.0,0,2029,10,4,46-55,136.0,Medium Usage
1761,Airtel,F,24,Punjab,Bangalore,122225,2029-10-27,3,50216,65.0,39.0,1896.0,0,2029,10,4,18-25,104.0,Low Usage
1762,Airtel,M,69,Bihar,Delhi,833124,2029-10-28,2,44649,74.0,25.5,7248.0,0,2029,10,4,56+,99.5,High Usage
1763,Airtel,M,66,Tripura,Bangalore,907853,2029-10-29,3,60360,45.0,38.0,6081.0,0,2029,10,4,56+,83.0,Medium Usage
1764,Reliance Jio,M,27,Himachal Pradesh,Mumbai,957239,2029-10-30,1,147541,7.0,12.0,3810.0,0,2029,10,4,26-35,19.0,Medium Usage
1765,Reliance Jio,F,47,Chhattisgarh,Kolkata,345288,2029-10-31,3,97639,87.0,44.0,8622.0,0,2029,10,4,46-55,131.0,High Usage
1766,BSNL,F,33,Telangana,Hyderabad,193990,2029-11-01,4,141685,72.0,39.0,2730.0,0,2029,11,4,26-35,111.0,Low Usage
1767,Reliance Jio,M,64,Chhattisgarh,Bangalore,992828,2029-11-02,3,84943,9.0,42.0,8721.0,0,2029,11,4,56+,51.0,High Usage
1768,BSNL,M,60,Uttarakhand,Bangalore,442950,2029-11-03,3,103438,78.0,20.0,9340.0,0,2029,11,4,56+,98.0,High Usage
1769,Reliance Jio,F,60,Rajasthan,Hyderabad,337452,2029-11-04,0,72495,86.0,6.0,7342.0,0,2029,11,4,56+,92.0,High Usage
1770,Airtel,M,63,Haryana,Hyderabad,932707,2029-11-05,0,52683,18.0,10.0,3069.0,0,2029,11,4,56+,28.0,Low Usage
1771,BSNL,M,63,West Bengal,Hyderabad,493033,2029-11-06,3,120788,21.0,21.0,8316.0,0,2029,11,4,56+,42.0,High Usage
1772,Airtel,M,29,Arunachal Pradesh,Chennai,318107,2029-11-07,2,66061,54.0,1.0,8176.0,0,2029,11,4,26-35,55.0,High Usage
1773,BSNL,F,38,Mizoram,Kolkata,783116,2029-11-08,3,98314,37.0,43.0,4711.0,0,2029,11,4,36-45,80.0,Medium Usage
1774,Airtel,F,56,Manipur,Bangalore,267012,2029-11-09,3,20914,39.0,37.0,5375.0,1,2029,11,4,56+,76.0,Medium Usage
1775,BSNL,M,43,Manipur,Bangalore,914231,2029-11-10,2,127619,70.0,9.0,4347.0,1,2029,11,4,36-45,79.0,Medium Usage
1776,BSNL,M,63,Tripura,Hyderabad,808465,2029-11-11,3,100631,97.0,9.0,3451.0,0,2029,11,4,56+,106.0,Low Usage
1777,Airtel,M,59,Gujarat,Mumbai,816994,2029-11-12,0,63047,0.0,39.0,7111.0,0,2029,11,4,56+,39.0,High Usage
1778,Reliance Jio,M,70,Telangana,Mumbai,548899,2029-11-13,1,92695,78.0,39.0,1579.0,0,2029,11,4,56+,117.0,Low Usage
1779,Reliance Jio,F,69,Haryana,Delhi,853499,2029-11-14,4,52815,50.0,28.0,5049.0,1,2029,11,4,56+,78.0,Medium Usage
1780,BSNL,F,70,Tripura,Kolkata,129697,2029-11-15,4,137267,50.0,37.0,8207.0,0,2029,11,4,56+,87.0,High Usage
1781,Reliance Jio,M,35,Tripura,Kolkata,215358,2029-11-16,1,78588,51.0,48.0,1481.0,0,2029,11,4,26-35,99.0,Low Usage
1782,BSNL,M,38,Bihar,Hyderabad,680466,2029-11-17,2,141130,61.0,21.0,6765.0,0,2029,11,4,36-45,82.0,High Usage
1783,Reliance Jio,F,47,Telangana,Chennai,600429,2029-11-18,2,108081,92.0,43.0,3043.0,0,2029,11,4,46-55,135.0,Low Usage
1784,Vodafone,M,20,Uttar Pradesh,Bangalore,181302,2029-11-19,1,90461,14.0,53.0,9163.0,1,2029,11,4,18-25,67.0,High Usage
1785,Airtel,M,21,Bihar,Chennai,159508,2029-11-20,1,78578,10.0,10.0,10487.0,0,2029,11,4,18-25,20.0,High Usage
1786,Reliance Jio,F,36,Tamil Nadu,Bangalore,324069,2029-11-21,4,34574,11.0,2.0,924.0,1,2029,11,4,36-45,13.0,Low Usage
1787,Airtel,F,23,Rajasthan,Hyderabad,737677,2029-11-22,2,108425,90.0,23.0,1619.0,0,2029,11,4,18-25,113.0,Low Usage
1788,Airtel,M,73,Uttar Pradesh,Mumbai,237287,2029-11-23,2,80209,81.0,25.5,9015.0,0,2029,11,4,56+,106.5,High Usage
1789,Vodafone,M,29,Jharkhand,Kolkata,241572,2029-11-24,2,42210,0.0,12.0,914.0,0,2029,11,4,26-35,12.0,Low Usage
1790,Vodafone,M,18,Haryana,Chennai,826927,2029-11-25,4,38185,85.0,10.0,10093.0,0,2029,11,4,18-25,95.0,High Usage
1791,BSNL,F,47,Haryana,Chennai,415120,2029-11-26,4,31500,79.0,49.0,5107.0,0,2029,11,4,46-55,128.0,Medium Usage
1792,BSNL,F,66,Sikkim,Bangalore,769115,2029-11-27,0,130690,54.0,30.0,6811.0,1,2029,11,4,56+,84.0,High Usage
1793,Reliance Jio,M,29,Jharkhand,Mumbai,165685,2029-11-28,1,120981,28.0,50.0,8954.0,0,2029,11,4,26-35,78.0,High Usage
1794,Reliance Jio,M,74,Gujarat,Delhi,742367,2029-11-29,1,28234,60.0,15.0,405.0,0,2029,11,4,56+,75.0,Low Usage
1795,Airtel,M,37,Odisha,Delhi,159796,2029-11-30,0,34446,47.0,14.0,1248.0,0,2029,11,4,36-45,61.0,Low Usage
1796,Reliance Jio,M,42,Himachal Pradesh,Kolkata,628995,2029-12-01,4,138760,8.0,38.0,3850.0,0,2029,12,4,36-45,46.0,Medium Usage
1797,Airtel,M,58,Tamil Nadu,Mumbai,557988,2029-12-02,2,73778,50.0,37.0,3913.0,0,2029,12,4,56+,87.0,Medium Usage
1798,BSNL,M,35,Rajasthan,Bangalore,972880,2029-12-03,0,33292,51.0,52.0,5049.0,0,2029,12,4,26-35,103.0,Medium Usage
1799,Vodafone,F,31,Meghalaya,Kolkata,195785,2029-12-04,0,93279,48.0,44.0,131.0,1,2029,12,4,26-35,92.0,Low Usage
1800,Airtel,M,31,Uttar Pradesh,Delhi,661841,2029-12-05,4,24379,4.0,9.0,8864.0,0,2029,12,4,26-35,13.0,High Usage
1801,Vodafone,M,64,West Bengal,Delhi,457822,2029-12-06,4,135259,41.0,41.0,1217.0,1,2029,12,4,56+,82.0,Low Usage
1802,Reliance Jio,M,36,Jharkhand,Bangalore,110043,2029-12-07,3,89028,88.0,36.0,8333.0,1,2029,12,4,36-45,124.0,High Usage
1803,Vodafone,M,18,West Bengal,Bangalore,333067,2029-12-08,0,127134,0.0,26.0,7384.0,0,2029,12,4,18-25,26.0,High Usage
1804,Reliance Jio,F,27,Sikkim,Delhi,138406,2029-12-09,3,136562,85.0,8.0,7544.0,0,2029,12,4,26-35,93.0,High Usage
1805,Vodafone,M,28,Manipur,Hyderabad,712895,2029-12-10,4,104141,80.0,23.0,4963.0,0,2029,12,4,26-35,103.0,Medium Usage
1806,BSNL,F,25,Karnataka,Hyderabad,316078,2029-12-11,4,28337,76.0,41.0,1505.0,0,2029,12,4,18-25,117.0,Low Usage
1807,BSNL,F,63,Nagaland,Chennai,235414,2029-12-12,0,130655,92.0,44.0,7402.0,0,2029,12,4,56+,136.0,High Usage
1808,Vodafone,M,26,Andhra Pradesh,Kolkata,136810,2029-12-13,2,47992,24.0,36.0,2072.0,0,2029,12,4,26-35,60.0,Low Usage
1809,BSNL,F,33,Arunachal Pradesh,Mumbai,431850,2029-12-14,1,82545,56.0,38.0,10405.0,0,2029,12,4,26-35,94.0,High Usage
1810,Reliance Jio,M,73,Haryana,Bangalore,200807,2029-12-15,0,116094,69.0,30.0,8674.0,0,2029,12,4,56+,99.0,High Usage
1811,Airtel,F,71,Nagaland,Chennai,967256,2029-12-16,2,116175,58.0,12.0,5137.0,0,2029,12,4,56+,70.0,Medium Usage
1812,Airtel,M,35,Kerala,Kolkata,166666,2029-12-17,0,107317,12.0,8.0,4122.0,0,2029,12,4,26-35,20.0,Medium Usage
1813,Airtel,F,32,Haryana,Delhi,161521,2029-12-18,0,48517,45.0,34.0,8640.0,0,2029,12,4,26-35,79.0,High Usage
1814,Reliance Jio,F,74,Rajasthan,Mumbai,638954,2029-12-19,2,56587,38.0,45.0,1525.0,1,2029,12,4,56+,83.0,Low Usage
1815,Reliance Jio,M,30,West Bengal,Hyderabad,986935,2029-12-20,1,34063,59.0,41.0,5241.0,0,2029,12,4,26-35,100.0,Medium Usage
1816,Airtel,F,27,Telangana,Delhi,209162,2029-12-21,1,85810,44.0,25.5,2556.0,0,2029,12,4,26-35,69.5,Low Usage
1817,Vodafone,M,22,Telangana,Delhi,519665,2029-12-22,2,58937,41.0,12.0,8628.0,0,2029,12,4,18-25,53.0,High Usage
1818,Reliance Jio,F,28,Haryana,Hyderabad,448649,2029-12-23,4,65093,32.0,25.5,4147.0,0,2029,12,4,26-35,57.5,Medium Usage
1819,Reliance Jio,F,51,Meghalaya,Delhi,957505,2029-12-24,2,96708,46.0,16.0,5049.0,0,2029,12,4,46-55,62.0,Medium Usage
1820,Vodafone,M,22,Kerala,Bangalore,292124,2029-12-25,1,40874,19.0,1.0,1343.0,0,2029,12,4,18-25,20.0,Low Usage
1821,Airtel,M,51,Sikkim,Mumbai,909925,2029-12-26,1,76994,88.0,29.0,6922.0,0,2029,12,4,46-55,117.0,High Usage
1822,BSNL,F,33,Assam,Mumbai,280183,2029-12-27,0,115406,17.0,9.0,1991.0,0,2029,12,4,26-35,26.0,Low Usage
1823,Reliance Jio,M,66,Telangana,Kolkata,548218,2029-12-28,3,66415,96.0,40.0,7839.0,0,2029,12,4,56+,136.0,High Usage
1824,Airtel,M,25,Chhattisgarh,Mumbai,359098,2029-12-29,2,38273,36.0,31.0,8536.0,0,2029,12,4,18-25,67.0,High Usage
1825,Airtel,F,56,Manipur,Hyderabad,504334,2029-12-30,1,49247,50.0,31.0,6168.0,1,2029,12,4,56+,81.0,Medium Usage
1826,Reliance Jio,M,62,Chhattisgarh,Hyderabad,679949,2029-12-31,0,95429,13.0,18.0,6222.0,0,2029,12,4,56+,31.0,Medium Usage
1827,BSNL,M,53,Uttar Pradesh,Delhi,754346,2030-01-01,3,132288,50.0,20.0,1269.0,0,2030,1,1,46-55,70.0,Low Usage
1828,Vodafone,M,71,Bihar,Bangalore,864160,2030-01-02,2,47816,81.0,13.0,10265.0,0,2030,1,1,56+,94.0,High Usage
1829,Reliance Jio,M,52,Karnataka,Chennai,802155,2030-01-03,2,45831,43.0,17.0,9043.0,1,2030,1,1,46-55,60.0,High Usage
1830,Vodafone,F,58,West Bengal,Kolkata,880212,2030-01-04,0,106257,19.0,26.0,8382.0,1,2030,1,1,56+,45.0,High Usage
1831,BSNL,M,52,Kerala,Kolkata,248119,2030-01-05,3,96100,74.0,20.0,1082.0,1,2030,1,1,46-55,94.0,Low Usage
1832,BSNL,F,68,Maharashtra,Hyderabad,658164,2030-01-06,3,21612,28.0,27.0,7981.0,1,2030,1,1,56+,55.0,High Usage
1833,Vodafone,F,53,Telangana,Chennai,389423,2030-01-07,3,103469,79.0,42.0,1822.0,0,2030,1,1,46-55,121.0,Low Usage
1834,Airtel,F,28,Uttarakhand,Chennai,137052,2030-01-08,0,149083,99.0,18.0,2818.0,0,2030,1,1,26-35,117.0,Low Usage
1835,Airtel,F,66,Sikkim,Mumbai,747805,2030-01-09,2,141170,21.0,27.0,8029.0,0,2030,1,1,56+,48.0,High Usage
1836,Airtel,M,43,Bihar,Bangalore,294722,2030-01-10,1,135675,84.0,25.0,5630.0,0,2030,1,1,36-45,109.0,Medium Usage
1837,Airtel,M,25,Rajasthan,Bangalore,827372,2030-01-11,1,125909,83.0,29.0,3597.0,1,2030,1,1,18-25,112.0,Medium Usage
1838,Airtel,F,20,Chhattisgarh,Bangalore,390375,2030-01-12,0,120501,65.0,43.0,2389.0,1,2030,1,1,18-25,108.0,Low Usage
1839,Reliance Jio,F,41,Tamil Nadu,Mumbai,229584,2030-01-13,2,93119,16.0,13.0,6296.0,0,2030,1,1,36-45,29.0,Medium Usage
1840,Airtel,F,70,Chhattisgarh,Kolkata,118529,2030-01-14,4,40358,95.0,44.0,3045.0,0,2030,1,1,56+,139.0,Low Usage
1841,Airtel,F,37,Manipur,Kolkata,508585,2030-01-15,0,24617,65.0,32.0,6392.0,0,2030,1,1,36-45,97.0,Medium Usage
1842,Vodafone,M,35,Punjab,Kolkata,130072,2030-01-16,0,125916,20.0,30.0,6245.0,1,2030,1,1,26-35,50.0,Medium Usage
1843,Vodafone,F,31,Assam,Bangalore,586794,2030-01-17,0,66393,23.0,25.5,6896.0,0,2030,1,1,26-35,48.5,High Usage
1844,Airtel,F,36,Goa,Mumbai,372177,2030-01-18,2,39071,63.0,36.0,7530.0,0,2030,1,1,36-45,99.0,High Usage
1845,Vodafone,F,53,Assam,Chennai,137741,2030-01-19,2,46324,38.0,38.0,4232.0,0,2030,1,1,46-55,76.0,Medium Usage
1846,Airtel,M,70,Bihar,Mumbai,871979,2030-01-20,0,108903,83.0,14.0,7610.0,0,2030,1,1,56+,97.0,High Usage
1847,Airtel,M,18,Meghalaya,Kolkata,622479,2030-01-21,2,110486,47.0,30.0,3123.0,0,2030,1,1,18-25,77.0,Low Usage
1848,BSNL,F,35,Haryana,Bangalore,437026,2030-01-22,3,97701,68.0,31.0,3295.0,0,2030,1,1,26-35,99.0,Low Usage
1849,Vodafone,F,70,Tamil Nadu,Delhi,170609,2030-01-23,0,119220,5.0,27.0,1951.0,0,2030,1,1,56+,32.0,Low Usage
1850,BSNL,M,40,Himachal Pradesh,Mumbai,232636,2030-01-24,1,50406,106.0,3.0,6170.0,1,2030,1,1,36-45,109.0,Medium Usage
1851,Reliance Jio,M,19,Tamil Nadu,Kolkata,722391,2030-01-25,3,34816,33.0,31.0,4611.0,0,2030,1,1,18-25,64.0,Medium Usage
1852,Vodafone,M,52,Uttar Pradesh,Mumbai,150523,2030-01-26,2,112504,83.0,34.0,7940.0,0,2030,1,1,46-55,117.0,High Usage
1853,BSNL,M,36,Haryana,Hyderabad,957470,2030-01-27,0,80020,51.0,0.0,3688.0,0,2030,1,1,36-45,51.0,Medium Usage
1854,BSNL,M,36,Madhya Pradesh,Chennai,327509,2030-01-28,2,77483,21.0,28.0,7470.0,1,2030,1,1,36-45,49.0,High Usage
1855,Airtel,F,38,Himachal Pradesh,Chennai,680961,2030-01-29,2,111016,52.0,31.0,2924.0,1,2030,1,1,36-45,83.0,Low Usage
1856,Vodafone,M,51,Uttarakhand,Bangalore,548427,2030-01-30,0,41811,41.0,41.0,4672.0,0,2030,1,1,46-55,82.0,Medium Usage
1857,Vodafone,M,39,Gujarat,Bangalore,361826,2030-01-31,2,116274,77.0,44.0,2903.0,0,2030,1,1,36-45,121.0,Low Usage
1858,BSNL,M,55,Madhya Pradesh,Bangalore,401829,2030-02-01,3,26123,37.0,32.0,365.0,0,2030,2,1,46-55,69.0,Low Usage
1859,Vodafone,F,42,Meghalaya,Chennai,675461,2030-02-02,2,116800,60.0,46.0,3277.0,0,2030,2,1,36-45,106.0,Low Usage
1860,BSNL,M,38,Assam,Chennai,476712,2030-02-03,0,47743,105.0,27.0,6246.0,1,2030,2,1,36-45,132.0,Medium Usage
1861,Reliance Jio,M,28,Andhra Pradesh,Delhi,358840,2030-02-04,2,47276,83.0,12.0,7359.0,0,2030,2,1,26-35,95.0,High Usage
1862,Reliance Jio,F,18,Jharkhand,Hyderabad,390257,2030-02-05,0,36901,24.0,28.0,10301.0,0,2030,2,1,18-25,52.0,High Usage
1863,BSNL,F,37,Uttar Pradesh,Bangalore,261787,2030-02-06,2,113286,74.0,6.0,3797.0,0,2030,2,1,36-45,80.0,Medium Usage
1864,BSNL,F,30,Goa,Bangalore,928807,2030-02-07,3,33820,39.0,46.0,4114.0,0,2030,2,1,26-35,85.0,Medium Usage
1865,Vodafone,M,73,Nagaland,Hyderabad,461645,2030-02-08,1,113637,91.0,30.0,3956.0,0,2030,2,1,56+,121.0,Medium Usage
1866,Airtel,M,21,Karnataka,Bangalore,696953,2030-02-09,4,71362,52.0,47.0,5049.0,0,2030,2,1,18-25,99.0,Medium Usage
1867,Airtel,M,74,Gujarat,Hyderabad,662726,2030-02-10,0,138991,22.0,16.0,7972.0,0,2030,2,1,56+,38.0,High Usage
1868,Airtel,F,51,Madhya Pradesh,Bangalore,825431,2030-02-11,1,50693,88.0,29.0,3465.0,0,2030,2,1,46-55,117.0,Low Usage
1869,Airtel,M,58,Tripura,Hyderabad,543221,2030-02-12,1,32959,36.0,25.0,6660.0,0,2030,2,1,56+,61.0,High Usage
1870,Airtel,M,54,Madhya Pradesh,Mumbai,219837,2030-02-13,0,96935,101.0,28.0,1211.0,0,2030,2,1,46-55,129.0,Low Usage
1871,BSNL,F,44,Nagaland,Chennai,675985,2030-02-14,4,147656,79.0,4.0,1831.0,0,2030,2,1,36-45,83.0,Low Usage
1872,Airtel,M,69,Uttarakhand,Delhi,214281,2030-02-15,3,72349,108.0,25.0,5509.0,0,2030,2,1,56+,133.0,Medium Usage
1873,BSNL,M,45,Himachal Pradesh,Mumbai,752135,2030-02-16,0,112174,40.0,32.0,4922.0,1,2030,2,1,36-45,72.0,Medium Usage
1874,Reliance Jio,M,56,Uttarakhand,Delhi,384849,2030-02-17,1,117980,86.0,1.0,7675.0,0,2030,2,1,56+,87.0,High Usage
1875,Vodafone,F,30,Telangana,Hyderabad,305907,2030-02-18,3,147457,54.0,48.0,1486.0,0,2030,2,1,26-35,102.0,Low Usage
1876,Vodafone,F,74,Sikkim,Chennai,737082,2030-02-19,2,113074,38.0,42.0,894.0,0,2030,2,1,56+,80.0,Low Usage
1877,BSNL,M,59,Bihar,Mumbai,742064,2030-02-20,3,72573,75.0,18.0,1877.0,1,2030,2,1,56+,93.0,Low Usage
1878,Vodafone,M,44,Rajasthan,Kolkata,282237,2030-02-21,0,40094,90.0,10.0,662.0,0,2030,2,1,36-45,100.0,Low Usage
1879,Airtel,M,20,Odisha,Delhi,932582,2030-02-22,0,102745,26.0,12.0,10425.0,0,2030,2,1,18-25,38.0,High Usage
1880,Reliance Jio,M,40,Andhra Pradesh,Bangalore,526507,2030-02-23,4,57398,86.0,39.0,128.0,1,2030,2,1,36-45,125.0,Low Usage
1881,BSNL,F,70,Goa,Mumbai,466712,2030-02-24,2,57616,29.0,25.5,8516.0,0,2030,2,1,56+,54.5,High Usage
1882,Airtel,M,46,West Bengal,Hyderabad,881263,2030-02-25,1,122503,89.0,41.0,6416.0,0,2030,2,1,46-55,130.0,Medium Usage
1883,Reliance Jio,F,48,Maharashtra,Delhi,911679,2030-02-26,1,39107,3.0,39.0,5049.0,0,2030,2,1,46-55,42.0,Medium Usage
1884,Vodafone,M,68,Meghalaya,Hyderabad,538044,2030-02-27,3,46274,68.0,9.0,7764.0,0,2030,2,1,56+,77.0,High Usage
1885,Airtel,M,22,Karnataka,Chennai,616680,2030-02-28,2,103869,82.0,21.0,2145.0,1,2030,2,1,18-25,103.0,Low Usage
1886,BSNL,M,18,Himachal Pradesh,Delhi,118931,2030-03-01,1,32280,4.0,26.0,1591.0,0,2030,3,1,18-25,30.0,Low Usage
1887,BSNL,M,42,Meghalaya,Kolkata,909495,2030-03-02,4,86508,39.0,11.0,4738.0,0,2030,3,1,36-45,50.0,Medium Usage
1888,Reliance Jio,F,21,Jharkhand,Kolkata,804960,2030-03-03,0,75449,50.0,19.0,7250.0,0,2030,3,1,18-25,69.0,High Usage
1889,BSNL,M,24,Telangana,Delhi,253218,2030-03-04,3,89739,31.0,26.0,8200.0,0,2030,3,1,18-25,57.0,High Usage
1890,BSNL,M,47,Haryana,Bangalore,408950,2030-03-05,4,45528,75.0,25.0,7079.0,0,2030,3,1,46-55,100.0,High Usage
1891,Vodafone,F,71,Madhya Pradesh,Chennai,521555,2030-03-06,0,102871,24.0,21.0,786.0,0,2030,3,1,56+,45.0,Low Usage
1892,BSNL,F,72,Punjab,Bangalore,481172,2030-03-07,2,53394,57.0,29.0,9108.0,1,2030,3,1,56+,86.0,High Usage
1893,BSNL,F,38,Sikkim,Hyderabad,207437,2030-03-08,3,47717,86.0,38.0,5277.0,0,2030,3,1,36-45,124.0,Medium Usage
1894,BSNL,M,54,Maharashtra,Chennai,739112,2030-03-09,2,48833,47.0,15.0,377.0,0,2030,3,1,46-55,62.0,Low Usage
1895,BSNL,F,35,Meghalaya,Bangalore,366153,2030-03-10,2,112654,66.0,0.0,3173.0,0,2030,3,1,26-35,66.0,Low Usage
1896,Vodafone,F,22,Tripura,Delhi,563386,2030-03-11,4,80792,2.0,49.0,5158.0,0,2030,3,1,18-25,51.0,Medium Usage
1897,Reliance Jio,M,47,Gujarat,Bangalore,565016,2030-03-12,2,131268,23.0,16.0,8355.0,0,2030,3,1,46-55,39.0,High Usage
1898,Reliance Jio,M,68,Andhra Pradesh,Bangalore,141364,2030-03-13,3,86050,78.0,43.0,1517.0,0,2030,3,1,56+,121.0,Low Usage
1899,Vodafone,F,56,Nagaland,Hyderabad,632665,2030-03-14,2,21390,31.0,16.0,128.0,1,2030,3,1,56+,47.0,Low Usage
1900,Airtel,F,51,Bihar,Chennai,742243,2030-03-15,2,141815,51.0,27.0,10138.0,0,2030,3,1,46-55,78.0,High Usage
1901,Reliance Jio,M,45,Himachal Pradesh,Hyderabad,653606,2030-03-16,1,28958,71.0,25.5,9392.0,0,2030,3,1,36-45,96.5,High Usage
1902,BSNL,F,60,Tamil Nadu,Mumbai,754045,2030-03-17,1,91464,68.0,34.0,10.0,0,2030,3,1,56+,102.0,Low Usage
1903,Reliance Jio,M,65,Kerala,Hyderabad,675037,2030-03-18,0,32208,43.0,5.0,3501.0,0,2030,3,1,56+,48.0,Low Usage
1904,BSNL,M,71,Nagaland,Bangalore,264402,2030-03-19,0,26018,58.0,30.0,3924.0,0,2030,3,1,56+,88.0,Medium Usage
1905,Reliance Jio,M,48,Manipur,Hyderabad,316475,2030-03-20,2,120689,57.0,44.0,8993.0,0,2030,3,1,46-55,101.0,High Usage
1906,Vodafone,F,50,Madhya Pradesh,Mumbai,783292,2030-03-21,4,22815,40.0,42.0,8272.0,0,2030,3,1,46-55,82.0,High Usage
1907,Reliance Jio,F,27,Tripura,Hyderabad,147168,2030-03-22,2,104200,45.0,3.0,5939.0,0,2030,3,1,26-35,48.0,Medium Usage
1908,Reliance Jio,M,28,Uttar Pradesh,Chennai,708434,2030-03-23,0,43082,16.0,32.0,7501.0,0,2030,3,1,26-35,48.0,High Usage
1909,Vodafone,F,69,Uttar Pradesh,Kolkata,412774,2030-03-24,1,56862,41.0,30.0,4874.0,0,2030,3,1,56+,71.0,Medium Usage
1910,Airtel,M,45,Telangana,Chennai,991807,2030-03-25,4,110129,91.0,44.0,8163.0,1,2030,3,1,36-45,135.0,High Usage
1911,Vodafone,F,45,Jharkhand,Hyderabad,395071,2030-03-26,1,145180,54.0,10.0,2303.0,1,2030,3,1,36-45,64.0,Low Usage
1912,Vodafone,F,28,Uttarakhand,Mumbai,167134,2030-03-27,0,88858,82.0,44.0,4951.0,0,2030,3,1,26-35,126.0,Medium Usage
1913,Vodafone,M,26,Sikkim,Delhi,934819,2030-03-28,0,82040,45.0,1.0,6660.0,1,2030,3,1,26-35,46.0,High Usage
1914,Reliance Jio,M,61,Himachal Pradesh,Bangalore,651649,2030-03-29,3,129554,71.0,38.0,755.0,0,2030,3,1,56+,109.0,Low Usage
1915,Reliance Jio,F,53,Arunachal Pradesh,Kolkata,373184,2030-03-30,3,56172,28.0,38.0,4506.0,0,2030,3,1,46-55,66.0,Medium Usage
1916,Airtel,M,39,Arunachal Pradesh,Mumbai,154920,2030-03-31,1,86599,68.0,37.0,2916.0,0,2030,3,1,36-45,105.0,Low Usage
1917,BSNL,M,53,Andhra Pradesh,Chennai,380461,2030-04-01,3,144266,50.0,17.0,8939.0,0,2030,4,2,46-55,67.0,High Usage
1918,Reliance Jio,F,68,Maharashtra,Chennai,835812,2030-04-02,0,121470,28.0,15.0,5302.0,0,2030,4,2,56+,43.0,Medium Usage
1919,Airtel,F,25,Sikkim,Chennai,574253,2030-04-03,2,83998,16.0,8.0,6071.0,0,2030,4,2,18-25,24.0,Medium Usage
1920,Reliance Jio,M,18,Tamil Nadu,Hyderabad,476266,2030-04-04,1,44499,13.0,46.0,9355.0,0,2030,4,2,18-25,59.0,High Usage
1921,Vodafone,M,25,Punjab,Bangalore,167127,2030-04-05,1,79685,35.0,1.0,6654.0,0,2030,4,2,18-25,36.0,High Usage
1922,Reliance Jio,M,49,Telangana,Mumbai,831507,2030-04-06,1,92683,9.0,28.0,4840.0,0,2030,4,2,46-55,37.0,Medium Usage
1923,Reliance Jio,M,56,Arunachal Pradesh,Hyderabad,284578,2030-04-07,2,140105,85.0,11.0,1715.0,0,2030,4,2,56+,96.0,Low Usage
1924,Airtel,M,24,Madhya Pradesh,Delhi,219751,2030-04-08,3,70218,87.0,35.0,5307.0,0,2030,4,2,18-25,122.0,Medium Usage
1925,BSNL,F,61,Tripura,Hyderabad,575259,2030-04-09,3,55337,54.0,48.0,9123.0,1,2030,4,2,56+,102.0,High Usage
1926,Vodafone,M,73,Tripura,Mumbai,911966,2030-04-10,2,26301,104.0,5.0,1731.0,0,2030,4,2,56+,109.0,Low Usage
1927,BSNL,F,73,Tripura,Chennai,419493,2030-04-11,2,25197,60.0,25.5,5319.0,0,2030,4,2,56+,85.5,Medium Usage
1928,Vodafone,F,70,Nagaland,Mumbai,809048,2030-04-12,3,104916,35.0,46.0,3839.0,0,2030,4,2,56+,81.0,Medium Usage
1929,Vodafone,M,57,Kerala,Kolkata,430529,2030-04-13,0,68033,51.0,16.0,3379.0,0,2030,4,2,56+,67.0,Low Usage
1930,Airtel,M,43,Odisha,Bangalore,446707,2030-04-14,3,84130,29.0,17.0,2253.0,1,2030,4,2,36-45,46.0,Low Usage
1931,Vodafone,F,21,Odisha,Mumbai,416561,2030-04-15,4,81209,20.0,40.0,5410.0,0,2030,4,2,18-25,60.0,Medium Usage
1932,BSNL,F,19,Telangana,Hyderabad,100759,2030-04-16,3,55624,60.0,15.0,7122.0,0,2030,4,2,18-25,75.0,High Usage
1933,Airtel,M,39,Maharashtra,Mumbai,803897,2030-04-17,4,38804,79.0,22.0,8679.0,0,2030,4,2,36-45,101.0,High Usage
1934,Vodafone,F,40,Gujarat,Chennai,337469,2030-04-18,1,70946,73.0,20.0,705.0,0,2030,4,2,36-45,93.0,Low Usage
1935,Vodafone,M,50,Sikkim,Hyderabad,423837,2030-04-19,0,80414,6.0,42.0,5995.0,0,2030,4,2,46-55,48.0,Medium Usage
1936,Vodafone,M,73,Mizoram,Bangalore,988587,2030-04-20,2,99327,99.0,5.0,4445.0,0,2030,4,2,56+,104.0,Medium Usage
1937,Vodafone,M,20,Odisha,Delhi,918122,2030-04-21,2,64490,81.0,32.0,4252.0,0,2030,4,2,18-25,113.0,Medium Usage
1938,Vodafone,M,69,Tamil Nadu,Mumbai,868565,2030-04-22,4,71845,29.0,6.0,1804.0,0,2030,4,2,56+,35.0,Low Usage
1939,Airtel,M,27,Jharkhand,Chennai,475724,2030-04-23,1,83902,25.0,14.0,8292.0,0,2030,4,2,26-35,39.0,High Usage
1940,BSNL,F,43,Punjab,Bangalore,311597,2030-04-24,3,115919,38.0,52.0,7173.0,1,2030,4,2,36-45,90.0,High Usage
1941,Airtel,F,26,Haryana,Kolkata,224344,2030-04-25,1,116168,90.0,48.0,7715.0,0,2030,4,2,26-35,138.0,High Usage
1942,Vodafone,M,28,Tripura,Mumbai,471290,2030-04-26,3,110814,50.0,3.0,878.0,0,2030,4,2,26-35,53.0,Low Usage
1943,BSNL,M,30,Jharkhand,Bangalore,928539,2030-04-27,3,144501,96.0,34.0,6042.0,0,2030,4,2,26-35,130.0,Medium Usage
1944,Airtel,F,26,Tripura,Chennai,468939,2030-04-28,1,130018,2.0,1.0,6499.0,0,2030,4,2,26-35,3.0,Medium Usage
1945,Vodafone,F,64,Goa,Chennai,929345,2030-04-29,2,64876,52.0,42.0,7836.0,0,2030,4,2,56+,94.0,High Usage
1946,BSNL,M,66,Arunachal Pradesh,Mumbai,214388,2030-04-30,4,51353,46.0,12.0,6546.0,0,2030,4,2,56+,58.0,Medium Usage
1947,Vodafone,F,66,Assam,Kolkata,516757,2030-05-01,3,65285,70.0,48.0,9140.0,0,2030,5,2,56+,118.0,High Usage
1948,Reliance Jio,M,74,Andhra Pradesh,Hyderabad,155793,2030-05-02,4,32582,38.0,17.0,4957.0,0,2030,5,2,56+,55.0,Medium Usage
1949,Vodafone,M,31,Sikkim,Delhi,615786,2030-05-03,2,123297,50.0,39.0,1995.0,0,2030,5,2,26-35,89.0,Low Usage
1950,BSNL,M,36,Uttar Pradesh,Delhi,313025,2030-05-04,1,62169,28.0,35.0,10648.0,1,2030,5,2,36-45,63.0,High Usage
1951,Vodafone,M,46,West Bengal,Bangalore,984848,2030-05-05,3,69211,64.0,17.0,10225.0,0,2030,5,2,46-55,81.0,High Usage
1952,BSNL,F,19,Tripura,Delhi,404057,2030-05-06,1,64656,10.0,9.0,7911.0,1,2030,5,2,18-25,19.0,High Usage
1953,BSNL,F,73,Rajasthan,Delhi,675816,2030-05-07,2,44639,60.0,18.0,7504.0,0,2030,5,2,56+,78.0,High Usage
1954,BSNL,M,48,Uttarakhand,Hyderabad,676979,2030-05-08,0,30360,71.0,9.0,6466.0,0,2030,5,2,46-55,80.0,Medium Usage
1955,Vodafone,M,56,Madhya Pradesh,Hyderabad,969302,2030-05-09,2,129797,27.0,16.0,6148.0,0,2030,5,2,56+,43.0,Medium Usage
1956,Vodafone,F,63,Andhra Pradesh,Bangalore,534314,2030-05-10,1,70706,56.0,45.0,8481.0,0,2030,5,2,56+,101.0,High Usage
1957,Reliance Jio,F,44,Telangana,Chennai,876585,2030-05-11,3,51568,55.0,13.0,10566.0,0,2030,5,2,36-45,68.0,High Usage
1958,Vodafone,M,22,Arunachal Pradesh,Kolkata,609595,2030-05-12,1,64667,79.0,18.0,3679.0,1,2030,5,2,18-25,97.0,Medium Usage
1959,Vodafone,F,33,Jharkhand,Mumbai,705213,2030-05-13,3,137576,73.0,4.0,2162.0,0,2030,5,2,26-35,77.0,Low Usage
1960,Reliance Jio,F,47,Haryana,Kolkata,472988,2030-05-14,2,76701,90.0,22.0,7381.0,1,2030,5,2,46-55,112.0,High Usage
1961,Airtel,F,49,Goa,Delhi,563034,2030-05-15,3,77004,22.0,28.0,8535.0,0,2030,5,2,46-55,50.0,High Usage
1962,BSNL,F,20,Tamil Nadu,Kolkata,932522,2030-05-16,0,89342,83.0,15.0,6705.0,0,2030,5,2,18-25,98.0,High Usage
1963,BSNL,M,30,Uttarakhand,Kolkata,332570,2030-05-17,0,105619,55.0,49.0,3282.0,0,2030,5,2,26-35,104.0,Low Usage
1964,Vodafone,M,71,Arunachal Pradesh,Chennai,465888,2030-05-18,1,50871,19.0,20.0,3414.0,0,2030,5,2,56+,39.0,Low Usage
1965,Vodafone,M,41,Maharashtra,Mumbai,682263,2030-05-19,4,93860,59.0,10.0,6732.0,0,2030,5,2,36-45,69.0,High Usage
1966,Airtel,M,44,Madhya Pradesh,Bangalore,791360,2030-05-20,2,148772,4.0,3.0,4717.0,0,2030,5,2,36-45,7.0,Medium Usage
1967,BSNL,F,39,Punjab,Kolkata,334209,2030-05-21,0,106354,7.0,28.0,8199.0,0,2030,5,2,36-45,35.0,High Usage
1968,Reliance Jio,F,71,Mizoram,Delhi,355988,2030-05-22,1,61670,10.0,35.0,7396.0,0,2030,5,2,56+,45.0,High Usage
1969,Reliance Jio,F,69,Sikkim,Hyderabad,804554,2030-05-23,3,94543,16.0,19.0,1829.0,1,2030,5,2,56+,35.0,Low Usage
1970,BSNL,F,34,Telangana,Hyderabad,302141,2030-05-24,3,142687,30.0,15.0,7487.0,0,2030,5,2,26-35,45.0,High Usage
1971,Reliance Jio,M,65,Manipur,Chennai,417062,2030-05-25,0,50815,60.0,51.0,1129.0,0,2030,5,2,56+,111.0,Low Usage
1972,Vodafone,F,20,Sikkim,Mumbai,918326,2030-05-26,0,135674,84.0,14.0,484.0,0,2030,5,2,18-25,98.0,Low Usage
1973,BSNL,M,63,Himachal Pradesh,Chennai,556970,2030-05-27,1,100825,51.0,30.0,9713.0,1,2030,5,2,56+,81.0,High Usage
1974,Reliance Jio,F,73,Uttar Pradesh,Chennai,577363,2030-05-28,4,139149,57.0,41.0,8865.0,0,2030,5,2,56+,98.0,High Usage
1975,Airtel,F,38,Manipur,Mumbai,152524,2030-05-29,3,62604,12.0,29.0,3136.0,0,2030,5,2,36-45,41.0,Low Usage
1976,Airtel,F,51,Assam,Kolkata,697557,2030-05-30,3,96281,52.0,16.0,8894.0,0,2030,5,2,46-55,68.0,High Usage
1977,BSNL,M,52,Uttar Pradesh,Kolkata,989787,2030-05-31,4,148649,67.0,19.0,8431.0,0,2030,5,2,46-55,86.0,High Usage
1978,BSNL,M,61,Kerala,Hyderabad,281572,2030-06-01,2,120004,61.0,25.5,4036.0,0,2030,6,2,56+,86.5,Medium Usage
1979,BSNL,F,32,Himachal Pradesh,Chennai,917706,2030-06-02,2,108181,36.0,44.0,928.0,0,2030,6,2,26-35,80.0,Low Usage
1980,Vodafone,M,35,Maharashtra,Kolkata,937880,2030-06-03,3,23918,62.0,14.0,6708.0,0,2030,6,2,26-35,76.0,High Usage
1981,Vodafone,M,35,Karnataka,Hyderabad,946460,2030-06-04,0,60908,41.0,29.0,8806.0,0,2030,6,2,26-35,70.0,High Usage
1982,Vodafone,F,23,Telangana,Delhi,156621,2030-06-05,4,62924,50.0,23.0,8988.0,0,2030,6,2,18-25,73.0,High Usage
1983,Vodafone,F,58,Sikkim,Mumbai,880509,2030-06-06,0,118698,9.0,40.0,4992.0,0,2030,6,2,56+,49.0,Medium Usage
1984,Airtel,M,60,Bihar,Delhi,469908,2030-06-07,2,77272,38.0,38.0,991.0,0,2030,6,2,56+,76.0,Low Usage
1985,BSNL,F,37,Uttar Pradesh,Kolkata,878220,2030-06-08,1,30992,14.0,46.0,4322.0,1,2030,6,2,36-45,60.0,Medium Usage
1986,Reliance Jio,M,29,Tamil Nadu,Hyderabad,351332,2030-06-09,2,127276,61.0,7.0,2951.0,0,2030,6,2,26-35,68.0,Low Usage
1987,Vodafone,M,34,West Bengal,Kolkata,831462,2030-06-10,2,103621,8.0,5.0,200.0,0,2030,6,2,26-35,13.0,Low Usage
1988,Vodafone,F,70,Uttar Pradesh,Kolkata,792550,2030-06-11,0,114345,18.0,7.0,7835.0,0,2030,6,2,56+,25.0,High Usage
1989,Reliance Jio,M,64,Sikkim,Chennai,587493,2030-06-12,3,94315,13.0,10.0,6184.0,1,2030,6,2,56+,23.0,Medium Usage
1990,Reliance Jio,M,58,Goa,Hyderabad,786210,2030-06-13,3,101106,67.0,8.0,7661.0,0,2030,6,2,56+,75.0,High Usage
1991,BSNL,M,41,Manipur,Kolkata,203540,2030-06-14,3,23033,102.0,43.0,5722.0,0,2030,6,2,36-45,145.0,Medium Usage
1992,BSNL,F,56,Tripura,Delhi,538124,2030-06-15,0,89499,89.0,20.0,6312.0,0,2030,6,2,56+,109.0,Medium Usage
1993,Airtel,M,47,Arunachal Pradesh,Mumbai,199291,2030-06-16,3,65190,67.0,45.0,4548.0,0,2030,6,2,46-55,112.0,Medium Usage
1994,Reliance Jio,F,54,Punjab,Hyderabad,202851,2030-06-17,4,87997,5.0,17.0,9129.0,0,2030,6,2,46-55,22.0,High Usage
1995,BSNL,F,50,Meghalaya,Mumbai,419636,2030-06-18,1,131919,23.0,31.0,9276.0,0,2030,6,2,46-55,54.0,High Usage
1996,BSNL,M,63,Sikkim,Bangalore,752376,2030-06-19,4,61767,52.0,8.0,6849.0,1,2030,6,2,56+,60.0,High Usage
1997,Vodafone,F,43,Uttarakhand,Kolkata,987131,2030-06-20,3,91850,34.0,11.0,10016.0,0,2030,6,2,36-45,45.0,High Usage
1998,Airtel,F,52,Sikkim,Chennai,500372,2030-06-21,0,37767,45.0,17.0,108.0,0,2030,6,2,46-55,62.0,Low Usage
1999,BSNL,F,25,Tamil Nadu,Hyderabad,145542,2030-06-22,0,81818,53.0,5.0,702.0,0,2030,6,2,18-25,58.0,Low Usage
2000,BSNL,M,22,Arunachal Pradesh,Bangalore,393809,2030-06-23,4,72913,87.0,35.0,5830.0,0,2030,6,2,18-25,122.0,Medium Usage
2001,Airtel,F,60,Bihar,Delhi,435246,2030-06-24,3,25768,63.0,25.5,10097.0,1,2030,6,2,56+,88.5,High Usage
2002,Vodafone,F,33,Tamil Nadu,Hyderabad,662911,2030-06-25,3,118877,47.0,25.0,3616.0,0,2030,6,2,26-35,72.0,Medium Usage
2003,BSNL,M,31,Odisha,Chennai,330764,2030-06-26,0,36864,89.0,42.0,6304.0,0,2030,6,2,26-35,131.0,Medium Usage
2004,BSNL,F,52,Uttar Pradesh,Chennai,572517,2030-06-27,1,66600,94.0,1.0,5840.0,0,2030,6,2,46-55,95.0,Medium Usage
2005,Vodafone,M,50,Uttarakhand,Delhi,653615,2030-06-28,1,61055,41.0,27.0,8963.0,0,2030,6,2,46-55,68.0,High Usage
2006,BSNL,F,22,Gujarat,Bangalore,238582,2030-06-29,0,75879,100.0,11.0,5049.0,1,2030,6,2,18-25,111.0,Medium Usage
2007,Vodafone,F,47,Bihar,Mumbai,817334,2030-06-30,1,88258,6.0,41.0,10044.0,0,2030,6,2,46-55,47.0,High Usage
2008,Reliance Jio,M,57,Nagaland,Delhi,348793,2030-07-01,0,87316,80.0,37.0,1219.0,0,2030,7,3,56+,117.0,Low Usage
2009,BSNL,M,36,Bihar,Hyderabad,931686,2030-07-02,1,147354,68.0,3.0,811.0,0,2030,7,3,36-45,71.0,Low Usage
2010,Vodafone,F,19,Jharkhand,Kolkata,948396,2030-07-03,4,47689,45.0,8.0,946.0,1,2030,7,3,18-25,53.0,Low Usage
2011,Vodafone,M,18,Mizoram,Chennai,342637,2030-07-04,1,114088,14.0,13.0,580.0,0,2030,7,3,18-25,27.0,Low Usage
2012,Reliance Jio,F,58,Gujarat,Hyderabad,710931,2030-07-05,2,133830,98.0,48.0,10760.0,0,2030,7,3,56+,146.0,High Usage
2013,Airtel,M,26,Uttarakhand,Delhi,571308,2030-07-06,4,115425,18.0,49.0,7613.0,0,2030,7,3,26-35,67.0,High Usage
2014,Reliance Jio,F,42,Jharkhand,Hyderabad,865730,2030-07-07,1,146831,93.0,27.0,6147.0,0,2030,7,3,36-45,120.0,Medium Usage
2015,Airtel,M,74,Odisha,Kolkata,906539,2030-07-08,4,125776,27.0,38.0,1498.0,0,2030,7,3,56+,65.0,Low Usage
2016,Airtel,F,63,Manipur,Bangalore,825602,2030-07-09,4,51407,17.0,52.0,9605.0,0,2030,7,3,56+,69.0,High Usage
2017,Airtel,M,46,Manipur,Mumbai,378267,2030-07-10,1,47668,53.0,29.0,2560.0,0,2030,7,3,46-55,82.0,Low Usage
2018,Airtel,F,71,Gujarat,Kolkata,342766,2030-07-11,0,141793,41.0,43.0,6203.0,0,2030,7,3,56+,84.0,Medium Usage
2019,BSNL,F,28,Odisha,Chennai,473822,2030-07-12,4,41009,86.0,34.0,6959.0,0,2030,7,3,26-35,120.0,High Usage
2020,Vodafone,M,38,Nagaland,Mumbai,246508,2030-07-13,4,106360,49.0,25.5,2164.0,0,2030,7,3,36-45,74.5,Low Usage
2021,BSNL,M,44,Himachal Pradesh,Mumbai,849245,2030-07-14,3,136429,49.0,15.0,6512.0,1,2030,7,3,36-45,64.0,Medium Usage
2022,Reliance Jio,M,33,West Bengal,Hyderabad,432870,2030-07-15,1,53651,61.0,25.5,1950.0,1,2030,7,3,26-35,86.5,Low Usage
2023,Airtel,M,74,Bihar,Chennai,275328,2030-07-16,0,126393,55.0,28.0,2708.0,1,2030,7,3,56+,83.0,Low Usage
2024,Vodafone,F,20,Tripura,Delhi,720926,2030-07-17,4,125870,47.0,7.0,7268.0,1,2030,7,3,18-25,54.0,High Usage
2025,Reliance Jio,F,57,Goa,Mumbai,620870,2030-07-18,2,99487,60.0,25.5,5049.0,0,2030,7,3,56+,85.5,Medium Usage
2026,Vodafone,M,24,Uttarakhand,Chennai,863833,2030-07-19,1,91147,12.0,16.0,2743.0,0,2030,7,3,18-25,28.0,Low Usage
