customer_id,telecom_partner,gender,age,state,city,pincode,date_of_registration,num_dependents,estimated_salary,calls_made,sms_sent,data_used,churn
1,Reliance Jio,F,25,Karnataka,Kolkata,755597,01-01-2025,4,124962,44.0,45.0,5049.0,0
2,Reliance Jio,F,55,Mizoram,Mumbai,125926,02-01-2025,2,130556,62.0,39.0,5973.0,0
3,Vodafone,F,57,Arunachal Pradesh,Delhi,423976,03-01-2025,0,148828,49.0,24.0,193.0,1
4,BSNL,M,46,Tamil Nadu,Kolkata,522841,04-01-2025,1,38722,80.0,25.0,9377.0,1
5,BSNL,F,26,Tripura,Delhi,740247,05-01-2025,2,55098,78.0,15.0,1393.0,0
6,Vodafone,M,36,Uttarakhand,Chennai,120612,06-01-2025,1,73452,91.0,24.0,8109.0,0
7,BSNL,F,60,Karnataka,Delhi,609616,07-01-2025,1,110035,36.0,13.0,8512.0,0
8,BSNL,M,46,Arunachal Pradesh,Kolkata,866786,08-01-2025,4,104541,87.0,40.0,2245.0,1
9,Reliance Jio,F,53,Himachal Pradesh,Mumbai,765257,09-01-2025,2,79439,34.0,12.0,10039.0,0
10,BSNL,F,57,Rajasthan,Mumbai,506308,10-01-2025,0,126422,61.0,33.0,567.0,0
11,Airtel,M,44,Uttarakhand,Chennai,776250,11-01-2025,0,133288,7.0,7.0,1275.0,1
12,Airtel,M,56,Odisha,Mumbai,642121,12-01-2025,4,135129,39.0,51.0,7644.0,0
13,Vodafone,F,64,Uttar Pradesh,Hyderabad,339770,13-01-2025,4,136967,40.0,4.0,1911.0,0
14,Vodafone,F,70,Chhattisgarh,Kolkata,711206,14-01-2025,0,140219,50.0,17.0,7727.0,0
15,Vodafone,F,38,Uttar Pradesh,Delhi,546253,15-01-2025,1,147805,86.0,20.0,8058.0,0
16,BSNL,M,22,Tamil Nadu,Mumbai,437585,16-01-2025,3,100340,88.0,40.0,6303.0,0
17,Vodafone,M,61,Himachal Pradesh,Hyderabad,734068,17-01-2025,2,59723,16.0,42.0,8157.0,1
18,Reliance Jio,M,59,Madhya Pradesh,Hyderabad,940945,18-01-2025,1,101694,80.0,20.0,2605.0,0
19,Airtel,F,47,Manipur,Delhi,630028,19-01-2025,1,138037,60.0,28.0,1432.0,0
20,Vodafone,M,26,Uttar Pradesh,Hyderabad,516585,20-01-2025,1,109753,95.0,25.5,9993.0,0
21,Vodafone,F,58,Goa,Bangalore,316225,21-01-2025,1,118578,94.0,50.0,2214.0,0
22,Vodafone,M,66,West Bengal,Bangalore,504153,22-01-2025,2,64468,57.0,10.0,8141.0,0
23,BSNL,F,26,Arunachal Pradesh,Chennai,893238,23-01-2025,0,65263,79.0,0.0,4426.0,0
24,Reliance Jio,F,71,Gujarat,Bangalore,264045,24-01-2025,1,110373,25.0,24.0,2533.0,0
25,Reliance Jio,M,48,Telangana,Delhi,941207,25-01-2025,2,114923,43.0,8.0,5994.0,0
26,Airtel,F,48,Mizoram,Chennai,651699,26-01-2025,0,94683,28.0,48.0,6434.0,1
27,Vodafone,M,58,Himachal Pradesh,Delhi,133421,27-01-2025,3,50853,36.0,5.0,5604.0,0
28,BSNL,M,20,Karnataka,Delhi,801389,28-01-2025,2,133235,99.0,4.0,5044.0,0
29,Airtel,M,64,Gujarat,Kolkata,106829,29-01-2025,2,103868,20.0,39.0,8314.0,0
30,Reliance Jio,M,53,Maharashtra,Kolkata,270313,30-01-2025,4,61335,4.0,45.0,7268.0,0
31,Vodafone,M,29,Chhattisgarh,Kolkata,316582,31-01-2025,2,86124,65.0,22.0,7592.0,0
32,Airtel,M,73,Gujarat,Chennai,832883,01-02-2025,4,61329,25.0,29.0,1479.0,1
33,BSNL,F,66,Telangana,Mumbai,523021,02-02-2025,3,104227,93.0,6.0,837.0,0
34,BSNL,F,31,Haryana,Bangalore,830078,03-02-2025,2,106097,89.0,25.5,3927.0,0
35,Vodafone,M,58,West Bengal,Kolkata,856084,04-02-2025,2,104291,51.0,8.0,8662.0,0
36,Reliance Jio,F,62,Madhya Pradesh,Delhi,875931,05-02-2025,0,90788,46.0,29.0,4532.0,0
37,BSNL,M,73,Andhra Pradesh,Bangalore,717172,06-02-2025,1,40437,77.0,6.0,4239.0,0
38,BSNL,M,52,Telangana,Bangalore,947518,07-02-2025,2,69301,69.0,44.0,528.0,1
39,Reliance Jio,M,69,Gujarat,Chennai,712223,08-02-2025,1,87166,92.0,15.0,5049.0,0
40,BSNL,F,26,Sikkim,Mumbai,106161,09-02-2025,4,104164,62.0,39.0,8305.0,0
41,Reliance Jio,M,26,Madhya Pradesh,Hyderabad,974052,10-02-2025,3,71542,16.0,27.0,1660.0,1
42,Reliance Jio,M,33,Rajasthan,Mumbai,638965,11-02-2025,0,119789,102.0,51.0,8639.0,0
43,Airtel,M,48,Odisha,Chennai,504372,12-02-2025,2,126147,0.0,24.0,3310.0,0
44,Airtel,F,42,Gujarat,Bangalore,983359,13-02-2025,3,71532,75.0,16.0,2998.0,0
45,BSNL,F,53,Assam,Kolkata,417695,14-02-2025,0,45828,87.0,30.0,4939.0,0
46,Airtel,F,55,Himachal Pradesh,Hyderabad,606590,15-02-2025,2,132122,96.0,31.0,3183.0,0
47,Vodafone,M,33,West Bengal,Chennai,657984,16-02-2025,4,115283,77.0,36.0,3491.0,0
48,BSNL,M,52,West Bengal,Bangalore,730830,17-02-2025,0,75578,46.0,42.0,4853.0,0
49,Vodafone,F,26,Mizoram,Chennai,839294,18-02-2025,0,145508,88.0,51.0,8790.0,0
50,Vodafone,F,40,Sikkim,Hyderabad,522390,19-02-2025,3,102431,56.0,12.0,754.0,0
51,BSNL,F,30,Tripura,Hyderabad,517218,20-02-2025,3,86402,16.0,27.0,4865.0,1
52,Reliance Jio,F,35,Mizoram,Delhi,512762,21-02-2025,4,47529,51.0,8.0,7563.0,0
53,Reliance Jio,M,28,Madhya Pradesh,Mumbai,688718,22-02-2025,3,87586,31.0,19.0,10131.0,0
54,Vodafone,M,70,Uttar Pradesh,Chennai,937192,23-02-2025,2,104134,66.0,20.0,1477.0,0
55,BSNL,F,49,Jharkhand,Chennai,462840,24-02-2025,3,25655,32.0,0.0,2756.0,0
56,Reliance Jio,M,43,Telangana,Mumbai,350531,25-02-2025,3,131771,92.0,27.0,3903.0,0
57,BSNL,M,30,Kerala,Hyderabad,153029,26-02-2025,2,21510,70.0,38.0,1141.0,0
58,Vodafone,F,59,Arunachal Pradesh,Kolkata,515124,27-02-2025,0,54488,20.0,17.0,9285.0,1
59,BSNL,F,35,Uttar Pradesh,Bangalore,826709,28-02-2025,3,73419,61.0,29.0,5040.0,0
60,Reliance Jio,M,18,Chhattisgarh,Bangalore,438015,01-03-2025,0,59727,80.0,16.0,1683.0,0
61,Vodafone,F,42,Karnataka,Kolkata,907782,02-03-2025,2,119872,3.0,17.0,3451.0,0
62,Reliance Jio,F,71,Uttarakhand,Hyderabad,306394,03-03-2025,3,136576,14.0,48.0,5372.0,0
63,BSNL,F,25,Mizoram,Hyderabad,145498,04-03-2025,1,119513,33.0,19.0,6143.0,0
64,Airtel,M,40,West Bengal,Kolkata,234208,05-03-2025,1,88703,30.0,48.0,484.0,1
65,Vodafone,F,44,Mizoram,Kolkata,572957,06-03-2025,1,95271,40.0,9.0,2542.0,0
66,BSNL,F,47,Himachal Pradesh,Hyderabad,834880,07-03-2025,0,37927,42.0,31.0,6702.0,0
67,Vodafone,F,53,Mizoram,Mumbai,422748,08-03-2025,3,138704,83.0,49.0,8023.0,0
68,Vodafone,F,72,Punjab,Kolkata,646678,09-03-2025,1,124607,25.0,38.0,4867.0,0
69,Airtel,M,39,Kerala,Mumbai,413226,10-03-2025,2,121809,50.0,13.0,8728.0,0
70,Reliance Jio,M,28,Kerala,Chennai,520338,11-03-2025,2,34463,36.0,6.0,5049.0,0
71,BSNL,M,50,West Bengal,Delhi,250131,12-03-2025,4,83907,29.0,11.0,8198.0,0
72,Vodafone,F,31,Tamil Nadu,Chennai,534099,13-03-2025,1,54302,105.0,15.0,166.0,0
73,BSNL,F,43,Uttarakhand,Delhi,554046,14-03-2025,4,101224,33.0,44.0,5049.0,0
74,Vodafone,F,59,Maharashtra,Mumbai,787762,15-03-2025,4,63041,45.0,45.0,4405.0,0
75,Airtel,M,61,Manipur,Kolkata,982413,16-03-2025,4,98314,78.0,29.0,1369.0,0
76,BSNL,M,34,Kerala,Chennai,273053,17-03-2025,0,127804,59.0,16.0,3488.0,0
77,BSNL,M,44,Mizoram,Bangalore,883211,18-03-2025,1,147453,20.0,35.0,5049.0,0
78,Vodafone,M,24,Assam,Kolkata,342769,19-03-2025,4,86828,57.0,29.0,7743.0,0
79,Reliance Jio,M,61,Jharkhand,Chennai,491303,20-03-2025,0,43619,39.0,35.0,9625.0,1
80,BSNL,F,64,Sikkim,Mumbai,295488,21-03-2025,2,113686,91.0,19.0,1682.0,0
81,Vodafone,M,25,Mizoram,Bangalore,644267,22-03-2025,2,131010,27.0,42.0,8155.0,1
82,Reliance Jio,M,42,Nagaland,Kolkata,567807,23-03-2025,4,135489,66.0,10.0,5821.0,1
83,Vodafone,F,55,Arunachal Pradesh,Chennai,552365,24-03-2025,2,71817,3.0,18.0,3096.0,0
84,Reliance Jio,F,22,Assam,Hyderabad,848983,25-03-2025,2,47235,102.0,25.5,7785.0,0
85,Reliance Jio,M,31,Goa,Bangalore,998092,26-03-2025,4,92068,70.0,39.0,10269.0,0
86,Airtel,F,35,Assam,Hyderabad,209707,27-03-2025,4,72035,80.0,36.0,3496.0,0
87,Vodafone,F,55,Mizoram,Mumbai,896895,28-03-2025,3,111216,56.0,30.0,3507.0,0
88,Airtel,F,33,Himachal Pradesh,Kolkata,100889,29-03-2025,0,122987,78.0,4.0,5049.0,1
89,BSNL,M,74,Manipur,Chennai,823520,30-03-2025,2,71227,55.0,0.0,1337.0,0
90,BSNL,M,39,Uttar Pradesh,Chennai,458766,31-03-2025,3,118200,22.0,8.0,10449.0,0
91,BSNL,M,28,Bihar,Bangalore,638325,01-04-2025,0,31297,36.0,25.5,2695.0,0
92,BSNL,F,22,Uttarakhand,Bangalore,760782,02-04-2025,1,118100,25.0,5.0,1467.0,0
93,Reliance Jio,F,62,Maharashtra,Chennai,829044,03-04-2025,2,20720,90.0,29.0,2963.0,0
94,Vodafone,F,52,Haryana,Hyderabad,298464,04-04-2025,1,100048,39.0,43.0,907.0,0
95,BSNL,M,42,Uttarakhand,Hyderabad,714661,05-04-2025,2,23948,29.0,43.0,359.0,0
96,Vodafone,M,62,Maharashtra,Mumbai,740775,06-04-2025,3,30472,76.0,36.0,5671.0,0
97,BSNL,M,22,Uttar Pradesh,Delhi,804886,07-04-2025,3,145001,71.0,43.0,9224.0,0
98,Reliance Jio,M,32,Uttar Pradesh,Kolkata,565688,08-04-2025,3,108307,14.0,35.0,1889.0,0
99,Vodafone,F,40,Rajasthan,Chennai,356048,09-04-2025,1,54706,101.0,5.0,3771.0,0
100,Airtel,M,59,Manipur,Hyderabad,879464,10-04-2025,2,144251,42.0,5.0,3497.0,1
101,Vodafone,M,44,Meghalaya,Mumbai,863937,11-04-2025,2,113584,42.0,41.0,729.0,0
102,Reliance Jio,M,68,Haryana,Hyderabad,388491,12-04-2025,0,96198,21.0,40.0,5271.0,0
103,BSNL,M,31,Madhya Pradesh,Delhi,283382,13-04-2025,1,73367,69.0,44.0,4943.0,0
104,Vodafone,F,61,Uttar Pradesh,Hyderabad,100027,14-04-2025,2,103051,15.0,22.0,8993.0,0
105,Vodafone,M,59,Uttar Pradesh,Delhi,620044,15-04-2025,1,82246,74.0,12.0,8560.0,0
106,Vodafone,M,70,Himachal Pradesh,Mumbai,837746,16-04-2025,3,28513,87.0,4.0,5021.0,1
107,Vodafone,F,58,Assam,Delhi,385096,17-04-2025,2,58870,98.0,40.0,7367.0,0
108,Airtel,F,30,Punjab,Delhi,736732,18-04-2025,1,93546,13.0,26.0,5049.0,0
109,Vodafone,M,27,Karnataka,Chennai,952589,19-04-2025,4,104285,52.0,25.0,1868.0,1
110,BSNL,M,36,Chhattisgarh,Delhi,635762,20-04-2025,3,53001,50.0,24.0,3695.0,0
111,Airtel,F,44,Maharashtra,Bangalore,208672,21-04-2025,4,107123,38.0,25.5,3529.0,0
112,BSNL,F,24,Nagaland,Mumbai,955447,22-04-2025,4,22814,96.0,30.0,9049.0,0
113,Reliance Jio,M,28,Bihar,Kolkata,150265,23-04-2025,0,54634,20.0,45.0,8572.0,0
114,Vodafone,M,65,Madhya Pradesh,Bangalore,726907,24-04-2025,4,102036,75.0,19.0,5169.0,0
115,Vodafone,F,60,Nagaland,Chennai,691617,25-04-2025,1,29859,25.0,26.0,3163.0,0
116,BSNL,M,68,Nagaland,Hyderabad,417409,26-04-2025,1,45577,44.0,9.0,3931.0,0
117,Reliance Jio,F,40,Nagaland,Chennai,197583,27-04-2025,1,85856,98.0,52.0,1781.0,0
118,Reliance Jio,M,24,Chhattisgarh,Chennai,872942,28-04-2025,1,66198,78.0,36.0,4517.0,0
119,Vodafone,F,72,Maharashtra,Kolkata,828452,29-04-2025,2,92886,79.0,23.0,3167.0,0
120,BSNL,M,18,Andhra Pradesh,Hyderabad,528993,30-04-2025,4,96992,93.0,3.0,5049.0,1
121,Vodafone,M,65,Chhattisgarh,Delhi,762562,01-05-2025,0,55114,65.0,33.0,214.0,0
122,Reliance Jio,M,23,Arunachal Pradesh,Mumbai,778646,02-05-2025,2,149464,73.0,22.0,5723.0,0
123,Vodafone,M,55,Kerala,Bangalore,265519,03-05-2025,3,126483,32.0,28.0,6919.0,0
124,Vodafone,F,64,Odisha,Mumbai,110486,04-05-2025,4,32570,53.0,25.0,6534.0,0
125,Vodafone,M,35,Manipur,Mumbai,804740,05-05-2025,3,35375,77.0,7.0,4195.0,0
126,Airtel,M,39,Mizoram,Kolkata,954531,06-05-2025,3,33619,25.0,52.0,3001.0,0
127,Reliance Jio,M,62,Punjab,Mumbai,788597,07-05-2025,3,56168,90.0,18.0,5658.0,0
128,BSNL,F,35,Uttar Pradesh,Hyderabad,152172,08-05-2025,0,22346,95.0,18.0,3927.0,0
129,Airtel,M,22,Andhra Pradesh,Mumbai,365201,09-05-2025,0,132796,68.0,23.0,2644.0,0
130,Vodafone,M,34,Haryana,Hyderabad,924432,10-05-2025,0,132240,57.0,42.0,7082.0,0
131,BSNL,F,53,Karnataka,Mumbai,892454,11-05-2025,1,107295,8.0,17.0,10401.0,0
132,Vodafone,M,35,Haryana,Mumbai,864506,12-05-2025,4,91207,43.0,31.0,7942.0,0
133,BSNL,M,53,Madhya Pradesh,Kolkata,158608,13-05-2025,3,93214,83.0,23.0,4015.0,0
134,Reliance Jio,M,37,Odisha,Bangalore,739980,14-05-2025,3,64145,10.0,26.0,5049.0,0
135,Airtel,F,63,Manipur,Kolkata,382481,15-05-2025,4,88523,22.0,9.0,6211.0,0
136,BSNL,M,65,Bihar,Mumbai,449353,16-05-2025,0,54114,37.0,39.0,2594.0,1
137,BSNL,M,19,Haryana,Bangalore,156611,17-05-2025,0,21407,85.0,21.0,5561.0,0
138,Reliance Jio,M,64,Himachal Pradesh,Chennai,670897,18-05-2025,3,56741,22.0,1.0,4821.0,1
139,Airtel,F,66,Karnataka,Delhi,773622,19-05-2025,4,43605,81.0,33.0,6244.0,0
140,Reliance Jio,M,68,Tamil Nadu,Bangalore,126830,20-05-2025,2,28548,98.0,33.0,1919.0,1
141,BSNL,M,48,Bihar,Chennai,873992,21-05-2025,4,145661,25.0,37.0,4236.0,0
142,Airtel,M,65,Jharkhand,Kolkata,240470,22-05-2025,4,106064,60.0,27.0,5329.0,0
143,Airtel,M,58,Kerala,Bangalore,931935,23-05-2025,2,102742,25.0,19.0,7841.0,1
144,Reliance Jio,M,49,Uttar Pradesh,Bangalore,759035,24-05-2025,0,145743,62.0,47.0,6075.0,0
145,Airtel,F,43,Manipur,Chennai,353042,25-05-2025,2,121818,43.0,27.0,7217.0,0
146,Vodafone,M,35,Tripura,Kolkata,320351,26-05-2025,2,24791,15.0,26.0,8421.0,0
147,Vodafone,M,44,Himachal Pradesh,Hyderabad,843578,27-05-2025,4,59042,15.0,34.0,4801.0,0
148,Reliance Jio,M,59,Uttarakhand,Kolkata,885229,28-05-2025,2,133539,30.0,8.0,2799.0,0
149,BSNL,F,50,Himachal Pradesh,Kolkata,272009,29-05-2025,0,128273,29.0,11.0,711.0,0
150,Reliance Jio,M,56,Telangana,Delhi,767351,30-05-2025,3,50807,41.0,25.5,5820.0,0
151,Reliance Jio,M,21,Rajasthan,Delhi,880311,31-05-2025,2,125880,56.0,42.0,3559.0,1
152,Reliance Jio,M,67,Assam,Bangalore,298721,01-06-2025,3,28846,18.0,49.0,10200.0,0
153,Vodafone,F,22,Sikkim,Hyderabad,690314,02-06-2025,2,42843,34.0,44.0,4217.0,0
154,Airtel,M,23,Haryana,Chennai,486947,03-06-2025,0,69382,85.0,19.0,5049.0,0
155,Reliance Jio,M,70,Arunachal Pradesh,Kolkata,973590,04-06-2025,0,53865,50.0,42.0,9856.0,0
156,Reliance Jio,M,23,Karnataka,Bangalore,972084,05-06-2025,4,27209,85.0,49.0,2101.0,0
157,Vodafone,F,72,Meghalaya,Bangalore,466929,06-06-2025,0,62577,13.0,24.0,5525.0,0
158,Airtel,F,47,Bihar,Hyderabad,654557,07-06-2025,4,126629,18.0,46.0,8353.0,0
159,Reliance Jio,M,38,Karnataka,Mumbai,417276,08-06-2025,3,140257,93.0,40.0,156.0,1
160,Airtel,M,72,Punjab,Mumbai,455642,09-06-2025,4,31235,55.0,5.0,312.0,0
161,Airtel,M,43,Haryana,Bangalore,633285,10-06-2025,2,113024,30.0,50.0,4057.0,0
162,Airtel,F,27,Goa,Mumbai,544679,11-06-2025,1,36886,89.0,11.0,168.0,0
163,BSNL,F,38,Meghalaya,Mumbai,872390,12-06-2025,0,99383,91.0,18.0,8555.0,0
164,Vodafone,F,68,Bihar,Delhi,850188,13-06-2025,0,113555,29.0,29.0,3274.0,0
165,Vodafone,F,30,Uttarakhand,Mumbai,582663,14-06-2025,3,26351,49.0,5.0,3285.0,0
166,Reliance Jio,M,39,Kerala,Chennai,873646,15-06-2025,2,128969,95.0,25.5,2378.0,0
167,Vodafone,M,27,Assam,Mumbai,340844,16-06-2025,0,39965,102.0,18.0,4990.0,0
168,Vodafone,M,34,Jharkhand,Bangalore,260534,17-06-2025,2,65287,69.0,18.0,9227.0,0
169,Airtel,M,55,Sikkim,Chennai,977395,18-06-2025,0,93934,85.0,4.0,5625.0,0
170,Reliance Jio,M,60,Meghalaya,Bangalore,169509,19-06-2025,0,94281,62.0,40.0,4428.0,0
171,BSNL,M,47,Uttarakhand,Bangalore,385903,20-06-2025,1,80198,28.0,25.5,4942.0,1
172,Reliance Jio,M,40,Odisha,Kolkata,690472,21-06-2025,2,91609,76.0,40.0,8171.0,0
173,Reliance Jio,M,18,Tamil Nadu,Kolkata,719734,22-06-2025,3,100163,12.0,40.0,722.0,1
174,BSNL,F,53,Punjab,Delhi,505794,23-06-2025,2,118459,60.0,21.0,9746.0,0
175,Reliance Jio,M,29,Kerala,Delhi,257901,24-06-2025,4,122685,76.0,19.0,1813.0,0
176,Vodafone,M,26,Himachal Pradesh,Hyderabad,605322,25-06-2025,0,47767,17.0,47.0,4537.0,0
177,BSNL,M,19,Himachal Pradesh,Hyderabad,275465,26-06-2025,0,98573,80.0,27.0,1288.0,0
178,Airtel,M,36,Nagaland,Mumbai,483053,27-06-2025,0,130932,57.0,0.0,3824.0,0
179,Airtel,M,22,Meghalaya,Mumbai,958668,28-06-2025,1,61756,78.0,41.0,4519.0,0
180,Airtel,M,46,Chhattisgarh,Mumbai,326691,29-06-2025,2,44681,0.0,45.0,3747.0,0
181,Reliance Jio,F,55,Maharashtra,Mumbai,387154,30-06-2025,0,121888,50.0,9.0,8344.0,0
182,Airtel,M,34,West Bengal,Bangalore,672973,01-07-2025,2,110008,68.0,19.0,4361.0,0
183,Vodafone,M,59,Maharashtra,Mumbai,190698,02-07-2025,1,113606,47.0,12.0,5049.0,1
184,Reliance Jio,F,36,Telangana,Mumbai,351924,03-07-2025,4,65770,26.0,19.0,8990.0,0
185,Reliance Jio,F,40,Arunachal Pradesh,Delhi,159105,04-07-2025,3,96844,51.0,9.0,896.0,1
186,Reliance Jio,F,67,Himachal Pradesh,Kolkata,538585,05-07-2025,3,115361,24.0,10.0,6744.0,0
187,Reliance Jio,M,51,Manipur,Bangalore,294714,06-07-2025,1,47430,49.0,34.0,566.0,0
188,BSNL,M,58,Tripura,Bangalore,184050,07-07-2025,2,101004,78.0,32.0,3938.0,0
189,Reliance Jio,F,48,Arunachal Pradesh,Bangalore,581869,08-07-2025,2,63598,46.0,36.0,4300.0,0
190,BSNL,M,49,Gujarat,Hyderabad,617283,09-07-2025,3,96938,68.0,33.0,5265.0,0
191,Reliance Jio,M,66,Kerala,Chennai,214048,10-07-2025,0,99159,50.0,25.5,3838.0,1
192,Vodafone,M,29,Nagaland,Kolkata,697605,11-07-2025,3,57925,70.0,41.0,5774.0,0
193,Airtel,M,21,Andhra Pradesh,Kolkata,448340,12-07-2025,1,89133,22.0,6.0,5990.0,0
194,Airtel,M,30,Uttar Pradesh,Chennai,999230,13-07-2025,1,120001,65.0,11.0,6249.0,1
195,Vodafone,M,39,Manipur,Mumbai,809089,14-07-2025,2,36810,71.0,11.0,8988.0,0
196,Vodafone,M,30,Assam,Bangalore,768340,15-07-2025,1,109615,0.0,7.0,2956.0,0
197,Airtel,F,73,Karnataka,Chennai,567625,16-07-2025,2,122350,49.0,35.0,6638.0,1
198,Reliance Jio,F,25,Tripura,Kolkata,813063,17-07-2025,0,25329,38.0,9.0,3095.0,0
199,BSNL,M,57,Mizoram,Mumbai,550072,18-07-2025,1,93731,88.0,32.0,8342.0,0
200,Reliance Jio,F,48,Manipur,Kolkata,638475,19-07-2025,2,114548,27.0,20.0,1075.0,1
201,Vodafone,M,67,Gujarat,Delhi,206197,20-07-2025,0,41206,22.0,44.0,8467.0,0
202,Vodafone,M,70,Assam,Delhi,550433,21-07-2025,2,27518,62.0,16.0,5487.0,0
203,Airtel,M,33,Goa,Bangalore,296406,22-07-2025,3,128299,83.0,44.0,5391.0,0
204,Vodafone,M,59,Gujarat,Bangalore,996317,23-07-2025,3,47975,30.0,33.0,6477.0,0
205,Vodafone,M,55,Himachal Pradesh,Hyderabad,334856,24-07-2025,3,42952,17.0,43.0,1848.0,0
206,Reliance Jio,F,21,Arunachal Pradesh,Bangalore,437537,25-07-2025,4,45341,45.0,34.0,2067.0,0
207,BSNL,F,57,Punjab,Hyderabad,672050,26-07-2025,4,87831,93.0,38.0,4264.0,1
208,BSNL,F,60,Nagaland,Hyderabad,626416,27-07-2025,3,75974,68.0,49.0,2262.0,0
209,Reliance Jio,M,44,Punjab,Delhi,180359,28-07-2025,4,33029,37.0,34.0,1516.0,0
210,Airtel,F,36,Uttar Pradesh,Hyderabad,496898,29-07-2025,1,84307,85.0,29.0,5370.0,0
211,Vodafone,M,72,Telangana,Mumbai,548744,30-07-2025,0,39983,33.0,12.0,8597.0,0
212,Airtel,F,44,Punjab,Bangalore,275866,31-07-2025,3,70935,33.0,7.0,9960.0,0
213,BSNL,M,42,Maharashtra,Bangalore,391456,01-08-2025,0,112535,50.0,21.0,9798.0,1
214,Reliance Jio,M,39,Bihar,Mumbai,933478,02-08-2025,1,137015,5.0,11.0,6982.0,1
215,Vodafone,M,34,Andhra Pradesh,Hyderabad,553594,03-08-2025,4,51329,24.0,4.0,9512.0,1
216,Airtel,M,52,Tamil Nadu,Mumbai,392462,04-08-2025,1,41115,11.0,43.0,3439.0,0
217,Vodafone,F,43,Manipur,Delhi,965066,05-08-2025,0,69505,50.0,12.0,5243.0,0
218,Vodafone,F,27,Chhattisgarh,Delhi,431233,06-08-2025,0,73418,33.0,38.0,5314.0,0
219,Airtel,F,43,Tripura,Chennai,279933,07-08-2025,2,61692,61.0,2.0,1335.0,0
220,Vodafone,M,74,Himachal Pradesh,Chennai,758252,08-08-2025,2,125262,42.0,12.0,3329.0,0
221,Vodafone,M,73,Nagaland,Hyderabad,415523,09-08-2025,3,50810,75.0,47.0,2957.0,0
222,Reliance Jio,F,41,Arunachal Pradesh,Chennai,605204,10-08-2025,0,143064,19.0,13.0,4788.0,0
223,Vodafone,M,28,Mizoram,Mumbai,233131,11-08-2025,2,85780,33.0,17.0,6230.0,0
224,Vodafone,F,32,Karnataka,Delhi,933773,12-08-2025,3,76706,55.0,12.0,2210.0,0
225,BSNL,M,42,Nagaland,Mumbai,370016,13-08-2025,3,74845,21.0,8.0,6660.0,0
226,Reliance Jio,M,31,Manipur,Kolkata,376737,14-08-2025,0,78215,65.0,5.0,74.0,0
227,Airtel,M,29,Haryana,Hyderabad,363618,15-08-2025,1,86004,8.0,43.0,1102.0,0
228,Reliance Jio,M,42,Haryana,Bangalore,482240,16-08-2025,3,127407,10.0,2.0,6557.0,0
229,Airtel,M,30,Gujarat,Hyderabad,358169,17-08-2025,0,149438,78.0,9.0,737.0,0
230,BSNL,M,20,Punjab,Hyderabad,126091,18-08-2025,2,128667,82.0,29.0,1937.0,0
231,Reliance Jio,M,61,Karnataka,Chennai,238058,19-08-2025,0,65026,53.0,32.0,215.0,0
232,Vodafone,F,45,Arunachal Pradesh,Hyderabad,275158,20-08-2025,1,132579,71.0,38.0,6403.0,1
233,Vodafone,M,58,Chhattisgarh,Bangalore,414692,21-08-2025,2,50540,73.0,23.0,2200.0,0
234,Vodafone,M,32,Karnataka,Kolkata,532502,22-08-2025,1,110639,40.0,32.0,5049.0,0
235,BSNL,M,56,Karnataka,Kolkata,485359,23-08-2025,3,98653,5.0,30.0,7760.0,1
236,Vodafone,F,26,Odisha,Delhi,583537,24-08-2025,4,89208,2.0,30.0,2680.0,0
237,Vodafone,M,32,Arunachal Pradesh,Chennai,932537,25-08-2025,0,116280,81.0,8.0,9252.0,0
238,Airtel,F,35,Tamil Nadu,Kolkata,579056,26-08-2025,1,28168,103.0,20.0,10155.0,0
239,Reliance Jio,M,66,Tamil Nadu,Mumbai,457276,27-08-2025,2,38426,88.0,25.0,9296.0,1
240,Airtel,M,33,Uttar Pradesh,Mumbai,760751,28-08-2025,3,38322,38.0,29.0,8081.0,1
241,Reliance Jio,F,69,Haryana,Delhi,270920,29-08-2025,0,33654,21.0,12.0,6522.0,0
242,Reliance Jio,F,22,Uttarakhand,Kolkata,918104,30-08-2025,2,47542,51.0,48.0,5049.0,0
243,Vodafone,F,33,Arunachal Pradesh,Kolkata,856931,31-08-2025,0,75395,29.0,46.0,4116.0,0
244,Vodafone,F,31,Himachal Pradesh,Chennai,698625,01-09-2025,1,84898,50.0,20.0,5952.0,0
245,Vodafone,F,33,Uttarakhand,Hyderabad,125634,02-09-2025,4,40232,69.0,1.0,3798.0,0
246,Reliance Jio,M,42,Telangana,Kolkata,317292,03-09-2025,3,101163,107.0,11.0,6496.0,0
247,Airtel,F,31,Maharashtra,Kolkata,666591,04-09-2025,3,67608,52.0,39.0,3784.0,0
248,Vodafone,M,39,Chhattisgarh,Kolkata,755020,05-09-2025,0,80822,33.0,46.0,6921.0,0
249,Airtel,F,27,Rajasthan,Mumbai,458614,06-09-2025,4,103388,18.0,35.0,8840.0,0
250,Airtel,M,59,Nagaland,Delhi,241435,07-09-2025,2,78218,50.0,22.0,8154.0,0
251,Reliance Jio,M,74,Tamil Nadu,Mumbai,172165,08-09-2025,2,135742,56.0,39.0,7323.0,0
252,BSNL,M,62,Chhattisgarh,Hyderabad,268122,09-09-2025,1,130282,47.0,36.0,3941.0,1
253,Airtel,M,63,Assam,Hyderabad,742583,10-09-2025,0,139202,5.0,25.5,1811.0,0
254,Airtel,M,31,Maharashtra,Bangalore,301810,11-09-2025,0,146742,10.0,14.0,7102.0,0
255,Vodafone,F,29,Bihar,Hyderabad,981841,12-09-2025,3,114515,75.0,21.0,5707.0,0
256,Vodafone,M,29,Maharashtra,Kolkata,162519,13-09-2025,4,147761,20.0,27.0,2202.0,0
257,BSNL,M,21,Gujarat,Mumbai,554079,14-09-2025,4,40854,8.0,28.0,1326.0,0
258,Reliance Jio,F,44,Bihar,Chennai,595196,15-09-2025,2,121363,22.0,11.0,4357.0,0
259,Airtel,M,45,Chhattisgarh,Mumbai,731397,16-09-2025,0,73602,87.0,46.0,396.0,0
260,Airtel,F,33,Kerala,Bangalore,827526,17-09-2025,0,119465,72.0,41.0,4484.0,0
261,BSNL,M,32,Jharkhand,Hyderabad,909182,18-09-2025,2,26934,105.0,20.0,3976.0,0
262,Vodafone,M,59,Andhra Pradesh,Delhi,679237,19-09-2025,1,28888,37.0,22.0,4306.0,0
263,Reliance Jio,F,70,Bihar,Delhi,393485,20-09-2025,2,31889,19.0,12.0,897.0,0
264,Airtel,M,35,Punjab,Mumbai,806688,21-09-2025,0,142177,59.0,22.0,7049.0,0
265,BSNL,M,63,Arunachal Pradesh,Chennai,449434,22-09-2025,2,94172,15.0,36.0,6709.0,0
266,Airtel,M,25,Bihar,Delhi,500993,23-09-2025,0,39224,97.0,44.0,7861.0,1
267,Vodafone,M,73,Nagaland,Bangalore,601397,24-09-2025,2,137334,38.0,14.0,967.0,1
268,Reliance Jio,M,69,Odisha,Bangalore,414830,25-09-2025,2,105856,64.0,24.0,1334.0,0
269,BSNL,F,73,Punjab,Bangalore,971233,26-09-2025,4,65791,61.0,28.0,4907.0,0
270,Reliance Jio,F,71,Bihar,Bangalore,370304,27-09-2025,0,58985,83.0,8.0,5596.0,1
271,Reliance Jio,F,36,Haryana,Hyderabad,792670,28-09-2025,3,112741,53.0,24.0,3480.0,0
272,Vodafone,F,18,Madhya Pradesh,Mumbai,423145,29-09-2025,4,127991,6.0,42.0,1171.0,1
273,Airtel,F,60,Chhattisgarh,Bangalore,246556,30-09-2025,2,104425,36.0,35.0,8129.0,0
274,Vodafone,M,60,Haryana,Delhi,775862,01-10-2025,0,134937,30.0,26.0,2296.0,0
275,Airtel,F,63,Mizoram,Hyderabad,970963,02-10-2025,4,149325,106.0,5.0,7993.0,1
276,Airtel,M,37,Bihar,Bangalore,978459,03-10-2025,3,129980,19.0,8.0,6013.0,0
277,Reliance Jio,M,63,Jharkhand,Mumbai,145183,04-10-2025,4,112865,67.0,14.0,3488.0,0
278,BSNL,M,74,Bihar,Kolkata,822349,05-10-2025,3,101394,89.0,33.0,3106.0,1
279,Vodafone,M,24,Assam,Hyderabad,563153,06-10-2025,4,147010,78.0,41.0,1352.0,0
280,Airtel,F,73,Andhra Pradesh,Chennai,439795,07-10-2025,0,47621,99.0,15.0,844.0,0
281,Airtel,F,55,Gujarat,Kolkata,804590,08-10-2025,4,84239,43.0,3.0,976.0,0
282,Reliance Jio,F,72,Nagaland,Delhi,990356,09-10-2025,2,22514,28.0,28.0,10385.0,0
283,Reliance Jio,F,33,Telangana,Bangalore,428664,10-10-2025,1,43005,50.0,25.5,1595.0,0
284,Airtel,M,57,Nagaland,Mumbai,419359,11-10-2025,4,118360,54.0,43.0,3670.0,0
285,BSNL,M,23,Gujarat,Mumbai,183348,12-10-2025,3,103474,4.0,48.0,2846.0,0
286,Vodafone,M,19,Sikkim,Kolkata,422715,13-10-2025,0,109872,37.0,24.0,7806.0,0
287,Vodafone,F,18,Jharkhand,Kolkata,220612,14-10-2025,3,80143,39.0,25.5,5049.0,0
288,BSNL,F,66,Punjab,Mumbai,247365,15-10-2025,3,50103,50.0,31.0,2679.0,0
289,Vodafone,F,63,Uttarakhand,Mumbai,801611,16-10-2025,0,30879,17.0,21.0,5772.0,0
290,Vodafone,M,42,Himachal Pradesh,Kolkata,962922,17-10-2025,1,127552,54.0,37.0,3315.0,0
291,Reliance Jio,M,18,Mizoram,Bangalore,906833,18-10-2025,1,72410,75.0,6.0,6299.0,0
292,Reliance Jio,M,20,Andhra Pradesh,Bangalore,852794,19-10-2025,1,70189,57.0,5.0,2937.0,0
293,BSNL,M,44,Andhra Pradesh,Kolkata,806657,20-10-2025,4,40046,67.0,26.0,2018.0,0
294,Reliance Jio,F,28,Jharkhand,Bangalore,279014,21-10-2025,4,83611,57.0,44.0,1725.0,1
295,Airtel,F,62,Haryana,Bangalore,943326,22-10-2025,2,124007,65.0,1.0,2317.0,1
296,BSNL,F,49,West Bengal,Delhi,924404,23-10-2025,1,121486,27.0,26.0,3744.0,0
297,Airtel,F,23,Tripura,Kolkata,588222,24-10-2025,1,122360,32.0,9.0,5429.0,0
298,BSNL,M,46,Goa,Delhi,176302,25-10-2025,2,131904,1.0,21.0,2991.0,1
299,Vodafone,M,73,Himachal Pradesh,Delhi,776231,26-10-2025,4,84961,54.0,16.0,5320.0,0
300,BSNL,M,55,Assam,Kolkata,439577,27-10-2025,1,83930,81.0,27.0,2832.0,0
301,Vodafone,M,54,Andhra Pradesh,Bangalore,105199,28-10-2025,1,110342,86.0,11.0,3011.0,0
302,Vodafone,F,40,Rajasthan,Bangalore,373900,29-10-2025,2,46368,35.0,12.0,1966.0,0
303,Reliance Jio,M,21,Meghalaya,Bangalore,800847,30-10-2025,1,24120,99.0,25.5,5800.0,0
304,Vodafone,M,49,Punjab,Kolkata,522654,31-10-2025,0,72885,10.0,21.0,4018.0,0
305,BSNL,F,46,Assam,Mumbai,588033,01-11-2025,3,125247,52.0,20.0,6976.0,0
306,Vodafone,M,54,Gujarat,Bangalore,376073,02-11-2025,4,125090,77.0,35.0,4856.0,0
307,BSNL,F,54,Uttar Pradesh,Mumbai,321749,03-11-2025,3,88196,42.0,20.0,4897.0,0
308,Airtel,F,45,Sikkim,Kolkata,513507,04-11-2025,4,116297,43.0,20.0,4289.0,0
309,Reliance Jio,M,64,Odisha,Hyderabad,150239,05-11-2025,1,54157,58.0,43.0,1520.0,0
310,BSNL,M,18,Chhattisgarh,Delhi,408299,06-11-2025,0,94168,15.0,29.0,7737.0,0
311,Vodafone,M,19,Assam,Chennai,625921,07-11-2025,0,30544,50.0,30.0,1477.0,1
312,Reliance Jio,M,64,Uttarakhand,Bangalore,484816,08-11-2025,2,126417,76.0,5.0,3422.0,0
313,Reliance Jio,M,18,Arunachal Pradesh,Hyderabad,329988,09-11-2025,0,109455,5.0,43.0,1004.0,0
314,Vodafone,M,66,Goa,Delhi,467268,10-11-2025,2,84945,50.0,35.0,3104.0,0
315,Vodafone,F,29,Andhra Pradesh,Delhi,235974,11-11-2025,1,20806,92.0,2.0,3461.0,1
316,Reliance Jio,F,71,Andhra Pradesh,Bangalore,730980,12-11-2025,3,41732,105.0,30.0,6536.0,1
317,BSNL,F,23,Gujarat,Hyderabad,538935,13-11-2025,3,111960,84.0,34.0,4752.0,0
318,Airtel,M,47,Himachal Pradesh,Kolkata,534424,14-11-2025,1,65486,11.0,15.0,9928.0,0
319,Airtel,M,33,Madhya Pradesh,Kolkata,926241,15-11-2025,0,133702,84.0,19.0,3928.0,0
320,Vodafone,M,20,Haryana,Delhi,155614,16-11-2025,3,53713,104.0,10.0,5950.0,0
321,Reliance Jio,F,26,Arunachal Pradesh,Kolkata,370260,17-11-2025,2,42786,28.0,1.0,4321.0,0
322,Vodafone,M,40,Uttarakhand,Hyderabad,935405,18-11-2025,4,48102,91.0,49.0,4223.0,0
323,Reliance Jio,M,49,Bihar,Mumbai,191441,19-11-2025,2,73315,13.0,45.0,3755.0,0
324,Airtel,M,21,West Bengal,Mumbai,444300,20-11-2025,0,77800,15.0,37.0,2079.0,0
325,Vodafone,M,51,Gujarat,Chennai,633872,21-11-2025,0,74585,50.0,26.0,7700.0,0
326,Reliance Jio,F,73,Telangana,Kolkata,676103,22-11-2025,0,56032,28.0,44.0,7653.0,0
327,Airtel,M,69,Tamil Nadu,Chennai,337217,23-11-2025,2,84544,14.0,28.0,9884.0,0
328,Reliance Jio,M,47,Manipur,Delhi,676461,24-11-2025,0,42454,58.0,8.0,8520.0,0
329,Reliance Jio,F,33,Tripura,Bangalore,788869,25-11-2025,3,142201,32.0,43.0,8262.0,0
330,Airtel,F,44,Gujarat,Mumbai,465349,26-11-2025,4,83967,44.0,43.0,2533.0,0
331,Reliance Jio,F,66,Gujarat,Bangalore,566460,27-11-2025,0,87045,57.0,24.0,1301.0,0
332,Vodafone,M,28,West Bengal,Kolkata,890268,28-11-2025,2,82306,70.0,46.0,1261.0,0
333,Vodafone,M,33,Arunachal Pradesh,Delhi,112822,29-11-2025,3,52681,64.0,47.0,3293.0,0
334,Airtel,M,43,Assam,Kolkata,308488,30-11-2025,1,110758,34.0,44.0,3017.0,1
335,Airtel,F,73,West Bengal,Kolkata,925035,01-12-2025,3,81795,80.0,9.0,328.0,0
336,Reliance Jio,F,70,Tamil Nadu,Hyderabad,591057,02-12-2025,4,42657,81.0,29.0,1563.0,0
337,Reliance Jio,M,43,Tamil Nadu,Chennai,696454,03-12-2025,4,132775,49.0,4.0,3305.0,0
338,BSNL,M,58,Karnataka,Chennai,722664,04-12-2025,1,74129,26.0,37.0,2654.0,0
339,BSNL,M,39,Himachal Pradesh,Delhi,779893,05-12-2025,3,34432,66.0,11.0,2659.0,0
340,Airtel,M,54,Tamil Nadu,Hyderabad,974920,06-12-2025,1,62846,98.0,15.0,5876.0,0
341,Reliance Jio,M,24,Telangana,Chennai,479889,07-12-2025,0,136740,29.0,26.0,4601.0,0
342,BSNL,F,49,Jharkhand,Kolkata,644139,08-12-2025,1,49830,9.0,14.0,1533.0,0
343,Airtel,M,57,Himachal Pradesh,Delhi,212297,09-12-2025,0,117355,50.0,38.0,6185.0,0
344,BSNL,F,46,Assam,Bangalore,486162,10-12-2025,0,104717,80.0,8.0,7487.0,0
345,Vodafone,M,27,Telangana,Mumbai,715839,11-12-2025,1,91209,81.0,44.0,2843.0,0
346,Airtel,M,38,Gujarat,Hyderabad,745481,12-12-2025,4,102092,86.0,43.0,3811.0,0
347,BSNL,M,20,Tamil Nadu,Hyderabad,838969,13-12-2025,2,97864,35.0,7.0,5314.0,0
348,Airtel,F,60,West Bengal,Bangalore,534225,14-12-2025,3,76335,10.0,35.0,10387.0,0
349,Airtel,M,38,Jharkhand,Mumbai,805240,15-12-2025,1,50984,50.0,1.0,2232.0,0
350,Reliance Jio,M,19,Maharashtra,Kolkata,338039,16-12-2025,4,116019,89.0,4.0,2234.0,1
351,BSNL,M,51,Telangana,Kolkata,660501,17-12-2025,0,73942,73.0,3.0,8482.0,0
352,BSNL,M,43,Haryana,Chennai,134717,18-12-2025,4,135229,17.0,13.0,3821.0,0
353,Airtel,M,38,Gujarat,Hyderabad,177754,19-12-2025,3,37512,29.0,35.0,4781.0,0
354,Airtel,F,57,Telangana,Chennai,207971,20-12-2025,4,29752,75.0,48.0,4848.0,0
355,Reliance Jio,M,33,Assam,Mumbai,542758,21-12-2025,4,131042,15.0,20.0,6324.0,0
356,BSNL,M,25,Madhya Pradesh,Chennai,731199,22-12-2025,3,76568,16.0,28.0,5449.0,0
357,Vodafone,F,31,Goa,Kolkata,142807,23-12-2025,1,93415,44.0,10.0,2612.0,0
358,Vodafone,F,26,Manipur,Chennai,948953,24-12-2025,3,104369,31.0,32.0,9497.0,1
359,Airtel,M,40,Madhya Pradesh,Hyderabad,507488,25-12-2025,0,112603,3.0,41.0,1269.0,0
360,Vodafone,M,70,Uttar Pradesh,Mumbai,805405,26-12-2025,0,123779,69.0,37.0,3444.0,0
361,Airtel,F,27,Odisha,Hyderabad,585734,27-12-2025,3,107068,71.0,4.0,8938.0,0
362,Reliance Jio,M,26,Meghalaya,Mumbai,310270,28-12-2025,1,118266,40.0,19.0,4522.0,1
363,Vodafone,M,60,Bihar,Mumbai,378746,29-12-2025,1,67099,24.0,13.0,5979.0,0
364,BSNL,F,35,Tamil Nadu,Chennai,316031,30-12-2025,0,92677,9.0,28.0,6876.0,0
365,BSNL,M,40,Assam,Chennai,654900,31-12-2025,0,103965,45.0,27.0,3814.0,0
366,Airtel,M,21,Meghalaya,Chennai,901674,01-01-2026,0,102173,98.0,10.0,7145.0,1
367,Airtel,M,71,Gujarat,Hyderabad,829776,02-01-2026,2,57910,88.0,34.0,6214.0,0
368,Airtel,F,55,Tamil Nadu,Delhi,877214,03-01-2026,2,100210,95.0,47.0,9829.0,0
369,Reliance Jio,M,33,Mizoram,Kolkata,148484,04-01-2026,2,132500,102.0,0.0,5008.0,0
370,Vodafone,F,60,Assam,Bangalore,458540,05-01-2026,3,43179,89.0,17.0,5521.0,0
371,Airtel,F,51,Uttarakhand,Mumbai,655304,06-01-2026,0,40940,46.0,2.0,7409.0,1
372,BSNL,F,23,Nagaland,Hyderabad,196644,07-01-2026,0,137564,50.0,30.0,7553.0,0
373,Vodafone,M,31,Goa,Bangalore,493842,08-01-2026,3,132732,73.0,29.0,4584.0,0
374,Airtel,F,49,Jharkhand,Mumbai,245269,09-01-2026,4,35809,85.0,46.0,5392.0,0
375,Vodafone,M,18,Karnataka,Kolkata,778167,10-01-2026,4,109880,25.0,4.0,2974.0,0
376,Vodafone,F,62,Himachal Pradesh,Kolkata,880523,11-01-2026,3,71276,50.0,17.0,4318.0,0
377,Airtel,F,61,Andhra Pradesh,Mumbai,840552,12-01-2026,4,104056,27.0,17.0,7331.0,1
378,Reliance Jio,M,45,Gujarat,Chennai,930576,13-01-2026,4,108830,69.0,49.0,5900.0,0
379,BSNL,F,31,Mizoram,Delhi,274339,14-01-2026,2,48070,59.0,20.0,7556.0,0
380,Vodafone,F,24,Uttar Pradesh,Mumbai,663047,15-01-2026,4,109504,50.0,45.0,10244.0,0
381,BSNL,M,29,Tamil Nadu,Delhi,102293,16-01-2026,0,128897,77.0,46.0,2351.0,0
382,Vodafone,M,57,Bihar,Hyderabad,143783,17-01-2026,0,28097,1.0,24.0,6184.0,1
383,Airtel,M,56,Telangana,Chennai,874288,18-01-2026,1,62086,71.0,5.0,8838.0,0
384,Airtel,M,25,Kerala,Hyderabad,709759,19-01-2026,4,23184,9.0,14.0,1390.0,0
385,Vodafone,F,39,Jharkhand,Hyderabad,242734,20-01-2026,1,77635,85.0,40.0,579.0,0
386,Airtel,F,50,Rajasthan,Hyderabad,286573,21-01-2026,0,104420,15.0,25.5,8251.0,0
387,Reliance Jio,M,52,Arunachal Pradesh,Hyderabad,654561,22-01-2026,0,101109,35.0,32.0,650.0,0
388,Vodafone,M,42,Mizoram,Bangalore,416775,23-01-2026,3,64219,44.0,24.0,8730.0,0
389,Airtel,M,62,Madhya Pradesh,Chennai,895347,24-01-2026,4,129422,5.0,5.0,3657.0,0
390,BSNL,M,29,Uttar Pradesh,Delhi,522997,25-01-2026,3,30115,48.0,12.0,5049.0,0
391,Airtel,F,52,Haryana,Delhi,425430,26-01-2026,3,116351,74.0,6.0,3800.0,0
392,BSNL,M,20,Arunachal Pradesh,Mumbai,960000,27-01-2026,2,33588,86.0,29.0,5702.0,0
393,Reliance Jio,M,65,Haryana,Hyderabad,182499,28-01-2026,0,117358,64.0,48.0,5016.0,0
394,BSNL,M,20,Madhya Pradesh,Delhi,290263,29-01-2026,3,54235,66.0,7.0,5049.0,0
395,Vodafone,M,30,Gujarat,Chennai,948152,30-01-2026,4,149187,51.0,4.0,9104.0,0
396,Airtel,M,26,Nagaland,Chennai,427409,31-01-2026,0,62316,12.0,38.0,1238.0,0
397,BSNL,F,47,Uttarakhand,Kolkata,516793,01-02-2026,0,60281,92.0,10.0,4671.0,0
398,Reliance Jio,M,44,Himachal Pradesh,Hyderabad,968283,02-02-2026,0,82926,47.0,43.0,3690.0,0
399,Reliance Jio,F,72,Tamil Nadu,Chennai,832713,03-02-2026,1,146043,36.0,13.0,2179.0,0
400,Airtel,M,67,Nagaland,Hyderabad,606649,04-02-2026,0,29790,21.0,42.0,730.0,1
401,BSNL,M,73,Chhattisgarh,Bangalore,483398,05-02-2026,0,52898,89.0,19.0,4250.0,0
402,Airtel,M,44,Sikkim,Bangalore,532968,06-02-2026,1,30124,61.0,37.0,2316.0,0
403,Airtel,F,43,Haryana,Delhi,452102,07-02-2026,3,57211,23.0,6.0,2980.0,0
404,BSNL,F,26,Bihar,Chennai,748754,08-02-2026,2,67441,40.0,10.0,8583.0,0
405,Reliance Jio,M,67,Odisha,Mumbai,169583,09-02-2026,4,49392,50.0,7.0,4692.0,1
406,BSNL,F,74,West Bengal,Mumbai,825884,10-02-2026,3,131294,94.0,19.0,7892.0,0
407,BSNL,M,50,Andhra Pradesh,Mumbai,408635,11-02-2026,1,27602,17.0,27.0,8031.0,0
408,BSNL,M,60,Punjab,Chennai,916505,12-02-2026,1,120060,18.0,25.0,4836.0,0
409,Reliance Jio,F,26,Andhra Pradesh,Chennai,837518,13-02-2026,3,45407,51.0,36.0,2185.0,0
410,Vodafone,M,36,Uttar Pradesh,Bangalore,306217,14-02-2026,1,39286,71.0,23.0,1594.0,1
411,Airtel,F,36,Bihar,Delhi,673521,15-02-2026,1,36370,2.0,5.0,8879.0,0
412,Airtel,F,18,Manipur,Chennai,865254,16-02-2026,2,64552,32.0,10.0,8699.0,0
413,BSNL,F,31,Punjab,Hyderabad,219788,17-02-2026,3,129021,70.0,45.0,550.0,0
414,Vodafone,M,28,Punjab,Bangalore,207677,18-02-2026,3,72116,20.0,28.0,7987.0,0
415,Airtel,M,55,Rajasthan,Bangalore,115054,19-02-2026,3,81137,50.0,40.0,7892.0,0
416,BSNL,F,28,Arunachal Pradesh,Kolkata,185579,20-02-2026,3,59589,69.0,9.0,2024.0,0
417,BSNL,M,24,Meghalaya,Kolkata,614931,21-02-2026,3,122632,52.0,36.0,9297.0,0
418,Vodafone,M,53,Tripura,Delhi,152858,22-02-2026,2,82155,87.0,45.0,7588.0,0
419,Reliance Jio,M,65,Himachal Pradesh,Bangalore,484608,23-02-2026,0,87182,76.0,33.0,4217.0,0
420,Vodafone,M,49,Tamil Nadu,Chennai,404259,24-02-2026,1,20908,53.0,48.0,555.0,0
421,BSNL,M,40,Kerala,Hyderabad,744801,25-02-2026,3,96061,74.0,42.0,6074.0,0
422,Reliance Jio,F,56,Nagaland,Mumbai,882611,26-02-2026,0,103335,77.0,20.0,6335.0,0
423,BSNL,F,62,Gujarat,Bangalore,720965,27-02-2026,4,51444,5.0,37.0,1325.0,0
424,Airtel,F,54,Andhra Pradesh,Mumbai,302465,28-02-2026,3,32362,102.0,8.0,1322.0,1
425,Vodafone,M,22,Punjab,Chennai,783735,01-03-2026,3,116212,48.0,30.0,10274.0,0
426,BSNL,M,58,Kerala,Chennai,409976,02-03-2026,3,96999,26.0,31.0,328.0,0
427,BSNL,M,58,Manipur,Mumbai,183003,03-03-2026,0,100174,33.0,44.0,9654.0,0
428,BSNL,F,61,Telangana,Mumbai,241114,04-03-2026,3,29781,6.0,28.0,4712.0,1
429,Reliance Jio,M,44,Madhya Pradesh,Bangalore,362874,05-03-2026,2,44381,66.0,10.0,4855.0,1
430,Vodafone,M,51,Telangana,Kolkata,141516,06-03-2026,2,148645,20.0,15.0,8995.0,1
431,Airtel,M,70,Madhya Pradesh,Bangalore,806255,07-03-2026,3,44046,91.0,30.0,5356.0,0
432,Airtel,M,26,Telangana,Delhi,700076,08-03-2026,1,49917,84.0,16.0,8639.0,0
433,Reliance Jio,F,22,Meghalaya,Bangalore,913824,09-03-2026,3,24963,5.0,36.0,682.0,0
434,Airtel,M,58,Uttar Pradesh,Mumbai,817740,10-03-2026,1,123671,58.0,18.0,4666.0,1
435,Reliance Jio,F,70,Uttar Pradesh,Chennai,272575,11-03-2026,3,45037,20.0,5.0,4017.0,0
436,Airtel,M,69,Maharashtra,Bangalore,396040,12-03-2026,3,81083,9.0,5.0,1772.0,1
437,Reliance Jio,M,27,Mizoram,Kolkata,723341,13-03-2026,0,130020,84.0,13.0,5049.0,0
438,Vodafone,M,37,Uttar Pradesh,Kolkata,866584,14-03-2026,1,112351,30.0,44.0,5049.0,0
439,Vodafone,F,60,Sikkim,Bangalore,515906,15-03-2026,0,105193,6.0,20.0,938.0,0
440,Vodafone,F,66,Odisha,Mumbai,975861,16-03-2026,0,103979,75.0,30.0,212.0,0
441,Vodafone,M,73,Chhattisgarh,Chennai,817927,17-03-2026,2,75484,55.0,10.0,9357.0,0
442,Vodafone,M,18,Sikkim,Kolkata,927058,18-03-2026,2,110074,54.0,15.0,9673.0,1
443,BSNL,F,24,Assam,Kolkata,544676,19-03-2026,3,97497,57.0,23.0,4268.0,0
444,Airtel,M,68,West Bengal,Kolkata,802643,20-03-2026,4,114732,81.0,42.0,4317.0,0
445,Reliance Jio,M,65,Maharashtra,Mumbai,576962,21-03-2026,4,83949,63.0,12.0,6320.0,0
446,Vodafone,F,41,Karnataka,Kolkata,459186,22-03-2026,1,91019,60.0,6.0,1785.0,0
447,Airtel,M,65,Meghalaya,Chennai,785268,23-03-2026,4,20797,52.0,32.0,9263.0,0
448,BSNL,F,35,Himachal Pradesh,Hyderabad,117812,24-03-2026,1,99181,71.0,16.0,5914.0,1
449,Vodafone,F,72,Uttar Pradesh,Delhi,207241,25-03-2026,2,132130,25.0,29.0,9872.0,1
450,BSNL,F,70,Uttarakhand,Bangalore,905927,26-03-2026,1,31918,56.0,41.0,7808.0,0
451,BSNL,M,20,Assam,Mumbai,430272,27-03-2026,4,59533,39.0,24.0,9071.0,0
452,BSNL,M,69,Jharkhand,Delhi,697005,28-03-2026,4,84930,62.0,49.0,4426.0,0
453,Vodafone,F,34,Telangana,Bangalore,934731,29-03-2026,3,82873,70.0,13.0,5460.0,0
454,BSNL,M,36,Karnataka,Kolkata,116274,30-03-2026,1,117088,18.0,8.0,3755.0,0
455,Airtel,M,57,Tamil Nadu,Chennai,255229,31-03-2026,2,48105,58.0,45.0,8920.0,0
456,BSNL,M,41,Chhattisgarh,Chennai,518181,01-04-2026,4,20038,19.0,7.0,1982.0,0
457,BSNL,M,31,West Bengal,Mumbai,925911,02-04-2026,1,103809,78.0,14.0,2534.0,0
458,Reliance Jio,M,25,Tamil Nadu,Bangalore,119977,03-04-2026,1,120797,18.0,19.0,4984.0,0
459,Vodafone,F,71,Haryana,Chennai,621695,04-04-2026,2,122184,60.0,44.0,9649.0,0
460,Airtel,M,59,Haryana,Hyderabad,101718,05-04-2026,0,48487,44.0,14.0,7117.0,0
461,Vodafone,M,34,Jharkhand,Kolkata,734168,06-04-2026,3,27308,5.0,3.0,3688.0,0
462,Vodafone,F,34,Nagaland,Chennai,372335,07-04-2026,3,51380,21.0,35.0,1908.0,0
463,Airtel,M,53,Kerala,Hyderabad,556851,08-04-2026,2,51401,50.0,45.0,3211.0,0
464,Reliance Jio,F,70,Nagaland,Kolkata,471384,09-04-2026,4,123031,44.0,21.0,7605.0,1
465,Reliance Jio,M,71,Uttarakhand,Bangalore,816930,10-04-2026,2,147464,52.0,12.0,4259.0,0
466,BSNL,M,25,Bihar,Delhi,259220,11-04-2026,1,149940,72.0,7.0,893.0,0
467,Reliance Jio,F,55,Nagaland,Kolkata,814045,12-04-2026,4,71991,7.0,25.0,8226.0,0
468,Reliance Jio,M,61,Telangana,Bangalore,606604,13-04-2026,1,103765,8.0,13.0,8503.0,1
469,BSNL,M,63,Sikkim,Hyderabad,509373,14-04-2026,2,66128,17.0,29.0,2183.0,0
470,BSNL,F,72,Uttar Pradesh,Bangalore,108424,15-04-2026,1,124442,44.0,11.0,7488.0,0
471,Airtel,F,46,Sikkim,Kolkata,692826,16-04-2026,2,53404,93.0,48.0,2594.0,1
472,BSNL,F,61,Assam,Hyderabad,366755,17-04-2026,2,31107,59.0,13.0,6324.0,0
473,Vodafone,M,36,Assam,Chennai,588357,18-04-2026,0,97004,89.0,11.0,5955.0,0
474,BSNL,F,23,Tripura,Delhi,816920,19-04-2026,2,71580,75.0,14.0,7537.0,0
475,Airtel,M,41,Uttar Pradesh,Kolkata,178644,20-04-2026,0,66714,73.0,3.0,4083.0,0
476,Airtel,F,61,Tripura,Chennai,688616,21-04-2026,2,149571,5.0,43.0,617.0,0
477,Reliance Jio,M,21,Tamil Nadu,Hyderabad,974466,22-04-2026,2,144303,41.0,22.0,8709.0,0
478,Airtel,M,37,Tamil Nadu,Hyderabad,515031,23-04-2026,1,25306,32.0,44.0,488.0,0
479,Vodafone,F,69,Odisha,Delhi,813069,24-04-2026,2,129075,62.0,38.0,404.0,0
480,Reliance Jio,F,38,Odisha,Mumbai,820815,25-04-2026,2,104093,70.0,19.0,7216.0,0
481,Airtel,M,20,Haryana,Hyderabad,276120,26-04-2026,1,52519,89.0,27.0,14.0,0
482,Vodafone,M,23,Nagaland,Delhi,857216,27-04-2026,2,47223,73.0,26.0,5490.0,0
483,Airtel,M,72,Bihar,Hyderabad,609730,28-04-2026,0,107783,84.0,18.0,9316.0,0
484,Vodafone,M,30,Tripura,Kolkata,205906,29-04-2026,3,40077,53.0,33.0,1563.0,1
485,Reliance Jio,M,30,Kerala,Delhi,746111,30-04-2026,2,68434,26.0,36.0,7190.0,0
486,Reliance Jio,M,18,Haryana,Bangalore,885225,01-05-2026,4,133046,67.0,21.0,1184.0,0
487,BSNL,F,39,Kerala,Hyderabad,884839,02-05-2026,2,99279,38.0,30.0,6893.0,1
488,Vodafone,F,63,Tamil Nadu,Chennai,849685,03-05-2026,3,101526,35.0,24.0,1610.0,0
489,Airtel,F,66,Meghalaya,Hyderabad,409777,04-05-2026,4,49211,47.0,20.0,5049.0,0
490,Airtel,M,21,Andhra Pradesh,Hyderabad,296625,05-05-2026,3,127871,50.0,24.0,7947.0,0
491,Airtel,F,65,Gujarat,Chennai,134858,06-05-2026,0,75699,78.0,22.0,5104.0,0
492,Airtel,F,73,Haryana,Kolkata,182851,07-05-2026,4,90106,97.0,46.0,6760.0,0
493,Vodafone,M,33,Tamil Nadu,Mumbai,455946,08-05-2026,1,35944,37.0,42.0,9330.0,1
494,Airtel,F,67,Nagaland,Delhi,512435,09-05-2026,2,116562,23.0,4.0,4494.0,1
495,Airtel,F,41,Uttarakhand,Delhi,439164,10-05-2026,1,63658,73.0,30.0,8497.0,0
496,Vodafone,M,38,Mizoram,Hyderabad,378293,11-05-2026,3,132783,71.0,49.0,10229.0,1
497,Vodafone,M,50,Mizoram,Kolkata,689765,12-05-2026,1,98282,51.0,13.0,3597.0,0
498,Airtel,M,27,Jharkhand,Delhi,627762,13-05-2026,4,24674,23.0,7.0,8206.0,0
499,BSNL,F,34,West Bengal,Kolkata,506385,14-05-2026,3,29776,60.0,51.0,4800.0,0
500,Airtel,F,36,Sikkim,Delhi,238927,15-05-2026,0,147858,95.0,33.0,1601.0,0
501,BSNL,F,55,Manipur,Bangalore,312255,16-05-2026,0,33928,51.0,12.0,4030.0,0
502,Airtel,M,22,Jharkhand,Bangalore,925116,17-05-2026,1,84699,104.0,41.0,3258.0,1
503,BSNL,M,53,Jharkhand,Delhi,731586,18-05-2026,4,63026,37.0,12.0,5049.0,0
504,Vodafone,M,65,Assam,Kolkata,867100,19-05-2026,3,115456,76.0,28.0,8412.0,0
505,Vodafone,M,68,Sikkim,Kolkata,814618,20-05-2026,1,102265,25.0,46.0,9077.0,0
506,Airtel,M,67,Assam,Hyderabad,493626,21-05-2026,3,66892,34.0,13.0,3286.0,0
507,BSNL,M,23,Kerala,Mumbai,294695,22-05-2026,0,101553,90.0,15.0,10125.0,0
508,Reliance Jio,M,40,Gujarat,Mumbai,198455,23-05-2026,2,24568,27.0,10.0,2691.0,1
509,BSNL,F,60,Tamil Nadu,Kolkata,584218,24-05-2026,2,31522,84.0,4.0,4482.0,0
510,Vodafone,M,66,Andhra Pradesh,Kolkata,743916,25-05-2026,3,136307,92.0,30.0,2323.0,0
511,BSNL,M,57,Telangana,Delhi,962339,26-05-2026,2,121325,46.0,43.0,6789.0,0
512,Vodafone,F,26,Mizoram,Hyderabad,272920,27-05-2026,1,39520,86.0,29.0,9446.0,1
513,BSNL,F,29,Uttar Pradesh,Delhi,227211,28-05-2026,2,120050,26.0,3.0,2691.0,0
514,Reliance Jio,F,61,Telangana,Kolkata,853887,29-05-2026,4,43388,32.0,6.0,1528.0,0
515,Airtel,M,73,Madhya Pradesh,Hyderabad,456752,30-05-2026,1,66301,50.0,13.0,2154.0,0
516,Airtel,M,62,Assam,Bangalore,455924,31-05-2026,1,39751,92.0,43.0,8593.0,0
517,Vodafone,M,70,Jharkhand,Hyderabad,607675,01-06-2026,1,49984,27.0,17.0,2484.0,1
518,Airtel,M,62,Rajasthan,Hyderabad,127791,02-06-2026,0,135719,83.0,25.5,5049.0,0
519,Reliance Jio,M,72,Jharkhand,Delhi,708646,03-06-2026,2,41911,40.0,35.0,5262.0,0
520,Airtel,M,64,Goa,Bangalore,273232,04-06-2026,1,100231,11.0,20.0,4591.0,0
521,Airtel,M,65,Telangana,Kolkata,183943,05-06-2026,1,144521,85.0,7.0,2500.0,0
522,Airtel,M,44,West Bengal,Delhi,400990,06-06-2026,0,58917,96.0,43.0,7408.0,0
523,Reliance Jio,M,29,West Bengal,Kolkata,405980,07-06-2026,3,127353,102.0,24.0,46.0,0
524,BSNL,M,61,Rajasthan,Hyderabad,609588,08-06-2026,2,71266,27.0,3.0,5960.0,0
525,Reliance Jio,M,67,Goa,Mumbai,355951,09-06-2026,4,38264,96.0,44.0,143.0,0
526,BSNL,M,47,Nagaland,Hyderabad,603288,10-06-2026,2,110063,41.0,0.0,7613.0,1
527,Reliance Jio,M,58,Uttarakhand,Hyderabad,781307,11-06-2026,0,121046,83.0,40.0,2843.0,0
528,BSNL,M,55,Sikkim,Mumbai,776129,12-06-2026,4,38480,13.0,44.0,9302.0,0
529,Airtel,M,21,Rajasthan,Kolkata,634049,13-06-2026,3,120546,70.0,27.0,258.0,0
530,Airtel,F,31,Mizoram,Bangalore,583675,14-06-2026,4,91738,0.0,47.0,2966.0,0
531,Vodafone,M,64,Kerala,Hyderabad,528896,15-06-2026,0,122486,50.0,27.0,6395.0,0
532,Vodafone,M,45,Nagaland,Chennai,306697,16-06-2026,1,45761,44.0,27.0,4235.0,0
533,BSNL,M,21,Kerala,Kolkata,694123,17-06-2026,0,71536,47.0,5.0,1818.0,0
534,Airtel,M,65,Madhya Pradesh,Kolkata,113134,18-06-2026,3,49445,37.0,3.0,5049.0,0
535,Reliance Jio,M,52,Madhya Pradesh,Delhi,291689,19-06-2026,0,69862,76.0,27.0,2682.0,0
536,Vodafone,M,34,Arunachal Pradesh,Delhi,982794,20-06-2026,0,46038,88.0,22.0,2467.0,0
537,Vodafone,F,35,Haryana,Mumbai,648366,21-06-2026,3,55354,50.0,48.0,6754.0,0
538,BSNL,M,22,Himachal Pradesh,Delhi,710663,22-06-2026,2,49860,50.0,33.0,1948.0,0
539,Vodafone,M,56,Maharashtra,Bangalore,893489,23-06-2026,3,104299,6.0,25.0,3532.0,0
540,Airtel,M,26,Arunachal Pradesh,Chennai,817280,24-06-2026,2,59908,54.0,17.0,1720.0,0
541,Reliance Jio,F,21,Gujarat,Chennai,877092,25-06-2026,0,47598,66.0,18.0,671.0,0
542,BSNL,F,38,Odisha,Delhi,158310,26-06-2026,0,83729,53.0,29.0,8183.0,0
543,Airtel,M,46,Manipur,Hyderabad,415373,27-06-2026,3,49828,63.0,27.0,8299.0,0
544,BSNL,F,58,Andhra Pradesh,Chennai,475004,28-06-2026,0,143116,5.0,42.0,8438.0,1
545,BSNL,M,20,Kerala,Kolkata,198845,29-06-2026,3,143873,96.0,11.0,428.0,0
546,Vodafone,F,25,Madhya Pradesh,Delhi,789841,30-06-2026,1,69022,28.0,1.0,7776.0,0
547,Vodafone,F,55,Assam,Mumbai,989613,01-07-2026,2,68519,42.0,40.0,7983.0,1
548,Reliance Jio,M,22,Manipur,Hyderabad,299671,02-07-2026,3,103846,50.0,22.0,7387.0,0
549,Airtel,F,31,Chhattisgarh,Hyderabad,616511,03-07-2026,1,79200,27.0,23.0,6919.0,0
550,BSNL,M,65,Nagaland,Delhi,589319,04-07-2026,4,90440,5.0,44.0,4182.0,1
551,Reliance Jio,M,43,Arunachal Pradesh,Chennai,914337,05-07-2026,0,112179,55.0,38.0,5049.0,0
552,BSNL,M,55,Haryana,Bangalore,824366,06-07-2026,0,63307,0.0,44.0,5503.0,0
553,BSNL,M,30,Sikkim,Chennai,141074,07-07-2026,4,97921,102.0,4.0,5550.0,1
554,Reliance Jio,F,25,Gujarat,Chennai,981787,08-07-2026,1,93852,102.0,46.0,229.0,0
555,BSNL,F,44,Tamil Nadu,Hyderabad,607061,09-07-2026,4,94041,64.0,27.0,4462.0,0
556,Reliance Jio,M,39,Punjab,Bangalore,463921,10-07-2026,2,99339,73.0,42.0,8109.0,0
557,Vodafone,M,44,Telangana,Delhi,609734,11-07-2026,3,35432,13.0,35.0,10470.0,1
558,Airtel,M,45,Odisha,Hyderabad,283264,12-07-2026,4,97714,35.0,13.0,4125.0,0
559,Airtel,F,43,Assam,Hyderabad,893666,13-07-2026,3,52872,36.0,33.0,10194.0,0
560,Vodafone,F,62,Mizoram,Mumbai,322549,14-07-2026,1,140114,52.0,29.0,8713.0,0
561,Reliance Jio,M,29,Arunachal Pradesh,Mumbai,744351,15-07-2026,4,84462,87.0,21.0,6766.0,0
562,Reliance Jio,M,54,Gujarat,Chennai,435454,16-07-2026,3,133190,79.0,4.0,1050.0,1
563,Airtel,M,41,Uttar Pradesh,Delhi,658408,17-07-2026,4,27403,90.0,15.0,9299.0,0
564,BSNL,M,36,Karnataka,Delhi,657427,18-07-2026,0,137796,57.0,4.0,4286.0,0
565,BSNL,F,45,West Bengal,Chennai,226944,19-07-2026,4,35060,73.0,20.0,6613.0,0
566,BSNL,M,54,Himachal Pradesh,Hyderabad,281768,20-07-2026,0,33496,11.0,36.0,5467.0,0
567,BSNL,F,38,Assam,Delhi,487361,21-07-2026,1,56661,57.0,25.0,3658.0,0
568,Reliance Jio,M,49,Goa,Delhi,757398,22-07-2026,1,141710,10.0,21.0,5024.0,0
569,Airtel,F,47,Gujarat,Hyderabad,123749,23-07-2026,3,103302,9.0,25.5,10432.0,0
570,Airtel,M,41,Jharkhand,Bangalore,268223,24-07-2026,4,62961,37.0,14.0,5834.0,0
571,Reliance Jio,M,56,Tamil Nadu,Chennai,777381,25-07-2026,3,56448,50.0,3.0,3338.0,1
572,BSNL,F,23,Sikkim,Mumbai,713976,26-07-2026,1,78355,29.0,45.0,1176.0,0
573,Vodafone,M,57,Rajasthan,Kolkata,959863,27-07-2026,1,126213,38.0,26.0,534.0,0
574,Reliance Jio,F,31,Tripura,Chennai,186885,28-07-2026,1,52906,81.0,27.0,5275.0,0
575,BSNL,F,43,Himachal Pradesh,Chennai,404858,29-07-2026,1,118265,97.0,36.0,317.0,1
576,Airtel,M,41,Gujarat,Mumbai,248238,30-07-2026,3,71467,32.0,3.0,6104.0,1
577,Airtel,M,51,Chhattisgarh,Mumbai,459465,31-07-2026,3,26780,52.0,33.0,7360.0,0
578,Reliance Jio,M,22,Maharashtra,Kolkata,137579,01-08-2026,3,94395,68.0,22.0,6082.0,0
579,Reliance Jio,M,54,Bihar,Delhi,373388,02-08-2026,3,22573,49.0,34.0,2975.0,0
580,BSNL,M,74,Arunachal Pradesh,Chennai,560321,03-08-2026,4,91138,62.0,42.0,3169.0,0
581,Vodafone,M,66,Rajasthan,Bangalore,768494,04-08-2026,4,99972,10.0,1.0,5198.0,0
582,Vodafone,M,33,Mizoram,Mumbai,224741,05-08-2026,2,26162,93.0,31.0,7525.0,0
583,Airtel,F,68,Andhra Pradesh,Delhi,439239,06-08-2026,1,52581,60.0,26.0,6942.0,0
584,Reliance Jio,M,73,Uttar Pradesh,Chennai,642242,07-08-2026,3,115459,10.0,42.0,2708.0,0
585,Vodafone,F,22,Gujarat,Chennai,219061,08-08-2026,2,36184,60.0,29.0,5697.0,1
586,Airtel,F,40,Meghalaya,Kolkata,989459,09-08-2026,1,28285,23.0,44.0,6471.0,0
587,Airtel,F,40,Kerala,Mumbai,839526,10-08-2026,4,102604,78.0,5.0,5049.0,0
588,BSNL,M,37,Arunachal Pradesh,Mumbai,808390,11-08-2026,2,27313,18.0,32.0,6253.0,0
589,Reliance Jio,M,48,Kerala,Chennai,104391,12-08-2026,3,76817,84.0,16.0,7203.0,0
590,Vodafone,M,36,Karnataka,Bangalore,626014,13-08-2026,2,54413,62.0,28.0,5117.0,1
591,BSNL,M,35,Madhya Pradesh,Bangalore,144981,14-08-2026,2,70485,11.0,22.0,7841.0,0
592,Airtel,M,61,Maharashtra,Chennai,797095,15-08-2026,1,60152,65.0,29.0,5049.0,0
593,Reliance Jio,M,20,Tripura,Hyderabad,378634,16-08-2026,1,27291,18.0,21.0,3248.0,0
594,BSNL,F,55,Haryana,Bangalore,241698,17-08-2026,4,42005,11.0,44.0,5777.0,0
595,Airtel,M,59,Arunachal Pradesh,Bangalore,724349,18-08-2026,0,43333,33.0,24.0,8435.0,0
596,BSNL,F,24,Andhra Pradesh,Chennai,526605,19-08-2026,1,93611,35.0,20.0,4626.0,0
597,Airtel,F,21,Nagaland,Delhi,878215,20-08-2026,4,75823,73.0,33.0,2541.0,1
598,BSNL,F,60,Assam,Mumbai,730139,21-08-2026,4,34164,38.0,24.0,1085.0,0
599,BSNL,M,58,Nagaland,Chennai,914778,22-08-2026,0,94614,14.0,28.0,6873.0,0
600,BSNL,F,36,Maharashtra,Mumbai,459256,23-08-2026,3,103577,26.0,21.0,2314.0,1
601,BSNL,M,41,Bihar,Hyderabad,742739,24-08-2026,2,46474,58.0,18.0,7964.0,0
602,BSNL,F,31,Andhra Pradesh,Delhi,875730,25-08-2026,0,87962,19.0,6.0,799.0,0
603,Airtel,M,60,Himachal Pradesh,Mumbai,101722,26-08-2026,4,143361,29.0,49.0,5951.0,0
604,Reliance Jio,F,74,Haryana,Bangalore,955414,27-08-2026,0,40553,1.0,11.0,2819.0,0
605,Vodafone,F,29,Maharashtra,Bangalore,696973,28-08-2026,1,64743,94.0,34.0,8803.0,0
606,BSNL,F,58,Odisha,Bangalore,565669,29-08-2026,3,36628,28.0,30.0,513.0,0
607,Vodafone,F,26,Goa,Delhi,928275,30-08-2026,4,82017,38.0,49.0,6397.0,0
608,Vodafone,M,66,Andhra Pradesh,Kolkata,259353,31-08-2026,1,50606,94.0,38.0,1311.0,0
609,Reliance Jio,M,73,Manipur,Mumbai,304831,01-09-2026,1,149124,36.0,25.5,6958.0,0
610,BSNL,M,44,Rajasthan,Mumbai,884292,02-09-2026,3,63238,103.0,30.0,4267.0,0
611,Vodafone,M,19,Meghalaya,Hyderabad,199088,03-09-2026,0,132309,56.0,45.0,5178.0,0
612,Airtel,F,22,Gujarat,Bangalore,396640,04-09-2026,4,44523,42.0,52.0,3377.0,0
613,Airtel,M,43,Punjab,Hyderabad,630565,05-09-2026,1,68207,42.0,27.0,5841.0,1
614,BSNL,M,47,Goa,Mumbai,331651,06-09-2026,2,101683,19.0,25.0,1950.0,0
615,Vodafone,M,27,Rajasthan,Mumbai,302453,07-09-2026,3,64387,29.0,36.0,5642.0,0
616,Vodafone,F,37,Goa,Kolkata,212522,08-09-2026,4,99950,20.0,48.0,1449.0,1
617,Airtel,M,43,Uttar Pradesh,Mumbai,496141,09-09-2026,3,143446,38.0,16.0,3075.0,0
618,BSNL,M,64,Uttarakhand,Mumbai,557906,10-09-2026,1,101528,6.0,43.0,5951.0,1
619,Airtel,M,24,Punjab,Chennai,459918,11-09-2026,4,127065,6.0,39.0,1615.0,0
620,Reliance Jio,M,29,Assam,Delhi,439872,12-09-2026,4,119793,63.0,23.0,1351.0,0
621,Vodafone,F,50,Chhattisgarh,Hyderabad,353533,13-09-2026,2,137763,45.0,16.0,10439.0,0
622,Reliance Jio,M,32,Bihar,Chennai,927621,14-09-2026,4,31730,56.0,28.0,91.0,0
623,Vodafone,M,43,Assam,Delhi,466876,15-09-2026,0,118919,39.0,3.0,2520.0,0
624,Vodafone,M,67,Assam,Kolkata,673215,16-09-2026,2,27016,34.0,9.0,2255.0,0
625,Vodafone,F,49,Haryana,Chennai,662255,17-09-2026,2,63554,37.0,27.0,6627.0,0
626,Reliance Jio,F,38,Andhra Pradesh,Delhi,895136,18-09-2026,1,93879,30.0,30.0,2102.0,0
627,Vodafone,F,51,Odisha,Bangalore,481904,19-09-2026,1,105253,94.0,43.0,3694.0,0
628,Airtel,F,36,Meghalaya,Kolkata,148854,20-09-2026,1,94833,82.0,25.5,3810.0,1
629,Vodafone,M,55,Madhya Pradesh,Hyderabad,529425,21-09-2026,4,99518,82.0,5.0,3952.0,0
630,Airtel,M,31,Andhra Pradesh,Mumbai,476773,22-09-2026,2,36384,83.0,22.0,7107.0,0
631,Airtel,F,33,Goa,Mumbai,135639,23-09-2026,2,141161,34.0,42.0,1931.0,0
632,Vodafone,F,74,Tamil Nadu,Kolkata,804222,24-09-2026,0,113707,33.0,37.0,3266.0,0
633,Vodafone,M,18,Haryana,Mumbai,400115,25-09-2026,0,125189,36.0,50.0,2599.0,0
634,Reliance Jio,F,71,Rajasthan,Chennai,160659,26-09-2026,1,40123,50.0,32.0,9877.0,0
635,Reliance Jio,M,73,Karnataka,Chennai,317773,27-09-2026,1,69493,56.0,8.0,2341.0,0
636,Vodafone,F,28,Sikkim,Chennai,154319,28-09-2026,2,106904,29.0,48.0,4037.0,0
637,Airtel,M,18,Chhattisgarh,Chennai,853875,29-09-2026,1,89736,62.0,16.0,3496.0,1
638,BSNL,M,38,Telangana,Kolkata,989340,30-09-2026,0,100447,14.0,9.0,3950.0,0
639,Airtel,F,23,Uttar Pradesh,Mumbai,613059,01-10-2026,1,79122,6.0,35.0,8368.0,0
640,BSNL,F,19,Madhya Pradesh,Chennai,218489,02-10-2026,4,50046,1.0,51.0,385.0,0
641,Vodafone,M,28,Rajasthan,Delhi,342665,03-10-2026,3,47171,31.0,29.0,3796.0,0
642,Airtel,M,25,Odisha,Hyderabad,709696,04-10-2026,2,89466,18.0,9.0,4396.0,0
643,Reliance Jio,F,29,Chhattisgarh,Bangalore,859513,05-10-2026,3,125900,86.0,17.0,183.0,0
644,Reliance Jio,M,46,Goa,Chennai,330579,06-10-2026,0,103623,101.0,24.0,1242.0,0
645,Airtel,M,65,Telangana,Kolkata,449646,07-10-2026,0,82424,64.0,2.0,8611.0,0
646,Reliance Jio,M,31,Uttar Pradesh,Bangalore,515015,08-10-2026,2,74050,35.0,32.0,784.0,0
647,BSNL,F,22,Gujarat,Hyderabad,948071,09-10-2026,3,111956,89.0,17.0,7155.0,0
648,Vodafone,F,33,Odisha,Bangalore,376336,10-10-2026,4,137726,38.0,23.0,10854.0,0
649,Vodafone,M,45,Goa,Hyderabad,737455,11-10-2026,2,63082,41.0,42.0,9244.0,0
650,Vodafone,F,24,Karnataka,Mumbai,692995,12-10-2026,0,27260,65.0,45.0,2415.0,0
651,Vodafone,F,44,Andhra Pradesh,Delhi,398398,13-10-2026,2,136870,50.0,41.0,8890.0,0
652,Reliance Jio,F,63,West Bengal,Mumbai,843273,14-10-2026,3,85638,40.0,6.0,3885.0,0
653,Reliance Jio,M,19,Karnataka,Bangalore,345041,15-10-2026,3,119249,42.0,32.0,3228.0,0
654,BSNL,M,40,West Bengal,Hyderabad,763432,16-10-2026,0,133295,12.0,49.0,2420.0,0
655,Airtel,M,23,Meghalaya,Kolkata,249827,17-10-2026,0,121242,27.0,14.0,8519.0,1
656,Vodafone,M,42,Arunachal Pradesh,Mumbai,925231,18-10-2026,3,138618,72.0,25.5,274.0,0
657,Reliance Jio,F,72,Chhattisgarh,Mumbai,258816,19-10-2026,2,77199,83.0,17.0,7577.0,0
658,BSNL,F,42,Manipur,Kolkata,224794,20-10-2026,1,44261,18.0,25.0,7039.0,0
659,Airtel,M,41,Kerala,Hyderabad,701388,21-10-2026,1,108934,90.0,28.0,6950.0,0
660,Airtel,M,40,Himachal Pradesh,Mumbai,379221,22-10-2026,4,36279,88.0,34.0,6031.0,1
661,Reliance Jio,M,33,Rajasthan,Hyderabad,583001,23-10-2026,1,108098,23.0,3.0,8360.0,0
662,Reliance Jio,F,39,Himachal Pradesh,Hyderabad,436656,24-10-2026,2,140857,12.0,20.0,4479.0,0
663,Reliance Jio,F,68,Assam,Mumbai,758253,25-10-2026,3,136126,78.0,45.0,3104.0,1
664,BSNL,M,73,Bihar,Bangalore,379863,26-10-2026,0,126677,77.0,5.0,7696.0,0
665,Vodafone,F,71,Mizoram,Kolkata,601939,27-10-2026,4,75785,80.0,37.0,9076.0,0
666,Reliance Jio,M,60,Karnataka,Delhi,157897,28-10-2026,1,107644,77.0,20.0,5103.0,0
667,Airtel,F,60,Tamil Nadu,Delhi,836794,29-10-2026,0,45328,64.0,35.0,992.0,0
668,Vodafone,M,46,West Bengal,Delhi,611381,30-10-2026,1,135149,62.0,25.5,8880.0,1
669,Vodafone,F,65,Maharashtra,Bangalore,742640,31-10-2026,2,108372,39.0,29.0,5368.0,0
670,BSNL,M,53,Uttarakhand,Bangalore,698361,01-11-2026,2,76983,20.0,10.0,5594.0,0
671,Airtel,M,54,Sikkim,Delhi,803905,02-11-2026,1,93101,48.0,39.0,10064.0,0
672,Reliance Jio,M,39,Sikkim,Hyderabad,273257,03-11-2026,3,112435,20.0,39.0,10486.0,0
673,BSNL,F,63,Telangana,Mumbai,371078,04-11-2026,3,110823,43.0,8.0,888.0,0
674,Airtel,M,27,Karnataka,Mumbai,748838,05-11-2026,4,137047,22.0,17.0,1365.0,1
675,BSNL,M,69,Bihar,Delhi,999941,06-11-2026,4,23262,83.0,7.0,724.0,1
676,Vodafone,F,32,Nagaland,Hyderabad,392023,07-11-2026,2,47985,15.0,33.0,6948.0,1
677,Reliance Jio,M,58,Andhra Pradesh,Hyderabad,925250,08-11-2026,4,24407,21.0,24.0,3655.0,0
678,Vodafone,F,52,Manipur,Bangalore,953545,09-11-2026,1,120660,77.0,3.0,5485.0,1
679,Airtel,M,55,Tamil Nadu,Bangalore,246172,10-11-2026,2,27294,95.0,32.0,1797.0,0
680,Airtel,M,36,Meghalaya,Kolkata,682850,11-11-2026,0,100778,4.0,9.0,3916.0,0
681,Reliance Jio,M,67,Manipur,Kolkata,379186,12-11-2026,1,105219,93.0,43.0,1482.0,1
682,BSNL,M,37,Gujarat,Chennai,166913,13-11-2026,1,30290,33.0,18.0,48.0,0
683,Vodafone,M,49,Tripura,Delhi,186429,14-11-2026,1,79208,22.0,24.0,5049.0,1
684,Reliance Jio,M,33,Arunachal Pradesh,Delhi,121855,15-11-2026,0,134031,67.0,24.0,4074.0,0
685,Vodafone,F,21,Uttar Pradesh,Delhi,992244,16-11-2026,2,58510,42.0,6.0,3824.0,0
686,BSNL,M,41,Arunachal Pradesh,Delhi,444891,17-11-2026,3,55373,46.0,8.0,5049.0,0
687,Reliance Jio,M,33,West Bengal,Bangalore,977016,18-11-2026,4,72930,50.0,42.0,3905.0,0
688,Reliance Jio,F,60,Manipur,Chennai,115363,19-11-2026,2,53590,50.0,45.0,6747.0,0
689,BSNL,M,32,Uttar Pradesh,Hyderabad,102782,20-11-2026,2,79797,45.0,4.0,7037.0,0
690,Vodafone,F,64,Rajasthan,Kolkata,388044,21-11-2026,4,91298,86.0,1.0,8041.0,1
691,Reliance Jio,M,31,Nagaland,Bangalore,511833,22-11-2026,2,52446,8.0,19.0,6927.0,0
692,BSNL,F,67,Maharashtra,Kolkata,727117,23-11-2026,2,32774,11.0,45.0,7020.0,0
693,Reliance Jio,M,65,Uttar Pradesh,Mumbai,915310,24-11-2026,1,22886,29.0,47.0,4431.0,0
694,BSNL,M,23,West Bengal,Hyderabad,836063,25-11-2026,3,135884,13.0,33.0,4728.0,1
695,BSNL,M,59,Mizoram,Delhi,331333,26-11-2026,3,79076,14.0,10.0,3628.0,1
696,Reliance Jio,M,43,Assam,Mumbai,704576,27-11-2026,4,119598,23.0,46.0,8792.0,0
697,Reliance Jio,F,53,Arunachal Pradesh,Mumbai,461755,28-11-2026,0,44839,30.0,29.0,515.0,0
698,Reliance Jio,M,44,Assam,Kolkata,764910,29-11-2026,1,119942,60.0,18.0,3019.0,0
699,Reliance Jio,M,73,Bihar,Chennai,177041,30-11-2026,0,51009,37.0,16.0,8730.0,0
700,Vodafone,F,61,Sikkim,Kolkata,384185,01-12-2026,3,20190,14.0,36.0,5500.0,0
701,BSNL,M,20,Madhya Pradesh,Delhi,425603,02-12-2026,2,29437,90.0,47.0,8867.0,0
702,Reliance Jio,M,64,Meghalaya,Mumbai,713436,03-12-2026,1,86197,18.0,48.0,2735.0,0
703,Reliance Jio,M,54,Arunachal Pradesh,Mumbai,487675,04-12-2026,0,70843,53.0,38.0,4050.0,0
704,BSNL,F,55,Mizoram,Mumbai,150985,05-12-2026,1,77793,86.0,11.0,8725.0,0
705,Airtel,F,46,Maharashtra,Kolkata,876575,06-12-2026,0,102507,74.0,24.0,7127.0,0
706,BSNL,F,29,Rajasthan,Delhi,301778,07-12-2026,3,20276,72.0,24.0,9386.0,0
707,Reliance Jio,M,48,Chhattisgarh,Chennai,447070,08-12-2026,0,66667,97.0,34.0,8951.0,0
708,Vodafone,M,23,Himachal Pradesh,Delhi,529637,09-12-2026,0,147511,21.0,29.0,6212.0,0
709,Vodafone,M,59,Karnataka,Bangalore,993822,10-12-2026,0,82263,82.0,30.0,8821.0,0
710,BSNL,M,60,Himachal Pradesh,Mumbai,824935,11-12-2026,0,76609,77.0,38.0,5665.0,0
711,Airtel,M,32,Bihar,Bangalore,929243,12-12-2026,0,64800,43.0,9.0,6550.0,0
712,Reliance Jio,F,74,Sikkim,Chennai,945713,13-12-2026,1,137261,72.0,25.0,5148.0,1
713,BSNL,M,51,Odisha,Bangalore,703760,14-12-2026,4,43053,23.0,47.0,4249.0,0
714,Airtel,F,47,Karnataka,Bangalore,490333,15-12-2026,0,114008,70.0,16.0,6246.0,0
715,BSNL,F,29,Uttarakhand,Delhi,332622,16-12-2026,2,50737,85.0,46.0,2072.0,0
716,Reliance Jio,M,25,Madhya Pradesh,Hyderabad,179679,17-12-2026,1,36525,93.0,28.0,4312.0,0
717,BSNL,M,49,Rajasthan,Hyderabad,899389,18-12-2026,0,125060,67.0,25.0,8469.0,0
718,BSNL,M,72,Himachal Pradesh,Chennai,479398,19-12-2026,4,106065,25.0,28.0,1365.0,0
719,Airtel,M,55,Manipur,Chennai,573662,20-12-2026,0,87017,32.0,47.0,8436.0,0
720,BSNL,F,61,Haryana,Hyderabad,667727,21-12-2026,3,45524,28.0,25.0,7733.0,0
721,Reliance Jio,F,20,Meghalaya,Delhi,287831,22-12-2026,0,134822,79.0,12.0,7059.0,0
722,Airtel,M,22,Arunachal Pradesh,Bangalore,799972,23-12-2026,2,128716,23.0,5.0,2208.0,0
723,BSNL,F,72,Sikkim,Delhi,626910,24-12-2026,2,94739,35.0,0.0,498.0,0
724,Reliance Jio,F,69,Manipur,Bangalore,484129,25-12-2026,1,113861,1.0,29.0,4393.0,0
725,Vodafone,M,68,West Bengal,Mumbai,258363,26-12-2026,4,71749,80.0,25.5,3974.0,0
726,Airtel,M,55,Himachal Pradesh,Hyderabad,584143,27-12-2026,1,26660,31.0,39.0,7373.0,0
727,Vodafone,F,40,Punjab,Mumbai,376205,28-12-2026,1,47891,53.0,33.0,2705.0,0
728,Reliance Jio,M,51,Chhattisgarh,Bangalore,879747,29-12-2026,0,118620,23.0,22.0,6048.0,1
729,Vodafone,F,65,Bihar,Mumbai,706167,30-12-2026,1,40232,22.0,42.0,5049.0,1
730,Vodafone,F,69,Himachal Pradesh,Delhi,326677,31-12-2026,4,84873,39.0,6.0,7501.0,0
731,Vodafone,F,51,West Bengal,Chennai,758237,01-01-2027,1,31147,8.0,3.0,5049.0,1
732,Vodafone,M,31,Meghalaya,Delhi,784928,02-01-2027,3,72870,57.0,44.0,7065.0,0
733,Vodafone,M,21,Andhra Pradesh,Bangalore,819766,03-01-2027,1,95828,31.0,39.0,4663.0,0
734,Airtel,F,47,Karnataka,Kolkata,537724,04-01-2027,1,103554,50.0,3.0,5319.0,1
735,Reliance Jio,M,62,Nagaland,Chennai,912103,05-01-2027,3,105951,107.0,10.0,2205.0,0
736,Reliance Jio,F,38,Karnataka,Delhi,513074,06-01-2027,1,113651,38.0,37.0,2698.0,0
737,Airtel,M,57,Jharkhand,Kolkata,716525,07-01-2027,4,91593,50.0,23.0,9212.0,0
738,Reliance Jio,F,30,Tamil Nadu,Delhi,214220,08-01-2027,2,62077,10.0,29.0,7550.0,0
739,Reliance Jio,F,35,Andhra Pradesh,Bangalore,115268,09-01-2027,4,133515,45.0,51.0,6199.0,0
740,Reliance Jio,F,40,Bihar,Bangalore,202102,10-01-2027,1,24696,42.0,12.0,3999.0,0
741,Vodafone,F,59,Andhra Pradesh,Chennai,863431,11-01-2027,4,90749,9.0,17.0,1169.0,1
742,Reliance Jio,M,66,Telangana,Delhi,483738,12-01-2027,4,141228,57.0,22.0,5477.0,0
743,Airtel,F,30,Rajasthan,Bangalore,663091,13-01-2027,3,116296,61.0,46.0,1193.0,1
744,Reliance Jio,M,46,Bihar,Chennai,240410,14-01-2027,2,65237,51.0,3.0,4598.0,0
745,BSNL,M,48,Assam,Delhi,763649,15-01-2027,0,76062,74.0,25.0,8417.0,1
746,Reliance Jio,M,47,Punjab,Kolkata,561525,16-01-2027,3,43890,45.0,15.0,6351.0,1
747,Vodafone,M,26,Maharashtra,Bangalore,954643,17-01-2027,4,37087,36.0,24.0,5830.0,0
748,Vodafone,F,71,Kerala,Kolkata,643912,18-01-2027,1,83667,65.0,30.0,8918.0,0
749,BSNL,M,54,Maharashtra,Chennai,590093,19-01-2027,1,103284,44.0,49.0,1711.0,0
750,Reliance Jio,M,41,Himachal Pradesh,Chennai,235196,20-01-2027,4,60822,40.0,28.0,5275.0,0
751,Airtel,M,58,Gujarat,Chennai,558432,21-01-2027,1,56724,67.0,24.0,5366.0,0
752,Vodafone,M,27,Tripura,Delhi,241616,22-01-2027,0,67853,52.0,0.0,4446.0,1
753,Vodafone,M,40,Bihar,Mumbai,518717,23-01-2027,4,72961,38.0,37.0,6345.0,1
754,Vodafone,M,71,Manipur,Chennai,879758,24-01-2027,3,52822,9.0,10.0,590.0,0
755,Airtel,M,43,Bihar,Chennai,886325,25-01-2027,0,99366,90.0,30.0,292.0,0
756,Airtel,M,58,Haryana,Hyderabad,228121,26-01-2027,4,111096,33.0,28.0,8477.0,0
757,Reliance Jio,F,48,Kerala,Delhi,147365,27-01-2027,0,41354,56.0,19.0,10426.0,0
758,Reliance Jio,M,21,Kerala,Bangalore,745087,28-01-2027,1,27014,93.0,21.0,2920.0,0
759,Airtel,M,58,Haryana,Bangalore,754901,29-01-2027,2,62810,71.0,26.0,4293.0,0
760,BSNL,F,53,Andhra Pradesh,Hyderabad,281040,30-01-2027,3,50632,15.0,3.0,7009.0,1
761,Reliance Jio,M,54,Manipur,Bangalore,897390,31-01-2027,1,54739,60.0,14.0,5049.0,0
762,Airtel,M,26,Haryana,Hyderabad,616200,01-02-2027,0,100746,86.0,45.0,9719.0,0
763,Airtel,M,25,Maharashtra,Kolkata,697227,02-02-2027,0,71325,50.0,43.0,8512.0,1
764,Airtel,M,25,Tripura,Chennai,625117,03-02-2027,1,55138,36.0,9.0,10799.0,0
765,Airtel,F,50,Sikkim,Kolkata,904161,04-02-2027,3,50193,55.0,25.5,4226.0,0
766,Airtel,F,56,Meghalaya,Delhi,460911,05-02-2027,4,47959,73.0,25.0,5220.0,0
767,Reliance Jio,M,72,Bihar,Mumbai,190485,06-02-2027,0,135004,32.0,47.0,2642.0,0
768,Vodafone,F,26,Goa,Bangalore,888876,07-02-2027,0,59802,95.0,28.0,6393.0,1
769,Vodafone,M,59,Kerala,Chennai,717915,08-02-2027,1,129675,69.0,33.0,5447.0,0
770,BSNL,M,73,Jharkhand,Kolkata,609573,09-02-2027,1,117872,16.0,39.0,3981.0,0
771,BSNL,M,36,Chhattisgarh,Chennai,938571,10-02-2027,2,118176,7.0,47.0,5697.0,1
772,Reliance Jio,F,49,Uttarakhand,Chennai,380287,11-02-2027,3,89877,54.0,3.0,2483.0,0
773,Airtel,F,67,Nagaland,Chennai,948806,12-02-2027,4,35244,4.0,15.0,8236.0,1
774,BSNL,F,47,Nagaland,Chennai,289413,13-02-2027,0,110255,20.0,45.0,2564.0,0
775,Reliance Jio,M,61,Gujarat,Kolkata,296095,14-02-2027,2,32210,65.0,25.0,7277.0,0
776,Reliance Jio,M,72,Bihar,Bangalore,978817,15-02-2027,0,55472,50.0,13.0,8097.0,1
777,Reliance Jio,M,61,Karnataka,Chennai,779054,16-02-2027,4,108990,6.0,49.0,6298.0,0
778,Vodafone,M,45,West Bengal,Mumbai,392675,17-02-2027,4,83460,101.0,14.0,3628.0,0
779,Reliance Jio,M,54,Bihar,Mumbai,633965,18-02-2027,2,57305,40.0,13.0,2512.0,0
780,BSNL,F,59,Maharashtra,Kolkata,162639,19-02-2027,2,94104,43.0,14.0,1125.0,0
781,Airtel,F,33,Gujarat,Hyderabad,982832,20-02-2027,2,105314,86.0,4.0,605.0,0
782,Airtel,M,29,Himachal Pradesh,Bangalore,256153,21-02-2027,4,139343,32.0,16.0,3021.0,0
783,Reliance Jio,M,48,Haryana,Kolkata,531250,22-02-2027,0,126943,98.0,45.0,3349.0,0
784,Airtel,M,66,Kerala,Kolkata,657277,23-02-2027,0,73268,14.0,40.0,8704.0,0
785,Reliance Jio,F,46,Tripura,Delhi,681172,24-02-2027,2,141414,66.0,11.0,459.0,0
786,Reliance Jio,F,64,Uttarakhand,Mumbai,571894,25-02-2027,0,29384,100.0,41.0,3167.0,1
787,Airtel,F,22,Bihar,Chennai,335661,26-02-2027,1,132617,16.0,33.0,6053.0,0
788,BSNL,M,71,Goa,Mumbai,410047,27-02-2027,1,72376,62.0,10.0,4494.0,0
789,Reliance Jio,F,66,Uttar Pradesh,Hyderabad,981604,28-02-2027,3,25535,69.0,14.0,7559.0,0
790,Reliance Jio,M,54,Uttarakhand,Bangalore,652953,01-03-2027,1,35466,72.0,3.0,7303.0,0
791,BSNL,F,47,Haryana,Hyderabad,226137,02-03-2027,4,146871,11.0,43.0,981.0,0
792,Airtel,M,40,Karnataka,Mumbai,349093,03-03-2027,3,132502,33.0,15.0,5049.0,0
793,BSNL,F,24,Rajasthan,Kolkata,420600,04-03-2027,3,135675,72.0,33.0,4531.0,0
794,BSNL,M,30,Tamil Nadu,Delhi,615281,05-03-2027,1,118830,66.0,32.0,5655.0,0
795,Vodafone,F,47,Jharkhand,Chennai,753264,06-03-2027,4,95568,24.0,13.0,1646.0,0
796,Reliance Jio,M,27,Meghalaya,Hyderabad,496294,07-03-2027,2,81480,81.0,12.0,6924.0,0
797,Airtel,F,57,Andhra Pradesh,Hyderabad,109630,08-03-2027,0,101994,25.0,11.0,123.0,0
798,Airtel,M,55,Himachal Pradesh,Hyderabad,747375,09-03-2027,1,129608,50.0,49.0,387.0,0
799,BSNL,M,42,Mizoram,Kolkata,798421,10-03-2027,1,106251,50.0,20.0,6009.0,0
800,BSNL,F,66,Jharkhand,Bangalore,647190,11-03-2027,2,113523,18.0,17.0,1464.0,0
801,Airtel,F,67,Tripura,Chennai,632952,12-03-2027,3,90770,23.0,38.0,6222.0,0
802,BSNL,F,22,Sikkim,Chennai,704295,13-03-2027,0,54554,89.0,1.0,2588.0,1
803,BSNL,M,72,Himachal Pradesh,Delhi,837075,14-03-2027,4,35890,37.0,28.0,3956.0,1
804,Vodafone,M,37,Maharashtra,Kolkata,112490,15-03-2027,2,139880,92.0,52.0,9330.0,1
805,Reliance Jio,M,20,Haryana,Mumbai,279834,16-03-2027,0,112448,32.0,2.0,8277.0,0
806,Reliance Jio,M,32,Madhya Pradesh,Kolkata,721024,17-03-2027,0,28514,86.0,16.0,6101.0,0
807,Vodafone,F,57,Bihar,Hyderabad,284002,18-03-2027,0,140578,41.0,28.0,4373.0,0
808,Vodafone,M,54,Tamil Nadu,Bangalore,334207,19-03-2027,4,110967,48.0,2.0,10352.0,1
809,Airtel,F,42,West Bengal,Kolkata,883518,20-03-2027,2,109661,75.0,27.0,6090.0,0
810,Airtel,F,19,Jharkhand,Chennai,829568,21-03-2027,4,98648,38.0,11.0,1938.0,0
811,Airtel,M,25,Punjab,Kolkata,823579,22-03-2027,1,80528,65.0,40.0,6555.0,0
812,Vodafone,M,72,Arunachal Pradesh,Delhi,152251,23-03-2027,2,91311,91.0,18.0,2776.0,0
813,Airtel,M,46,Chhattisgarh,Mumbai,760347,24-03-2027,4,99344,73.0,50.0,9064.0,0
814,Airtel,M,28,Odisha,Hyderabad,773490,25-03-2027,2,89950,31.0,36.0,9595.0,0
815,Reliance Jio,F,28,Uttar Pradesh,Chennai,891545,26-03-2027,1,135818,15.0,1.0,3704.0,0
816,Vodafone,F,52,Gujarat,Delhi,678159,27-03-2027,1,84680,61.0,12.0,4497.0,0
817,Reliance Jio,M,43,Assam,Kolkata,175219,28-03-2027,3,91095,37.0,42.0,7137.0,0
818,BSNL,F,25,Karnataka,Hyderabad,945189,29-03-2027,3,138775,20.0,3.0,8190.0,0
819,BSNL,M,25,Chhattisgarh,Hyderabad,456832,30-03-2027,4,54118,87.0,3.0,3673.0,0
820,Airtel,F,67,Meghalaya,Hyderabad,171699,31-03-2027,2,63614,54.0,25.0,951.0,0
821,Reliance Jio,M,37,Uttar Pradesh,Delhi,167941,01-04-2027,1,110631,42.0,20.0,10252.0,0
822,Vodafone,M,43,Andhra Pradesh,Mumbai,814392,02-04-2027,1,45188,19.0,22.0,4071.0,1
823,Vodafone,M,32,Haryana,Delhi,388523,03-04-2027,1,34660,13.0,11.0,5951.0,1
824,Reliance Jio,F,41,Gujarat,Hyderabad,469814,04-04-2027,0,98264,46.0,52.0,9726.0,0
825,Reliance Jio,F,66,West Bengal,Chennai,297970,05-04-2027,0,86778,38.0,4.0,6493.0,0
826,Vodafone,F,47,Kerala,Hyderabad,721338,06-04-2027,4,26015,10.0,7.0,6041.0,1
827,BSNL,F,73,Himachal Pradesh,Hyderabad,716098,07-04-2027,3,54833,80.0,18.0,5081.0,0
828,BSNL,M,63,Uttarakhand,Chennai,817154,08-04-2027,4,32669,38.0,19.0,5367.0,0
829,Reliance Jio,M,69,Assam,Chennai,392714,09-04-2027,0,143268,16.0,39.0,2346.0,1
830,Reliance Jio,F,51,Telangana,Delhi,950404,10-04-2027,3,53548,26.0,40.0,3230.0,0
831,Reliance Jio,M,24,Arunachal Pradesh,Hyderabad,493729,11-04-2027,2,65878,50.0,2.0,3860.0,0
832,Vodafone,F,30,Madhya Pradesh,Mumbai,667899,12-04-2027,4,138782,94.0,27.0,533.0,1
833,Vodafone,F,49,Haryana,Mumbai,903098,13-04-2027,3,107924,1.0,5.0,5397.0,0
834,Reliance Jio,M,32,Maharashtra,Mumbai,257858,14-04-2027,1,116298,66.0,45.0,4820.0,0
835,BSNL,F,25,Rajasthan,Bangalore,388475,15-04-2027,3,50939,34.0,7.0,6840.0,0
836,Vodafone,M,39,Maharashtra,Kolkata,549507,16-04-2027,3,112135,52.0,34.0,6551.0,1
837,Vodafone,M,30,Tripura,Mumbai,707906,17-04-2027,1,84343,37.0,16.0,8498.0,0
838,Vodafone,M,66,Mizoram,Kolkata,622874,18-04-2027,1,31965,18.0,5.0,2901.0,1
839,BSNL,F,59,Meghalaya,Kolkata,423054,19-04-2027,4,47697,98.0,46.0,1049.0,0
840,BSNL,F,68,West Bengal,Kolkata,528067,20-04-2027,2,83688,97.0,34.0,2820.0,0
841,Vodafone,F,39,Punjab,Kolkata,510073,21-04-2027,1,53945,90.0,51.0,6840.0,1
842,BSNL,M,50,Punjab,Kolkata,527853,22-04-2027,2,133795,56.0,13.0,5161.0,1
843,BSNL,M,42,Telangana,Mumbai,533191,23-04-2027,3,35952,79.0,14.0,4369.0,0
844,Vodafone,M,23,Sikkim,Kolkata,838504,24-04-2027,4,112775,23.0,3.0,10700.0,0
845,Airtel,F,33,Telangana,Chennai,266584,25-04-2027,4,120376,31.0,23.0,7863.0,0
846,Vodafone,F,66,Haryana,Hyderabad,864193,26-04-2027,2,138210,67.0,6.0,5049.0,0
847,BSNL,M,37,Gujarat,Mumbai,871629,27-04-2027,0,116209,7.0,2.0,5049.0,0
848,BSNL,M,55,Meghalaya,Delhi,518670,28-04-2027,4,74653,90.0,34.0,10455.0,0
849,Airtel,M,49,Meghalaya,Bangalore,787380,29-04-2027,2,21482,49.0,35.0,7730.0,0
850,Vodafone,M,63,Himachal Pradesh,Kolkata,667598,30-04-2027,1,45441,42.0,37.0,7746.0,0
851,Reliance Jio,M,25,Arunachal Pradesh,Mumbai,342027,01-05-2027,4,38802,80.0,23.0,10273.0,0
852,Reliance Jio,F,67,Andhra Pradesh,Chennai,549192,02-05-2027,1,43638,52.0,18.0,8537.0,0
853,Reliance Jio,F,58,Kerala,Chennai,265850,03-05-2027,0,20604,19.0,49.0,2171.0,0
854,Reliance Jio,M,36,Telangana,Mumbai,844413,04-05-2027,3,127147,29.0,30.0,2406.0,0
855,BSNL,F,27,Tamil Nadu,Kolkata,874229,05-05-2027,0,100981,31.0,15.0,4750.0,1
856,Vodafone,F,22,Kerala,Delhi,927469,06-05-2027,4,85566,36.0,36.0,2384.0,0
857,Airtel,M,58,Maharashtra,Mumbai,264964,07-05-2027,2,119575,66.0,8.0,3783.0,0
858,BSNL,F,63,Uttar Pradesh,Kolkata,433324,08-05-2027,1,43973,79.0,22.0,6815.0,0
859,Airtel,M,25,Jharkhand,Kolkata,871852,09-05-2027,4,22987,12.0,18.0,9309.0,0
860,BSNL,F,63,Mizoram,Kolkata,156983,10-05-2027,4,30353,81.0,19.0,8039.0,0
861,Vodafone,M,65,Uttarakhand,Delhi,604802,11-05-2027,3,149346,42.0,19.0,3788.0,0
862,Vodafone,M,56,Tripura,Hyderabad,170092,12-05-2027,2,80921,9.0,49.0,2654.0,0
863,Vodafone,M,66,Haryana,Kolkata,460663,13-05-2027,2,88864,30.0,38.0,3411.0,0
864,Vodafone,M,32,Andhra Pradesh,Delhi,855491,14-05-2027,4,123354,29.0,39.0,309.0,0
865,BSNL,F,60,Odisha,Chennai,690541,15-05-2027,1,48899,99.0,37.0,9649.0,0
866,Airtel,F,67,Odisha,Hyderabad,339355,16-05-2027,4,109760,72.0,37.0,5884.0,0
867,Reliance Jio,M,21,Andhra Pradesh,Kolkata,116707,17-05-2027,4,120637,61.0,3.0,961.0,0
868,Reliance Jio,M,28,Mizoram,Chennai,704928,18-05-2027,2,22933,34.0,53.0,6413.0,1
869,Vodafone,M,48,Manipur,Chennai,184381,19-05-2027,1,99757,53.0,41.0,8986.0,0
870,Airtel,F,29,Rajasthan,Chennai,558155,20-05-2027,3,66874,80.0,41.0,5298.0,0
871,Reliance Jio,M,68,Kerala,Hyderabad,935797,21-05-2027,0,52333,67.0,27.0,7204.0,0
872,Airtel,F,54,Kerala,Delhi,377428,22-05-2027,2,142333,30.0,25.5,2617.0,0
873,BSNL,M,45,Nagaland,Mumbai,824414,23-05-2027,1,57446,51.0,2.0,10458.0,0
874,BSNL,F,47,Assam,Delhi,352556,24-05-2027,0,40200,76.0,44.0,9412.0,0
875,Reliance Jio,F,30,Himachal Pradesh,Kolkata,708059,25-05-2027,4,119835,62.0,21.0,952.0,0
876,Vodafone,M,31,Himachal Pradesh,Hyderabad,142059,26-05-2027,1,104108,18.0,28.0,5561.0,0
877,Vodafone,M,44,Odisha,Mumbai,565200,27-05-2027,3,140333,42.0,44.0,321.0,0
878,BSNL,M,47,Telangana,Delhi,920599,28-05-2027,4,134931,79.0,10.0,5200.0,0
879,Airtel,F,37,Madhya Pradesh,Chennai,935579,29-05-2027,2,61196,48.0,17.0,8882.0,0
880,Reliance Jio,M,23,Karnataka,Hyderabad,376377,30-05-2027,3,41152,22.0,45.0,9081.0,0
881,Reliance Jio,M,51,Madhya Pradesh,Delhi,459076,31-05-2027,1,70204,28.0,28.0,5726.0,0
882,BSNL,M,26,Madhya Pradesh,Delhi,575734,01-06-2027,4,109939,21.0,40.0,1587.0,0
883,Vodafone,M,46,Uttarakhand,Delhi,476784,02-06-2027,0,33675,4.0,12.0,2439.0,0
884,Reliance Jio,F,34,Manipur,Mumbai,596660,03-06-2027,3,95804,61.0,32.0,7281.0,0
885,Reliance Jio,M,35,Uttarakhand,Delhi,907275,04-06-2027,0,95319,63.0,25.5,2339.0,0
886,Vodafone,F,37,Punjab,Bangalore,836491,05-06-2027,3,113179,11.0,36.0,5147.0,0
887,Airtel,M,73,Assam,Chennai,848380,06-06-2027,1,142310,42.0,1.0,7401.0,0
888,BSNL,M,39,Maharashtra,Kolkata,668922,07-06-2027,1,65582,92.0,38.0,1217.0,1
889,Airtel,M,34,Jharkhand,Mumbai,392908,08-06-2027,4,22930,89.0,24.0,6070.0,0
890,BSNL,M,53,Jharkhand,Chennai,236342,09-06-2027,2,61038,22.0,37.0,4366.0,0
891,Airtel,M,51,Telangana,Delhi,742611,10-06-2027,3,136249,74.0,16.0,4324.0,0
892,Airtel,M,63,Bihar,Chennai,669522,11-06-2027,3,28968,89.0,15.0,2981.0,0
893,Vodafone,M,19,Gujarat,Chennai,623496,12-06-2027,1,117770,49.0,15.0,5199.0,0
894,Vodafone,M,31,Himachal Pradesh,Bangalore,548325,13-06-2027,2,91172,103.0,42.0,9162.0,1
895,Vodafone,F,41,Punjab,Kolkata,452014,14-06-2027,3,142240,84.0,22.0,5694.0,1
896,Vodafone,M,29,Sikkim,Mumbai,187170,15-06-2027,1,112234,39.0,42.0,4935.0,0
897,BSNL,F,49,Tamil Nadu,Hyderabad,573343,16-06-2027,2,120545,26.0,9.0,8830.0,0
898,Reliance Jio,M,51,Maharashtra,Delhi,542882,17-06-2027,2,72143,63.0,37.0,5966.0,1
899,BSNL,M,47,Mizoram,Mumbai,617859,18-06-2027,1,137297,64.0,48.0,2764.0,1
900,BSNL,M,68,Arunachal Pradesh,Chennai,782795,19-06-2027,4,90532,42.0,26.0,4679.0,0
901,Airtel,M,41,Maharashtra,Mumbai,228641,20-06-2027,0,95919,69.0,25.0,5049.0,0
902,Vodafone,M,32,Telangana,Hyderabad,990302,21-06-2027,0,125227,15.0,0.0,6637.0,0
903,Reliance Jio,F,49,Uttarakhand,Delhi,425470,22-06-2027,4,32341,58.0,50.0,2382.0,0
904,Vodafone,F,62,Haryana,Kolkata,944759,23-06-2027,4,35410,43.0,26.0,8815.0,1
905,Airtel,M,39,Himachal Pradesh,Delhi,386757,24-06-2027,3,67163,96.0,5.0,5049.0,0
906,Reliance Jio,M,43,Gujarat,Chennai,839415,25-06-2027,2,135890,26.0,44.0,10256.0,0
907,Vodafone,F,65,Maharashtra,Bangalore,770057,26-06-2027,3,37397,101.0,32.0,220.0,1
908,BSNL,F,60,Nagaland,Bangalore,181717,27-06-2027,1,21722,32.0,20.0,8911.0,0
909,Vodafone,M,51,Uttarakhand,Hyderabad,309365,28-06-2027,2,141638,57.0,1.0,3609.0,0
910,Reliance Jio,M,43,Karnataka,Hyderabad,731478,29-06-2027,4,74504,10.0,3.0,3688.0,0
911,BSNL,M,23,Assam,Chennai,955847,30-06-2027,3,125444,65.0,49.0,3004.0,0
912,Vodafone,F,63,Kerala,Hyderabad,638984,01-07-2027,3,22851,13.0,11.0,1046.0,0
913,BSNL,F,47,Himachal Pradesh,Hyderabad,851949,02-07-2027,0,23944,28.0,18.0,4348.0,0
914,BSNL,M,27,Mizoram,Delhi,589174,03-07-2027,2,124104,96.0,47.0,10318.0,1
915,Airtel,M,30,Arunachal Pradesh,Delhi,963215,04-07-2027,3,132757,62.0,9.0,8239.0,0
916,Reliance Jio,M,69,Odisha,Hyderabad,775953,05-07-2027,0,84245,80.0,31.0,6625.0,1
917,Vodafone,F,48,Odisha,Chennai,512736,06-07-2027,0,111566,44.0,27.0,5508.0,0
918,Airtel,F,60,Arunachal Pradesh,Kolkata,540673,07-07-2027,0,142086,32.0,38.0,2252.0,1
919,Vodafone,M,58,Kerala,Kolkata,455313,08-07-2027,0,76645,36.0,33.0,8063.0,0
920,Vodafone,M,45,Telangana,Delhi,282486,09-07-2027,2,47458,44.0,34.0,7303.0,0
921,Vodafone,F,62,Manipur,Hyderabad,124728,10-07-2027,1,66136,15.0,40.0,5099.0,0
922,Airtel,M,25,Karnataka,Delhi,340173,11-07-2027,3,93348,50.0,5.0,6939.0,0
923,Reliance Jio,M,49,Himachal Pradesh,Bangalore,613144,12-07-2027,3,109679,26.0,11.0,7615.0,1
924,BSNL,M,20,Bihar,Chennai,400621,13-07-2027,2,107928,54.0,25.5,6798.0,0
925,BSNL,M,55,Mizoram,Kolkata,715364,14-07-2027,3,56155,88.0,19.0,1806.0,0
926,Vodafone,F,33,Tripura,Mumbai,563595,15-07-2027,0,73212,97.0,35.0,1364.0,0
927,Airtel,F,59,Punjab,Mumbai,192676,16-07-2027,0,34487,45.0,3.0,2519.0,1
928,Reliance Jio,M,68,Kerala,Kolkata,966937,17-07-2027,3,48672,8.0,9.0,6518.0,1
929,BSNL,M,22,Andhra Pradesh,Chennai,288539,18-07-2027,1,52857,56.0,4.0,2465.0,0
930,BSNL,M,26,Karnataka,Kolkata,490179,19-07-2027,3,142365,46.0,33.0,8010.0,0
931,Vodafone,F,41,Jharkhand,Hyderabad,565481,20-07-2027,4,101946,60.0,39.0,9254.0,0
932,Airtel,M,72,Nagaland,Mumbai,927464,21-07-2027,4,148370,14.0,18.0,6161.0,0
933,Reliance Jio,M,23,Andhra Pradesh,Chennai,898535,22-07-2027,4,115147,21.0,25.5,7434.0,0
934,BSNL,F,71,Kerala,Mumbai,802483,23-07-2027,0,103223,63.0,10.0,2982.0,1
935,Reliance Jio,F,50,Manipur,Bangalore,410563,24-07-2027,3,141318,91.0,11.0,2923.0,1
936,BSNL,M,26,Kerala,Mumbai,599673,25-07-2027,4,116192,26.0,10.0,9230.0,0
937,BSNL,M,48,Rajasthan,Chennai,907240,26-07-2027,2,99681,38.0,16.0,1762.0,0
938,Airtel,M,32,Tripura,Chennai,578604,27-07-2027,1,112079,91.0,44.0,6466.0,0
939,Airtel,M,45,Tamil Nadu,Kolkata,705235,28-07-2027,3,64599,12.0,41.0,890.0,0
940,Airtel,M,37,Rajasthan,Chennai,375305,29-07-2027,2,120298,2.0,39.0,2843.0,1
941,Airtel,M,33,Arunachal Pradesh,Kolkata,159680,30-07-2027,1,61042,30.0,18.0,5649.0,0
942,Airtel,M,67,West Bengal,Bangalore,232402,31-07-2027,0,90391,20.0,34.0,947.0,0
943,BSNL,M,55,Odisha,Mumbai,632291,01-08-2027,3,131836,90.0,5.0,8013.0,0
944,Airtel,M,26,Chhattisgarh,Mumbai,584880,02-08-2027,3,44176,31.0,10.0,8259.0,0
945,Reliance Jio,F,23,Sikkim,Delhi,518515,03-08-2027,0,71761,91.0,34.0,4825.0,0
946,Airtel,M,35,Chhattisgarh,Bangalore,255159,04-08-2027,3,116319,7.0,42.0,7150.0,0
947,Airtel,F,63,West Bengal,Chennai,108899,05-08-2027,1,34991,87.0,24.0,1788.0,0
948,Reliance Jio,M,32,Manipur,Chennai,167981,06-08-2027,4,20509,68.0,9.0,678.0,0
949,BSNL,M,37,Goa,Delhi,193047,07-08-2027,2,41228,37.0,43.0,7858.0,1
950,Reliance Jio,F,59,Madhya Pradesh,Hyderabad,298443,08-08-2027,3,80058,18.0,31.0,9961.0,0
951,Reliance Jio,F,41,Jharkhand,Delhi,900567,09-08-2027,2,38670,53.0,25.5,9282.0,0
952,Reliance Jio,M,62,Assam,Chennai,202649,10-08-2027,2,79013,25.0,16.0,4591.0,1
953,Reliance Jio,M,74,Meghalaya,Hyderabad,792535,11-08-2027,0,77342,55.0,44.0,4342.0,0
954,Reliance Jio,M,61,Kerala,Mumbai,559244,12-08-2027,0,34792,29.0,35.0,5482.0,0
955,BSNL,F,55,Kerala,Delhi,196512,13-08-2027,4,103341,15.0,33.0,8298.0,0
956,Airtel,M,22,Kerala,Delhi,737512,14-08-2027,4,47471,57.0,20.0,5654.0,0
957,BSNL,M,26,Telangana,Chennai,811731,15-08-2027,0,95878,29.0,3.0,7460.0,1
958,Vodafone,F,38,Karnataka,Mumbai,153004,16-08-2027,3,144039,45.0,19.0,7758.0,0
959,Reliance Jio,M,49,Maharashtra,Bangalore,226328,17-08-2027,2,29972,18.0,9.0,2771.0,0
960,BSNL,M,45,Gujarat,Hyderabad,448002,18-08-2027,2,27320,57.0,12.0,10632.0,0
961,Airtel,M,54,Rajasthan,Hyderabad,924285,19-08-2027,0,99094,77.0,24.0,1135.0,0
962,Reliance Jio,M,46,Bihar,Delhi,321733,20-08-2027,3,102027,53.0,36.0,7632.0,0
963,Vodafone,F,23,Tamil Nadu,Hyderabad,320461,21-08-2027,2,33430,93.0,13.0,8048.0,1
964,Reliance Jio,M,65,Punjab,Chennai,254608,22-08-2027,4,115723,105.0,4.0,7826.0,0
965,Reliance Jio,M,40,Himachal Pradesh,Chennai,668149,23-08-2027,3,26148,12.0,25.0,8298.0,0
966,BSNL,M,73,Odisha,Chennai,248210,24-08-2027,1,131638,17.0,29.0,1950.0,0
967,Vodafone,F,18,Tamil Nadu,Delhi,854527,25-08-2027,2,32492,88.0,12.0,1192.0,1
968,Airtel,M,64,Jharkhand,Kolkata,560480,26-08-2027,0,140672,55.0,4.0,7053.0,0
969,BSNL,M,40,Nagaland,Delhi,304580,27-08-2027,1,100573,70.0,12.0,6712.0,0
970,BSNL,M,28,Manipur,Kolkata,232154,28-08-2027,0,95569,42.0,29.0,2058.0,0
971,Reliance Jio,F,63,Haryana,Hyderabad,629562,29-08-2027,2,78858,50.0,36.0,2799.0,0
972,BSNL,M,70,Madhya Pradesh,Bangalore,711248,30-08-2027,1,127557,61.0,32.0,1355.0,0
973,BSNL,M,69,Meghalaya,Kolkata,560360,31-08-2027,4,71203,5.0,46.0,2275.0,0
974,BSNL,F,49,Rajasthan,Kolkata,710388,01-09-2027,2,109351,47.0,31.0,6749.0,1
975,BSNL,F,63,Goa,Bangalore,640838,02-09-2027,2,119501,55.0,35.0,6743.0,0
976,Vodafone,M,64,Odisha,Hyderabad,914236,03-09-2027,2,73030,47.0,47.0,7952.0,0
977,Airtel,M,24,Tamil Nadu,Delhi,684317,04-09-2027,0,35351,4.0,7.0,746.0,1
978,Airtel,F,19,Haryana,Kolkata,870376,05-09-2027,0,127590,17.0,45.0,738.0,0
979,BSNL,M,23,Maharashtra,Mumbai,440474,06-09-2027,2,57464,6.0,20.0,913.0,0
980,Reliance Jio,M,65,Gujarat,Delhi,786280,07-09-2027,0,64956,86.0,27.0,3837.0,0
981,Reliance Jio,F,37,West Bengal,Mumbai,845440,08-09-2027,4,91652,97.0,41.0,3814.0,0
982,Vodafone,F,48,Telangana,Chennai,344460,09-09-2027,3,148331,12.0,10.0,1203.0,0
983,Vodafone,F,22,Tripura,Delhi,948763,10-09-2027,0,74315,79.0,21.0,6175.0,0
984,Reliance Jio,M,40,West Bengal,Hyderabad,307897,11-09-2027,0,49677,39.0,36.0,7924.0,0
985,BSNL,F,27,Odisha,Mumbai,921057,12-09-2027,3,105165,67.0,42.0,9388.0,1
986,Reliance Jio,F,27,Sikkim,Delhi,460211,13-09-2027,3,60099,35.0,0.0,5099.0,0
987,Airtel,F,71,Jharkhand,Mumbai,651287,14-09-2027,3,98598,2.0,42.0,7531.0,0
988,Reliance Jio,F,59,Arunachal Pradesh,Bangalore,505632,15-09-2027,2,66046,16.0,48.0,9546.0,0
989,Vodafone,F,23,Mizoram,Mumbai,791097,16-09-2027,3,94480,38.0,9.0,5049.0,0
990,Airtel,M,25,Telangana,Delhi,138460,17-09-2027,2,116561,24.0,42.0,8085.0,0
991,Reliance Jio,M,44,Karnataka,Kolkata,622713,18-09-2027,1,29390,86.0,46.0,8080.0,0
992,Airtel,F,53,Jharkhand,Delhi,139520,19-09-2027,2,61319,67.0,29.0,837.0,1
993,BSNL,F,57,Tamil Nadu,Chennai,393839,20-09-2027,3,123185,44.0,44.0,5785.0,0
994,BSNL,F,39,Madhya Pradesh,Chennai,487284,21-09-2027,0,78871,95.0,11.0,4605.0,0
995,Airtel,M,22,Odisha,Bangalore,695989,22-09-2027,1,48101,70.0,17.0,9308.0,1
996,BSNL,F,19,Tamil Nadu,Delhi,326273,23-09-2027,0,81532,29.0,36.0,3952.0,0
997,Airtel,M,38,Nagaland,Kolkata,126707,24-09-2027,4,127367,39.0,19.0,5328.0,0
998,Vodafone,M,18,Odisha,Chennai,742600,25-09-2027,1,120764,49.0,42.0,6260.0,1
999,Vodafone,M,64,Tripura,Delhi,186458,26-09-2027,1,95036,96.0,12.0,2262.0,0
1000,Reliance Jio,M,38,Himachal Pradesh,Bangalore,378040,27-09-2027,4,88151,29.0,25.0,5908.0,0
1001,Airtel,F,38,Telangana,Kolkata,477437,28-09-2027,0,143847,42.0,41.0,6704.0,1
1002,BSNL,F,68,Tamil Nadu,Delhi,989922,29-09-2027,0,20855,37.0,41.0,9136.0,1
1003,Reliance Jio,M,33,Haryana,Delhi,481087,30-09-2027,0,38092,50.0,11.0,476.0,0
1004,Reliance Jio,M,30,Tripura,Bangalore,998773,01-10-2027,4,46329,59.0,29.0,4680.0,0
1005,Reliance Jio,M,70,Bihar,Hyderabad,978106,02-10-2027,4,25821,72.0,45.0,1343.0,1
1006,BSNL,M,55,Kerala,Mumbai,714832,03-10-2027,4,148349,3.0,24.0,7050.0,0
1007,Airtel,M,57,West Bengal,Hyderabad,534897,04-10-2027,3,104354,38.0,12.0,1151.0,0
1008,Vodafone,F,63,Mizoram,Bangalore,972546,05-10-2027,4,23853,27.0,8.0,1348.0,0
1009,BSNL,M,25,Manipur,Hyderabad,811533,06-10-2027,4,140771,60.0,18.0,7817.0,0
1010,Vodafone,M,31,Andhra Pradesh,Delhi,829153,07-10-2027,4,127291,36.0,33.0,5571.0,0
1011,Airtel,F,32,West Bengal,Kolkata,662699,08-10-2027,0,118491,46.0,31.0,8805.0,1
1012,BSNL,M,22,Tamil Nadu,Kolkata,475327,09-10-2027,0,73298,26.0,0.0,8453.0,1
1013,Vodafone,M,58,Tamil Nadu,Bangalore,142330,10-10-2027,1,31233,28.0,46.0,4056.0,0
1014,BSNL,F,40,West Bengal,Bangalore,592240,11-10-2027,4,75611,3.0,21.0,7572.0,1
1015,Reliance Jio,M,38,Tripura,Kolkata,168297,12-10-2027,3,67661,55.0,39.0,7768.0,0
1016,BSNL,M,35,Karnataka,Chennai,510188,13-10-2027,3,111440,102.0,29.0,2056.0,0
1017,Reliance Jio,M,40,Bihar,Kolkata,768329,14-10-2027,0,36514,29.0,21.0,4563.0,0
1018,Airtel,F,52,Meghalaya,Kolkata,326353,15-10-2027,3,75511,52.0,10.0,5049.0,0
1019,Vodafone,M,20,Karnataka,Delhi,353185,16-10-2027,4,25345,50.0,5.0,7093.0,0
1020,BSNL,M,52,Manipur,Chennai,415495,17-10-2027,4,39019,13.0,22.0,4341.0,0
1021,Vodafone,M,50,Goa,Chennai,241603,18-10-2027,2,81792,74.0,42.0,2037.0,0
1022,Airtel,F,37,Assam,Chennai,197948,19-10-2027,2,62563,24.0,28.0,5049.0,0
1023,Reliance Jio,F,50,Jharkhand,Mumbai,391985,20-10-2027,4,43304,13.0,18.0,9203.0,0
1024,Airtel,F,23,Manipur,Bangalore,838843,21-10-2027,1,141427,72.0,40.0,10552.0,0
1025,Reliance Jio,F,45,Madhya Pradesh,Mumbai,832387,22-10-2027,2,113371,49.0,40.0,5060.0,1
1026,Airtel,F,38,Chhattisgarh,Kolkata,554851,23-10-2027,2,78986,35.0,12.0,1828.0,0
1027,Vodafone,M,64,Uttarakhand,Chennai,311833,24-10-2027,3,142054,68.0,31.0,7814.0,0
1028,Vodafone,M,53,Nagaland,Bangalore,767465,25-10-2027,4,69054,58.0,38.0,3318.0,0
1029,Airtel,M,29,Odisha,Kolkata,886347,26-10-2027,1,56312,20.0,36.0,5049.0,1
1030,Reliance Jio,M,48,Tamil Nadu,Mumbai,520699,27-10-2027,3,71549,98.0,16.0,7522.0,0
1031,Reliance Jio,M,68,Tripura,Mumbai,751461,28-10-2027,0,94925,41.0,23.0,6348.0,0
1032,Airtel,M,58,Andhra Pradesh,Bangalore,845059,29-10-2027,4,129811,25.0,48.0,3952.0,0
1033,Airtel,M,38,Telangana,Kolkata,588064,30-10-2027,0,143339,73.0,1.0,8910.0,0
1034,Airtel,M,26,Manipur,Hyderabad,865053,31-10-2027,0,137115,3.0,40.0,5693.0,0
1035,Vodafone,M,31,Odisha,Bangalore,494011,01-11-2027,1,131357,73.0,44.0,4749.0,0
1036,Vodafone,F,21,Himachal Pradesh,Chennai,486754,02-11-2027,1,122093,24.0,49.0,8003.0,0
1037,Airtel,M,33,Jharkhand,Hyderabad,154751,03-11-2027,2,49420,86.0,25.0,7310.0,0
1038,BSNL,F,28,Telangana,Bangalore,206368,04-11-2027,4,94852,91.0,44.0,2856.0,0
1039,Vodafone,M,52,Odisha,Mumbai,125248,05-11-2027,2,106047,7.0,36.0,1393.0,1
1040,BSNL,M,19,Arunachal Pradesh,Chennai,945589,06-11-2027,1,99554,32.0,25.5,4162.0,0
1041,Reliance Jio,M,71,Kerala,Kolkata,291771,07-11-2027,0,82351,24.0,24.0,5672.0,1
1042,Reliance Jio,F,42,Jharkhand,Mumbai,398018,08-11-2027,2,39056,44.0,2.0,6776.0,1
1043,Reliance Jio,F,74,Bihar,Kolkata,833984,09-11-2027,0,106118,44.0,6.0,6329.0,0
1044,Airtel,M,42,Himachal Pradesh,Delhi,326386,10-11-2027,1,86026,86.0,2.0,3517.0,1
1045,Airtel,M,36,Manipur,Chennai,661001,11-11-2027,2,59118,84.0,46.0,7346.0,1
1046,BSNL,F,41,Manipur,Chennai,131448,12-11-2027,4,31909,99.0,49.0,1795.0,0
1047,Vodafone,F,18,Tripura,Kolkata,132981,13-11-2027,4,68858,26.0,20.0,5716.0,0
1048,Vodafone,F,28,Madhya Pradesh,Chennai,759891,14-11-2027,3,53675,13.0,6.0,783.0,1
1049,BSNL,M,24,Haryana,Kolkata,674036,15-11-2027,0,93585,23.0,18.0,7232.0,1
1050,Airtel,M,64,Chhattisgarh,Delhi,239038,16-11-2027,4,80759,78.0,0.0,6722.0,0
1051,Airtel,F,65,Rajasthan,Hyderabad,112730,17-11-2027,4,111852,58.0,10.0,10084.0,0
1052,Reliance Jio,F,42,Karnataka,Hyderabad,424435,18-11-2027,0,117901,50.0,14.0,5892.0,0
1053,Vodafone,M,33,Haryana,Mumbai,746734,19-11-2027,0,75247,84.0,43.0,5049.0,0
1054,Airtel,M,43,Jharkhand,Delhi,144954,20-11-2027,0,85509,24.0,40.0,6781.0,0
1055,Reliance Jio,F,53,Manipur,Kolkata,667231,21-11-2027,1,129517,23.0,7.0,2185.0,0
1056,BSNL,M,50,Jharkhand,Chennai,751232,22-11-2027,2,40158,71.0,44.0,6252.0,1
1057,BSNL,F,48,Uttar Pradesh,Delhi,557321,23-11-2027,2,93919,96.0,28.0,5162.0,0
1058,BSNL,F,30,Rajasthan,Mumbai,183955,24-11-2027,2,36765,31.0,25.0,6518.0,0
1059,BSNL,M,30,Maharashtra,Chennai,410024,25-11-2027,2,21704,81.0,50.0,1649.0,0
1060,Vodafone,M,29,Sikkim,Kolkata,299617,26-11-2027,1,20502,26.0,10.0,3500.0,1
1061,BSNL,M,61,Kerala,Bangalore,424991,27-11-2027,0,118104,32.0,44.0,6810.0,0
1062,BSNL,F,22,Andhra Pradesh,Kolkata,335116,28-11-2027,1,83933,81.0,30.0,658.0,1
1063,Vodafone,M,52,Rajasthan,Mumbai,686434,29-11-2027,1,147962,35.0,17.0,10407.0,0
1064,Airtel,F,71,Uttarakhand,Delhi,932054,30-11-2027,1,78267,93.0,28.0,1299.0,0
1065,Reliance Jio,F,35,Himachal Pradesh,Hyderabad,442451,01-12-2027,4,105916,53.0,45.0,2751.0,0
1066,Airtel,F,42,Assam,Bangalore,638133,02-12-2027,3,68468,36.0,11.0,7184.0,1
1067,Reliance Jio,M,73,Rajasthan,Chennai,334217,03-12-2027,4,120023,34.0,25.5,2180.0,0
1068,BSNL,F,34,Jharkhand,Bangalore,508379,04-12-2027,4,48516,35.0,36.0,4574.0,0
1069,Vodafone,M,27,Tripura,Mumbai,950347,05-12-2027,3,43011,9.0,5.0,4004.0,0
1070,Airtel,F,27,Jharkhand,Kolkata,772685,06-12-2027,0,133738,40.0,13.0,4866.0,1
1071,BSNL,M,56,Meghalaya,Delhi,820269,07-12-2027,0,148351,98.0,13.0,7634.0,0
1072,Reliance Jio,F,19,Andhra Pradesh,Bangalore,625154,08-12-2027,1,66857,63.0,42.0,6560.0,1
1073,BSNL,M,27,Punjab,Bangalore,624014,09-12-2027,2,37557,21.0,7.0,7895.0,0
1074,BSNL,M,26,Maharashtra,Kolkata,590583,10-12-2027,0,97337,53.0,3.0,4587.0,1
1075,Vodafone,M,24,Goa,Hyderabad,965609,11-12-2027,4,140262,58.0,21.0,4539.0,1
1076,Vodafone,M,53,Meghalaya,Hyderabad,569845,12-12-2027,0,74098,73.0,22.0,4914.0,0
1077,Airtel,F,25,Gujarat,Kolkata,378100,13-12-2027,1,122893,29.0,11.0,5575.0,0
1078,Reliance Jio,F,28,West Bengal,Mumbai,480982,14-12-2027,0,58558,36.0,9.0,3724.0,0
1079,Reliance Jio,M,25,Arunachal Pradesh,Kolkata,627453,15-12-2027,0,149051,35.0,38.0,3075.0,1
1080,Reliance Jio,M,41,Andhra Pradesh,Bangalore,588348,16-12-2027,4,141229,96.0,34.0,7684.0,0
1081,Vodafone,F,30,Assam,Delhi,358103,17-12-2027,4,37217,33.0,12.0,4969.0,1
1082,Reliance Jio,M,62,Madhya Pradesh,Mumbai,780709,18-12-2027,3,91297,50.0,7.0,1133.0,0
1083,Airtel,M,40,Punjab,Mumbai,111014,19-12-2027,2,111574,67.0,36.0,2224.0,0
1084,Reliance Jio,M,20,West Bengal,Kolkata,921686,20-12-2027,4,60766,43.0,15.0,4583.0,0
1085,Reliance Jio,M,37,Gujarat,Delhi,801766,21-12-2027,0,68672,15.0,31.0,977.0,1
1086,Reliance Jio,M,49,Rajasthan,Bangalore,285248,22-12-2027,1,131451,73.0,19.0,6714.0,0
1087,Airtel,F,44,Jharkhand,Kolkata,686616,23-12-2027,1,27410,81.0,1.0,7015.0,1
1088,Reliance Jio,M,49,Telangana,Kolkata,873457,24-12-2027,2,145296,2.0,4.0,3939.0,0
1089,Vodafone,F,44,Andhra Pradesh,Mumbai,364082,25-12-2027,0,122754,11.0,41.0,1605.0,1
1090,BSNL,F,22,Gujarat,Bangalore,139829,26-12-2027,3,140379,42.0,24.0,3936.0,0
1091,Vodafone,M,70,Punjab,Chennai,145249,27-12-2027,3,75861,17.0,39.0,5049.0,0
1092,Airtel,M,29,Odisha,Kolkata,513540,28-12-2027,3,116980,58.0,48.0,1989.0,0
1093,Vodafone,M,19,West Bengal,Chennai,341075,29-12-2027,2,118676,41.0,41.0,5403.0,0
1094,Reliance Jio,M,71,Uttar Pradesh,Hyderabad,234936,30-12-2027,2,79577,59.0,33.0,2498.0,0
1095,Vodafone,M,22,Punjab,Hyderabad,666504,31-12-2027,3,117855,81.0,26.0,310.0,0
1096,Airtel,M,60,Mizoram,Bangalore,285756,01-01-2028,1,71344,3.0,37.0,1157.0,1
1097,Vodafone,M,52,Tripura,Delhi,659113,02-01-2028,0,123398,79.0,28.0,8691.0,0
1098,Airtel,M,61,Assam,Delhi,298497,03-01-2028,1,143019,7.0,6.0,2291.0,0
1099,BSNL,M,60,Haryana,Bangalore,137366,04-01-2028,2,81440,72.0,40.0,6407.0,1
1100,Airtel,M,31,Uttar Pradesh,Bangalore,336133,05-01-2028,0,75483,62.0,26.0,7297.0,0
1101,Airtel,M,32,Haryana,Kolkata,455773,06-01-2028,2,37519,50.0,26.0,7647.0,0
1102,BSNL,M,38,Mizoram,Hyderabad,516246,07-01-2028,3,83005,50.0,34.0,7877.0,0
1103,BSNL,M,27,Tripura,Hyderabad,967732,08-01-2028,4,121788,67.0,51.0,10373.0,0
1104,Vodafone,M,29,Himachal Pradesh,Chennai,334752,09-01-2028,0,134751,7.0,15.0,4029.0,0
1105,Reliance Jio,F,72,Uttar Pradesh,Chennai,614108,10-01-2028,2,53594,78.0,39.0,1343.0,0
1106,Reliance Jio,M,55,Himachal Pradesh,Bangalore,358919,11-01-2028,0,81157,29.0,30.0,3474.0,0
1107,Reliance Jio,M,64,Meghalaya,Kolkata,843003,12-01-2028,1,114664,22.0,13.0,6074.0,0
1108,Airtel,M,60,Sikkim,Delhi,979495,13-01-2028,0,33416,66.0,3.0,5969.0,0
1109,Reliance Jio,M,25,Nagaland,Chennai,383990,14-01-2028,1,134351,60.0,7.0,2358.0,0
1110,Vodafone,F,49,Manipur,Bangalore,859807,15-01-2028,4,47405,8.0,37.0,8597.0,0
1111,Vodafone,M,63,Telangana,Hyderabad,665479,16-01-2028,0,143668,47.0,35.0,5049.0,1
1112,Reliance Jio,F,22,Tamil Nadu,Bangalore,226039,17-01-2028,3,58248,86.0,25.5,6319.0,0
1113,BSNL,M,61,Bihar,Delhi,683535,18-01-2028,4,45612,77.0,5.0,8459.0,0
1114,BSNL,M,18,Chhattisgarh,Delhi,993047,19-01-2028,3,129279,18.0,49.0,3681.0,0
1115,Reliance Jio,M,25,Rajasthan,Kolkata,603172,20-01-2028,4,52220,18.0,44.0,3397.0,1
1116,Reliance Jio,M,46,Tripura,Kolkata,697200,21-01-2028,1,98699,24.0,21.0,8743.0,1
1117,Vodafone,M,58,Himachal Pradesh,Chennai,409105,22-01-2028,4,61462,37.0,22.0,3251.0,0
1118,Reliance Jio,M,60,Himachal Pradesh,Kolkata,253698,23-01-2028,4,93758,90.0,31.0,1244.0,1
1119,BSNL,M,52,Telangana,Kolkata,288783,24-01-2028,4,49472,35.0,16.0,6642.0,0
1120,BSNL,F,26,Gujarat,Bangalore,697381,25-01-2028,3,101698,50.0,37.0,6116.0,0
1121,BSNL,M,73,Uttarakhand,Bangalore,430344,26-01-2028,1,80220,70.0,26.0,9283.0,0
1122,Reliance Jio,F,24,Jharkhand,Kolkata,853937,27-01-2028,3,49235,18.0,23.0,7375.0,0
1123,Reliance Jio,F,36,Manipur,Delhi,300207,28-01-2028,0,126789,58.0,28.0,5049.0,0
1124,Airtel,M,53,Sikkim,Kolkata,144871,29-01-2028,3,27222,76.0,26.0,7093.0,1
1125,Airtel,M,70,Arunachal Pradesh,Kolkata,832803,30-01-2028,0,40966,55.0,6.0,7223.0,0
1126,Airtel,M,65,Uttar Pradesh,Mumbai,270729,31-01-2028,4,92998,55.0,14.0,1099.0,0
1127,Reliance Jio,F,72,Odisha,Hyderabad,814736,01-02-2028,0,25736,19.0,26.0,151.0,0
1128,Vodafone,M,70,Karnataka,Mumbai,250300,02-02-2028,1,40385,69.0,29.0,3468.0,0
1129,BSNL,M,71,Odisha,Delhi,549140,03-02-2028,4,100833,81.0,15.0,6611.0,0
1130,Reliance Jio,F,37,Assam,Delhi,252631,04-02-2028,3,67408,82.0,44.0,5708.0,0
1131,Airtel,M,47,Karnataka,Mumbai,376113,05-02-2028,4,23026,93.0,16.0,406.0,0
1132,Reliance Jio,M,30,Assam,Mumbai,443839,06-02-2028,2,147379,48.0,37.0,9873.0,1
1133,BSNL,F,49,Mizoram,Hyderabad,433415,07-02-2028,3,96307,12.0,50.0,7601.0,1
1134,Vodafone,F,25,Goa,Kolkata,590889,08-02-2028,3,149053,28.0,42.0,4140.0,0
1135,BSNL,F,40,Meghalaya,Mumbai,822709,09-02-2028,2,71942,35.0,41.0,7963.0,0
1136,Vodafone,F,50,Goa,Bangalore,667164,10-02-2028,1,62595,28.0,3.0,4240.0,0
1137,BSNL,M,21,Tripura,Mumbai,709839,11-02-2028,3,71102,86.0,12.0,8310.0,1
1138,Reliance Jio,F,28,Punjab,Bangalore,737557,12-02-2028,0,40457,66.0,16.0,2668.0,1
1139,BSNL,F,49,Nagaland,Kolkata,110506,13-02-2028,3,132026,92.0,45.0,8034.0,0
1140,Reliance Jio,F,62,Arunachal Pradesh,Mumbai,791862,14-02-2028,1,37564,76.0,0.0,7292.0,0
1141,BSNL,M,63,Madhya Pradesh,Chennai,860560,15-02-2028,4,120178,52.0,12.0,8731.0,0
1142,Reliance Jio,F,71,Mizoram,Bangalore,598525,16-02-2028,2,135526,20.0,12.0,2460.0,0
1143,BSNL,M,35,Karnataka,Chennai,906321,17-02-2028,1,53122,50.0,0.0,1535.0,0
1144,Airtel,M,38,Chhattisgarh,Bangalore,857543,18-02-2028,2,29864,37.0,20.0,2678.0,0
1145,Airtel,F,34,Uttarakhand,Delhi,827601,19-02-2028,0,73986,30.0,25.5,3117.0,0
1146,BSNL,F,27,Madhya Pradesh,Kolkata,119347,20-02-2028,2,22016,63.0,27.0,6015.0,1
1147,Reliance Jio,M,58,Meghalaya,Delhi,245544,21-02-2028,1,127705,74.0,48.0,3984.0,0
1148,Reliance Jio,M,39,Madhya Pradesh,Mumbai,391980,22-02-2028,4,49751,59.0,19.0,3227.0,0
1149,Airtel,M,38,Tripura,Delhi,267143,23-02-2028,0,111068,75.0,18.0,6625.0,0
1150,BSNL,F,71,Bihar,Bangalore,562715,24-02-2028,3,146501,71.0,16.0,4028.0,1
1151,Airtel,M,60,Punjab,Delhi,421479,25-02-2028,1,21188,9.0,9.0,9397.0,0
1152,Vodafone,F,27,Telangana,Mumbai,111643,26-02-2028,3,104794,8.0,31.0,9740.0,0
1153,Airtel,F,37,Himachal Pradesh,Mumbai,695040,27-02-2028,1,67256,32.0,7.0,6614.0,0
1154,Reliance Jio,M,72,Tamil Nadu,Kolkata,379309,28-02-2028,1,69313,10.0,2.0,6276.0,0
1155,Vodafone,F,49,Rajasthan,Bangalore,878206,29-02-2028,2,102101,0.0,11.0,6567.0,0
1156,Vodafone,M,18,Jharkhand,Delhi,519124,01-03-2028,3,90886,13.0,33.0,9405.0,1
1157,BSNL,F,29,Odisha,Kolkata,780973,02-03-2028,3,80454,58.0,7.0,5059.0,0
1158,BSNL,M,41,Telangana,Chennai,185845,03-03-2028,0,97100,72.0,49.0,8417.0,0
1159,Reliance Jio,F,69,Sikkim,Hyderabad,302245,04-03-2028,4,99465,70.0,1.0,14.0,0
1160,Reliance Jio,F,64,Bihar,Chennai,737618,05-03-2028,1,123067,74.0,25.5,5331.0,1
1161,Vodafone,M,37,Tripura,Chennai,346237,06-03-2028,0,133325,91.0,22.0,1644.0,0
1162,Airtel,M,27,Meghalaya,Hyderabad,899780,07-03-2028,2,76162,14.0,16.0,4864.0,0
1163,BSNL,F,30,Goa,Delhi,705956,08-03-2028,0,122830,56.0,27.0,3465.0,0
1164,Airtel,F,51,Nagaland,Kolkata,115320,09-03-2028,1,144721,66.0,49.0,9522.0,0
1165,Reliance Jio,M,63,Nagaland,Bangalore,120628,10-03-2028,4,141392,22.0,29.0,8703.0,0
1166,Vodafone,M,62,Madhya Pradesh,Delhi,186761,11-03-2028,4,73656,50.0,35.0,5285.0,1
1167,BSNL,M,18,Tamil Nadu,Mumbai,574898,12-03-2028,3,90821,50.0,30.0,1118.0,0
1168,Airtel,M,58,Karnataka,Kolkata,900984,13-03-2028,3,137832,37.0,24.0,2574.0,0
1169,BSNL,M,46,Haryana,Hyderabad,738428,14-03-2028,0,125847,46.0,13.0,7419.0,1
1170,Vodafone,F,24,Punjab,Kolkata,652659,15-03-2028,1,123256,43.0,36.0,3888.0,0
1171,Reliance Jio,M,43,Madhya Pradesh,Mumbai,447904,16-03-2028,3,148242,19.0,31.0,5738.0,0
1172,Vodafone,M,23,Himachal Pradesh,Mumbai,115596,17-03-2028,2,148903,87.0,36.0,6019.0,0
1173,Vodafone,F,74,West Bengal,Kolkata,697363,18-03-2028,0,147774,84.0,25.5,8768.0,0
1174,Airtel,M,56,Gujarat,Bangalore,112116,19-03-2028,1,73131,75.0,0.0,7010.0,0
1175,BSNL,F,20,Madhya Pradesh,Hyderabad,117700,20-03-2028,1,20938,83.0,8.0,4722.0,1
1176,Reliance Jio,F,37,Meghalaya,Hyderabad,955957,21-03-2028,4,52444,59.0,21.0,1914.0,0
1177,Reliance Jio,M,51,Punjab,Mumbai,151924,22-03-2028,3,54029,22.0,25.5,5170.0,0
1178,Reliance Jio,F,69,West Bengal,Hyderabad,625136,23-03-2028,4,65263,5.0,28.0,4899.0,1
1179,Vodafone,F,69,Kerala,Chennai,396379,24-03-2028,0,79950,91.0,36.0,6130.0,0
1180,Airtel,F,68,Uttarakhand,Bangalore,952159,25-03-2028,0,93567,17.0,6.0,4100.0,0
1181,Vodafone,M,36,Uttar Pradesh,Hyderabad,400946,26-03-2028,0,128847,46.0,49.0,169.0,0
1182,Reliance Jio,M,56,Bihar,Delhi,177116,27-03-2028,4,80631,76.0,47.0,9079.0,0
1183,Vodafone,F,58,Arunachal Pradesh,Bangalore,209205,28-03-2028,0,145486,50.0,31.0,684.0,0
1184,Vodafone,F,70,Telangana,Chennai,137052,29-03-2028,4,28955,10.0,12.0,10051.0,0
1185,Airtel,F,39,Meghalaya,Mumbai,872517,30-03-2028,3,101519,11.0,43.0,7839.0,0
1186,Airtel,F,42,Chhattisgarh,Mumbai,677796,31-03-2028,2,114662,58.0,36.0,2238.0,0
1187,BSNL,M,22,Odisha,Chennai,444078,01-04-2028,1,35099,63.0,29.0,4582.0,0
1188,BSNL,M,28,Karnataka,Hyderabad,957117,02-04-2028,2,107939,76.0,23.0,1428.0,0
1189,Airtel,M,20,Karnataka,Bangalore,716674,03-04-2028,3,94141,6.0,39.0,957.0,0
1190,BSNL,M,69,Telangana,Kolkata,837867,04-04-2028,2,143169,86.0,8.0,3591.0,0
1191,Airtel,M,31,Madhya Pradesh,Chennai,365724,05-04-2028,0,114362,64.0,16.0,3612.0,0
1192,BSNL,F,56,Andhra Pradesh,Chennai,891960,06-04-2028,2,105913,53.0,35.0,10566.0,0
1193,Airtel,F,31,Karnataka,Delhi,781558,07-04-2028,3,44808,85.0,33.0,112.0,0
1194,Vodafone,F,55,Odisha,Mumbai,368565,08-04-2028,0,129128,73.0,44.0,6212.0,0
1195,Vodafone,F,44,Telangana,Chennai,551120,09-04-2028,4,142513,53.0,50.0,3563.0,0
1196,Reliance Jio,M,20,Meghalaya,Delhi,964345,10-04-2028,0,99975,51.0,12.0,1473.0,0
1197,Reliance Jio,F,42,Mizoram,Chennai,811090,11-04-2028,1,125747,22.0,3.0,8139.0,0
1198,BSNL,M,74,Tripura,Delhi,788369,12-04-2028,3,97400,22.0,23.0,2458.0,1
1199,Reliance Jio,M,34,Jharkhand,Chennai,937228,13-04-2028,2,41794,98.0,5.0,5607.0,0
1200,BSNL,F,57,Kerala,Delhi,831736,14-04-2028,1,26637,72.0,6.0,4705.0,0
1201,Airtel,F,25,Kerala,Bangalore,661389,15-04-2028,3,127659,34.0,20.0,6383.0,1
1202,Vodafone,M,54,West Bengal,Hyderabad,343715,16-04-2028,3,80913,23.0,19.0,4534.0,0
1203,Reliance Jio,F,59,Uttar Pradesh,Bangalore,670042,17-04-2028,0,129529,58.0,45.0,9301.0,0
1204,Vodafone,M,54,Chhattisgarh,Bangalore,628178,18-04-2028,2,70116,52.0,11.0,9488.0,1
1205,Airtel,M,41,Haryana,Delhi,363976,19-04-2028,0,32883,20.0,23.0,6105.0,0
1206,BSNL,M,37,Bihar,Bangalore,765100,20-04-2028,3,21614,40.0,14.0,9023.0,1
1207,Airtel,F,25,Kerala,Hyderabad,685708,21-04-2028,1,82176,4.0,17.0,909.0,0
1208,Airtel,F,39,Gujarat,Bangalore,185942,22-04-2028,0,70668,83.0,27.0,3569.0,0
1209,Airtel,M,46,Arunachal Pradesh,Bangalore,887259,23-04-2028,0,131487,93.0,8.0,5773.0,0
1210,Vodafone,F,49,Gujarat,Delhi,572189,24-04-2028,3,44753,76.0,36.0,9142.0,0
1211,Reliance Jio,F,45,Rajasthan,Delhi,479772,25-04-2028,1,142868,34.0,0.0,8283.0,0
1212,Airtel,M,50,Mizoram,Delhi,638754,26-04-2028,4,35307,66.0,43.0,863.0,0
1213,Reliance Jio,M,21,Nagaland,Kolkata,714831,27-04-2028,3,126584,14.0,46.0,5846.0,0
1214,Vodafone,F,72,Maharashtra,Hyderabad,449674,28-04-2028,3,111155,11.0,23.0,1923.0,0
1215,BSNL,M,28,Telangana,Delhi,364994,29-04-2028,0,68758,52.0,19.0,5654.0,0
1216,Airtel,M,38,Andhra Pradesh,Delhi,197053,30-04-2028,4,124146,36.0,8.0,3752.0,0
1217,Reliance Jio,M,43,Arunachal Pradesh,Bangalore,221260,01-05-2028,3,20605,52.0,39.0,3015.0,1
1218,Airtel,M,19,Arunachal Pradesh,Hyderabad,634634,02-05-2028,3,46911,29.0,13.0,10256.0,0
1219,Airtel,M,31,Mizoram,Bangalore,607748,03-05-2028,3,78518,90.0,8.0,2308.0,0
1220,Airtel,M,65,Punjab,Kolkata,800440,04-05-2028,3,37512,12.0,0.0,2018.0,0
1221,Airtel,M,38,Goa,Bangalore,724770,05-05-2028,3,67743,78.0,0.0,5027.0,0
1222,Reliance Jio,M,64,Haryana,Kolkata,398615,06-05-2028,2,75579,50.0,40.0,7838.0,0
1223,Airtel,M,40,Tamil Nadu,Delhi,527179,07-05-2028,1,51352,66.0,23.0,10061.0,0
1224,Reliance Jio,M,44,Uttarakhand,Chennai,222733,08-05-2028,4,98083,53.0,13.0,8826.0,0
1225,Vodafone,F,29,Punjab,Chennai,202260,09-05-2028,3,129174,76.0,30.0,5049.0,0
1226,BSNL,F,60,Madhya Pradesh,Hyderabad,902040,10-05-2028,4,110320,23.0,39.0,6401.0,1
1227,Reliance Jio,M,49,Andhra Pradesh,Delhi,170904,11-05-2028,2,146866,72.0,17.0,5752.0,0
1228,Vodafone,M,35,Odisha,Chennai,755732,12-05-2028,4,41689,72.0,6.0,2661.0,0
1229,Reliance Jio,M,40,Arunachal Pradesh,Chennai,723789,13-05-2028,2,103988,74.0,29.0,989.0,0
1230,Vodafone,M,37,Tripura,Chennai,419396,14-05-2028,3,71102,43.0,8.0,658.0,0
1231,BSNL,M,39,Madhya Pradesh,Kolkata,556819,15-05-2028,4,28016,55.0,3.0,8138.0,0
1232,BSNL,M,26,Uttarakhand,Bangalore,767552,16-05-2028,1,108634,2.0,39.0,3686.0,0
1233,Vodafone,M,33,Haryana,Kolkata,155964,17-05-2028,0,142278,63.0,25.0,8893.0,0
1234,BSNL,F,56,Nagaland,Kolkata,842263,18-05-2028,2,145277,7.0,32.0,8502.0,0
1235,Airtel,M,34,Gujarat,Mumbai,915832,19-05-2028,1,85620,39.0,21.0,7788.0,0
1236,Vodafone,F,53,Punjab,Chennai,310342,20-05-2028,4,148308,82.0,8.0,9478.0,0
1237,BSNL,M,53,Madhya Pradesh,Mumbai,370973,21-05-2028,3,84599,11.0,44.0,4446.0,1
1238,Reliance Jio,M,58,Bihar,Bangalore,429801,22-05-2028,0,100163,69.0,46.0,6031.0,1
1239,BSNL,F,56,Jharkhand,Bangalore,660776,23-05-2028,3,62636,67.0,26.0,5645.0,1
1240,BSNL,M,45,Bihar,Delhi,909303,24-05-2028,0,78929,80.0,25.0,4200.0,0
1241,Reliance Jio,M,63,Andhra Pradesh,Hyderabad,989383,25-05-2028,2,116420,11.0,39.0,7755.0,0
1242,BSNL,M,66,Chhattisgarh,Kolkata,251747,26-05-2028,1,70956,43.0,44.0,3394.0,0
1243,BSNL,F,25,Tripura,Kolkata,912955,27-05-2028,3,108503,45.0,9.0,3832.0,0
1244,BSNL,F,50,Himachal Pradesh,Hyderabad,752597,28-05-2028,0,125826,11.0,10.0,7133.0,1
1245,Airtel,F,32,Meghalaya,Hyderabad,571984,29-05-2028,0,85278,70.0,24.0,1030.0,0
1246,Airtel,M,33,Manipur,Hyderabad,967366,30-05-2028,4,77867,63.0,38.0,1255.0,0
1247,Airtel,M,69,Karnataka,Hyderabad,280904,31-05-2028,3,129470,22.0,25.5,4138.0,0
1248,Reliance Jio,F,53,Arunachal Pradesh,Bangalore,738810,01-06-2028,0,89356,56.0,44.0,1819.0,0
1249,Airtel,F,72,Nagaland,Bangalore,584622,02-06-2028,3,43163,15.0,9.0,1604.0,0
1250,BSNL,F,37,Maharashtra,Bangalore,382299,03-06-2028,3,34000,59.0,21.0,8531.0,0
1251,BSNL,M,53,Nagaland,Bangalore,619546,04-06-2028,0,31220,60.0,13.0,5049.0,0
1252,Vodafone,F,28,Bihar,Delhi,478916,05-06-2028,3,92707,11.0,33.0,524.0,0
1253,BSNL,M,49,Telangana,Mumbai,957154,06-06-2028,4,88078,57.0,14.0,380.0,0
1254,Vodafone,F,42,Rajasthan,Kolkata,123097,07-06-2028,4,91317,32.0,32.0,5793.0,0
1255,BSNL,M,64,Gujarat,Chennai,963706,08-06-2028,3,62667,65.0,4.0,6705.0,0
1256,BSNL,M,52,Madhya Pradesh,Mumbai,255416,09-06-2028,4,78161,51.0,44.0,2764.0,0
1257,Airtel,M,61,Odisha,Kolkata,389892,10-06-2028,4,82784,72.0,21.0,8488.0,0
1258,Reliance Jio,M,57,Uttar Pradesh,Bangalore,935941,11-06-2028,4,100242,76.0,8.0,4746.0,0
1259,Vodafone,M,67,Maharashtra,Chennai,572011,12-06-2028,0,73622,36.0,13.0,5049.0,0
1260,Reliance Jio,F,26,Manipur,Chennai,593833,13-06-2028,1,89005,45.0,45.0,1365.0,0
1261,Reliance Jio,M,63,Kerala,Chennai,118758,14-06-2028,4,120131,73.0,42.0,1418.0,0
1262,Reliance Jio,M,71,Uttarakhand,Kolkata,243757,15-06-2028,0,109638,76.0,22.0,8241.0,0
1263,Reliance Jio,M,26,Assam,Mumbai,797199,16-06-2028,4,94966,67.0,35.0,353.0,0
1264,Vodafone,M,58,Assam,Chennai,517835,17-06-2028,0,59812,57.0,27.0,1855.0,0
1265,Vodafone,M,70,Assam,Hyderabad,404203,18-06-2028,2,140716,59.0,52.0,8512.0,0
1266,Vodafone,F,31,West Bengal,Kolkata,449620,19-06-2028,4,43332,79.0,46.0,3047.0,1
1267,Airtel,M,24,Uttarakhand,Mumbai,612647,20-06-2028,3,78593,57.0,13.0,1518.0,0
1268,Airtel,F,41,Telangana,Chennai,407180,21-06-2028,0,26831,64.0,30.0,7414.0,0
1269,Airtel,M,63,Mizoram,Mumbai,995362,22-06-2028,2,71077,10.0,47.0,2469.0,0
1270,BSNL,F,71,Odisha,Chennai,599398,23-06-2028,4,110074,44.0,36.0,4170.0,0
1271,BSNL,F,72,Gujarat,Delhi,136743,24-06-2028,2,49244,63.0,26.0,8625.0,0
1272,Vodafone,M,33,Haryana,Chennai,536222,25-06-2028,1,34240,68.0,43.0,8194.0,0
1273,Airtel,M,55,Odisha,Chennai,646990,26-06-2028,2,78976,49.0,22.0,5587.0,0
1274,BSNL,M,68,Punjab,Kolkata,182462,27-06-2028,0,67230,90.0,5.0,6432.0,0
1275,BSNL,F,38,Mizoram,Chennai,991767,28-06-2028,1,123483,14.0,34.0,9711.0,0
1276,Airtel,M,53,Punjab,Mumbai,400793,29-06-2028,2,117161,31.0,38.0,3093.0,0
1277,Reliance Jio,M,73,Tamil Nadu,Chennai,990628,30-06-2028,2,69523,56.0,1.0,7142.0,0
1278,BSNL,M,63,Himachal Pradesh,Chennai,418785,01-07-2028,3,45910,26.0,48.0,5663.0,0
1279,Vodafone,M,20,Sikkim,Delhi,398768,02-07-2028,4,118482,71.0,6.0,3640.0,0
1280,BSNL,M,61,Tripura,Delhi,920173,03-07-2028,2,30746,9.0,34.0,1924.0,0
1281,Reliance Jio,F,51,Bihar,Bangalore,403831,04-07-2028,3,47948,79.0,4.0,4384.0,0
1282,Airtel,M,68,Uttarakhand,Hyderabad,513119,05-07-2028,3,141520,77.0,45.0,8471.0,0
1283,Reliance Jio,F,60,Mizoram,Bangalore,444627,06-07-2028,2,69084,54.0,30.0,9280.0,0
1284,Vodafone,M,55,Bihar,Mumbai,107376,07-07-2028,0,137597,20.0,32.0,3474.0,0
1285,Airtel,F,31,Andhra Pradesh,Delhi,779595,08-07-2028,3,59318,11.0,9.0,3179.0,0
1286,Vodafone,F,63,Sikkim,Hyderabad,410101,09-07-2028,1,145938,41.0,18.0,1509.0,0
1287,BSNL,M,71,Tripura,Kolkata,499262,10-07-2028,3,105874,13.0,44.0,8854.0,0
1288,Airtel,F,37,Karnataka,Mumbai,876830,11-07-2028,4,135645,43.0,16.0,2660.0,0
1289,Reliance Jio,M,40,Chhattisgarh,Bangalore,375721,12-07-2028,1,82150,31.0,3.0,9348.0,1
1290,Vodafone,M,21,Gujarat,Chennai,174102,13-07-2028,4,76497,57.0,28.0,5897.0,0
1291,Airtel,M,30,Rajasthan,Bangalore,442214,14-07-2028,2,81268,96.0,46.0,1299.0,0
1292,Reliance Jio,M,29,Maharashtra,Delhi,482349,15-07-2028,4,141175,33.0,41.0,2756.0,0
1293,Airtel,M,19,Maharashtra,Delhi,958836,16-07-2028,3,61738,26.0,8.0,34.0,0
1294,Reliance Jio,M,38,Sikkim,Mumbai,994227,17-07-2028,2,49518,28.0,46.0,7062.0,0
1295,Vodafone,F,46,West Bengal,Delhi,989456,18-07-2028,1,52192,89.0,12.0,3504.0,0
1296,BSNL,M,53,Telangana,Chennai,735318,19-07-2028,2,72375,2.0,17.0,7759.0,0
1297,Reliance Jio,M,33,Kerala,Hyderabad,606949,20-07-2028,3,76424,50.0,19.0,4526.0,0
1298,Reliance Jio,M,71,Tripura,Delhi,537313,21-07-2028,3,68224,55.0,34.0,9944.0,0
1299,Reliance Jio,F,51,Meghalaya,Mumbai,552032,22-07-2028,3,84820,29.0,29.0,1281.0,1
1300,Airtel,F,53,Andhra Pradesh,Hyderabad,389546,23-07-2028,0,127573,31.0,8.0,9190.0,0
1301,BSNL,M,55,Bihar,Chennai,988581,24-07-2028,4,47149,50.0,24.0,8253.0,0
1302,Airtel,M,57,Assam,Delhi,412557,25-07-2028,1,88764,24.0,16.0,5456.0,0
1303,BSNL,F,53,Rajasthan,Chennai,943530,26-07-2028,1,114869,26.0,8.0,7657.0,0
1304,Reliance Jio,F,45,Rajasthan,Hyderabad,237150,27-07-2028,1,145195,24.0,43.0,7506.0,1
1305,Reliance Jio,M,39,Odisha,Bangalore,233756,28-07-2028,1,100761,24.0,27.0,758.0,1
1306,BSNL,M,73,Gujarat,Mumbai,976086,29-07-2028,3,37276,36.0,25.5,8991.0,1
1307,BSNL,F,47,Manipur,Mumbai,368555,30-07-2028,3,87350,106.0,12.0,9725.0,0
1308,Airtel,F,24,Telangana,Bangalore,662964,31-07-2028,2,140174,27.0,33.0,6391.0,0
1309,Vodafone,F,65,Punjab,Delhi,931289,01-08-2028,1,74361,60.0,5.0,3215.0,1
1310,Reliance Jio,F,46,Tamil Nadu,Chennai,598608,02-08-2028,0,132745,0.0,32.0,8962.0,0
1311,Reliance Jio,M,55,West Bengal,Bangalore,158920,03-08-2028,2,117425,78.0,15.0,1612.0,0
1312,Reliance Jio,F,36,Gujarat,Mumbai,221588,04-08-2028,1,90799,11.0,33.0,7559.0,0
1313,Reliance Jio,M,59,Rajasthan,Mumbai,744327,05-08-2028,4,62494,83.0,36.0,3114.0,0
1314,Reliance Jio,M,41,Bihar,Kolkata,649395,06-08-2028,0,33502,61.0,5.0,10353.0,0
1315,Airtel,F,20,Uttar Pradesh,Mumbai,251691,07-08-2028,3,87542,86.0,5.0,5307.0,0
1316,Reliance Jio,M,74,Manipur,Chennai,194124,08-08-2028,1,100232,78.0,14.0,8928.0,1
1317,Vodafone,M,36,Jharkhand,Bangalore,220664,09-08-2028,1,120722,85.0,20.0,9472.0,0
1318,BSNL,M,29,Chhattisgarh,Kolkata,504880,10-08-2028,4,89087,31.0,40.0,8130.0,0
1319,Reliance Jio,M,44,Tripura,Chennai,207024,11-08-2028,2,45106,55.0,32.0,2750.0,0
1320,BSNL,M,62,Tripura,Kolkata,964884,12-08-2028,3,47312,75.0,29.0,779.0,0
1321,Airtel,M,60,Arunachal Pradesh,Kolkata,408649,13-08-2028,0,149015,92.0,37.0,7834.0,0
1322,Vodafone,F,58,Arunachal Pradesh,Mumbai,886001,14-08-2028,4,101415,4.0,29.0,9659.0,0
1323,Reliance Jio,M,22,Tripura,Chennai,495232,15-08-2028,4,111509,100.0,30.0,6339.0,1
1324,Airtel,M,56,Kerala,Kolkata,744508,16-08-2028,3,86027,2.0,42.0,1539.0,1
1325,Airtel,M,19,Maharashtra,Kolkata,448451,17-08-2028,2,128684,5.0,23.0,4131.0,0
1326,Vodafone,M,71,Jharkhand,Bangalore,786623,18-08-2028,3,37930,44.0,3.0,5049.0,0
1327,Reliance Jio,M,22,Himachal Pradesh,Bangalore,975041,19-08-2028,4,55933,17.0,43.0,8919.0,0
1328,Reliance Jio,F,46,Sikkim,Chennai,379848,20-08-2028,0,118388,85.0,35.0,4242.0,0
1329,BSNL,M,29,Nagaland,Hyderabad,843211,21-08-2028,2,82888,42.0,12.0,4182.0,1
1330,Airtel,F,55,Chhattisgarh,Chennai,592749,22-08-2028,1,55468,33.0,7.0,6044.0,1
1331,Airtel,M,62,Meghalaya,Bangalore,602699,23-08-2028,2,143764,57.0,25.5,5018.0,0
1332,Vodafone,M,28,Assam,Hyderabad,339650,24-08-2028,3,72771,37.0,43.0,4000.0,0
1333,BSNL,M,67,Haryana,Delhi,175243,25-08-2028,0,141304,27.0,34.0,2363.0,0
1334,Airtel,M,25,Rajasthan,Kolkata,774710,26-08-2028,0,30878,98.0,23.0,3958.0,1
1335,Reliance Jio,M,58,Jharkhand,Chennai,519074,27-08-2028,3,37910,65.0,37.0,8828.0,0
1336,BSNL,F,29,Arunachal Pradesh,Mumbai,521525,28-08-2028,2,124703,30.0,5.0,4124.0,0
1337,Airtel,F,54,Meghalaya,Delhi,656312,29-08-2028,0,144327,57.0,31.0,7372.0,0
1338,Vodafone,M,64,Bihar,Bangalore,562663,30-08-2028,3,50027,106.0,40.0,3947.0,0
1339,Vodafone,F,36,Mizoram,Bangalore,501722,31-08-2028,4,130900,50.0,7.0,4787.0,0
1340,BSNL,F,19,Manipur,Hyderabad,868719,01-09-2028,4,32033,36.0,29.0,5577.0,0
1341,Vodafone,F,59,Himachal Pradesh,Hyderabad,705528,02-09-2028,2,61058,58.0,43.0,1409.0,0
1342,Airtel,M,30,Uttarakhand,Chennai,354110,03-09-2028,4,139146,22.0,23.0,9158.0,1
1343,Airtel,M,32,Meghalaya,Hyderabad,182258,04-09-2028,1,38449,69.0,2.0,4096.0,0
1344,BSNL,M,28,West Bengal,Hyderabad,599815,05-09-2028,4,142106,1.0,29.0,7340.0,1
1345,Reliance Jio,M,19,Bihar,Delhi,510130,06-09-2028,2,21851,11.0,36.0,8770.0,0
1346,Vodafone,M,36,Punjab,Hyderabad,685746,07-09-2028,4,55718,80.0,41.0,4980.0,1
1347,Airtel,M,52,West Bengal,Bangalore,781673,08-09-2028,2,23797,11.0,26.0,5006.0,0
1348,Reliance Jio,F,70,Assam,Delhi,894514,09-09-2028,1,137300,107.0,30.0,8354.0,0
1349,BSNL,M,27,Gujarat,Hyderabad,379530,10-09-2028,0,138246,32.0,29.0,5191.0,1
1350,Reliance Jio,M,61,Chhattisgarh,Delhi,388813,11-09-2028,1,86819,73.0,31.0,5385.0,0
1351,Vodafone,M,29,Uttar Pradesh,Bangalore,853603,12-09-2028,4,103865,49.0,5.0,9939.0,0
1352,Reliance Jio,F,53,Rajasthan,Chennai,943930,13-09-2028,0,80480,34.0,41.0,7858.0,0
1353,Reliance Jio,F,19,Madhya Pradesh,Delhi,475472,14-09-2028,1,124188,61.0,43.0,87.0,0
1354,BSNL,F,20,Jharkhand,Chennai,767023,15-09-2028,3,24722,74.0,44.0,6315.0,0
1355,Airtel,M,26,Haryana,Bangalore,140373,16-09-2028,0,133983,73.0,16.0,3850.0,1
1356,Airtel,F,54,Manipur,Mumbai,252066,17-09-2028,2,96862,66.0,7.0,1087.0,1
1357,Vodafone,F,70,Kerala,Mumbai,200106,18-09-2028,2,68853,3.0,34.0,648.0,0
1358,BSNL,F,61,Sikkim,Mumbai,230982,19-09-2028,2,101384,9.0,37.0,4417.0,0
1359,Vodafone,M,74,Punjab,Hyderabad,305695,20-09-2028,4,43175,89.0,16.0,1448.0,0
1360,BSNL,F,68,Chhattisgarh,Bangalore,156673,21-09-2028,0,144335,50.0,0.0,8216.0,0
1361,BSNL,F,71,Punjab,Bangalore,211620,22-09-2028,1,83282,0.0,26.0,7053.0,0
1362,BSNL,F,49,Meghalaya,Hyderabad,498385,23-09-2028,1,121562,19.0,7.0,6480.0,0
1363,Airtel,M,69,Maharashtra,Hyderabad,736616,24-09-2028,4,119913,66.0,1.0,1524.0,0
1364,Reliance Jio,M,50,Sikkim,Hyderabad,129089,25-09-2028,3,91062,30.0,35.0,1774.0,1
1365,BSNL,F,67,Telangana,Kolkata,673421,26-09-2028,3,114292,98.0,49.0,3558.0,0
1366,Airtel,M,24,Tamil Nadu,Kolkata,647742,27-09-2028,3,90356,41.0,20.0,7549.0,0
1367,Reliance Jio,F,31,Manipur,Kolkata,658486,28-09-2028,1,61325,13.0,46.0,1595.0,0
1368,BSNL,F,58,Haryana,Hyderabad,408270,29-09-2028,1,61074,68.0,15.0,6315.0,0
1369,Airtel,F,53,Jharkhand,Kolkata,331427,30-09-2028,1,127106,59.0,14.0,10680.0,0
1370,BSNL,M,40,Sikkim,Bangalore,664913,01-10-2028,4,30067,64.0,1.0,6656.0,0
1371,Airtel,F,46,Maharashtra,Hyderabad,844575,02-10-2028,3,132556,71.0,26.0,6174.0,0
1372,Vodafone,M,40,Kerala,Kolkata,948032,03-10-2028,3,118920,63.0,52.0,10141.0,0
1373,Reliance Jio,M,57,Arunachal Pradesh,Kolkata,221814,04-10-2028,4,123858,38.0,3.0,6469.0,0
1374,Reliance Jio,F,27,Bihar,Delhi,802621,05-10-2028,1,93442,89.0,21.0,2317.0,1
1375,Reliance Jio,F,67,Assam,Bangalore,991634,06-10-2028,3,123987,93.0,16.0,4051.0,0
1376,Airtel,F,73,Karnataka,Delhi,148627,07-10-2028,0,145298,85.0,2.0,5919.0,0
1377,Airtel,M,30,Gujarat,Delhi,564881,08-10-2028,3,67580,85.0,19.0,9646.0,0
1378,Airtel,F,45,Meghalaya,Kolkata,428348,09-10-2028,1,148243,23.0,40.0,7442.0,0
1379,Vodafone,M,22,Uttar Pradesh,Delhi,753930,10-10-2028,1,110766,7.0,37.0,8373.0,0
1380,Vodafone,M,55,Karnataka,Hyderabad,863130,11-10-2028,2,83844,32.0,49.0,7781.0,0
1381,Airtel,F,68,Nagaland,Chennai,761986,12-10-2028,1,137412,41.0,27.0,6784.0,0
1382,Vodafone,M,48,Tripura,Bangalore,604225,13-10-2028,3,91462,72.0,3.0,3472.0,1
1383,Airtel,M,71,Goa,Mumbai,693165,14-10-2028,0,146522,5.0,29.0,8411.0,0
1384,Airtel,M,69,Rajasthan,Chennai,979855,15-10-2028,1,56501,59.0,19.0,8941.0,0
1385,Reliance Jio,M,59,Meghalaya,Bangalore,540308,16-10-2028,2,78183,45.0,21.0,8299.0,0
1386,Vodafone,M,19,Arunachal Pradesh,Bangalore,979462,17-10-2028,3,144657,61.0,24.0,8931.0,1
1387,Reliance Jio,M,22,Punjab,Chennai,532704,18-10-2028,3,112134,44.0,41.0,9047.0,1
1388,Vodafone,F,31,Chhattisgarh,Kolkata,772410,19-10-2028,4,112260,79.0,30.0,1055.0,0
1389,BSNL,M,29,Meghalaya,Bangalore,762573,20-10-2028,2,66442,52.0,5.0,7280.0,0
1390,Vodafone,F,73,Gujarat,Chennai,532073,21-10-2028,0,106842,71.0,10.0,5048.0,1
1391,Reliance Jio,M,27,Punjab,Bangalore,761441,22-10-2028,1,106167,49.0,11.0,6382.0,0
1392,Airtel,M,70,Andhra Pradesh,Kolkata,659199,23-10-2028,4,22161,91.0,29.0,6135.0,1
1393,Airtel,F,61,Assam,Mumbai,703151,24-10-2028,1,116788,7.0,44.0,1152.0,0
1394,Airtel,M,27,Punjab,Mumbai,272371,25-10-2028,3,118307,92.0,12.0,8526.0,0
1395,Airtel,F,40,Punjab,Mumbai,589592,26-10-2028,3,41101,7.0,5.0,8511.0,1
1396,Airtel,M,49,Goa,Mumbai,292700,27-10-2028,1,36662,81.0,42.0,6035.0,0
1397,BSNL,F,71,Rajasthan,Mumbai,177827,28-10-2028,3,73732,36.0,28.0,3350.0,0
1398,Reliance Jio,F,60,Himachal Pradesh,Bangalore,833866,29-10-2028,2,131410,88.0,36.0,1887.0,0
1399,Vodafone,F,34,Goa,Kolkata,988095,30-10-2028,4,39452,83.0,6.0,9110.0,0
1400,Airtel,F,27,Punjab,Chennai,821389,31-10-2028,0,76963,58.0,26.0,7207.0,0
1401,Airtel,F,74,Arunachal Pradesh,Mumbai,523780,01-11-2028,4,21073,24.0,16.0,2504.0,0
1402,Vodafone,F,47,Jharkhand,Chennai,162927,02-11-2028,1,24199,20.0,37.0,7667.0,0
1403,BSNL,M,61,Uttarakhand,Chennai,819394,03-11-2028,1,104203,60.0,19.0,1851.0,0
1404,Vodafone,M,24,Assam,Mumbai,447573,04-11-2028,3,115722,89.0,39.0,2990.0,1
1405,BSNL,M,21,Andhra Pradesh,Delhi,673404,05-11-2028,2,88369,3.0,27.0,8120.0,1
1406,Reliance Jio,F,63,Andhra Pradesh,Kolkata,981564,06-11-2028,4,107316,85.0,2.0,5509.0,0
1407,Reliance Jio,M,33,Tripura,Kolkata,854341,07-11-2028,2,127876,77.0,8.0,2779.0,1
1408,Airtel,M,66,Tripura,Hyderabad,552668,08-11-2028,3,23971,59.0,42.0,7432.0,1
1409,Airtel,M,22,West Bengal,Delhi,523609,09-11-2028,1,42267,100.0,21.0,1108.0,0
1410,BSNL,F,66,Uttarakhand,Chennai,808501,10-11-2028,0,97442,47.0,39.0,7817.0,0
1411,BSNL,M,60,Manipur,Chennai,723034,11-11-2028,2,51471,13.0,18.0,2106.0,0
1412,Vodafone,M,34,Uttarakhand,Hyderabad,349809,12-11-2028,3,58103,55.0,18.0,1275.0,0
1413,Vodafone,M,25,Mizoram,Bangalore,972543,13-11-2028,4,134455,58.0,19.0,3217.0,0
1414,Vodafone,F,38,Haryana,Chennai,704588,14-11-2028,3,147303,28.0,45.0,4318.0,0
1415,Reliance Jio,M,18,Jharkhand,Hyderabad,288535,15-11-2028,2,125583,73.0,3.0,3349.0,0
1416,Vodafone,M,57,Bihar,Kolkata,329054,16-11-2028,2,110259,75.0,30.0,10155.0,0
1417,Reliance Jio,F,18,Haryana,Hyderabad,366912,17-11-2028,3,137652,82.0,30.0,1064.0,0
1418,Vodafone,F,18,Sikkim,Chennai,467895,18-11-2028,4,31080,35.0,15.0,1349.0,1
1419,Vodafone,F,56,Tripura,Bangalore,756156,19-11-2028,2,20756,34.0,31.0,3719.0,1
1420,Airtel,M,19,Tamil Nadu,Kolkata,736825,20-11-2028,4,61670,10.0,44.0,2572.0,0
1421,BSNL,M,60,Telangana,Chennai,883662,21-11-2028,1,130768,62.0,10.0,4833.0,0
1422,BSNL,M,20,Andhra Pradesh,Chennai,773558,22-11-2028,0,79477,90.0,34.0,1732.0,0
1423,Airtel,F,67,Mizoram,Hyderabad,366771,23-11-2028,2,134899,22.0,38.0,7426.0,0
1424,Reliance Jio,M,68,Telangana,Chennai,468473,24-11-2028,0,26148,86.0,20.0,4385.0,0
1425,Vodafone,M,24,Andhra Pradesh,Delhi,354151,25-11-2028,0,60020,85.0,42.0,2399.0,0
1426,Reliance Jio,M,21,Chhattisgarh,Bangalore,968690,26-11-2028,3,47717,40.0,43.0,3765.0,0
1427,Airtel,M,58,Uttarakhand,Bangalore,964462,27-11-2028,1,44661,99.0,7.0,8502.0,0
1428,BSNL,M,51,Tripura,Hyderabad,817234,28-11-2028,3,80552,65.0,36.0,6011.0,0
1429,Reliance Jio,F,26,Odisha,Hyderabad,700655,29-11-2028,4,54999,90.0,42.0,8342.0,0
1430,Reliance Jio,M,46,Haryana,Mumbai,930202,30-11-2028,1,26661,82.0,40.0,8733.0,0
1431,Vodafone,M,62,Karnataka,Kolkata,639990,01-12-2028,1,62013,34.0,45.0,2945.0,0
1432,Reliance Jio,M,54,Uttar Pradesh,Bangalore,191480,02-12-2028,0,65860,74.0,26.0,6090.0,0
1433,Vodafone,M,43,Jharkhand,Hyderabad,454736,03-12-2028,0,143320,44.0,31.0,1211.0,0
1434,BSNL,M,56,Punjab,Delhi,491612,04-12-2028,2,143001,74.0,44.0,3631.0,0
1435,BSNL,M,19,Maharashtra,Hyderabad,660899,05-12-2028,3,87431,9.0,40.0,10390.0,0
1436,BSNL,M,53,Meghalaya,Delhi,770068,06-12-2028,3,136654,32.0,26.0,2847.0,0
1437,BSNL,M,28,Bihar,Bangalore,313190,07-12-2028,4,23363,12.0,37.0,2185.0,0
1438,Vodafone,M,61,Arunachal Pradesh,Hyderabad,550857,08-12-2028,4,114090,32.0,25.5,1400.0,0
1439,BSNL,M,55,Meghalaya,Bangalore,905649,09-12-2028,0,44450,86.0,26.0,1283.0,0
1440,Reliance Jio,F,29,Chhattisgarh,Delhi,608062,10-12-2028,2,70221,105.0,47.0,6033.0,0
1441,BSNL,M,64,Mizoram,Delhi,410881,11-12-2028,4,35421,89.0,13.0,3549.0,0
1442,Airtel,M,53,Punjab,Bangalore,638610,12-12-2028,1,138349,100.0,44.0,1407.0,0
1443,BSNL,F,43,Gujarat,Bangalore,339245,13-12-2028,3,68939,4.0,9.0,8880.0,0
1444,BSNL,F,35,Karnataka,Bangalore,923419,14-12-2028,4,107620,50.0,38.0,2740.0,0
1445,Reliance Jio,M,66,Nagaland,Mumbai,321778,15-12-2028,0,69249,96.0,44.0,8230.0,0
1446,Reliance Jio,F,44,Andhra Pradesh,Hyderabad,886299,16-12-2028,4,84853,14.0,37.0,4106.0,0
1447,BSNL,F,23,Jharkhand,Kolkata,379564,17-12-2028,2,105557,47.0,27.0,4963.0,1
1448,Reliance Jio,M,72,Mizoram,Bangalore,338550,18-12-2028,3,103617,37.0,46.0,4577.0,0
1449,Airtel,F,44,Arunachal Pradesh,Chennai,812707,19-12-2028,4,117665,77.0,8.0,1599.0,0
1450,Airtel,M,47,Jharkhand,Hyderabad,366424,20-12-2028,4,138998,42.0,1.0,1508.0,0
1451,Airtel,M,18,Nagaland,Bangalore,170231,21-12-2028,2,116321,56.0,4.0,4956.0,1
1452,BSNL,F,72,Himachal Pradesh,Chennai,976650,22-12-2028,0,127858,32.0,31.0,1317.0,0
1453,Vodafone,F,43,Manipur,Chennai,960315,23-12-2028,3,132471,81.0,44.0,8649.0,0
1454,BSNL,M,51,Goa,Hyderabad,482484,24-12-2028,4,84565,28.0,10.0,4246.0,0
1455,Vodafone,F,56,Madhya Pradesh,Mumbai,307255,25-12-2028,0,21797,42.0,25.0,6489.0,0
1456,Vodafone,M,47,Tamil Nadu,Hyderabad,454549,26-12-2028,0,143655,23.0,48.0,5924.0,0
1457,Vodafone,F,53,Rajasthan,Chennai,143802,27-12-2028,0,96427,8.0,25.0,1357.0,1
1458,Reliance Jio,M,49,Odisha,Chennai,266768,28-12-2028,0,95021,69.0,5.0,4300.0,0
1459,Vodafone,M,37,Arunachal Pradesh,Kolkata,920456,29-12-2028,2,43350,5.0,46.0,2822.0,0
1460,Reliance Jio,M,70,Sikkim,Chennai,431977,30-12-2028,1,126769,42.0,7.0,6806.0,1
1461,Vodafone,M,21,Uttar Pradesh,Delhi,635395,31-12-2028,3,76064,57.0,50.0,8064.0,1
1462,BSNL,M,70,Odisha,Delhi,966041,01-01-2029,1,136917,4.0,26.0,2758.0,0
1463,Reliance Jio,F,21,Bihar,Chennai,745917,02-01-2029,2,38493,10.0,31.0,5299.0,1
1464,Airtel,F,59,Bihar,Bangalore,629642,03-01-2029,4,66010,9.0,35.0,1021.0,0
1465,Vodafone,M,38,Tamil Nadu,Mumbai,650103,04-01-2029,1,99836,97.0,27.0,7312.0,0
1466,Vodafone,F,41,Odisha,Chennai,162094,05-01-2029,4,30377,3.0,21.0,5888.0,0
1467,Airtel,M,65,Rajasthan,Hyderabad,146126,06-01-2029,0,98391,61.0,24.0,9917.0,0
1468,Vodafone,M,25,Kerala,Chennai,607639,07-01-2029,2,38956,39.0,24.0,1530.0,0
1469,Vodafone,F,74,Himachal Pradesh,Bangalore,191990,08-01-2029,1,90398,77.0,41.0,661.0,0
1470,Vodafone,F,73,Himachal Pradesh,Bangalore,620313,09-01-2029,1,55194,70.0,24.0,667.0,0
1471,Airtel,F,64,Chhattisgarh,Kolkata,921527,10-01-2029,0,114485,20.0,47.0,5049.0,0
1472,BSNL,M,57,Maharashtra,Mumbai,848471,11-01-2029,1,26299,1.0,15.0,3421.0,0
1473,Vodafone,F,24,Nagaland,Chennai,100665,12-01-2029,2,42914,5.0,22.0,7130.0,0
1474,Reliance Jio,M,45,Mizoram,Kolkata,598569,13-01-2029,1,37638,82.0,12.0,1816.0,0
1475,BSNL,M,47,Mizoram,Bangalore,629762,14-01-2029,2,50743,65.0,41.0,5797.0,0
1476,BSNL,M,57,Mizoram,Bangalore,795742,15-01-2029,0,108505,7.0,21.0,3207.0,0
1477,BSNL,M,23,Uttar Pradesh,Chennai,285541,16-01-2029,0,122956,58.0,24.0,4303.0,1
1478,Vodafone,F,42,Himachal Pradesh,Hyderabad,830350,17-01-2029,2,87743,24.0,3.0,2694.0,0
1479,Vodafone,M,27,Sikkim,Chennai,166622,18-01-2029,2,115682,80.0,1.0,7342.0,0
1480,Reliance Jio,F,60,Meghalaya,Bangalore,188554,19-01-2029,3,29102,78.0,7.0,583.0,1
1481,Vodafone,F,41,Haryana,Delhi,907777,20-01-2029,4,51344,52.0,19.0,7779.0,0
1482,Airtel,F,37,Manipur,Chennai,589689,21-01-2029,2,63810,41.0,19.0,10240.0,0
1483,Reliance Jio,M,18,Telangana,Bangalore,718276,22-01-2029,4,35780,50.0,35.0,6654.0,1
1484,Airtel,M,64,Nagaland,Bangalore,587173,23-01-2029,2,75415,44.0,40.0,8645.0,1
1485,Reliance Jio,M,52,Chhattisgarh,Delhi,653348,24-01-2029,1,40468,9.0,10.0,5573.0,0
1486,Vodafone,M,56,Tamil Nadu,Kolkata,818218,25-01-2029,4,61182,97.0,25.0,8688.0,0
1487,Reliance Jio,M,64,Manipur,Mumbai,225413,26-01-2029,0,112780,52.0,26.0,5695.0,0
1488,BSNL,M,33,Haryana,Mumbai,417282,27-01-2029,3,136175,45.0,13.0,9418.0,1
1489,Reliance Jio,M,66,Haryana,Bangalore,143109,28-01-2029,0,70369,60.0,15.0,409.0,1
1490,Vodafone,F,33,Haryana,Delhi,565138,29-01-2029,1,61938,35.0,3.0,1161.0,0
1491,BSNL,M,64,Madhya Pradesh,Bangalore,140147,30-01-2029,1,145003,76.0,38.0,5049.0,1
1492,BSNL,M,64,Assam,Hyderabad,485763,31-01-2029,4,41981,23.0,33.0,9706.0,0
1493,Airtel,M,50,Haryana,Chennai,911314,01-02-2029,2,81124,9.0,25.0,9170.0,0
1494,Airtel,M,36,Jharkhand,Bangalore,908405,02-02-2029,1,108030,78.0,37.0,2379.0,0
1495,Reliance Jio,M,50,Gujarat,Mumbai,688869,03-02-2029,2,25697,70.0,28.0,9031.0,0
1496,Reliance Jio,F,20,Jharkhand,Kolkata,871556,04-02-2029,2,94078,93.0,30.0,3327.0,0
1497,Airtel,F,37,Sikkim,Hyderabad,750444,05-02-2029,4,96842,2.0,1.0,3443.0,0
1498,Vodafone,F,22,Uttarakhand,Kolkata,222968,06-02-2029,0,129905,80.0,5.0,6882.0,0
1499,Airtel,F,44,Meghalaya,Mumbai,917328,07-02-2029,4,61176,79.0,6.0,2748.0,1
1500,Reliance Jio,M,47,Tripura,Bangalore,812150,08-02-2029,1,122787,31.0,21.0,3432.0,1
1501,Airtel,M,70,Uttar Pradesh,Mumbai,506994,09-02-2029,1,40310,83.0,48.0,3923.0,0
1502,Airtel,M,18,Uttarakhand,Bangalore,319458,10-02-2029,3,77381,46.0,21.0,2470.0,0
1503,Airtel,F,29,Karnataka,Delhi,909213,11-02-2029,4,41935,77.0,3.0,6300.0,0
1504,BSNL,M,68,Meghalaya,Kolkata,385034,12-02-2029,2,35121,1.0,8.0,5869.0,0
1505,Reliance Jio,M,70,Tripura,Bangalore,914702,13-02-2029,4,99057,66.0,33.0,3140.0,0
1506,Vodafone,F,61,Nagaland,Bangalore,805924,14-02-2029,1,100164,87.0,8.0,8192.0,0
1507,BSNL,F,72,Mizoram,Kolkata,629200,15-02-2029,3,148620,43.0,44.0,9451.0,1
1508,Vodafone,M,35,Telangana,Delhi,851655,16-02-2029,3,21593,60.0,18.0,517.0,0
1509,Vodafone,M,26,Kerala,Mumbai,867255,17-02-2029,0,92730,51.0,29.0,978.0,0
1510,Airtel,M,43,Manipur,Kolkata,117599,18-02-2029,1,144804,67.0,10.0,6557.0,1
1511,Vodafone,F,32,Goa,Chennai,620111,19-02-2029,4,90907,40.0,8.0,7555.0,0
1512,Vodafone,F,42,Chhattisgarh,Bangalore,625311,20-02-2029,0,20658,79.0,31.0,2501.0,1
1513,Reliance Jio,M,41,Mizoram,Bangalore,619289,21-02-2029,3,111103,4.0,21.0,1562.0,0
1514,Airtel,M,31,Bihar,Delhi,592937,22-02-2029,2,88591,56.0,24.0,7354.0,1
1515,BSNL,M,41,Haryana,Chennai,125311,23-02-2029,4,70402,88.0,32.0,3355.0,0
1516,Reliance Jio,F,30,Chhattisgarh,Hyderabad,942195,24-02-2029,1,59508,15.0,39.0,3757.0,1
1517,Airtel,M,48,Sikkim,Mumbai,430792,25-02-2029,4,33550,92.0,19.0,158.0,0
1518,Reliance Jio,F,24,Tamil Nadu,Bangalore,735922,26-02-2029,4,123939,65.0,29.0,49.0,0
1519,BSNL,F,24,Mizoram,Hyderabad,638145,27-02-2029,1,135597,19.0,25.5,8137.0,1
1520,Vodafone,M,32,Rajasthan,Delhi,899287,28-02-2029,4,44315,57.0,0.0,2852.0,0
1521,Airtel,M,52,Maharashtra,Chennai,850511,01-03-2029,2,58619,61.0,10.0,4455.0,1
1522,BSNL,F,73,Tamil Nadu,Kolkata,971385,02-03-2029,0,56793,14.0,17.0,1428.0,0
1523,BSNL,F,72,Nagaland,Delhi,418019,03-03-2029,4,20014,48.0,39.0,9608.0,1
1524,Reliance Jio,M,19,Tamil Nadu,Bangalore,501403,04-03-2029,2,141136,26.0,22.0,8192.0,0
1525,Reliance Jio,M,43,Punjab,Hyderabad,503179,05-03-2029,0,97651,20.0,23.0,5109.0,0
1526,Vodafone,M,39,Uttar Pradesh,Bangalore,882433,06-03-2029,1,81624,71.0,31.0,9633.0,0
1527,Airtel,F,22,Goa,Bangalore,753165,07-03-2029,4,98794,90.0,25.5,1916.0,0
1528,Airtel,F,74,Bihar,Delhi,719908,08-03-2029,0,47460,0.0,32.0,3658.0,0
1529,Vodafone,F,36,Andhra Pradesh,Bangalore,632922,09-03-2029,3,57123,68.0,35.0,4514.0,1
1530,BSNL,M,66,Maharashtra,Hyderabad,244309,10-03-2029,4,90842,69.0,1.0,6117.0,0
1531,Reliance Jio,F,65,Tripura,Chennai,621245,11-03-2029,4,95467,89.0,12.0,3496.0,1
1532,Reliance Jio,M,73,Jharkhand,Mumbai,503343,12-03-2029,1,66871,17.0,44.0,2886.0,1
1533,Vodafone,F,43,Maharashtra,Delhi,200990,13-03-2029,0,45224,11.0,43.0,5539.0,1
1534,Airtel,F,29,Punjab,Chennai,896897,14-03-2029,3,95757,22.0,23.0,5261.0,1
1535,Airtel,M,45,Rajasthan,Delhi,760804,15-03-2029,2,25499,77.0,36.0,1027.0,1
1536,Vodafone,M,62,West Bengal,Chennai,758607,16-03-2029,2,133436,29.0,15.0,6183.0,0
1537,Reliance Jio,F,25,Tamil Nadu,Mumbai,734752,17-03-2029,0,131078,40.0,48.0,5698.0,1
1538,BSNL,M,21,Goa,Chennai,471279,18-03-2029,3,126297,12.0,19.0,1193.0,0
1539,Vodafone,M,56,Assam,Mumbai,934208,19-03-2029,1,129251,46.0,24.0,1911.0,1
1540,Reliance Jio,M,20,Telangana,Delhi,632102,20-03-2029,2,66744,17.0,7.0,41.0,0
1541,BSNL,F,50,Gujarat,Delhi,261934,21-03-2029,4,117002,18.0,3.0,8404.0,0
1542,Vodafone,M,43,Assam,Delhi,786719,22-03-2029,3,123666,81.0,24.0,9524.0,0
1543,Vodafone,F,35,Bihar,Delhi,762519,23-03-2029,3,131328,54.0,24.0,215.0,1
1544,BSNL,F,38,Rajasthan,Delhi,704638,24-03-2029,1,97953,25.0,46.0,5586.0,0
1545,Vodafone,M,29,Uttar Pradesh,Delhi,695625,25-03-2029,0,134980,73.0,26.0,7260.0,0
1546,Vodafone,M,23,Bihar,Chennai,130360,26-03-2029,4,52657,76.0,9.0,8450.0,0
1547,Vodafone,F,30,Kerala,Delhi,913105,27-03-2029,3,103889,77.0,9.0,5353.0,0
1548,Vodafone,F,19,Sikkim,Hyderabad,767511,28-03-2029,4,136215,67.0,46.0,10041.0,0
1549,Airtel,F,34,Telangana,Kolkata,689803,29-03-2029,0,94110,32.0,5.0,4123.0,0
1550,BSNL,M,70,Jharkhand,Kolkata,291548,30-03-2029,3,34808,16.0,28.0,5007.0,0
1551,BSNL,F,46,Mizoram,Kolkata,904870,31-03-2029,2,58107,51.0,41.0,1231.0,0
1552,Airtel,M,37,Kerala,Bangalore,307180,01-04-2029,0,66369,52.0,49.0,1076.0,0
1553,Vodafone,M,36,Bihar,Hyderabad,980995,02-04-2029,3,111317,57.0,13.0,8713.0,0
1554,Reliance Jio,M,55,Kerala,Mumbai,462406,03-04-2029,0,61383,77.0,9.0,547.0,1
1555,Vodafone,F,30,Meghalaya,Bangalore,574721,04-04-2029,4,48530,81.0,25.5,7400.0,0
1556,Reliance Jio,M,68,Chhattisgarh,Hyderabad,589713,05-04-2029,3,76940,36.0,52.0,6647.0,0
1557,Airtel,M,38,Uttarakhand,Mumbai,928195,06-04-2029,0,28070,78.0,38.0,2043.0,0
1558,BSNL,M,62,Manipur,Delhi,578538,07-04-2029,2,146257,49.0,2.0,6154.0,0
1559,BSNL,M,35,Chhattisgarh,Mumbai,115004,08-04-2029,3,42945,32.0,42.0,5049.0,1
1560,Airtel,F,43,Madhya Pradesh,Kolkata,597369,09-04-2029,3,135516,33.0,35.0,5811.0,0
1561,Airtel,M,24,Andhra Pradesh,Chennai,677646,10-04-2029,1,34550,80.0,24.0,4445.0,0
1562,Vodafone,M,71,Tamil Nadu,Hyderabad,465904,11-04-2029,1,103945,12.0,20.0,264.0,0
1563,Reliance Jio,M,29,Telangana,Kolkata,754250,12-04-2029,4,61502,47.0,33.0,1470.0,0
1564,Airtel,M,47,Kerala,Hyderabad,370594,13-04-2029,0,53410,7.0,25.0,10005.0,0
1565,Reliance Jio,F,52,Himachal Pradesh,Chennai,343680,14-04-2029,0,91160,44.0,30.0,5996.0,1
1566,Airtel,F,61,Punjab,Chennai,890438,15-04-2029,0,109368,92.0,42.0,5134.0,0
1567,Vodafone,F,24,Jharkhand,Bangalore,207240,16-04-2029,2,63350,74.0,41.0,6817.0,1
1568,Airtel,F,62,Tripura,Delhi,479323,17-04-2029,0,27749,27.0,6.0,9041.0,0
1569,BSNL,F,62,Sikkim,Mumbai,402825,18-04-2029,4,71888,60.0,21.0,2186.0,0
1570,Reliance Jio,M,65,Haryana,Delhi,956601,19-04-2029,1,100110,78.0,49.0,2052.0,0
1571,Airtel,F,43,Meghalaya,Mumbai,872686,20-04-2029,1,139388,22.0,17.0,8814.0,0
1572,BSNL,M,18,Jharkhand,Mumbai,615827,21-04-2029,3,65451,19.0,46.0,1393.0,0
1573,BSNL,F,19,Odisha,Delhi,687532,22-04-2029,3,21741,74.0,42.0,7465.0,0
1574,Reliance Jio,M,51,Tripura,Mumbai,494485,23-04-2029,1,149073,69.0,24.0,7260.0,0
1575,BSNL,M,72,Gujarat,Mumbai,905658,24-04-2029,1,65438,18.0,12.0,6891.0,1
1576,Airtel,F,53,Manipur,Bangalore,158787,25-04-2029,0,111408,81.0,45.0,1654.0,0
1577,BSNL,F,66,Uttarakhand,Kolkata,403891,26-04-2029,0,29573,9.0,28.0,1564.0,0
1578,Reliance Jio,M,27,West Bengal,Delhi,242586,27-04-2029,0,134564,49.0,41.0,5308.0,0
1579,Airtel,M,66,Meghalaya,Mumbai,190639,28-04-2029,1,23525,96.0,25.5,9076.0,0
1580,Reliance Jio,M,30,Maharashtra,Bangalore,558297,29-04-2029,1,23509,63.0,43.0,1068.0,0
1581,Airtel,M,59,Bihar,Bangalore,813931,30-04-2029,0,88326,59.0,5.0,5121.0,0
1582,BSNL,F,31,Chhattisgarh,Hyderabad,685378,01-05-2029,4,136548,66.0,25.0,3799.0,0
1583,Airtel,M,41,Uttar Pradesh,Kolkata,164747,02-05-2029,3,66793,77.0,20.0,1655.0,0
1584,Reliance Jio,F,58,Telangana,Mumbai,988953,03-05-2029,3,30263,80.0,30.0,1150.0,1
1585,Vodafone,F,68,Goa,Kolkata,146024,04-05-2029,3,54191,81.0,30.0,1357.0,0
1586,Vodafone,F,21,Uttar Pradesh,Mumbai,484244,05-05-2029,2,32440,18.0,40.0,1673.0,0
1587,BSNL,M,30,Rajasthan,Kolkata,624708,06-05-2029,3,89507,66.0,7.0,9207.0,0
1588,Airtel,M,67,Jharkhand,Chennai,562577,07-05-2029,0,104807,96.0,0.0,3275.0,0
1589,Reliance Jio,F,33,Uttarakhand,Bangalore,636293,08-05-2029,3,38493,30.0,1.0,2516.0,0
1590,Reliance Jio,M,31,Odisha,Mumbai,754505,09-05-2029,0,114389,73.0,8.0,3078.0,0
1591,Vodafone,F,74,Jharkhand,Chennai,539507,10-05-2029,3,133557,44.0,41.0,3370.0,1
1592,BSNL,F,57,Assam,Mumbai,981917,11-05-2029,0,64687,15.0,19.0,7037.0,0
1593,Vodafone,F,49,Punjab,Bangalore,975746,12-05-2029,4,109873,43.0,8.0,1707.0,0
1594,BSNL,M,35,West Bengal,Mumbai,665317,13-05-2029,2,46364,20.0,19.0,1961.0,1
1595,Vodafone,M,63,Goa,Bangalore,876137,14-05-2029,4,48425,7.0,25.5,4094.0,1
1596,Reliance Jio,M,61,Assam,Hyderabad,322869,15-05-2029,4,40953,64.0,43.0,5049.0,1
1597,Airtel,F,44,Kerala,Kolkata,101280,16-05-2029,2,101489,104.0,38.0,8133.0,0
1598,Airtel,M,56,Jharkhand,Bangalore,103633,17-05-2029,4,85040,17.0,23.0,2323.0,0
1599,Airtel,M,25,Jharkhand,Chennai,150109,18-05-2029,1,133956,41.0,35.0,7877.0,0
1600,Vodafone,F,62,Uttarakhand,Bangalore,431515,19-05-2029,4,41520,27.0,28.0,623.0,0
1601,Airtel,F,46,Sikkim,Delhi,608809,20-05-2029,1,84293,71.0,0.0,9581.0,0
1602,BSNL,M,73,Goa,Chennai,470861,21-05-2029,0,84699,38.0,27.0,4088.0,0
1603,Reliance Jio,F,46,Meghalaya,Delhi,497142,22-05-2029,2,112795,17.0,11.0,3145.0,0
1604,BSNL,M,72,Tamil Nadu,Mumbai,675840,23-05-2029,3,27348,44.0,6.0,9994.0,0
1605,Vodafone,M,18,Meghalaya,Bangalore,746840,24-05-2029,0,109243,48.0,20.0,6876.0,0
1606,BSNL,M,62,Jharkhand,Hyderabad,786947,25-05-2029,4,61855,90.0,19.0,9420.0,0
1607,Airtel,M,64,Bihar,Chennai,104744,26-05-2029,0,68322,51.0,26.0,9132.0,0
1608,Airtel,F,37,Tripura,Mumbai,594148,27-05-2029,2,26758,33.0,29.0,1802.0,0
1609,Vodafone,M,50,Chhattisgarh,Hyderabad,768242,28-05-2029,3,54535,45.0,25.0,367.0,1
1610,Airtel,M,26,Goa,Chennai,237757,29-05-2029,1,53192,81.0,28.0,9909.0,1
1611,Airtel,M,24,Chhattisgarh,Kolkata,460034,30-05-2029,1,126809,60.0,28.0,3845.0,0
1612,Reliance Jio,F,38,Telangana,Chennai,320078,31-05-2029,2,58060,46.0,5.0,2261.0,0
1613,BSNL,F,70,Uttarakhand,Bangalore,461374,01-06-2029,0,105304,43.0,44.0,6992.0,0
1614,Reliance Jio,F,55,Sikkim,Kolkata,578167,02-06-2029,1,133302,71.0,9.0,7035.0,0
1615,Airtel,M,45,Telangana,Hyderabad,586263,03-06-2029,0,86561,60.0,18.0,6725.0,0
1616,BSNL,M,69,Bihar,Hyderabad,535579,04-06-2029,4,32777,68.0,40.0,6569.0,1
1617,Reliance Jio,F,55,Andhra Pradesh,Mumbai,642876,05-06-2029,0,38763,28.0,13.0,2987.0,0
1618,Airtel,F,23,Tripura,Mumbai,497575,06-06-2029,4,137709,42.0,9.0,7344.0,0
1619,Vodafone,F,60,Gujarat,Mumbai,255162,07-06-2029,1,112852,75.0,6.0,3328.0,1
1620,BSNL,F,35,Odisha,Chennai,726333,08-06-2029,4,54719,44.0,11.0,2804.0,0
1621,Airtel,M,31,Punjab,Delhi,756983,09-06-2029,4,36779,19.0,1.0,3710.0,0
1622,Reliance Jio,M,41,Nagaland,Bangalore,436499,10-06-2029,2,94352,42.0,18.0,4081.0,0
1623,BSNL,M,23,Jharkhand,Hyderabad,155298,11-06-2029,0,94346,57.0,19.0,8503.0,0
1624,Airtel,M,37,Nagaland,Mumbai,268833,12-06-2029,2,116916,44.0,2.0,1128.0,1
1625,Reliance Jio,M,64,Rajasthan,Mumbai,267850,13-06-2029,3,82578,44.0,40.0,3250.0,0
1626,Vodafone,M,41,Maharashtra,Bangalore,215391,14-06-2029,1,112165,41.0,22.0,5679.0,0
1627,Vodafone,F,55,Jharkhand,Kolkata,171837,15-06-2029,4,108713,90.0,50.0,9952.0,1
1628,Vodafone,F,62,Jharkhand,Hyderabad,789135,16-06-2029,1,137675,4.0,6.0,4783.0,1
1629,BSNL,M,69,Punjab,Bangalore,930538,17-06-2029,2,90098,94.0,48.0,3375.0,0
1630,Reliance Jio,M,35,Chhattisgarh,Mumbai,156699,18-06-2029,3,119440,70.0,18.0,2444.0,0
1631,Airtel,M,70,Bihar,Mumbai,662696,19-06-2029,0,115525,13.0,27.0,4533.0,0
1632,BSNL,F,34,Andhra Pradesh,Delhi,697503,20-06-2029,4,59349,50.0,16.0,8958.0,0
1633,Vodafone,F,41,Haryana,Mumbai,110079,21-06-2029,4,149129,50.0,36.0,8825.0,1
1634,Airtel,M,65,Maharashtra,Mumbai,671936,22-06-2029,2,41880,17.0,11.0,7700.0,0
1635,Reliance Jio,F,61,Himachal Pradesh,Hyderabad,696263,23-06-2029,2,139506,17.0,23.0,1892.0,1
1636,Vodafone,F,40,Mizoram,Chennai,109846,24-06-2029,4,143259,59.0,29.0,8744.0,1
1637,BSNL,M,45,Madhya Pradesh,Mumbai,795344,25-06-2029,0,67238,32.0,3.0,3965.0,0
1638,Vodafone,F,68,Meghalaya,Hyderabad,809180,26-06-2029,1,21307,93.0,44.0,8113.0,0
1639,Reliance Jio,F,66,Madhya Pradesh,Kolkata,687597,27-06-2029,4,93714,18.0,24.0,2318.0,0
1640,Airtel,F,22,Maharashtra,Chennai,459316,28-06-2029,2,104488,13.0,25.0,1964.0,0
1641,Vodafone,M,66,Chhattisgarh,Kolkata,609217,29-06-2029,0,97948,25.0,47.0,1212.0,0
1642,Airtel,F,68,Arunachal Pradesh,Kolkata,498238,30-06-2029,2,83197,83.0,36.0,8413.0,0
1643,BSNL,F,43,Sikkim,Bangalore,799472,01-07-2029,3,66237,77.0,14.0,4358.0,1
1644,Vodafone,M,43,West Bengal,Mumbai,825715,02-07-2029,1,24626,45.0,33.0,5049.0,0
1645,Vodafone,M,27,Jharkhand,Kolkata,137080,03-07-2029,4,140551,100.0,11.0,7941.0,0
1646,Vodafone,M,37,Himachal Pradesh,Delhi,733515,04-07-2029,1,41244,59.0,21.0,3408.0,0
1647,Reliance Jio,M,37,Meghalaya,Kolkata,248119,05-07-2029,2,101590,72.0,48.0,10065.0,0
1648,Airtel,M,61,Madhya Pradesh,Delhi,347045,06-07-2029,1,91392,100.0,44.0,4985.0,0
1649,Vodafone,M,18,Chhattisgarh,Hyderabad,139794,07-07-2029,3,26339,62.0,6.0,5049.0,0
1650,Vodafone,F,58,Chhattisgarh,Hyderabad,122020,08-07-2029,0,141552,84.0,18.0,9738.0,0
1651,Airtel,M,69,Uttarakhand,Bangalore,238923,09-07-2029,3,105119,51.0,37.0,8957.0,0
1652,Vodafone,M,24,Meghalaya,Bangalore,179702,10-07-2029,2,110039,15.0,44.0,6355.0,0
1653,Reliance Jio,M,24,West Bengal,Mumbai,575491,11-07-2029,2,117061,20.0,52.0,7825.0,0
1654,Reliance Jio,M,32,West Bengal,Kolkata,743543,12-07-2029,1,51054,38.0,12.0,6311.0,0
1655,Vodafone,M,49,Uttar Pradesh,Chennai,130206,13-07-2029,1,134831,30.0,34.0,429.0,0
1656,Airtel,M,67,Chhattisgarh,Kolkata,565887,14-07-2029,2,21310,87.0,4.0,3668.0,1
1657,Airtel,M,64,Tripura,Delhi,474046,15-07-2029,2,89259,31.0,1.0,4539.0,0
1658,Reliance Jio,F,47,Goa,Hyderabad,366456,16-07-2029,0,129727,35.0,20.0,7985.0,1
1659,BSNL,M,34,Odisha,Bangalore,345140,17-07-2029,0,34407,52.0,25.5,5953.0,0
1660,Reliance Jio,M,42,Himachal Pradesh,Bangalore,678441,18-07-2029,1,97739,51.0,20.0,7967.0,0
1661,Vodafone,F,27,Tripura,Hyderabad,587308,19-07-2029,0,134902,17.0,33.0,7027.0,1
1662,BSNL,M,73,Telangana,Delhi,212716,20-07-2029,1,128382,69.0,24.0,6975.0,0
1663,Airtel,M,68,Manipur,Kolkata,369262,21-07-2029,0,83981,40.0,43.0,6038.0,0
1664,Airtel,M,24,Uttarakhand,Hyderabad,133372,22-07-2029,4,31136,5.0,37.0,5005.0,1
1665,Reliance Jio,F,50,Gujarat,Bangalore,212560,23-07-2029,4,52384,98.0,0.0,8448.0,0
1666,Airtel,F,32,Karnataka,Chennai,134902,24-07-2029,3,146862,40.0,33.0,7345.0,0
1667,Airtel,M,65,West Bengal,Mumbai,388500,25-07-2029,2,117023,84.0,20.0,7392.0,1
1668,BSNL,M,30,Mizoram,Bangalore,726086,26-07-2029,4,74928,53.0,46.0,789.0,0
1669,Reliance Jio,F,25,Tamil Nadu,Delhi,994986,27-07-2029,2,121531,13.0,50.0,6364.0,0
1670,BSNL,F,52,Manipur,Hyderabad,776846,28-07-2029,1,99320,15.0,30.0,1701.0,0
1671,BSNL,M,49,Jharkhand,Mumbai,806522,29-07-2029,2,146934,24.0,13.0,8431.0,1
1672,Vodafone,M,49,Rajasthan,Mumbai,913905,30-07-2029,4,138689,93.0,24.0,698.0,0
1673,Airtel,M,53,Gujarat,Hyderabad,799941,31-07-2029,3,93665,98.0,15.0,1633.0,1
1674,Reliance Jio,F,61,Madhya Pradesh,Hyderabad,300597,01-08-2029,1,28278,75.0,5.0,6388.0,0
1675,Vodafone,M,69,Goa,Bangalore,716249,02-08-2029,3,83704,70.0,24.0,5095.0,0
1676,Reliance Jio,M,73,Assam,Bangalore,638324,03-08-2029,4,20736,39.0,11.0,2696.0,0
1677,Reliance Jio,M,21,Andhra Pradesh,Hyderabad,397201,04-08-2029,3,32018,14.0,22.0,1231.0,0
1678,Airtel,F,19,Kerala,Bangalore,589251,05-08-2029,1,42777,29.0,14.0,2962.0,0
1679,Airtel,M,69,Odisha,Delhi,424173,06-08-2029,0,58446,73.0,22.0,5342.0,0
1680,Reliance Jio,M,45,Punjab,Delhi,412023,07-08-2029,3,116867,50.0,18.0,8006.0,1
1681,Airtel,M,56,Telangana,Hyderabad,824772,08-08-2029,1,30029,7.0,28.0,7094.0,0
1682,Vodafone,F,29,Punjab,Chennai,361136,09-08-2029,4,139204,56.0,9.0,7117.0,1
1683,Airtel,F,66,Arunachal Pradesh,Hyderabad,859552,10-08-2029,3,102002,53.0,38.0,6923.0,0
1684,BSNL,M,56,Odisha,Kolkata,738364,11-08-2029,4,145660,58.0,33.0,3402.0,0
1685,Reliance Jio,M,25,Nagaland,Delhi,242512,12-08-2029,2,50487,38.0,39.0,9009.0,0
1686,BSNL,F,51,Karnataka,Chennai,768805,13-08-2029,0,93616,39.0,25.0,1130.0,0
1687,Reliance Jio,M,39,Karnataka,Bangalore,245505,14-08-2029,0,54462,4.0,21.0,3461.0,0
1688,Vodafone,M,47,Gujarat,Bangalore,889984,15-08-2029,4,77497,4.0,44.0,7005.0,1
1689,Reliance Jio,M,55,Madhya Pradesh,Hyderabad,674435,16-08-2029,1,148200,34.0,20.0,2493.0,0
1690,Reliance Jio,M,63,Jharkhand,Mumbai,743303,17-08-2029,3,103535,76.0,25.0,1843.0,0
1691,BSNL,M,44,West Bengal,Bangalore,341063,18-08-2029,2,49777,7.0,25.5,5502.0,0
1692,Vodafone,M,47,Assam,Kolkata,465985,19-08-2029,4,88939,62.0,27.0,6884.0,0
1693,Airtel,F,65,Tripura,Kolkata,809211,20-08-2029,1,115970,49.0,28.0,1414.0,0
1694,Reliance Jio,M,43,Sikkim,Hyderabad,942207,21-08-2029,2,42761,5.0,25.5,9722.0,0
1695,Airtel,F,57,Jharkhand,Hyderabad,118956,22-08-2029,1,79885,45.0,31.0,4414.0,0
1696,Reliance Jio,F,24,Arunachal Pradesh,Bangalore,593497,23-08-2029,4,49210,11.0,17.0,3819.0,1
1697,Reliance Jio,M,70,Madhya Pradesh,Bangalore,373263,24-08-2029,2,27939,30.0,46.0,7218.0,1
1698,Reliance Jio,F,40,Madhya Pradesh,Bangalore,882257,25-08-2029,1,66344,14.0,33.0,2048.0,0
1699,Airtel,F,45,Telangana,Bangalore,680588,26-08-2029,4,79977,91.0,11.0,6524.0,0
1700,Reliance Jio,M,70,Haryana,Chennai,513664,27-08-2029,0,58937,45.0,4.0,7922.0,0
1701,Vodafone,F,35,Kerala,Hyderabad,796801,28-08-2029,0,20680,99.0,18.0,1665.0,1
1702,Vodafone,M,55,Jharkhand,Bangalore,330604,29-08-2029,4,70219,78.0,24.0,2678.0,0
1703,Vodafone,M,36,Bihar,Mumbai,283556,30-08-2029,2,49644,78.0,37.0,8455.0,0
1704,Vodafone,M,38,Bihar,Delhi,988583,31-08-2029,0,120963,91.0,12.0,4931.0,0
1705,BSNL,M,73,Bihar,Chennai,104591,01-09-2029,4,23960,65.0,37.0,7831.0,0
1706,Airtel,M,34,Assam,Hyderabad,755010,02-09-2029,1,55788,10.0,34.0,5049.0,0
1707,Reliance Jio,M,47,Goa,Kolkata,818848,03-09-2029,0,103621,94.0,40.0,105.0,0
1708,Airtel,M,59,Kerala,Chennai,888553,04-09-2029,3,100463,39.0,44.0,7020.0,0
1709,Airtel,M,59,Jharkhand,Delhi,871469,05-09-2029,3,148308,44.0,38.0,8344.0,0
1710,Airtel,M,71,Punjab,Delhi,871245,06-09-2029,2,101996,50.0,20.0,1543.0,0
1711,Vodafone,F,34,Kerala,Kolkata,243469,07-09-2029,3,94609,43.0,33.0,3044.0,0
1712,Airtel,M,30,West Bengal,Mumbai,874468,08-09-2029,1,20974,86.0,7.0,4307.0,0
1713,Reliance Jio,M,25,Arunachal Pradesh,Chennai,773162,09-09-2029,0,32637,32.0,11.0,1229.0,0
1714,Airtel,F,51,Karnataka,Bangalore,530365,10-09-2029,4,41512,36.0,14.0,4015.0,0
1715,Reliance Jio,F,66,Manipur,Hyderabad,622434,11-09-2029,4,81772,59.0,29.0,3782.0,1
1716,Reliance Jio,M,74,Maharashtra,Mumbai,857689,12-09-2029,1,72225,29.0,22.0,8994.0,0
1717,Vodafone,F,42,Punjab,Delhi,547956,13-09-2029,0,50336,1.0,31.0,7031.0,0
1718,Vodafone,F,50,Tamil Nadu,Chennai,893360,14-09-2029,3,146327,59.0,30.0,6042.0,0
1719,Vodafone,F,67,Sikkim,Chennai,887447,15-09-2029,4,64890,81.0,31.0,3833.0,0
1720,Airtel,M,31,Maharashtra,Bangalore,336151,16-09-2029,3,98391,9.0,2.0,55.0,0
1721,BSNL,M,37,Meghalaya,Hyderabad,532437,17-09-2029,3,35474,37.0,42.0,5486.0,0
1722,Reliance Jio,M,52,Rajasthan,Kolkata,834988,18-09-2029,1,88896,58.0,25.5,408.0,1
1723,Reliance Jio,M,28,Chhattisgarh,Hyderabad,455737,19-09-2029,2,129378,56.0,40.0,7012.0,0
1724,BSNL,M,44,Odisha,Hyderabad,122791,20-09-2029,3,141540,43.0,13.0,1013.0,0
1725,Airtel,M,67,Haryana,Mumbai,869024,21-09-2029,4,22516,73.0,34.0,2954.0,1
1726,Airtel,M,38,Telangana,Bangalore,811253,22-09-2029,4,146140,22.0,32.0,8527.0,0
1727,Reliance Jio,F,18,Karnataka,Bangalore,568503,23-09-2029,1,48629,50.0,30.0,4489.0,0
1728,Vodafone,M,19,Nagaland,Kolkata,807769,24-09-2029,2,144792,55.0,35.0,29.0,0
1729,Vodafone,M,33,Telangana,Mumbai,453821,25-09-2029,0,141288,25.0,41.0,3411.0,1
1730,Airtel,F,61,Mizoram,Delhi,121091,26-09-2029,0,25944,19.0,32.0,7224.0,0
1731,Vodafone,F,37,Uttar Pradesh,Hyderabad,737817,27-09-2029,1,138702,39.0,30.0,482.0,1
1732,Vodafone,F,59,Arunachal Pradesh,Kolkata,739368,28-09-2029,0,59230,89.0,10.0,4495.0,1
1733,Vodafone,M,45,Chhattisgarh,Kolkata,114923,29-09-2029,2,45289,48.0,10.0,8354.0,0
1734,Vodafone,M,55,Goa,Kolkata,618935,30-09-2029,4,73917,87.0,33.0,355.0,0
1735,Airtel,F,27,Gujarat,Delhi,104244,01-10-2029,2,109879,69.0,36.0,1742.0,0
1736,BSNL,M,65,Madhya Pradesh,Kolkata,670357,02-10-2029,2,86540,50.0,3.0,1993.0,1
1737,Airtel,F,48,Gujarat,Mumbai,464629,03-10-2029,3,117908,41.0,12.0,7582.0,0
1738,Vodafone,M,55,Uttar Pradesh,Chennai,117044,04-10-2029,1,21310,7.0,10.0,2191.0,1
1739,Reliance Jio,F,23,Meghalaya,Hyderabad,724248,05-10-2029,4,80778,85.0,41.0,9843.0,0
1740,BSNL,M,48,Assam,Chennai,621808,06-10-2029,0,81491,48.0,4.0,2701.0,0
1741,BSNL,M,48,Meghalaya,Chennai,964694,07-10-2029,2,59229,60.0,21.0,8189.0,0
1742,Airtel,M,69,Goa,Chennai,401050,08-10-2029,3,53423,29.0,22.0,8163.0,0
1743,Airtel,M,33,Nagaland,Mumbai,168085,09-10-2029,2,103559,86.0,28.0,8956.0,0
1744,Vodafone,F,21,Nagaland,Chennai,286634,10-10-2029,0,74607,14.0,10.0,9614.0,0
1745,Airtel,M,53,Maharashtra,Chennai,358200,11-10-2029,0,105087,65.0,23.0,8297.0,0
1746,Vodafone,M,73,Himachal Pradesh,Bangalore,184159,12-10-2029,4,23380,84.0,30.0,10508.0,0
1747,BSNL,F,56,Karnataka,Delhi,939161,13-10-2029,2,67840,85.0,23.0,9108.0,0
1748,BSNL,M,42,Manipur,Bangalore,791264,14-10-2029,0,123689,15.0,35.0,9555.0,0
1749,Reliance Jio,F,37,Arunachal Pradesh,Hyderabad,705013,15-10-2029,1,86745,50.0,25.5,582.0,0
1750,Vodafone,M,23,Sikkim,Chennai,701202,16-10-2029,2,109985,91.0,45.0,9361.0,0
1751,Airtel,M,41,Chhattisgarh,Mumbai,712546,17-10-2029,3,86563,30.0,39.0,2101.0,0
1752,BSNL,M,41,Haryana,Hyderabad,795096,18-10-2029,0,69228,50.0,49.0,3316.0,0
1753,Airtel,M,49,Tripura,Bangalore,770683,19-10-2029,4,43120,11.0,15.0,92.0,0
1754,Airtel,M,59,Haryana,Mumbai,530754,20-10-2029,1,62747,38.0,7.0,5067.0,0
1755,Vodafone,M,23,Uttarakhand,Chennai,260096,21-10-2029,4,50376,66.0,17.0,315.0,0
1756,BSNL,M,28,Assam,Bangalore,775860,22-10-2029,4,70549,62.0,25.5,9050.0,0
1757,Reliance Jio,M,47,Himachal Pradesh,Hyderabad,254903,23-10-2029,3,132524,90.0,21.0,9694.0,0
1758,Airtel,M,45,Goa,Kolkata,191368,24-10-2029,4,98701,18.0,51.0,9349.0,0
1759,Reliance Jio,M,34,Jharkhand,Mumbai,409610,25-10-2029,3,22416,69.0,31.0,2207.0,0
1760,Airtel,F,55,Himachal Pradesh,Bangalore,449657,26-10-2029,1,102586,101.0,35.0,5779.0,0
1761,Airtel,F,24,Punjab,Bangalore,122225,27-10-2029,3,50216,65.0,39.0,1896.0,0
1762,Airtel,M,69,Bihar,Delhi,833124,28-10-2029,2,44649,74.0,25.5,7248.0,0
1763,Airtel,M,66,Tripura,Bangalore,907853,29-10-2029,3,60360,45.0,38.0,6081.0,0
1764,Reliance Jio,M,27,Himachal Pradesh,Mumbai,957239,30-10-2029,1,147541,7.0,12.0,3810.0,0
1765,Reliance Jio,F,47,Chhattisgarh,Kolkata,345288,31-10-2029,3,97639,87.0,44.0,8622.0,0
1766,BSNL,F,33,Telangana,Hyderabad,193990,01-11-2029,4,141685,72.0,39.0,2730.0,0
1767,Reliance Jio,M,64,Chhattisgarh,Bangalore,992828,02-11-2029,3,84943,9.0,42.0,8721.0,0
1768,BSNL,M,60,Uttarakhand,Bangalore,442950,03-11-2029,3,103438,78.0,20.0,9340.0,0
1769,Reliance Jio,F,60,Rajasthan,Hyderabad,337452,04-11-2029,0,72495,86.0,6.0,7342.0,0
1770,Airtel,M,63,Haryana,Hyderabad,932707,05-11-2029,0,52683,18.0,10.0,3069.0,0
1771,BSNL,M,63,West Bengal,Hyderabad,493033,06-11-2029,3,120788,21.0,21.0,8316.0,0
1772,Airtel,M,29,Arunachal Pradesh,Chennai,318107,07-11-2029,2,66061,54.0,1.0,8176.0,0
1773,BSNL,F,38,Mizoram,Kolkata,783116,08-11-2029,3,98314,37.0,43.0,4711.0,0
1774,Airtel,F,56,Manipur,Bangalore,267012,09-11-2029,3,20914,39.0,37.0,5375.0,1
1775,BSNL,M,43,Manipur,Bangalore,914231,10-11-2029,2,127619,70.0,9.0,4347.0,1
1776,BSNL,M,63,Tripura,Hyderabad,808465,11-11-2029,3,100631,97.0,9.0,3451.0,0
1777,Airtel,M,59,Gujarat,Mumbai,816994,12-11-2029,0,63047,0.0,39.0,7111.0,0
1778,Reliance Jio,M,70,Telangana,Mumbai,548899,13-11-2029,1,92695,78.0,39.0,1579.0,0
1779,Reliance Jio,F,69,Haryana,Delhi,853499,14-11-2029,4,52815,50.0,28.0,5049.0,1
1780,BSNL,F,70,Tripura,Kolkata,129697,15-11-2029,4,137267,50.0,37.0,8207.0,0
1781,Reliance Jio,M,35,Tripura,Kolkata,215358,16-11-2029,1,78588,51.0,48.0,1481.0,0
1782,BSNL,M,38,Bihar,Hyderabad,680466,17-11-2029,2,141130,61.0,21.0,6765.0,0
1783,Reliance Jio,F,47,Telangana,Chennai,600429,18-11-2029,2,108081,92.0,43.0,3043.0,0
1784,Vodafone,M,20,Uttar Pradesh,Bangalore,181302,19-11-2029,1,90461,14.0,53.0,9163.0,1
1785,Airtel,M,21,Bihar,Chennai,159508,20-11-2029,1,78578,10.0,10.0,10487.0,0
1786,Reliance Jio,F,36,Tamil Nadu,Bangalore,324069,21-11-2029,4,34574,11.0,2.0,924.0,1
1787,Airtel,F,23,Rajasthan,Hyderabad,737677,22-11-2029,2,108425,90.0,23.0,1619.0,0
1788,Airtel,M,73,Uttar Pradesh,Mumbai,237287,23-11-2029,2,80209,81.0,25.5,9015.0,0
1789,Vodafone,M,29,Jharkhand,Kolkata,241572,24-11-2029,2,42210,0.0,12.0,914.0,0
1790,Vodafone,M,18,Haryana,Chennai,826927,25-11-2029,4,38185,85.0,10.0,10093.0,0
1791,BSNL,F,47,Haryana,Chennai,415120,26-11-2029,4,31500,79.0,49.0,5107.0,0
1792,BSNL,F,66,Sikkim,Bangalore,769115,27-11-2029,0,130690,54.0,30.0,6811.0,1
1793,Reliance Jio,M,29,Jharkhand,Mumbai,165685,28-11-2029,1,120981,28.0,50.0,8954.0,0
1794,Reliance Jio,M,74,Gujarat,Delhi,742367,29-11-2029,1,28234,60.0,15.0,405.0,0
1795,Airtel,M,37,Odisha,Delhi,159796,30-11-2029,0,34446,47.0,14.0,1248.0,0
1796,Reliance Jio,M,42,Himachal Pradesh,Kolkata,628995,01-12-2029,4,138760,8.0,38.0,3850.0,0
1797,Airtel,M,58,Tamil Nadu,Mumbai,557988,02-12-2029,2,73778,50.0,37.0,3913.0,0
1798,BSNL,M,35,Rajasthan,Bangalore,972880,03-12-2029,0,33292,51.0,52.0,5049.0,0
1799,Vodafone,F,31,Meghalaya,Kolkata,195785,04-12-2029,0,93279,48.0,44.0,131.0,1
1800,Airtel,M,31,Uttar Pradesh,Delhi,661841,05-12-2029,4,24379,4.0,9.0,8864.0,0
1801,Vodafone,M,64,West Bengal,Delhi,457822,06-12-2029,4,135259,41.0,41.0,1217.0,1
1802,Reliance Jio,M,36,Jharkhand,Bangalore,110043,07-12-2029,3,89028,88.0,36.0,8333.0,1
1803,Vodafone,M,18,West Bengal,Bangalore,333067,08-12-2029,0,127134,0.0,26.0,7384.0,0
1804,Reliance Jio,F,27,Sikkim,Delhi,138406,09-12-2029,3,136562,85.0,8.0,7544.0,0
1805,Vodafone,M,28,Manipur,Hyderabad,712895,10-12-2029,4,104141,80.0,23.0,4963.0,0
1806,BSNL,F,25,Karnataka,Hyderabad,316078,11-12-2029,4,28337,76.0,41.0,1505.0,0
1807,BSNL,F,63,Nagaland,Chennai,235414,12-12-2029,0,130655,92.0,44.0,7402.0,0
1808,Vodafone,M,26,Andhra Pradesh,Kolkata,136810,13-12-2029,2,47992,24.0,36.0,2072.0,0
1809,BSNL,F,33,Arunachal Pradesh,Mumbai,431850,14-12-2029,1,82545,56.0,38.0,10405.0,0
1810,Reliance Jio,M,73,Haryana,Bangalore,200807,15-12-2029,0,116094,69.0,30.0,8674.0,0
1811,Airtel,F,71,Nagaland,Chennai,967256,16-12-2029,2,116175,58.0,12.0,5137.0,0
1812,Airtel,M,35,Kerala,Kolkata,166666,17-12-2029,0,107317,12.0,8.0,4122.0,0
1813,Airtel,F,32,Haryana,Delhi,161521,18-12-2029,0,48517,45.0,34.0,8640.0,0
1814,Reliance Jio,F,74,Rajasthan,Mumbai,638954,19-12-2029,2,56587,38.0,45.0,1525.0,1
1815,Reliance Jio,M,30,West Bengal,Hyderabad,986935,20-12-2029,1,34063,59.0,41.0,5241.0,0
1816,Airtel,F,27,Telangana,Delhi,209162,21-12-2029,1,85810,44.0,25.5,2556.0,0
1817,Vodafone,M,22,Telangana,Delhi,519665,22-12-2029,2,58937,41.0,12.0,8628.0,0
1818,Reliance Jio,F,28,Haryana,Hyderabad,448649,23-12-2029,4,65093,32.0,25.5,4147.0,0
1819,Reliance Jio,F,51,Meghalaya,Delhi,957505,24-12-2029,2,96708,46.0,16.0,5049.0,0
1820,Vodafone,M,22,Kerala,Bangalore,292124,25-12-2029,1,40874,19.0,1.0,1343.0,0
1821,Airtel,M,51,Sikkim,Mumbai,909925,26-12-2029,1,76994,88.0,29.0,6922.0,0
1822,BSNL,F,33,Assam,Mumbai,280183,27-12-2029,0,115406,17.0,9.0,1991.0,0
1823,Reliance Jio,M,66,Telangana,Kolkata,548218,28-12-2029,3,66415,96.0,40.0,7839.0,0
1824,Airtel,M,25,Chhattisgarh,Mumbai,359098,29-12-2029,2,38273,36.0,31.0,8536.0,0
1825,Airtel,F,56,Manipur,Hyderabad,504334,30-12-2029,1,49247,50.0,31.0,6168.0,1
1826,Reliance Jio,M,62,Chhattisgarh,Hyderabad,679949,31-12-2029,0,95429,13.0,18.0,6222.0,0
1827,BSNL,M,53,Uttar Pradesh,Delhi,754346,01-01-2030,3,132288,50.0,20.0,1269.0,0
1828,Vodafone,M,71,Bihar,Bangalore,864160,02-01-2030,2,47816,81.0,13.0,10265.0,0
1829,Reliance Jio,M,52,Karnataka,Chennai,802155,03-01-2030,2,45831,43.0,17.0,9043.0,1
1830,Vodafone,F,58,West Bengal,Kolkata,880212,04-01-2030,0,106257,19.0,26.0,8382.0,1
1831,BSNL,M,52,Kerala,Kolkata,248119,05-01-2030,3,96100,74.0,20.0,1082.0,1
1832,BSNL,F,68,Maharashtra,Hyderabad,658164,06-01-2030,3,21612,28.0,27.0,7981.0,1
1833,Vodafone,F,53,Telangana,Chennai,389423,07-01-2030,3,103469,79.0,42.0,1822.0,0
1834,Airtel,F,28,Uttarakhand,Chennai,137052,08-01-2030,0,149083,99.0,18.0,2818.0,0
1835,Airtel,F,66,Sikkim,Mumbai,747805,09-01-2030,2,141170,21.0,27.0,8029.0,0
1836,Airtel,M,43,Bihar,Bangalore,294722,10-01-2030,1,135675,84.0,25.0,5630.0,0
1837,Airtel,M,25,Rajasthan,Bangalore,827372,11-01-2030,1,125909,83.0,29.0,3597.0,1
1838,Airtel,F,20,Chhattisgarh,Bangalore,390375,12-01-2030,0,120501,65.0,43.0,2389.0,1
1839,Reliance Jio,F,41,Tamil Nadu,Mumbai,229584,13-01-2030,2,93119,16.0,13.0,6296.0,0
1840,Airtel,F,70,Chhattisgarh,Kolkata,118529,14-01-2030,4,40358,95.0,44.0,3045.0,0
1841,Airtel,F,37,Manipur,Kolkata,508585,15-01-2030,0,24617,65.0,32.0,6392.0,0
1842,Vodafone,M,35,Punjab,Kolkata,130072,16-01-2030,0,125916,20.0,30.0,6245.0,1
1843,Vodafone,F,31,Assam,Bangalore,586794,17-01-2030,0,66393,23.0,25.5,6896.0,0
1844,Airtel,F,36,Goa,Mumbai,372177,18-01-2030,2,39071,63.0,36.0,7530.0,0
1845,Vodafone,F,53,Assam,Chennai,137741,19-01-2030,2,46324,38.0,38.0,4232.0,0
1846,Airtel,M,70,Bihar,Mumbai,871979,20-01-2030,0,108903,83.0,14.0,7610.0,0
1847,Airtel,M,18,Meghalaya,Kolkata,622479,21-01-2030,2,110486,47.0,30.0,3123.0,0
1848,BSNL,F,35,Haryana,Bangalore,437026,22-01-2030,3,97701,68.0,31.0,3295.0,0
1849,Vodafone,F,70,Tamil Nadu,Delhi,170609,23-01-2030,0,119220,5.0,27.0,1951.0,0
1850,BSNL,M,40,Himachal Pradesh,Mumbai,232636,24-01-2030,1,50406,106.0,3.0,6170.0,1
1851,Reliance Jio,M,19,Tamil Nadu,Kolkata,722391,25-01-2030,3,34816,33.0,31.0,4611.0,0
1852,Vodafone,M,52,Uttar Pradesh,Mumbai,150523,26-01-2030,2,112504,83.0,34.0,7940.0,0
1853,BSNL,M,36,Haryana,Hyderabad,957470,27-01-2030,0,80020,51.0,0.0,3688.0,0
1854,BSNL,M,36,Madhya Pradesh,Chennai,327509,28-01-2030,2,77483,21.0,28.0,7470.0,1
1855,Airtel,F,38,Himachal Pradesh,Chennai,680961,29-01-2030,2,111016,52.0,31.0,2924.0,1
1856,Vodafone,M,51,Uttarakhand,Bangalore,548427,30-01-2030,0,41811,41.0,41.0,4672.0,0
1857,Vodafone,M,39,Gujarat,Bangalore,361826,31-01-2030,2,116274,77.0,44.0,2903.0,0
1858,BSNL,M,55,Madhya Pradesh,Bangalore,401829,01-02-2030,3,26123,37.0,32.0,365.0,0
1859,Vodafone,F,42,Meghalaya,Chennai,675461,02-02-2030,2,116800,60.0,46.0,3277.0,0
1860,BSNL,M,38,Assam,Chennai,476712,03-02-2030,0,47743,105.0,27.0,6246.0,1
1861,Reliance Jio,M,28,Andhra Pradesh,Delhi,358840,04-02-2030,2,47276,83.0,12.0,7359.0,0
1862,Reliance Jio,F,18,Jharkhand,Hyderabad,390257,05-02-2030,0,36901,24.0,28.0,10301.0,0
1863,BSNL,F,37,Uttar Pradesh,Bangalore,261787,06-02-2030,2,113286,74.0,6.0,3797.0,0
1864,BSNL,F,30,Goa,Bangalore,928807,07-02-2030,3,33820,39.0,46.0,4114.0,0
1865,Vodafone,M,73,Nagaland,Hyderabad,461645,08-02-2030,1,113637,91.0,30.0,3956.0,0
1866,Airtel,M,21,Karnataka,Bangalore,696953,09-02-2030,4,71362,52.0,47.0,5049.0,0
1867,Airtel,M,74,Gujarat,Hyderabad,662726,10-02-2030,0,138991,22.0,16.0,7972.0,0
1868,Airtel,F,51,Madhya Pradesh,Bangalore,825431,11-02-2030,1,50693,88.0,29.0,3465.0,0
1869,Airtel,M,58,Tripura,Hyderabad,543221,12-02-2030,1,32959,36.0,25.0,6660.0,0
1870,Airtel,M,54,Madhya Pradesh,Mumbai,219837,13-02-2030,0,96935,101.0,28.0,1211.0,0
1871,BSNL,F,44,Nagaland,Chennai,675985,14-02-2030,4,147656,79.0,4.0,1831.0,0
1872,Airtel,M,69,Uttarakhand,Delhi,214281,15-02-2030,3,72349,108.0,25.0,5509.0,0
1873,BSNL,M,45,Himachal Pradesh,Mumbai,752135,16-02-2030,0,112174,40.0,32.0,4922.0,1
1874,Reliance Jio,M,56,Uttarakhand,Delhi,384849,17-02-2030,1,117980,86.0,1.0,7675.0,0
1875,Vodafone,F,30,Telangana,Hyderabad,305907,18-02-2030,3,147457,54.0,48.0,1486.0,0
1876,Vodafone,F,74,Sikkim,Chennai,737082,19-02-2030,2,113074,38.0,42.0,894.0,0
1877,BSNL,M,59,Bihar,Mumbai,742064,20-02-2030,3,72573,75.0,18.0,1877.0,1
1878,Vodafone,M,44,Rajasthan,Kolkata,282237,21-02-2030,0,40094,90.0,10.0,662.0,0
1879,Airtel,M,20,Odisha,Delhi,932582,22-02-2030,0,102745,26.0,12.0,10425.0,0
1880,Reliance Jio,M,40,Andhra Pradesh,Bangalore,526507,23-02-2030,4,57398,86.0,39.0,128.0,1
1881,BSNL,F,70,Goa,Mumbai,466712,24-02-2030,2,57616,29.0,25.5,8516.0,0
1882,Airtel,M,46,West Bengal,Hyderabad,881263,25-02-2030,1,122503,89.0,41.0,6416.0,0
1883,Reliance Jio,F,48,Maharashtra,Delhi,911679,26-02-2030,1,39107,3.0,39.0,5049.0,0
1884,Vodafone,M,68,Meghalaya,Hyderabad,538044,27-02-2030,3,46274,68.0,9.0,7764.0,0
1885,Airtel,M,22,Karnataka,Chennai,616680,28-02-2030,2,103869,82.0,21.0,2145.0,1
1886,BSNL,M,18,Himachal Pradesh,Delhi,118931,01-03-2030,1,32280,4.0,26.0,1591.0,0
1887,BSNL,M,42,Meghalaya,Kolkata,909495,02-03-2030,4,86508,39.0,11.0,4738.0,0
1888,Reliance Jio,F,21,Jharkhand,Kolkata,804960,03-03-2030,0,75449,50.0,19.0,7250.0,0
1889,BSNL,M,24,Telangana,Delhi,253218,04-03-2030,3,89739,31.0,26.0,8200.0,0
1890,BSNL,M,47,Haryana,Bangalore,408950,05-03-2030,4,45528,75.0,25.0,7079.0,0
1891,Vodafone,F,71,Madhya Pradesh,Chennai,521555,06-03-2030,0,102871,24.0,21.0,786.0,0
1892,BSNL,F,72,Punjab,Bangalore,481172,07-03-2030,2,53394,57.0,29.0,9108.0,1
1893,BSNL,F,38,Sikkim,Hyderabad,207437,08-03-2030,3,47717,86.0,38.0,5277.0,0
1894,BSNL,M,54,Maharashtra,Chennai,739112,09-03-2030,2,48833,47.0,15.0,377.0,0
1895,BSNL,F,35,Meghalaya,Bangalore,366153,10-03-2030,2,112654,66.0,0.0,3173.0,0
1896,Vodafone,F,22,Tripura,Delhi,563386,11-03-2030,4,80792,2.0,49.0,5158.0,0
1897,Reliance Jio,M,47,Gujarat,Bangalore,565016,12-03-2030,2,131268,23.0,16.0,8355.0,0
1898,Reliance Jio,M,68,Andhra Pradesh,Bangalore,141364,13-03-2030,3,86050,78.0,43.0,1517.0,0
1899,Vodafone,F,56,Nagaland,Hyderabad,632665,14-03-2030,2,21390,31.0,16.0,128.0,1
1900,Airtel,F,51,Bihar,Chennai,742243,15-03-2030,2,141815,51.0,27.0,10138.0,0
1901,Reliance Jio,M,45,Himachal Pradesh,Hyderabad,653606,16-03-2030,1,28958,71.0,25.5,9392.0,0
1902,BSNL,F,60,Tamil Nadu,Mumbai,754045,17-03-2030,1,91464,68.0,34.0,10.0,0
1903,Reliance Jio,M,65,Kerala,Hyderabad,675037,18-03-2030,0,32208,43.0,5.0,3501.0,0
1904,BSNL,M,71,Nagaland,Bangalore,264402,19-03-2030,0,26018,58.0,30.0,3924.0,0
1905,Reliance Jio,M,48,Manipur,Hyderabad,316475,20-03-2030,2,120689,57.0,44.0,8993.0,0
1906,Vodafone,F,50,Madhya Pradesh,Mumbai,783292,21-03-2030,4,22815,40.0,42.0,8272.0,0
1907,Reliance Jio,F,27,Tripura,Hyderabad,147168,22-03-2030,2,104200,45.0,3.0,5939.0,0
1908,Reliance Jio,M,28,Uttar Pradesh,Chennai,708434,23-03-2030,0,43082,16.0,32.0,7501.0,0
1909,Vodafone,F,69,Uttar Pradesh,Kolkata,412774,24-03-2030,1,56862,41.0,30.0,4874.0,0
1910,Airtel,M,45,Telangana,Chennai,991807,25-03-2030,4,110129,91.0,44.0,8163.0,1
1911,Vodafone,F,45,Jharkhand,Hyderabad,395071,26-03-2030,1,145180,54.0,10.0,2303.0,1
1912,Vodafone,F,28,Uttarakhand,Mumbai,167134,27-03-2030,0,88858,82.0,44.0,4951.0,0
1913,Vodafone,M,26,Sikkim,Delhi,934819,28-03-2030,0,82040,45.0,1.0,6660.0,1
1914,Reliance Jio,M,61,Himachal Pradesh,Bangalore,651649,29-03-2030,3,129554,71.0,38.0,755.0,0
1915,Reliance Jio,F,53,Arunachal Pradesh,Kolkata,373184,30-03-2030,3,56172,28.0,38.0,4506.0,0
1916,Airtel,M,39,Arunachal Pradesh,Mumbai,154920,31-03-2030,1,86599,68.0,37.0,2916.0,0
1917,BSNL,M,53,Andhra Pradesh,Chennai,380461,01-04-2030,3,144266,50.0,17.0,8939.0,0
1918,Reliance Jio,F,68,Maharashtra,Chennai,835812,02-04-2030,0,121470,28.0,15.0,5302.0,0
1919,Airtel,F,25,Sikkim,Chennai,574253,03-04-2030,2,83998,16.0,8.0,6071.0,0
1920,Reliance Jio,M,18,Tamil Nadu,Hyderabad,476266,04-04-2030,1,44499,13.0,46.0,9355.0,0
1921,Vodafone,M,25,Punjab,Bangalore,167127,05-04-2030,1,79685,35.0,1.0,6654.0,0
1922,Reliance Jio,M,49,Telangana,Mumbai,831507,06-04-2030,1,92683,9.0,28.0,4840.0,0
1923,Reliance Jio,M,56,Arunachal Pradesh,Hyderabad,284578,07-04-2030,2,140105,85.0,11.0,1715.0,0
1924,Airtel,M,24,Madhya Pradesh,Delhi,219751,08-04-2030,3,70218,87.0,35.0,5307.0,0
1925,BSNL,F,61,Tripura,Hyderabad,575259,09-04-2030,3,55337,54.0,48.0,9123.0,1
1926,Vodafone,M,73,Tripura,Mumbai,911966,10-04-2030,2,26301,104.0,5.0,1731.0,0
1927,BSNL,F,73,Tripura,Chennai,419493,11-04-2030,2,25197,60.0,25.5,5319.0,0
1928,Vodafone,F,70,Nagaland,Mumbai,809048,12-04-2030,3,104916,35.0,46.0,3839.0,0
1929,Vodafone,M,57,Kerala,Kolkata,430529,13-04-2030,0,68033,51.0,16.0,3379.0,0
1930,Airtel,M,43,Odisha,Bangalore,446707,14-04-2030,3,84130,29.0,17.0,2253.0,1
1931,Vodafone,F,21,Odisha,Mumbai,416561,15-04-2030,4,81209,20.0,40.0,5410.0,0
1932,BSNL,F,19,Telangana,Hyderabad,100759,16-04-2030,3,55624,60.0,15.0,7122.0,0
1933,Airtel,M,39,Maharashtra,Mumbai,803897,17-04-2030,4,38804,79.0,22.0,8679.0,0
1934,Vodafone,F,40,Gujarat,Chennai,337469,18-04-2030,1,70946,73.0,20.0,705.0,0
1935,Vodafone,M,50,Sikkim,Hyderabad,423837,19-04-2030,0,80414,6.0,42.0,5995.0,0
1936,Vodafone,M,73,Mizoram,Bangalore,988587,20-04-2030,2,99327,99.0,5.0,4445.0,0
1937,Vodafone,M,20,Odisha,Delhi,918122,21-04-2030,2,64490,81.0,32.0,4252.0,0
1938,Vodafone,M,69,Tamil Nadu,Mumbai,868565,22-04-2030,4,71845,29.0,6.0,1804.0,0
1939,Airtel,M,27,Jharkhand,Chennai,475724,23-04-2030,1,83902,25.0,14.0,8292.0,0
1940,BSNL,F,43,Punjab,Bangalore,311597,24-04-2030,3,115919,38.0,52.0,7173.0,1
1941,Airtel,F,26,Haryana,Kolkata,224344,25-04-2030,1,116168,90.0,48.0,7715.0,0
1942,Vodafone,M,28,Tripura,Mumbai,471290,26-04-2030,3,110814,50.0,3.0,878.0,0
1943,BSNL,M,30,Jharkhand,Bangalore,928539,27-04-2030,3,144501,96.0,34.0,6042.0,0
1944,Airtel,F,26,Tripura,Chennai,468939,28-04-2030,1,130018,2.0,1.0,6499.0,0
1945,Vodafone,F,64,Goa,Chennai,929345,29-04-2030,2,64876,52.0,42.0,7836.0,0
1946,BSNL,M,66,Arunachal Pradesh,Mumbai,214388,30-04-2030,4,51353,46.0,12.0,6546.0,0
1947,Vodafone,F,66,Assam,Kolkata,516757,01-05-2030,3,65285,70.0,48.0,9140.0,0
1948,Reliance Jio,M,74,Andhra Pradesh,Hyderabad,155793,02-05-2030,4,32582,38.0,17.0,4957.0,0
1949,Vodafone,M,31,Sikkim,Delhi,615786,03-05-2030,2,123297,50.0,39.0,1995.0,0
1950,BSNL,M,36,Uttar Pradesh,Delhi,313025,04-05-2030,1,62169,28.0,35.0,10648.0,1
1951,Vodafone,M,46,West Bengal,Bangalore,984848,05-05-2030,3,69211,64.0,17.0,10225.0,0
1952,BSNL,F,19,Tripura,Delhi,404057,06-05-2030,1,64656,10.0,9.0,7911.0,1
1953,BSNL,F,73,Rajasthan,Delhi,675816,07-05-2030,2,44639,60.0,18.0,7504.0,0
1954,BSNL,M,48,Uttarakhand,Hyderabad,676979,08-05-2030,0,30360,71.0,9.0,6466.0,0
1955,Vodafone,M,56,Madhya Pradesh,Hyderabad,969302,09-05-2030,2,129797,27.0,16.0,6148.0,0
1956,Vodafone,F,63,Andhra Pradesh,Bangalore,534314,10-05-2030,1,70706,56.0,45.0,8481.0,0
1957,Reliance Jio,F,44,Telangana,Chennai,876585,11-05-2030,3,51568,55.0,13.0,10566.0,0
1958,Vodafone,M,22,Arunachal Pradesh,Kolkata,609595,12-05-2030,1,64667,79.0,18.0,3679.0,1
1959,Vodafone,F,33,Jharkhand,Mumbai,705213,13-05-2030,3,137576,73.0,4.0,2162.0,0
1960,Reliance Jio,F,47,Haryana,Kolkata,472988,14-05-2030,2,76701,90.0,22.0,7381.0,1
1961,Airtel,F,49,Goa,Delhi,563034,15-05-2030,3,77004,22.0,28.0,8535.0,0
1962,BSNL,F,20,Tamil Nadu,Kolkata,932522,16-05-2030,0,89342,83.0,15.0,6705.0,0
1963,BSNL,M,30,Uttarakhand,Kolkata,332570,17-05-2030,0,105619,55.0,49.0,3282.0,0
1964,Vodafone,M,71,Arunachal Pradesh,Chennai,465888,18-05-2030,1,50871,19.0,20.0,3414.0,0
1965,Vodafone,M,41,Maharashtra,Mumbai,682263,19-05-2030,4,93860,59.0,10.0,6732.0,0
1966,Airtel,M,44,Madhya Pradesh,Bangalore,791360,20-05-2030,2,148772,4.0,3.0,4717.0,0
1967,BSNL,F,39,Punjab,Kolkata,334209,21-05-2030,0,106354,7.0,28.0,8199.0,0
1968,Reliance Jio,F,71,Mizoram,Delhi,355988,22-05-2030,1,61670,10.0,35.0,7396.0,0
1969,Reliance Jio,F,69,Sikkim,Hyderabad,804554,23-05-2030,3,94543,16.0,19.0,1829.0,1
1970,BSNL,F,34,Telangana,Hyderabad,302141,24-05-2030,3,142687,30.0,15.0,7487.0,0
1971,Reliance Jio,M,65,Manipur,Chennai,417062,25-05-2030,0,50815,60.0,51.0,1129.0,0
1972,Vodafone,F,20,Sikkim,Mumbai,918326,26-05-2030,0,135674,84.0,14.0,484.0,0
1973,BSNL,M,63,Himachal Pradesh,Chennai,556970,27-05-2030,1,100825,51.0,30.0,9713.0,1
1974,Reliance Jio,F,73,Uttar Pradesh,Chennai,577363,28-05-2030,4,139149,57.0,41.0,8865.0,0
1975,Airtel,F,38,Manipur,Mumbai,152524,29-05-2030,3,62604,12.0,29.0,3136.0,0
1976,Airtel,F,51,Assam,Kolkata,697557,30-05-2030,3,96281,52.0,16.0,8894.0,0
1977,BSNL,M,52,Uttar Pradesh,Kolkata,989787,31-05-2030,4,148649,67.0,19.0,8431.0,0
1978,BSNL,M,61,Kerala,Hyderabad,281572,01-06-2030,2,120004,61.0,25.5,4036.0,0
1979,BSNL,F,32,Himachal Pradesh,Chennai,917706,02-06-2030,2,108181,36.0,44.0,928.0,0
1980,Vodafone,M,35,Maharashtra,Kolkata,937880,03-06-2030,3,23918,62.0,14.0,6708.0,0
1981,Vodafone,M,35,Karnataka,Hyderabad,946460,04-06-2030,0,60908,41.0,29.0,8806.0,0
1982,Vodafone,F,23,Telangana,Delhi,156621,05-06-2030,4,62924,50.0,23.0,8988.0,0
1983,Vodafone,F,58,Sikkim,Mumbai,880509,06-06-2030,0,118698,9.0,40.0,4992.0,0
1984,Airtel,M,60,Bihar,Delhi,469908,07-06-2030,2,77272,38.0,38.0,991.0,0
1985,BSNL,F,37,Uttar Pradesh,Kolkata,878220,08-06-2030,1,30992,14.0,46.0,4322.0,1
1986,Reliance Jio,M,29,Tamil Nadu,Hyderabad,351332,09-06-2030,2,127276,61.0,7.0,2951.0,0
1987,Vodafone,M,34,West Bengal,Kolkata,831462,10-06-2030,2,103621,8.0,5.0,200.0,0
1988,Vodafone,F,70,Uttar Pradesh,Kolkata,792550,11-06-2030,0,114345,18.0,7.0,7835.0,0
1989,Reliance Jio,M,64,Sikkim,Chennai,587493,12-06-2030,3,94315,13.0,10.0,6184.0,1
1990,Reliance Jio,M,58,Goa,Hyderabad,786210,13-06-2030,3,101106,67.0,8.0,7661.0,0
1991,BSNL,M,41,Manipur,Kolkata,203540,14-06-2030,3,23033,102.0,43.0,5722.0,0
1992,BSNL,F,56,Tripura,Delhi,538124,15-06-2030,0,89499,89.0,20.0,6312.0,0
1993,Airtel,M,47,Arunachal Pradesh,Mumbai,199291,16-06-2030,3,65190,67.0,45.0,4548.0,0
1994,Reliance Jio,F,54,Punjab,Hyderabad,202851,17-06-2030,4,87997,5.0,17.0,9129.0,0
1995,BSNL,F,50,Meghalaya,Mumbai,419636,18-06-2030,1,131919,23.0,31.0,9276.0,0
1996,BSNL,M,63,Sikkim,Bangalore,752376,19-06-2030,4,61767,52.0,8.0,6849.0,1
1997,Vodafone,F,43,Uttarakhand,Kolkata,987131,20-06-2030,3,91850,34.0,11.0,10016.0,0
1998,Airtel,F,52,Sikkim,Chennai,500372,21-06-2030,0,37767,45.0,17.0,108.0,0
1999,BSNL,F,25,Tamil Nadu,Hyderabad,145542,22-06-2030,0,81818,53.0,5.0,702.0,0
2000,BSNL,M,22,Arunachal Pradesh,Bangalore,393809,23-06-2030,4,72913,87.0,35.0,5830.0,0
2001,Airtel,F,60,Bihar,Delhi,435246,24-06-2030,3,25768,63.0,25.5,10097.0,1
2002,Vodafone,F,33,Tamil Nadu,Hyderabad,662911,25-06-2030,3,118877,47.0,25.0,3616.0,0
2003,BSNL,M,31,Odisha,Chennai,330764,26-06-2030,0,36864,89.0,42.0,6304.0,0
2004,BSNL,F,52,Uttar Pradesh,Chennai,572517,27-06-2030,1,66600,94.0,1.0,5840.0,0
2005,Vodafone,M,50,Uttarakhand,Delhi,653615,28-06-2030,1,61055,41.0,27.0,8963.0,0
2006,BSNL,F,22,Gujarat,Bangalore,238582,29-06-2030,0,75879,100.0,11.0,5049.0,1
2007,Vodafone,F,47,Bihar,Mumbai,817334,30-06-2030,1,88258,6.0,41.0,10044.0,0
2008,Reliance Jio,M,57,Nagaland,Delhi,348793,01-07-2030,0,87316,80.0,37.0,1219.0,0
2009,BSNL,M,36,Bihar,Hyderabad,931686,02-07-2030,1,147354,68.0,3.0,811.0,0
2010,Vodafone,F,19,Jharkhand,Kolkata,948396,03-07-2030,4,47689,45.0,8.0,946.0,1
2011,Vodafone,M,18,Mizoram,Chennai,342637,04-07-2030,1,114088,14.0,13.0,580.0,0
2012,Reliance Jio,F,58,Gujarat,Hyderabad,710931,05-07-2030,2,133830,98.0,48.0,10760.0,0
2013,Airtel,M,26,Uttarakhand,Delhi,571308,06-07-2030,4,115425,18.0,49.0,7613.0,0
2014,Reliance Jio,F,42,Jharkhand,Hyderabad,865730,07-07-2030,1,146831,93.0,27.0,6147.0,0
2015,Airtel,M,74,Odisha,Kolkata,906539,08-07-2030,4,125776,27.0,38.0,1498.0,0
2016,Airtel,F,63,Manipur,Bangalore,825602,09-07-2030,4,51407,17.0,52.0,9605.0,0
2017,Airtel,M,46,Manipur,Mumbai,378267,10-07-2030,1,47668,53.0,29.0,2560.0,0
2018,Airtel,F,71,Gujarat,Kolkata,342766,11-07-2030,0,141793,41.0,43.0,6203.0,0
2019,BSNL,F,28,Odisha,Chennai,473822,12-07-2030,4,41009,86.0,34.0,6959.0,0
2020,Vodafone,M,38,Nagaland,Mumbai,246508,13-07-2030,4,106360,49.0,25.5,2164.0,0
2021,BSNL,M,44,Himachal Pradesh,Mumbai,849245,14-07-2030,3,136429,49.0,15.0,6512.0,1
2022,Reliance Jio,M,33,West Bengal,Hyderabad,432870,15-07-2030,1,53651,61.0,25.5,1950.0,1
2023,Airtel,M,74,Bihar,Chennai,275328,16-07-2030,0,126393,55.0,28.0,2708.0,1
2024,Vodafone,F,20,Tripura,Delhi,720926,17-07-2030,4,125870,47.0,7.0,7268.0,1
2025,Reliance Jio,F,57,Goa,Mumbai,620870,18-07-2030,2,99487,60.0,25.5,5049.0,0
2026,Vodafone,M,24,Uttarakhand,Chennai,863833,19-07-2030,1,91147,12.0,16.0,2743.0,0
