telecom_partner,gender,age,state,city,num_dependents,estimated_salary,calls_made,sms_sent,data_used,churn,registration_year,registration_month,registration_quarter,age_group,total_communication,usage_segment,calls_per_data,sms_per_call,data_per_call,avg_communication,communication_intensity,usage_per_age,salary_per_age,dependents_per_age,calls_sms_ratio,data_usage_level
Reliance Jio,F,25,Karnataka,Kolkata,4,124962.0,44,45,5049.0,0,2025,1,1,18-25,89,Medium Usage,0.008712871287128714,1.0,112.2,29.666666666666668,94.049,194.19230769230768,4806.2307692307695,0.15384615384615385,0.9565217391304348,Low
Reliance Jio,F,55,Mizoram,Mumbai,2,130556.0,62,39,5973.0,0,2025,1,1,46-55,101,Medium Usage,0.010378305992634751,0.6190476190476191,94.80952380952381,33.666666666666664,106.973,106.66071428571429,2331.3571428571427,0.03571428571428571,1.55,Low
Vodafone,F,57,Arunachal Pradesh,Delhi,0,148828.0,49,24,193.0,1,2025,1,1,56+,73,Low Usage,0.25257731958762886,0.48,3.86,24.333333333333332,73.193,3.3275862068965516,2566.0,0.0,1.96,Very Low
BSNL,M,46,Tamil Nadu,Kolkata,1,38722.0,80,25,9377.0,1,2025,1,1,46-55,105,High Usage,0.008530603540200469,0.30864197530864196,115.76543209876543,35.0,114.377,199.51063829787233,823.8723404255319,0.02127659574468085,3.076923076923077,High
BSNL,F,26,Tripura,Delhi,2,55098.0,78,15,1393.0,0,2025,1,1,26-35,93,Low Usage,0.05595408895265423,0.189873417721519,17.632911392405063,31.0,94.393,51.592592592592595,2040.6666666666667,0.07407407407407407,4.875,Very Low
Vodafone,M,36,Uttarakhand,Chennai,1,73452.0,91,24,8109.0,0,2025,1,1,36-45,115,High Usage,0.011220715166461158,0.2608695652173913,88.1413043478261,38.333333333333336,123.109,219.16216216216216,1985.1891891891892,0.02702702702702703,3.64,Medium
BSNL,F,60,Karnataka,Delhi,1,110035.0,36,13,8512.0,0,2025,1,1,56+,49,High Usage,0.00422882650064607,0.35135135135135137,230.05405405405406,16.333333333333332,57.512,139.54098360655738,1803.8524590163934,0.01639344262295082,2.5714285714285716,Medium
BSNL,M,46,Arunachal Pradesh,Kolkata,4,104541.0,87,40,2245.0,1,2025,1,1,46-55,127,Low Usage,0.03873552983081033,0.45454545454545453,25.511363636363637,42.333333333333336,129.245,47.765957446808514,2224.276595744681,0.0851063829787234,2.1219512195121952,Very Low
Reliance Jio,F,53,Himachal Pradesh,Mumbai,2,79439.0,34,12,10039.0,0,2025,1,1,46-55,46,High Usage,0.003386454183266932,0.34285714285714286,286.8285714285714,15.333333333333334,56.039,185.90740740740742,1471.0925925925926,0.037037037037037035,2.6153846153846154,High
BSNL,F,57,Rajasthan,Mumbai,0,126422.0,61,33,567.0,0,2025,1,1,56+,94,Low Usage,0.1073943661971831,0.532258064516129,9.14516129032258,31.333333333333332,94.567,9.775862068965518,2179.689655172414,0.0,1.7941176470588236,Very Low
Airtel,M,44,Uttarakhand,Chennai,0,133288.0,7,7,1275.0,1,2025,1,1,36-45,14,Low Usage,0.0054858934169279,0.875,159.375,4.666666666666667,15.275,28.333333333333332,2961.9555555555557,0.0,0.875,Very Low
Airtel,M,56,Odisha,Mumbai,4,135129.0,39,51,7644.0,0,2025,1,1,56+,90,High Usage,0.005101373446697188,1.275,191.1,30.0,97.644,134.10526315789474,2370.684210526316,0.07017543859649122,0.75,Medium
Vodafone,F,64,Uttar Pradesh,Hyderabad,4,136967.0,40,4,1911.0,0,2025,1,1,56+,44,Low Usage,0.02092050209205021,0.0975609756097561,46.609756097560975,14.666666666666666,45.911,29.4,2107.1846153846154,0.06153846153846154,8.0,Very Low
Vodafone,F,70,Chhattisgarh,Kolkata,0,140219.0,50,17,7727.0,0,2025,1,1,56+,67,High Usage,0.006469979296066253,0.3333333333333333,151.50980392156862,22.333333333333332,74.727,108.83098591549296,1974.9154929577464,0.0,2.7777777777777777,Medium
Vodafone,F,38,Uttar Pradesh,Delhi,1,147805.0,86,20,8058.0,0,2025,1,1,36-45,106,High Usage,0.010671299168631344,0.22988505747126436,92.62068965517241,35.333333333333336,114.05799999999999,206.6153846153846,3789.871794871795,0.02564102564102564,4.095238095238095,Medium
BSNL,M,22,Tamil Nadu,Mumbai,3,100340.0,88,40,6303.0,0,2025,1,1,18-25,128,Medium Usage,0.013959390862944163,0.449438202247191,70.82022471910112,42.666666666666664,134.303,274.04347826086956,4362.608695652174,0.13043478260869565,2.1463414634146343,Medium
Vodafone,M,61,Himachal Pradesh,Hyderabad,2,59723.0,16,42,8157.0,1,2025,1,1,56+,58,High Usage,0.001961265015935278,2.4705882352941178,479.8235294117647,19.333333333333332,66.157,131.56451612903226,963.2741935483871,0.03225806451612903,0.37209302325581395,Medium
Reliance Jio,M,59,Madhya Pradesh,Hyderabad,1,101694.0,80,20,2605.0,0,2025,1,1,56+,100,Low Usage,0.03069838833461243,0.24691358024691357,32.160493827160494,33.333333333333336,102.605,43.416666666666664,1694.9,0.016666666666666666,3.8095238095238093,Very Low
Airtel,F,47,Manipur,Delhi,1,138037.0,60,28,1432.0,0,2025,1,1,46-55,88,Low Usage,0.0418702023726448,0.45901639344262296,23.475409836065573,29.333333333333332,89.432,29.833333333333332,2875.7708333333335,0.020833333333333332,2.0689655172413794,Very Low
Vodafone,M,26,Uttar Pradesh,Hyderabad,1,109753.0,95,26,9993.0,0,2025,1,1,26-35,121,High Usage,0.009505703422053232,0.2708333333333333,104.09375,40.333333333333336,130.993,370.1111111111111,4064.925925925926,0.037037037037037035,3.5185185185185186,High
Vodafone,F,58,Goa,Bangalore,1,118578.0,94,50,2214.0,0,2025,1,1,56+,144,Low Usage,0.042437923250564336,0.5263157894736842,23.305263157894736,48.0,146.214,37.52542372881356,2009.7966101694915,0.01694915254237288,1.8431372549019607,Very Low
Vodafone,M,66,West Bengal,Bangalore,2,64468.0,57,10,8141.0,0,2025,1,1,56+,67,High Usage,0.007000736919675755,0.1724137931034483,140.36206896551724,22.333333333333332,75.141,121.50746268656717,962.2089552238806,0.029850746268656716,5.181818181818182,Medium
BSNL,F,26,Arunachal Pradesh,Chennai,0,65263.0,79,0,4426.0,0,2025,1,1,26-35,79,Medium Usage,0.01784504178902191,0.0,55.325,26.333333333333332,83.426,163.92592592592592,2417.1481481481483,0.0,79.0,Low
Reliance Jio,F,71,Gujarat,Bangalore,1,110373.0,25,24,2533.0,0,2025,1,1,56+,49,Low Usage,0.009865824782951855,0.9230769230769231,97.42307692307692,16.333333333333332,51.533,35.18055555555556,1532.9583333333333,0.013888888888888888,1.0,Very Low
Reliance Jio,M,48,Telangana,Delhi,2,114923.0,43,8,5994.0,0,2025,1,1,46-55,51,Medium Usage,0.0071726438698915766,0.18181818181818182,136.22727272727272,17.0,56.994,122.3265306122449,2345.3673469387754,0.04081632653061224,4.777777777777778,Low
Airtel,F,48,Mizoram,Chennai,0,94683.0,28,48,6434.0,1,2025,1,1,46-55,76,Medium Usage,0.004351204351204351,1.6551724137931034,221.86206896551724,25.333333333333332,82.434,131.30612244897958,1932.3061224489795,0.0,0.5714285714285714,Medium
Vodafone,M,58,Himachal Pradesh,Delhi,3,50853.0,36,5,5604.0,0,2025,1,1,56+,41,Medium Usage,0.006422836752899197,0.13513513513513514,151.45945945945945,13.666666666666666,46.604,94.98305084745763,861.9152542372881,0.05084745762711865,6.0,Low
BSNL,M,20,Karnataka,Delhi,2,133235.0,99,4,5044.0,0,2025,1,1,18-25,103,Medium Usage,0.01962338949454906,0.04,50.44,34.333333333333336,108.044,240.1904761904762,6344.523809523809,0.09523809523809523,19.8,Low
Airtel,M,64,Gujarat,Kolkata,2,103868.0,20,39,8314.0,0,2025,1,1,56+,59,High Usage,0.0024052916416115455,1.8571428571428572,395.9047619047619,19.666666666666668,67.314,127.9076923076923,1597.9692307692308,0.03076923076923077,0.5,Medium
Reliance Jio,M,53,Maharashtra,Kolkata,4,61335.0,4,45,7268.0,0,2025,1,1,46-55,49,High Usage,0.0005502820195350117,9.0,1453.6,16.333333333333332,56.268,134.59259259259258,1135.8333333333333,0.07407407407407407,0.08695652173913043,Medium
Vodafone,M,29,Chhattisgarh,Kolkata,2,86124.0,65,22,7592.0,0,2025,1,1,26-35,87,High Usage,0.008560516264980904,0.3333333333333333,115.03030303030303,29.0,94.592,253.06666666666666,2870.8,0.06666666666666667,2.8260869565217392,Medium
Airtel,M,73,Gujarat,Chennai,4,61329.0,25,29,1479.0,1,2025,2,1,56+,54,Low Usage,0.016891891891891893,1.1153846153846154,56.88461538461539,18.0,55.479,19.986486486486488,828.7702702702703,0.05405405405405406,0.8333333333333334,Very Low
BSNL,F,66,Telangana,Mumbai,3,104227.0,93,6,837.0,0,2025,2,1,56+,99,Low Usage,0.11097852028639618,0.06382978723404255,8.904255319148936,33.0,99.837,12.492537313432836,1555.6268656716418,0.04477611940298507,13.285714285714286,Very Low
BSNL,F,31,Haryana,Bangalore,2,106097.0,89,26,3927.0,0,2025,2,1,26-35,115,Medium Usage,0.02265784114052953,0.28888888888888886,43.63333333333333,38.333333333333336,118.927,122.71875,3315.53125,0.0625,3.2962962962962963,Low
Vodafone,M,58,West Bengal,Kolkata,2,104291.0,51,8,8662.0,0,2025,2,1,56+,59,High Usage,0.005887106083342953,0.15384615384615385,166.57692307692307,19.666666666666668,67.662,146.8135593220339,1767.6440677966102,0.03389830508474576,5.666666666666667,Medium
Reliance Jio,F,62,Madhya Pradesh,Delhi,0,90788.0,46,29,4532.0,0,2025,2,1,56+,75,Medium Usage,0.010147804985660711,0.6170212765957447,96.42553191489361,25.0,79.532,71.93650793650794,1441.079365079365,0.0,1.5333333333333334,Low
BSNL,M,73,Andhra Pradesh,Bangalore,1,40437.0,77,6,4239.0,0,2025,2,1,56+,83,Medium Usage,0.018160377358490565,0.07692307692307693,54.34615384615385,27.666666666666668,87.239,57.28378378378378,546.4459459459459,0.013513513513513514,11.0,Low
BSNL,M,52,Telangana,Bangalore,2,69301.0,69,44,528.0,1,2025,2,1,46-55,113,Low Usage,0.13043478260869565,0.6285714285714286,7.542857142857143,37.666666666666664,113.528,9.962264150943396,1307.566037735849,0.03773584905660377,1.5333333333333334,Very Low
Reliance Jio,M,69,Gujarat,Chennai,1,87166.0,92,15,5049.0,0,2025,2,1,56+,107,Medium Usage,0.018217821782178217,0.16129032258064516,54.29032258064516,35.666666666666664,112.049,72.12857142857143,1245.2285714285715,0.014285714285714285,5.75,Low
BSNL,F,26,Sikkim,Mumbai,4,104164.0,62,39,8305.0,0,2025,2,1,26-35,101,High Usage,0.00746448350589935,0.6190476190476191,131.82539682539684,33.666666666666664,109.305,307.5925925925926,3857.925925925926,0.14814814814814814,1.55,Medium
Reliance Jio,M,26,Madhya Pradesh,Hyderabad,3,71542.0,16,27,1660.0,1,2025,2,1,26-35,43,Low Usage,0.00963275135460566,1.588235294117647,97.6470588235294,14.333333333333334,44.66,61.48148148148148,2649.703703703704,0.1111111111111111,0.5714285714285714,Very Low
Reliance Jio,M,33,Rajasthan,Mumbai,0,119789.0,102,51,8639.0,0,2025,2,1,26-35,153,High Usage,0.011805555555555555,0.49514563106796117,83.87378640776699,51.0,161.639,254.08823529411765,3523.205882352941,0.0,1.9615384615384615,Medium
Airtel,M,48,Odisha,Chennai,2,126147.0,0,24,3310.0,0,2025,2,1,46-55,24,Low Usage,0.0,24.0,3310.0,8.0,27.31,67.55102040816327,2574.4285714285716,0.04081632653061224,0.0,Low
Airtel,F,42,Gujarat,Bangalore,3,71532.0,75,16,2998.0,0,2025,2,1,36-45,91,Low Usage,0.025008336112037347,0.21052631578947367,39.44736842105263,30.333333333333332,93.998,69.72093023255815,1663.5348837209303,0.06976744186046512,4.411764705882353,Very Low
BSNL,F,53,Assam,Kolkata,0,45828.0,87,30,4939.0,0,2025,2,1,46-55,117,Medium Usage,0.017611336032388663,0.3409090909090909,56.125,39.0,121.939,91.46296296296296,848.6666666666666,0.0,2.806451612903226,Low
Airtel,F,55,Himachal Pradesh,Hyderabad,2,132122.0,96,31,3183.0,0,2025,2,1,46-55,127,Low Usage,0.03015075376884422,0.31958762886597936,32.81443298969072,42.333333333333336,130.183,56.839285714285715,2359.3214285714284,0.03571428571428571,3.0,Low
Vodafone,M,33,West Bengal,Chennai,4,115283.0,77,36,3491.0,0,2025,2,1,26-35,113,Low Usage,0.0220504009163803,0.46153846153846156,44.756410256410255,37.666666666666664,116.491,102.67647058823529,3390.676470588235,0.11764705882352941,2.081081081081081,Low
BSNL,M,52,West Bengal,Bangalore,0,75578.0,46,42,4853.0,0,2025,2,1,46-55,88,Medium Usage,0.009476720230737536,0.8936170212765957,103.25531914893617,29.333333333333332,92.853,91.56603773584905,1426.0,0.0,1.069767441860465,Low
Vodafone,F,26,Mizoram,Chennai,0,145508.0,88,51,8790.0,0,2025,2,1,26-35,139,High Usage,0.0100102377431464,0.5730337078651685,98.76404494382022,46.333333333333336,147.79,325.55555555555554,5389.185185185185,0.0,1.6923076923076923,Medium
Vodafone,F,40,Sikkim,Hyderabad,3,102431.0,56,12,754.0,0,2025,2,1,36-45,68,Low Usage,0.07417218543046358,0.21052631578947367,13.228070175438596,22.666666666666668,68.754,18.390243902439025,2498.317073170732,0.07317073170731707,4.3076923076923075,Very Low
BSNL,F,30,Tripura,Hyderabad,3,86402.0,16,27,4865.0,1,2025,2,1,26-35,43,Medium Usage,0.0032881216605014385,1.588235294117647,286.1764705882353,14.333333333333334,47.865,156.93548387096774,2787.1612903225805,0.0967741935483871,0.5714285714285714,Low
Reliance Jio,F,35,Mizoram,Delhi,4,47529.0,51,8,7563.0,0,2025,2,1,26-35,59,High Usage,0.0067424643046007406,0.15384615384615385,145.44230769230768,19.666666666666668,66.563,210.08333333333334,1320.25,0.1111111111111111,5.666666666666667,Medium
Reliance Jio,M,28,Madhya Pradesh,Mumbai,3,87586.0,31,19,10131.0,0,2025,2,1,26-35,50,High Usage,0.0030596131069877616,0.59375,316.59375,16.666666666666668,60.131,349.3448275862069,3020.206896551724,0.10344827586206896,1.55,High
Vodafone,M,70,Uttar Pradesh,Chennai,2,104134.0,66,20,1477.0,0,2025,2,1,56+,86,Low Usage,0.044654939106901215,0.29850746268656714,22.044776119402986,28.666666666666668,87.477,20.802816901408452,1466.6760563380283,0.028169014084507043,3.142857142857143,Very Low
BSNL,F,49,Jharkhand,Chennai,3,25655.0,32,0,2756.0,0,2025,2,1,46-55,32,Low Usage,0.011606819006166122,0.0,83.51515151515152,10.666666666666666,34.756,55.12,513.1,0.06,32.0,Very Low
Reliance Jio,M,43,Telangana,Mumbai,3,131771.0,92,27,3903.0,0,2025,2,1,36-45,119,Medium Usage,0.0235655737704918,0.2903225806451613,41.96774193548387,39.666666666666664,122.903,88.70454545454545,2994.7954545454545,0.06818181818181818,3.2857142857142856,Low
BSNL,M,30,Kerala,Hyderabad,2,21510.0,70,38,1141.0,0,2025,2,1,26-35,108,Low Usage,0.06129597197898424,0.5352112676056338,16.070422535211268,36.0,109.141,36.806451612903224,693.8709677419355,0.06451612903225806,1.794871794871795,Very Low
Vodafone,F,59,Arunachal Pradesh,Kolkata,0,54488.0,20,17,9285.0,1,2025,2,1,56+,37,High Usage,0.002153779883695886,0.8095238095238095,442.14285714285717,12.333333333333334,46.285,154.75,908.1333333333333,0.0,1.1111111111111112,High
BSNL,F,35,Uttar Pradesh,Bangalore,3,73419.0,61,29,5040.0,0,2025,2,1,26-35,90,Medium Usage,0.01210077365602063,0.46774193548387094,81.29032258064517,30.0,95.04,140.0,2039.4166666666667,0.08333333333333333,2.033333333333333,Low
Reliance Jio,M,18,Chhattisgarh,Bangalore,0,59727.0,80,16,1683.0,0,2025,3,1,18-25,96,Low Usage,0.047505938242280284,0.19753086419753085,20.77777777777778,32.0,97.683,88.57894736842105,3143.5263157894738,0.0,4.705882352941177,Very Low
Vodafone,F,42,Karnataka,Kolkata,2,119872.0,3,17,3451.0,0,2025,3,1,36-45,20,Low Usage,0.0008690614136732329,4.25,862.75,6.666666666666667,23.451,80.25581395348837,2787.720930232558,0.046511627906976744,0.16666666666666666,Low
Reliance Jio,F,71,Uttarakhand,Hyderabad,3,136576.0,14,48,5372.0,0,2025,3,1,56+,62,Medium Usage,0.0026056206960729574,3.2,358.1333333333333,20.666666666666668,67.372,74.61111111111111,1896.888888888889,0.041666666666666664,0.2857142857142857,Low
BSNL,F,25,Mizoram,Hyderabad,1,119513.0,33,19,6143.0,0,2025,3,1,18-25,52,Medium Usage,0.00537109375,0.5588235294117647,180.6764705882353,17.333333333333332,58.143,236.26923076923077,4596.653846153846,0.038461538461538464,1.65,Medium
Airtel,M,40,West Bengal,Kolkata,1,88703.0,30,48,484.0,1,2025,3,1,36-45,78,Low Usage,0.061855670103092786,1.5483870967741935,15.612903225806452,26.0,78.484,11.804878048780488,2163.487804878049,0.024390243902439025,0.6122448979591837,Very Low
Vodafone,F,44,Mizoram,Kolkata,1,95271.0,40,9,2542.0,0,2025,3,1,36-45,49,Low Usage,0.015729453401494297,0.21951219512195122,62.0,16.333333333333332,51.542,56.48888888888889,2117.133333333333,0.022222222222222223,4.0,Very Low
BSNL,F,47,Himachal Pradesh,Hyderabad,0,37927.0,42,31,6702.0,0,2025,3,1,46-55,73,High Usage,0.0062658511114426375,0.7209302325581395,155.86046511627907,24.333333333333332,79.702,139.625,790.1458333333334,0.0,1.3125,Medium
Vodafone,F,53,Mizoram,Mumbai,3,138704.0,83,49,8023.0,0,2025,3,1,46-55,132,High Usage,0.010343968095712862,0.5833333333333334,95.51190476190476,44.0,140.023,148.57407407407408,2568.5925925925926,0.05555555555555555,1.66,Medium
Vodafone,F,72,Punjab,Kolkata,1,124607.0,25,38,4867.0,0,2025,3,1,56+,63,Medium Usage,0.005135579293344289,1.4615384615384615,187.19230769230768,21.0,67.867,66.67123287671232,1706.945205479452,0.0136986301369863,0.6410256410256411,Low
Airtel,M,39,Kerala,Mumbai,2,121809.0,50,13,8728.0,0,2025,3,1,36-45,63,High Usage,0.005728032993470042,0.2549019607843137,171.13725490196077,21.0,71.728,218.2,3045.225,0.05,3.5714285714285716,Medium
Reliance Jio,M,28,Kerala,Chennai,2,34463.0,36,6,5049.0,0,2025,3,1,26-35,42,Medium Usage,0.007128712871287129,0.16216216216216217,136.45945945945945,14.0,47.049,174.10344827586206,1188.3793103448277,0.06896551724137931,5.142857142857143,Low
BSNL,M,50,West Bengal,Delhi,4,83907.0,29,11,8198.0,0,2025,3,1,46-55,40,High Usage,0.0035370167093547993,0.36666666666666664,273.26666666666665,13.333333333333334,48.198,160.7450980392157,1645.235294117647,0.0784313725490196,2.4166666666666665,Medium
Vodafone,F,31,Tamil Nadu,Chennai,1,54302.0,105,15,166.0,0,2025,3,1,26-35,120,Low Usage,0.6287425149700598,0.14150943396226415,1.5660377358490567,40.0,120.166,5.1875,1696.9375,0.03125,6.5625,Very Low
BSNL,F,43,Uttarakhand,Delhi,4,101224.0,33,44,5049.0,0,2025,3,1,36-45,77,Medium Usage,0.006534653465346534,1.2941176470588236,148.5,25.666666666666668,82.049,114.75,2300.5454545454545,0.09090909090909091,0.7333333333333333,Low
Vodafone,F,59,Maharashtra,Mumbai,4,63041.0,45,45,4405.0,0,2025,3,1,56+,90,Medium Usage,0.010213345438039038,0.9782608695652174,95.76086956521739,30.0,94.405,73.41666666666667,1050.6833333333334,0.06666666666666667,0.9782608695652174,Low
Airtel,M,61,Manipur,Kolkata,4,98314.0,78,29,1369.0,0,2025,3,1,56+,107,Low Usage,0.05693430656934306,0.3670886075949367,17.329113924050635,35.666666666666664,108.369,22.080645161290324,1585.7096774193549,0.06451612903225806,2.6,Very Low
BSNL,M,34,Kerala,Chennai,0,127804.0,59,16,3488.0,0,2025,3,1,26-35,75,Low Usage,0.016910289481226713,0.26666666666666666,58.13333333333333,25.0,78.488,99.65714285714286,3651.542857142857,0.0,3.4705882352941178,Low
BSNL,M,44,Mizoram,Bangalore,1,147453.0,20,35,5049.0,0,2025,3,1,36-45,55,Medium Usage,0.0039603960396039604,1.6666666666666667,240.42857142857142,18.333333333333332,60.049,112.2,3276.733333333333,0.022222222222222223,0.5555555555555556,Low
Vodafone,M,24,Assam,Kolkata,4,86828.0,57,29,7743.0,0,2025,3,1,18-25,86,High Usage,0.007360537190082644,0.5,133.5,28.666666666666668,93.743,309.72,3473.12,0.16,1.9,Medium
Reliance Jio,M,61,Jharkhand,Chennai,0,43619.0,39,35,9625.0,1,2025,3,1,56+,74,High Usage,0.004051527114066071,0.875,240.625,24.666666666666668,83.625,155.24193548387098,703.5322580645161,0.0,1.0833333333333333,High
BSNL,F,64,Sikkim,Mumbai,2,113686.0,91,19,1682.0,0,2025,3,1,56+,110,Low Usage,0.0540701128936423,0.20652173913043478,18.282608695652176,36.666666666666664,111.682,25.876923076923077,1749.0153846153846,0.03076923076923077,4.55,Very Low
Vodafone,M,25,Mizoram,Bangalore,2,131010.0,27,42,8155.0,1,2025,3,1,18-25,69,High Usage,0.003310446297204512,1.5,291.25,23.0,77.155,313.65384615384613,5038.846153846154,0.07692307692307693,0.627906976744186,Medium
Reliance Jio,M,42,Nagaland,Kolkata,4,135489.0,66,10,5821.0,1,2025,3,1,36-45,76,Medium Usage,0.011336310546204053,0.14925373134328357,86.88059701492537,25.333333333333332,81.821,135.37209302325581,3150.906976744186,0.09302325581395349,6.0,Low
Vodafone,F,55,Arunachal Pradesh,Chennai,2,71817.0,3,18,3096.0,0,2025,3,1,46-55,21,Low Usage,0.0009686793671294801,4.5,774.0,7.0,24.096,55.285714285714285,1282.4464285714287,0.03571428571428571,0.15789473684210525,Low
Reliance Jio,F,22,Assam,Hyderabad,2,47235.0,102,26,7785.0,0,2025,3,1,18-25,128,High Usage,0.013100436681222707,0.2524271844660194,75.58252427184466,42.666666666666664,135.785,338.4782608695652,2053.695652173913,0.08695652173913043,3.7777777777777777,Medium
Reliance Jio,M,31,Goa,Bangalore,4,92068.0,70,39,10269.0,0,2025,3,1,26-35,109,High Usage,0.006815968841285297,0.5492957746478874,144.6338028169014,36.333333333333336,119.269,320.90625,2877.125,0.125,1.75,High
Airtel,F,35,Assam,Hyderabad,4,72035.0,80,36,3496.0,0,2025,3,1,26-35,116,Low Usage,0.02287675150128682,0.4444444444444444,43.160493827160494,38.666666666666664,119.496,97.11111111111111,2000.9722222222222,0.1111111111111111,2.1621621621621623,Low
Vodafone,F,55,Mizoram,Mumbai,3,111216.0,56,30,3507.0,0,2025,3,1,46-55,86,Low Usage,0.01596351197263398,0.5263157894736842,61.526315789473685,28.666666666666668,89.507,62.625,1986.0,0.05357142857142857,1.8064516129032258,Low
Airtel,F,33,Himachal Pradesh,Kolkata,0,122987.0,78,4,5049.0,1,2025,3,1,26-35,82,Medium Usage,0.015445544554455445,0.05063291139240506,63.91139240506329,27.333333333333332,87.049,148.5,3617.264705882353,0.0,15.6,Low
BSNL,M,74,Manipur,Chennai,2,71227.0,55,0,1337.0,0,2025,3,1,56+,55,Low Usage,0.04110612855007474,0.0,23.875,18.333333333333332,56.337,17.826666666666668,949.6933333333334,0.02666666666666667,55.0,Very Low
BSNL,M,39,Uttar Pradesh,Chennai,3,118200.0,22,8,10449.0,0,2025,3,1,36-45,30,High Usage,0.002105263157894737,0.34782608695652173,454.30434782608694,10.0,40.449,261.225,2955.0,0.075,2.4444444444444446,High
BSNL,M,28,Bihar,Bangalore,0,31297.0,36,26,2695.0,0,2025,4,2,26-35,62,Low Usage,0.013353115727002967,0.7027027027027027,72.83783783783784,20.666666666666668,64.695,92.93103448275862,1079.2068965517242,0.0,1.3333333333333333,Very Low
BSNL,F,22,Uttarakhand,Bangalore,1,118100.0,25,5,1467.0,0,2025,4,2,18-25,30,Low Usage,0.0170299727520436,0.19230769230769232,56.42307692307692,10.0,31.467,63.78260869565217,5134.782608695652,0.043478260869565216,4.166666666666667,Very Low
Reliance Jio,F,62,Maharashtra,Chennai,2,20720.0,90,29,2963.0,0,2025,4,2,56+,119,Low Usage,0.030364372469635626,0.31868131868131866,32.56043956043956,39.666666666666664,121.963,47.03174603174603,328.8888888888889,0.031746031746031744,3.0,Very Low
Vodafone,F,52,Haryana,Hyderabad,1,100048.0,39,43,907.0,0,2025,4,2,46-55,82,Low Usage,0.042951541850220265,1.075,22.675,27.333333333333332,82.907,17.11320754716981,1887.698113207547,0.018867924528301886,0.8863636363636364,Very Low
BSNL,M,42,Uttarakhand,Hyderabad,2,23948.0,29,43,359.0,0,2025,4,2,36-45,72,Low Usage,0.08055555555555556,1.4333333333333333,11.966666666666667,24.0,72.359,8.348837209302326,556.9302325581396,0.046511627906976744,0.6590909090909091,Very Low
Vodafone,M,62,Maharashtra,Mumbai,3,30472.0,76,36,5671.0,0,2025,4,2,56+,112,Medium Usage,0.013399153737658674,0.4675324675324675,73.64935064935065,37.333333333333336,117.671,90.01587301587301,483.6825396825397,0.047619047619047616,2.054054054054054,Low
BSNL,M,22,Uttar Pradesh,Delhi,3,145001.0,71,43,9224.0,0,2025,4,2,18-25,114,High Usage,0.007696476964769648,0.5972222222222222,128.11111111111111,38.0,123.224,401.04347826086956,6304.391304347826,0.13043478260869565,1.6136363636363635,High
Reliance Jio,M,32,Uttar Pradesh,Kolkata,3,108307.0,14,35,1889.0,0,2025,4,2,26-35,49,Low Usage,0.007407407407407408,2.3333333333333335,125.93333333333334,16.333333333333332,50.889,57.24242424242424,3282.030303030303,0.09090909090909091,0.3888888888888889,Very Low
Vodafone,F,40,Rajasthan,Chennai,1,54706.0,101,5,3771.0,0,2025,4,2,36-45,106,Medium Usage,0.0267762460233298,0.049019607843137254,36.970588235294116,35.333333333333336,109.771,91.97560975609755,1334.2926829268292,0.024390243902439025,16.833333333333332,Low
Airtel,M,59,Manipur,Hyderabad,2,144251.0,42,5,3497.0,1,2025,4,2,56+,47,Low Usage,0.012006861063464836,0.11627906976744186,81.32558139534883,15.666666666666666,50.497,58.28333333333333,2404.1833333333334,0.03333333333333333,7.0,Low
Vodafone,M,44,Meghalaya,Mumbai,2,113584.0,42,41,729.0,0,2025,4,2,36-45,83,Low Usage,0.057534246575342465,0.9534883720930233,16.953488372093023,27.666666666666668,83.729,16.2,2524.088888888889,0.044444444444444446,1.0,Very Low
Reliance Jio,M,68,Haryana,Hyderabad,0,96198.0,21,40,5271.0,0,2025,4,2,56+,61,Medium Usage,0.003983308042488619,1.8181818181818181,239.5909090909091,20.333333333333332,66.271,76.3913043478261,1394.1739130434783,0.0,0.5121951219512195,Low
BSNL,M,31,Madhya Pradesh,Delhi,1,73367.0,69,44,4943.0,0,2025,4,2,26-35,113,Medium Usage,0.013956310679611651,0.6285714285714286,70.61428571428571,37.666666666666664,117.943,154.46875,2292.71875,0.03125,1.5333333333333334,Low
Vodafone,F,61,Uttar Pradesh,Hyderabad,2,103051.0,15,22,8993.0,0,2025,4,2,56+,37,High Usage,0.001667778519012675,1.375,562.0625,12.333333333333334,45.993,145.0483870967742,1662.1129032258063,0.03225806451612903,0.6521739130434783,Medium
Vodafone,M,59,Uttar Pradesh,Delhi,1,82246.0,74,12,8560.0,0,2025,4,2,56+,86,High Usage,0.008643850017521318,0.16,114.13333333333334,28.666666666666668,94.56,142.66666666666666,1370.7666666666667,0.016666666666666666,5.6923076923076925,Medium
Vodafone,M,70,Himachal Pradesh,Mumbai,3,28513.0,87,4,5021.0,1,2025,4,2,56+,91,Medium Usage,0.017323775388291517,0.045454545454545456,57.05681818181818,30.333333333333332,96.021,70.71830985915493,401.59154929577466,0.04225352112676056,17.4,Low
Vodafone,F,58,Assam,Delhi,2,58870.0,98,40,7367.0,0,2025,4,2,56+,138,High Usage,0.013300760043431054,0.40404040404040403,74.41414141414141,46.0,145.367,124.86440677966101,997.7966101694915,0.03389830508474576,2.3902439024390243,Medium
Airtel,F,30,Punjab,Delhi,1,93546.0,13,26,5049.0,0,2025,4,2,26-35,39,Medium Usage,0.0025742574257425744,1.8571428571428572,360.64285714285717,13.0,44.049,162.8709677419355,3017.6129032258063,0.03225806451612903,0.48148148148148145,Low
Vodafone,M,27,Karnataka,Chennai,4,104285.0,52,25,1868.0,1,2025,4,2,26-35,77,Low Usage,0.027822364901016586,0.4716981132075472,35.24528301886792,25.666666666666668,78.868,66.71428571428571,3724.464285714286,0.14285714285714285,2.0,Very Low
BSNL,M,36,Chhattisgarh,Delhi,3,53001.0,50,24,3695.0,0,2025,4,2,36-45,74,Medium Usage,0.013528138528138528,0.47058823529411764,72.45098039215686,24.666666666666668,77.695,99.86486486486487,1432.4594594594594,0.08108108108108109,2.0,Low
Airtel,F,44,Maharashtra,Bangalore,4,107123.0,38,26,3529.0,0,2025,4,2,36-45,64,Low Usage,0.01076487252124646,0.6666666666666666,90.48717948717949,21.333333333333332,67.529,78.42222222222222,2380.511111111111,0.08888888888888889,1.4074074074074074,Low
BSNL,F,24,Nagaland,Mumbai,4,22814.0,96,30,9049.0,0,2025,4,2,18-25,126,High Usage,0.010607734806629835,0.30927835051546393,93.28865979381443,42.0,135.049,361.96,912.56,0.16,3.096774193548387,High
Reliance Jio,M,28,Bihar,Kolkata,0,54634.0,20,45,8572.0,0,2025,4,2,26-35,65,High Usage,0.002332905633967106,2.142857142857143,408.1904761904762,21.666666666666668,73.572,295.58620689655174,1883.9310344827586,0.0,0.43478260869565216,Medium
Vodafone,M,65,Madhya Pradesh,Bangalore,4,102036.0,75,19,5169.0,0,2025,4,2,56+,94,Medium Usage,0.014506769825918761,0.25,68.01315789473684,31.333333333333332,99.169,78.31818181818181,1546.0,0.06060606060606061,3.75,Low
Vodafone,F,60,Nagaland,Chennai,1,29859.0,25,26,3163.0,0,2025,4,2,56+,51,Low Usage,0.007901390644753476,1.0,121.65384615384616,17.0,54.163,51.85245901639344,489.4918032786885,0.01639344262295082,0.9259259259259259,Low
BSNL,M,68,Nagaland,Hyderabad,1,45577.0,44,9,3931.0,0,2025,4,2,56+,53,Medium Usage,0.011190233977619531,0.2,87.35555555555555,17.666666666666668,56.931,56.971014492753625,660.536231884058,0.014492753623188406,4.4,Low
Reliance Jio,F,40,Nagaland,Chennai,1,85856.0,98,52,1781.0,0,2025,4,2,36-45,150,Low Usage,0.05499438832772166,0.5252525252525253,17.98989898989899,50.0,151.781,43.4390243902439,2094.048780487805,0.024390243902439025,1.849056603773585,Very Low
Reliance Jio,M,24,Chhattisgarh,Chennai,1,66198.0,78,36,4517.0,0,2025,4,2,18-25,114,Medium Usage,0.017264276228419653,0.45569620253164556,57.177215189873415,38.0,118.517,180.68,2647.92,0.04,2.108108108108108,Low
Vodafone,F,72,Maharashtra,Kolkata,2,92886.0,79,23,3167.0,0,2025,4,2,56+,102,Low Usage,0.024936868686868688,0.2875,39.5875,34.0,105.167,43.38356164383562,1272.4109589041095,0.0273972602739726,3.2916666666666665,Low
BSNL,M,18,Andhra Pradesh,Hyderabad,4,96992.0,93,3,5049.0,1,2025,4,2,18-25,96,Medium Usage,0.018415841584158415,0.031914893617021274,53.712765957446805,32.0,101.049,265.7368421052632,5104.8421052631575,0.21052631578947367,23.25,Low
Vodafone,M,65,Chhattisgarh,Delhi,0,55114.0,65,33,214.0,0,2025,5,2,56+,98,Low Usage,0.3023255813953488,0.5,3.242424242424242,32.666666666666664,98.214,3.242424242424242,835.060606060606,0.0,1.911764705882353,Very Low
Reliance Jio,M,23,Arunachal Pradesh,Mumbai,2,149464.0,73,22,5723.0,0,2025,5,2,18-25,95,Medium Usage,0.012753319357092943,0.2972972972972973,77.33783783783784,31.666666666666668,100.723,238.45833333333334,6227.666666666667,0.08333333333333333,3.1739130434782608,Low
Vodafone,M,55,Kerala,Bangalore,3,126483.0,32,28,6919.0,0,2025,5,2,46-55,60,High Usage,0.004624277456647399,0.8484848484848485,209.66666666666666,20.0,66.919,123.55357142857143,2258.625,0.05357142857142857,1.103448275862069,Medium
Vodafone,F,64,Odisha,Mumbai,4,32570.0,53,25,6534.0,0,2025,5,2,56+,78,Medium Usage,0.00811017597551645,0.46296296296296297,121.0,26.0,84.534,100.52307692307693,501.0769230769231,0.06153846153846154,2.0384615384615383,Medium
Vodafone,M,35,Manipur,Mumbai,3,35375.0,77,7,4195.0,0,2025,5,2,26-35,84,Medium Usage,0.01835081029551954,0.08974358974358974,53.782051282051285,28.0,88.195,116.52777777777777,982.6388888888889,0.08333333333333333,9.625,Low
Airtel,M,39,Mizoram,Kolkata,3,33619.0,25,52,3001.0,0,2025,5,2,36-45,77,Low Usage,0.008327781479013991,2.0,115.42307692307692,25.666666666666668,80.001,75.025,840.475,0.075,0.4716981132075472,Low
Reliance Jio,M,62,Punjab,Mumbai,3,56168.0,90,18,5658.0,0,2025,5,2,56+,108,Medium Usage,0.01590386994168581,0.1978021978021978,62.175824175824175,36.0,113.658,89.80952380952381,891.5555555555555,0.047619047619047616,4.7368421052631575,Low
BSNL,F,35,Uttar Pradesh,Hyderabad,0,22346.0,95,18,3927.0,0,2025,5,2,26-35,113,Medium Usage,0.024185336048879836,0.1875,40.90625,37.666666666666664,116.927,109.08333333333333,620.7222222222222,0.0,5.0,Low
Airtel,M,22,Andhra Pradesh,Mumbai,0,132796.0,68,23,2644.0,0,2025,5,2,18-25,91,Low Usage,0.02570888468809074,0.3333333333333333,38.31884057971015,30.333333333333332,93.644,114.95652173913044,5773.739130434783,0.0,2.8333333333333335,Very Low
Vodafone,M,34,Haryana,Hyderabad,0,132240.0,57,42,7082.0,0,2025,5,2,26-35,99,High Usage,0.008047437526471834,0.7241379310344828,122.10344827586206,33.0,106.082,202.34285714285716,3778.285714285714,0.0,1.3255813953488371,Medium
BSNL,F,53,Karnataka,Mumbai,1,107295.0,8,17,10401.0,0,2025,5,2,46-55,25,High Usage,0.0007690828686791001,1.8888888888888888,1155.6666666666667,8.333333333333334,35.400999999999996,192.61111111111111,1986.9444444444443,0.018518518518518517,0.4444444444444444,High
Vodafone,M,35,Haryana,Mumbai,4,91207.0,43,31,7942.0,0,2025,5,2,26-35,74,High Usage,0.0054135716983507495,0.7045454545454546,180.5,24.666666666666668,81.94200000000001,220.61111111111111,2533.527777777778,0.1111111111111111,1.34375,Medium
BSNL,M,53,Madhya Pradesh,Kolkata,3,93214.0,83,23,4015.0,0,2025,5,2,46-55,106,Medium Usage,0.020667330677290836,0.27380952380952384,47.79761904761905,35.333333333333336,110.015,74.35185185185185,1726.1851851851852,0.05555555555555555,3.4583333333333335,Low
Reliance Jio,M,37,Odisha,Bangalore,3,64145.0,10,26,5049.0,0,2025,5,2,36-45,36,Medium Usage,0.0019801980198019802,2.3636363636363638,459.0,12.0,41.049,132.8684210526316,1688.0263157894738,0.07894736842105263,0.37037037037037035,Low
Airtel,F,63,Manipur,Kolkata,4,88523.0,22,9,6211.0,0,2025,5,2,56+,31,Medium Usage,0.0035415325177076628,0.391304347826087,270.04347826086956,10.333333333333334,37.211,97.046875,1383.171875,0.0625,2.2,Medium
BSNL,M,65,Bihar,Mumbai,0,54114.0,37,39,2594.0,1,2025,5,2,56+,76,Low Usage,0.014258188824662813,1.0263157894736843,68.26315789473684,25.333333333333332,78.594,39.303030303030305,819.9090909090909,0.0,0.925,Very Low
BSNL,M,19,Haryana,Bangalore,0,21407.0,85,21,5561.0,0,2025,5,2,18-25,106,Medium Usage,0.015282272563825961,0.2441860465116279,64.66279069767442,35.333333333333336,111.561,278.05,1070.35,0.0,3.8636363636363638,Low
Reliance Jio,M,64,Himachal Pradesh,Chennai,3,56741.0,22,1,4821.0,1,2025,5,2,56+,23,Medium Usage,0.004562422231439237,0.043478260869565216,209.6086956521739,7.666666666666667,27.820999999999998,74.16923076923077,872.9384615384615,0.046153846153846156,11.0,Low
Airtel,F,66,Karnataka,Delhi,4,43605.0,81,33,6244.0,0,2025,5,2,56+,114,Medium Usage,0.012970376301040833,0.4024390243902439,76.14634146341463,38.0,120.244,93.19402985074628,650.820895522388,0.05970149253731343,2.3823529411764706,Medium
Reliance Jio,M,68,Tamil Nadu,Bangalore,2,28548.0,98,33,1919.0,1,2025,5,2,56+,131,Low Usage,0.051041666666666666,0.3333333333333333,19.383838383838384,43.666666666666664,132.919,27.81159420289855,413.7391304347826,0.028985507246376812,2.8823529411764706,Very Low
BSNL,M,48,Bihar,Chennai,4,145661.0,25,37,4236.0,0,2025,5,2,46-55,62,Medium Usage,0.0059004012272834555,1.4230769230769231,162.92307692307693,20.666666666666668,66.236,86.44897959183673,2972.673469387755,0.08163265306122448,0.6578947368421053,Low
Airtel,M,65,Jharkhand,Kolkata,4,106064.0,60,27,5329.0,0,2025,5,2,56+,87,Medium Usage,0.01125703564727955,0.4426229508196721,87.36065573770492,29.0,92.329,80.74242424242425,1607.030303030303,0.06060606060606061,2.142857142857143,Low
Airtel,M,58,Kerala,Bangalore,2,102742.0,25,19,7841.0,1,2025,5,2,56+,44,High Usage,0.0031879622545269064,0.7307692307692307,301.5769230769231,14.666666666666666,51.841,132.89830508474577,1741.3898305084747,0.03389830508474576,1.25,Medium
Reliance Jio,M,49,Uttar Pradesh,Bangalore,0,145743.0,62,47,6075.0,0,2025,5,2,46-55,109,Medium Usage,0.01020408163265306,0.746031746031746,96.42857142857143,36.333333333333336,115.075,121.5,2914.86,0.0,1.2916666666666667,Medium
Airtel,F,43,Manipur,Chennai,2,121818.0,43,27,7217.0,0,2025,5,2,36-45,70,High Usage,0.005957328899972292,0.6136363636363636,164.02272727272728,23.333333333333332,77.217,164.02272727272728,2768.590909090909,0.045454545454545456,1.5357142857142858,Medium
Vodafone,M,35,Tripura,Kolkata,2,24791.0,15,26,8421.0,0,2025,5,2,26-35,41,High Usage,0.0017810496319164094,1.625,526.3125,13.666666666666666,49.421,233.91666666666666,688.6388888888889,0.05555555555555555,0.5555555555555556,Medium
Vodafone,M,44,Himachal Pradesh,Hyderabad,4,59042.0,15,34,4801.0,0,2025,5,2,36-45,49,Medium Usage,0.003123698458975427,2.125,300.0625,16.333333333333332,53.801,106.68888888888888,1312.0444444444445,0.08888888888888889,0.42857142857142855,Low
Reliance Jio,M,59,Uttarakhand,Kolkata,2,133539.0,30,8,2799.0,0,2025,5,2,56+,38,Low Usage,0.010714285714285714,0.25806451612903225,90.29032258064517,12.666666666666666,40.799,46.65,2225.65,0.03333333333333333,3.3333333333333335,Very Low
BSNL,F,50,Himachal Pradesh,Kolkata,0,128273.0,29,11,711.0,0,2025,5,2,46-55,40,Low Usage,0.04073033707865169,0.36666666666666664,23.7,13.333333333333334,40.711,13.941176470588236,2515.156862745098,0.0,2.4166666666666665,Very Low
Reliance Jio,M,56,Telangana,Delhi,3,50807.0,41,26,5820.0,0,2025,5,2,56+,67,Medium Usage,0.007043463322453186,0.6190476190476191,138.57142857142858,22.333333333333332,72.82,102.10526315789474,891.3508771929825,0.05263157894736842,1.5185185185185186,Low
Reliance Jio,M,21,Rajasthan,Delhi,2,125880.0,56,42,3559.0,1,2025,5,2,18-25,98,Medium Usage,0.015730337078651686,0.7368421052631579,62.43859649122807,32.666666666666664,101.559,161.77272727272728,5721.818181818182,0.09090909090909091,1.302325581395349,Low
Reliance Jio,M,67,Assam,Bangalore,3,28846.0,18,49,10200.0,0,2025,6,2,56+,67,High Usage,0.0017645328889324577,2.5789473684210527,536.8421052631579,22.333333333333332,77.2,150.0,424.20588235294116,0.04411764705882353,0.36,High
Vodafone,F,22,Sikkim,Hyderabad,2,42843.0,34,44,4217.0,0,2025,6,2,18-25,78,Medium Usage,0.008060692271218587,1.2571428571428571,120.48571428571428,26.0,82.217,183.34782608695653,1862.7391304347825,0.08695652173913043,0.7555555555555555,Low
Airtel,M,23,Haryana,Chennai,0,69382.0,85,19,5049.0,0,2025,6,2,18-25,104,Medium Usage,0.016831683168316833,0.22093023255813954,58.7093023255814,34.666666666666664,109.049,210.375,2890.9166666666665,0.0,4.25,Low
Reliance Jio,M,70,Arunachal Pradesh,Kolkata,0,53865.0,50,42,9856.0,0,2025,6,2,56+,92,High Usage,0.005072537283149031,0.8235294117647058,193.2549019607843,30.666666666666668,101.856,138.81690140845072,758.6619718309859,0.0,1.1627906976744187,High
Reliance Jio,M,23,Karnataka,Bangalore,4,27209.0,85,49,2101.0,0,2025,6,2,18-25,134,Low Usage,0.04043767840152236,0.5697674418604651,24.430232558139537,44.666666666666664,136.101,87.54166666666667,1133.7083333333333,0.16666666666666666,1.7,Very Low
Vodafone,F,72,Meghalaya,Bangalore,0,62577.0,13,24,5525.0,0,2025,6,2,56+,37,Medium Usage,0.002352515381831343,1.7142857142857142,394.64285714285717,12.333333333333334,42.525,75.68493150684931,857.2191780821918,0.0,0.52,Low
Airtel,F,47,Bihar,Hyderabad,4,126629.0,18,46,8353.0,0,2025,6,2,46-55,64,High Usage,0.0021546564519990424,2.4210526315789473,439.63157894736844,21.333333333333332,72.353,174.02083333333334,2638.1041666666665,0.08333333333333333,0.3829787234042553,Medium
Reliance Jio,M,38,Karnataka,Mumbai,3,140257.0,93,40,156.0,1,2025,6,2,36-45,133,Low Usage,0.5923566878980892,0.425531914893617,1.6595744680851063,44.333333333333336,133.156,4.0,3596.3333333333335,0.07692307692307693,2.268292682926829,Very Low
Airtel,M,72,Punjab,Mumbai,4,31235.0,55,5,312.0,0,2025,6,2,56+,60,Low Usage,0.1757188498402556,0.08928571428571429,5.571428571428571,20.0,60.312,4.273972602739726,427.8767123287671,0.0547945205479452,9.166666666666666,Very Low
Airtel,M,43,Haryana,Bangalore,2,113024.0,30,50,4057.0,0,2025,6,2,36-45,80,Medium Usage,0.007392804337111878,1.6129032258064515,130.8709677419355,26.666666666666668,84.057,92.20454545454545,2568.7272727272725,0.045454545454545456,0.5882352941176471,Low
Airtel,F,27,Goa,Mumbai,1,36886.0,89,11,168.0,0,2025,6,2,26-35,100,Low Usage,0.5266272189349113,0.12222222222222222,1.8666666666666667,33.333333333333336,100.168,6.0,1317.357142857143,0.03571428571428571,7.416666666666667,Very Low
BSNL,F,38,Meghalaya,Mumbai,0,99383.0,91,18,8555.0,0,2025,6,2,36-45,109,High Usage,0.010635811126694717,0.1956521739130435,92.98913043478261,36.333333333333336,117.555,219.35897435897436,2548.2820512820513,0.0,4.7894736842105265,Medium
Vodafone,F,68,Bihar,Delhi,0,113555.0,29,29,3274.0,0,2025,6,2,56+,58,Low Usage,0.008854961832061069,0.9666666666666667,109.13333333333334,19.333333333333332,61.274,47.44927536231884,1645.7246376811595,0.0,0.9666666666666667,Low
Vodafone,F,30,Uttarakhand,Mumbai,3,26351.0,49,5,3285.0,0,2025,6,2,26-35,54,Low Usage,0.014911746804625686,0.1,65.7,18.0,57.285,105.96774193548387,850.0322580645161,0.0967741935483871,8.166666666666666,Low
Reliance Jio,M,39,Kerala,Chennai,2,128969.0,95,26,2378.0,0,2025,6,2,36-45,121,Low Usage,0.039932744850777635,0.2708333333333333,24.770833333333332,40.333333333333336,123.378,59.45,3224.225,0.05,3.5185185185185186,Very Low
Vodafone,M,27,Assam,Mumbai,0,39965.0,102,18,4990.0,0,2025,6,2,26-35,120,Medium Usage,0.02043678621518734,0.17475728155339806,48.44660194174757,40.0,124.99,178.21428571428572,1427.3214285714287,0.0,5.368421052631579,Low
Vodafone,M,34,Jharkhand,Bangalore,2,65287.0,69,18,9227.0,0,2025,6,2,26-35,87,High Usage,0.007477243172951885,0.2571428571428571,131.81428571428572,29.0,96.227,263.62857142857143,1865.3428571428572,0.05714285714285714,3.6315789473684212,High
Airtel,M,55,Sikkim,Chennai,0,93934.0,85,4,5625.0,0,2025,6,2,46-55,89,Medium Usage,0.01510842516885887,0.046511627906976744,65.40697674418605,29.666666666666668,94.625,100.44642857142857,1677.392857142857,0.0,17.0,Low
Reliance Jio,M,60,Meghalaya,Bangalore,0,94281.0,62,40,4428.0,0,2025,6,2,56+,102,Medium Usage,0.013998645292391058,0.6349206349206349,70.28571428571429,34.0,106.428,72.59016393442623,1545.5901639344263,0.0,1.5121951219512195,Low
BSNL,M,47,Uttarakhand,Bangalore,1,80198.0,28,26,4942.0,1,2025,6,2,46-55,54,Medium Usage,0.005664576168318835,0.896551724137931,170.41379310344828,18.0,58.942,102.95833333333333,1670.7916666666667,0.020833333333333332,1.037037037037037,Low
Reliance Jio,M,40,Odisha,Kolkata,2,91609.0,76,40,8171.0,0,2025,6,2,36-45,116,High Usage,0.00930004894762604,0.5194805194805194,106.11688311688312,38.666666666666664,124.17099999999999,199.29268292682926,2234.3658536585367,0.04878048780487805,1.853658536585366,Medium
Reliance Jio,M,18,Tamil Nadu,Kolkata,3,100163.0,12,40,722.0,1,2025,6,2,18-25,52,Low Usage,0.016597510373443983,3.076923076923077,55.53846153846154,17.333333333333332,52.722,38.0,5271.736842105263,0.15789473684210525,0.2926829268292683,Very Low
BSNL,F,53,Punjab,Delhi,2,118459.0,60,21,9746.0,0,2025,6,2,46-55,81,High Usage,0.006155740227762389,0.3442622950819672,159.7704918032787,27.0,90.746,180.4814814814815,2193.685185185185,0.037037037037037035,2.727272727272727,High
Reliance Jio,M,29,Kerala,Delhi,4,122685.0,76,19,1813.0,0,2025,6,2,26-35,95,Low Usage,0.04189636163175303,0.24675324675324675,23.545454545454547,31.666666666666668,96.813,60.43333333333333,4089.5,0.13333333333333333,3.8,Very Low
Vodafone,M,26,Himachal Pradesh,Hyderabad,0,47767.0,17,47,4537.0,0,2025,6,2,26-35,64,Medium Usage,0.00374614367562803,2.611111111111111,252.05555555555554,21.333333333333332,68.537,168.03703703703704,1769.148148148148,0.0,0.3541666666666667,Low
BSNL,M,19,Himachal Pradesh,Hyderabad,0,98573.0,80,27,1288.0,0,2025,6,2,18-25,107,Low Usage,0.062063615205585725,0.3333333333333333,15.901234567901234,35.666666666666664,108.288,64.4,4928.65,0.0,2.857142857142857,Very Low
Airtel,M,36,Nagaland,Mumbai,0,130932.0,57,0,3824.0,0,2025,6,2,36-45,57,Medium Usage,0.014901960784313726,0.0,65.93103448275862,19.0,60.824,103.35135135135135,3538.7027027027025,0.0,57.0,Low
Airtel,M,22,Meghalaya,Mumbai,1,61756.0,78,41,4519.0,0,2025,6,2,18-25,119,Medium Usage,0.017256637168141593,0.5189873417721519,57.20253164556962,39.666666666666664,123.519,196.47826086956522,2685.0434782608695,0.043478260869565216,1.8571428571428572,Low
Airtel,M,46,Chhattisgarh,Mumbai,2,44681.0,0,45,3747.0,0,2025,6,2,46-55,45,Medium Usage,0.0,45.0,3747.0,15.0,48.747,79.72340425531915,950.6595744680851,0.0425531914893617,0.0,Low
Reliance Jio,F,55,Maharashtra,Mumbai,0,121888.0,50,9,8344.0,0,2025,6,2,46-55,59,High Usage,0.005991611743559017,0.17647058823529413,163.6078431372549,19.666666666666668,67.344,149.0,2176.5714285714284,0.0,5.0,Medium
Airtel,M,34,West Bengal,Bangalore,2,110008.0,68,19,4361.0,0,2025,7,3,26-35,87,Medium Usage,0.015589179275561669,0.2753623188405797,63.20289855072464,29.0,91.361,124.6,3143.0857142857144,0.05714285714285714,3.4,Low
Vodafone,M,59,Maharashtra,Mumbai,1,113606.0,47,12,5049.0,1,2025,7,3,56+,59,Medium Usage,0.009306930693069307,0.25,105.1875,19.666666666666668,64.049,84.15,1893.4333333333334,0.016666666666666666,3.6153846153846154,Low
Reliance Jio,F,36,Telangana,Mumbai,4,65770.0,26,19,8990.0,0,2025,7,3,36-45,45,High Usage,0.0028917806695584474,0.7037037037037037,332.962962962963,15.0,53.99,242.97297297297297,1777.5675675675675,0.10810810810810811,1.3,Medium
Reliance Jio,F,40,Arunachal Pradesh,Delhi,3,96844.0,51,9,896.0,1,2025,7,3,36-45,60,Low Usage,0.056856187290969896,0.17307692307692307,17.23076923076923,20.0,60.896,21.853658536585368,2362.048780487805,0.07317073170731707,5.1,Very Low
Reliance Jio,F,67,Himachal Pradesh,Kolkata,3,115361.0,24,10,6744.0,0,2025,7,3,56+,34,High Usage,0.003558191252779837,0.4,269.76,11.333333333333334,40.744,99.17647058823529,1696.485294117647,0.04411764705882353,2.1818181818181817,Medium
Reliance Jio,M,51,Manipur,Bangalore,1,47430.0,49,34,566.0,0,2025,7,3,46-55,83,Low Usage,0.08641975308641975,0.68,11.32,27.666666666666668,83.566,10.884615384615385,912.1153846153846,0.019230769230769232,1.4,Very Low
BSNL,M,58,Tripura,Bangalore,2,101004.0,78,32,3938.0,0,2025,7,3,56+,110,Medium Usage,0.019801980198019802,0.4050632911392405,49.848101265822784,36.666666666666664,113.938,66.7457627118644,1711.9322033898304,0.03389830508474576,2.3636363636363638,Low
Reliance Jio,F,48,Arunachal Pradesh,Bangalore,2,63598.0,46,36,4300.0,0,2025,7,3,46-55,82,Medium Usage,0.0106951871657754,0.7659574468085106,91.48936170212765,27.333333333333332,86.3,87.75510204081633,1297.9183673469388,0.04081632653061224,1.2432432432432432,Low
BSNL,M,49,Gujarat,Hyderabad,3,96938.0,68,33,5265.0,0,2025,7,3,46-55,101,Medium Usage,0.012913026965438662,0.4782608695652174,76.30434782608695,33.666666666666664,106.265,105.3,1938.76,0.06,2.0,Low
Reliance Jio,M,66,Kerala,Chennai,0,99159.0,50,26,3838.0,1,2025,7,3,56+,76,Medium Usage,0.013024225058609012,0.5098039215686274,75.25490196078431,25.333333333333332,79.838,57.28358208955224,1479.9850746268658,0.0,1.8518518518518519,Low
Vodafone,M,29,Nagaland,Kolkata,3,57925.0,70,41,5774.0,0,2025,7,3,26-35,111,Medium Usage,0.012121212121212121,0.5774647887323944,81.32394366197182,37.0,116.774,192.46666666666667,1930.8333333333333,0.1,1.6666666666666667,Low
Airtel,M,21,Andhra Pradesh,Kolkata,1,89133.0,22,6,5990.0,0,2025,7,3,18-25,28,Medium Usage,0.003672174929060257,0.2608695652173913,260.4347826086956,9.333333333333334,33.99,272.27272727272725,4051.5,0.045454545454545456,3.142857142857143,Low
Airtel,M,30,Uttar Pradesh,Chennai,1,120001.0,65,11,6249.0,1,2025,7,3,26-35,76,Medium Usage,0.0104,0.16666666666666666,94.68181818181819,25.333333333333332,82.249,201.58064516129033,3871.0,0.03225806451612903,5.416666666666667,Medium
Vodafone,M,39,Manipur,Mumbai,2,36810.0,71,11,8988.0,0,2025,7,3,36-45,82,High Usage,0.00789854266325509,0.1527777777777778,124.83333333333333,27.333333333333332,90.988,224.7,920.25,0.05,5.916666666666667,Medium
Vodafone,M,30,Assam,Bangalore,1,109615.0,0,7,2956.0,0,2025,7,3,26-35,7,Low Usage,0.0,7.0,2956.0,2.3333333333333335,9.956,95.35483870967742,3535.967741935484,0.03225806451612903,0.0,Very Low
Airtel,F,73,Karnataka,Chennai,2,122350.0,49,35,6638.0,1,2025,7,3,56+,84,High Usage,0.007380629612893508,0.7,132.76,28.0,90.638,89.70270270270271,1653.3783783783783,0.02702702702702703,1.3611111111111112,Medium
Reliance Jio,F,25,Tripura,Kolkata,0,25329.0,38,9,3095.0,0,2025,7,3,18-25,47,Low Usage,0.01227390180878553,0.23076923076923078,79.35897435897436,15.666666666666666,50.095,119.03846153846153,974.1923076923077,0.0,3.8,Low
BSNL,M,57,Mizoram,Mumbai,1,93731.0,88,32,8342.0,0,2025,7,3,56+,120,High Usage,0.010547764593072037,0.3595505617977528,93.73033707865169,40.0,128.342,143.82758620689654,1616.051724137931,0.017241379310344827,2.6666666666666665,Medium
Reliance Jio,F,48,Manipur,Kolkata,2,114548.0,27,20,1075.0,1,2025,7,3,46-55,47,Low Usage,0.02509293680297398,0.7142857142857143,38.392857142857146,15.666666666666666,48.075,21.93877551020408,2337.714285714286,0.04081632653061224,1.2857142857142858,Very Low
Vodafone,M,67,Gujarat,Delhi,0,41206.0,22,44,8467.0,0,2025,7,3,56+,66,High Usage,0.0025980160604629193,1.9130434782608696,368.1304347826087,22.0,74.467,124.51470588235294,605.9705882352941,0.0,0.4888888888888889,Medium
Vodafone,M,70,Assam,Delhi,2,27518.0,62,16,5487.0,0,2025,7,3,56+,78,Medium Usage,0.01129737609329446,0.25396825396825395,87.0952380952381,26.0,83.487,77.28169014084507,387.5774647887324,0.028169014084507043,3.6470588235294117,Low
Airtel,M,33,Goa,Bangalore,3,128299.0,83,44,5391.0,0,2025,7,3,26-35,127,Medium Usage,0.015393175074183977,0.5238095238095238,64.17857142857143,42.333333333333336,132.391,158.55882352941177,3773.5,0.08823529411764706,1.8444444444444446,Low
Vodafone,M,59,Gujarat,Bangalore,3,47975.0,30,33,6477.0,0,2025,7,3,56+,63,Medium Usage,0.004631058968817536,1.064516129032258,208.93548387096774,21.0,69.477,107.95,799.5833333333334,0.05,0.8823529411764706,Medium
Vodafone,M,55,Himachal Pradesh,Hyderabad,3,42952.0,17,43,1848.0,0,2025,7,3,46-55,60,Low Usage,0.009194159004867496,2.388888888888889,102.66666666666667,20.0,61.848,33.0,767.0,0.05357142857142857,0.38636363636363635,Very Low
Reliance Jio,F,21,Arunachal Pradesh,Bangalore,4,45341.0,45,34,2067.0,0,2025,7,3,18-25,79,Low Usage,0.021760154738878143,0.7391304347826086,44.93478260869565,26.333333333333332,81.06700000000001,93.95454545454545,2060.9545454545455,0.18181818181818182,1.2857142857142858,Very Low
BSNL,F,57,Punjab,Hyderabad,4,87831.0,93,38,4264.0,1,2025,7,3,56+,131,Medium Usage,0.021805392731535755,0.40425531914893614,45.361702127659576,43.666666666666664,135.264,73.51724137931035,1514.3275862068965,0.06896551724137931,2.3846153846153846,Low
BSNL,F,60,Nagaland,Hyderabad,3,75974.0,68,49,2262.0,0,2025,7,3,56+,117,Low Usage,0.030048608042421564,0.7101449275362319,32.78260869565217,39.0,119.262,37.08196721311475,1245.4754098360656,0.04918032786885246,1.36,Very Low
Reliance Jio,M,44,Punjab,Delhi,4,33029.0,37,34,1516.0,0,2025,7,3,36-45,71,Low Usage,0.024390243902439025,0.8947368421052632,39.89473684210526,23.666666666666668,72.516,33.68888888888889,733.9777777777778,0.08888888888888889,1.0571428571428572,Very Low
Airtel,F,36,Uttar Pradesh,Hyderabad,1,84307.0,85,29,5370.0,0,2025,7,3,36-45,114,Medium Usage,0.015825730776391732,0.3372093023255814,62.44186046511628,38.0,119.37,145.13513513513513,2278.5675675675675,0.02702702702702703,2.8333333333333335,Low
Vodafone,M,72,Telangana,Mumbai,0,39983.0,33,12,8597.0,0,2025,7,3,56+,45,High Usage,0.0038381018841591066,0.35294117647058826,252.85294117647058,15.0,53.597,117.76712328767124,547.7123287671233,0.0,2.5384615384615383,Medium
Airtel,F,44,Punjab,Bangalore,3,70935.0,33,7,9960.0,0,2025,7,3,36-45,40,High Usage,0.0033129203895191244,0.20588235294117646,292.94117647058823,13.333333333333334,49.96,221.33333333333334,1576.3333333333333,0.06666666666666667,4.125,High
BSNL,M,42,Maharashtra,Bangalore,0,112535.0,50,21,9798.0,1,2025,8,3,36-45,71,High Usage,0.005102561485865905,0.4117647058823529,192.11764705882354,23.666666666666668,80.798,227.86046511627907,2617.093023255814,0.0,2.272727272727273,High
Reliance Jio,M,39,Bihar,Mumbai,1,137015.0,5,11,6982.0,1,2025,8,3,36-45,16,High Usage,0.0007160246312473149,1.8333333333333333,1163.6666666666667,5.333333333333333,22.982,174.55,3425.375,0.025,0.4166666666666667,Medium
Vodafone,M,34,Andhra Pradesh,Hyderabad,4,51329.0,24,4,9512.0,1,2025,8,3,26-35,28,High Usage,0.002522863450015768,0.16,380.48,9.333333333333334,37.512,271.77142857142854,1466.5428571428572,0.11428571428571428,4.8,High
Airtel,M,52,Tamil Nadu,Mumbai,1,41115.0,11,43,3439.0,0,2025,8,3,46-55,54,Low Usage,0.003197674418604651,3.5833333333333335,286.5833333333333,18.0,57.439,64.88679245283019,775.7547169811321,0.018867924528301886,0.25,Low
Vodafone,F,43,Manipur,Delhi,0,69505.0,50,12,5243.0,0,2025,8,3,36-45,62,Medium Usage,0.009534706331045004,0.23529411764705882,102.80392156862744,20.666666666666668,67.243,119.1590909090909,1579.659090909091,0.0,3.8461538461538463,Low
Vodafone,F,27,Chhattisgarh,Delhi,0,73418.0,33,38,5314.0,0,2025,8,3,26-35,71,Medium Usage,0.006208842897460019,1.1176470588235294,156.2941176470588,23.666666666666668,76.314,189.78571428571428,2622.0714285714284,0.0,0.8461538461538461,Low
Airtel,F,43,Tripura,Chennai,2,61692.0,61,2,1335.0,0,2025,8,3,36-45,63,Low Usage,0.04565868263473054,0.03225806451612903,21.532258064516128,21.0,64.335,30.34090909090909,1402.090909090909,0.045454545454545456,20.333333333333332,Very Low
Vodafone,M,74,Himachal Pradesh,Chennai,2,125262.0,42,12,3329.0,0,2025,8,3,56+,54,Low Usage,0.012612612612612612,0.27906976744186046,77.4186046511628,18.0,57.329,44.38666666666666,1670.16,0.02666666666666667,3.230769230769231,Low
Vodafone,M,73,Nagaland,Hyderabad,3,50810.0,75,47,2957.0,0,2025,8,3,56+,122,Low Usage,0.02535496957403651,0.618421052631579,38.9078947368421,40.666666666666664,124.957,39.95945945945946,686.6216216216217,0.04054054054054054,1.5625,Very Low
Reliance Jio,F,41,Arunachal Pradesh,Chennai,0,143064.0,19,13,4788.0,0,2025,8,3,36-45,32,Medium Usage,0.003967425349759866,0.65,239.4,10.666666666666666,36.788,114.0,3406.285714285714,0.0,1.3571428571428572,Low
Vodafone,M,28,Mizoram,Mumbai,2,85780.0,33,17,6230.0,0,2025,8,3,26-35,50,Medium Usage,0.005296100144439095,0.5,183.23529411764707,16.666666666666668,56.230000000000004,214.82758620689654,2957.9310344827586,0.06896551724137931,1.8333333333333333,Medium
Vodafone,F,32,Karnataka,Delhi,3,76706.0,55,12,2210.0,0,2025,8,3,26-35,67,Low Usage,0.024875621890547265,0.21428571428571427,39.464285714285715,22.333333333333332,69.21,66.96969696969697,2324.4242424242425,0.09090909090909091,4.230769230769231,Very Low
BSNL,M,42,Nagaland,Mumbai,3,74845.0,21,8,6660.0,0,2025,8,3,36-45,29,High Usage,0.0031526797778111395,0.36363636363636365,302.72727272727275,9.666666666666666,35.66,154.88372093023256,1740.5813953488373,0.06976744186046512,2.3333333333333335,Medium
Reliance Jio,M,31,Manipur,Kolkata,0,78215.0,65,5,74.0,0,2025,8,3,26-35,70,Low Usage,0.8666666666666667,0.07575757575757576,1.121212121212121,23.333333333333332,70.074,2.3125,2444.21875,0.0,10.833333333333334,Very Low
Airtel,M,29,Haryana,Hyderabad,1,86004.0,8,43,1102.0,0,2025,8,3,26-35,51,Low Usage,0.007252946509519492,4.777777777777778,122.44444444444444,17.0,52.102,36.733333333333334,2866.8,0.03333333333333333,0.18181818181818182,Very Low
Reliance Jio,M,42,Haryana,Bangalore,3,127407.0,10,2,6557.0,0,2025,8,3,36-45,12,Medium Usage,0.0015248551387618177,0.18181818181818182,596.0909090909091,4.0,18.557000000000002,152.48837209302326,2962.953488372093,0.06976744186046512,3.3333333333333335,Medium
Airtel,M,30,Gujarat,Hyderabad,0,149438.0,78,9,737.0,0,2025,8,3,26-35,87,Low Usage,0.10569105691056911,0.11392405063291139,9.329113924050633,29.0,87.737,23.774193548387096,4820.580645161291,0.0,7.8,Very Low
BSNL,M,20,Punjab,Hyderabad,2,128667.0,82,29,1937.0,0,2025,8,3,18-25,111,Low Usage,0.04231166150670795,0.3493975903614458,23.337349397590362,37.0,112.937,92.23809523809524,6127.0,0.09523809523809523,2.7333333333333334,Very Low
Reliance Jio,M,61,Karnataka,Chennai,0,65026.0,53,32,215.0,0,2025,8,3,56+,85,Low Usage,0.24537037037037038,0.5925925925925926,3.9814814814814814,28.333333333333332,85.215,3.467741935483871,1048.8064516129032,0.0,1.606060606060606,Very Low
Vodafone,F,45,Arunachal Pradesh,Hyderabad,1,132579.0,71,38,6403.0,1,2025,8,3,36-45,109,Medium Usage,0.01108682073703935,0.5277777777777778,88.93055555555556,36.333333333333336,115.403,139.19565217391303,2882.1521739130435,0.021739130434782608,1.8205128205128205,Medium
Vodafone,M,58,Chhattisgarh,Bangalore,2,50540.0,73,23,2200.0,0,2025,8,3,56+,96,Low Usage,0.033166742389822805,0.3108108108108108,29.72972972972973,32.0,98.2,37.28813559322034,856.6101694915254,0.03389830508474576,3.0416666666666665,Very Low
Vodafone,M,32,Karnataka,Kolkata,1,110639.0,40,32,5049.0,0,2025,8,3,26-35,72,Medium Usage,0.007920792079207921,0.7804878048780488,123.14634146341463,24.0,77.049,153.0,3352.6969696969695,0.030303030303030304,1.2121212121212122,Low
BSNL,M,56,Karnataka,Kolkata,3,98653.0,5,30,7760.0,1,2025,8,3,56+,35,High Usage,0.0006442468754026543,5.0,1293.3333333333333,11.666666666666666,42.76,136.140350877193,1730.7543859649122,0.05263157894736842,0.16129032258064516,Medium
Vodafone,F,26,Odisha,Delhi,4,89208.0,2,30,2680.0,0,2025,8,3,26-35,32,Low Usage,0.0007459903021260724,10.0,893.3333333333334,10.666666666666666,34.68,99.25925925925925,3304.0,0.14814814814814814,0.06451612903225806,Very Low
Vodafone,M,32,Arunachal Pradesh,Chennai,0,116280.0,81,8,9252.0,0,2025,8,3,26-35,89,High Usage,0.008753917648330271,0.0975609756097561,112.82926829268293,29.666666666666668,98.252,280.3636363636364,3523.6363636363635,0.0,9.0,High
Airtel,F,35,Tamil Nadu,Kolkata,1,28168.0,103,20,10155.0,0,2025,8,3,26-35,123,High Usage,0.010141788105553367,0.19230769230769232,97.64423076923077,41.0,133.155,282.0833333333333,782.4444444444445,0.027777777777777776,4.904761904761905,High
Reliance Jio,M,66,Tamil Nadu,Mumbai,2,38426.0,88,25,9296.0,1,2025,8,3,56+,113,High Usage,0.009465418952350221,0.2808988764044944,104.4494382022472,37.666666666666664,122.29599999999999,138.7462686567164,573.5223880597015,0.029850746268656716,3.3846153846153846,High
Airtel,M,33,Uttar Pradesh,Mumbai,3,38322.0,38,29,8081.0,1,2025,8,3,26-35,67,High Usage,0.0047018064835436775,0.7435897435897436,207.2051282051282,22.333333333333332,75.081,237.6764705882353,1127.1176470588234,0.08823529411764706,1.2666666666666666,Medium
Reliance Jio,F,69,Haryana,Delhi,0,33654.0,21,12,6522.0,0,2025,8,3,56+,33,Medium Usage,0.0032193775869998466,0.5454545454545454,296.45454545454544,11.0,39.522,93.17142857142858,480.77142857142854,0.0,1.6153846153846154,Medium
Reliance Jio,F,22,Uttarakhand,Kolkata,2,47542.0,51,48,5049.0,0,2025,8,3,18-25,99,Medium Usage,0.0100990099009901,0.9230769230769231,97.09615384615384,33.0,104.049,219.52173913043478,2067.0434782608695,0.08695652173913043,1.0408163265306123,Low
Vodafone,F,33,Arunachal Pradesh,Kolkata,0,75395.0,29,46,4116.0,0,2025,8,3,26-35,75,Medium Usage,0.007043964051493806,1.5333333333333334,137.2,25.0,79.116,121.05882352941177,2217.5,0.0,0.6170212765957447,Low
Vodafone,F,31,Himachal Pradesh,Chennai,1,84898.0,50,20,5952.0,0,2025,9,3,26-35,70,Medium Usage,0.008399126490844951,0.39215686274509803,116.70588235294117,23.333333333333332,75.952,186.0,2653.0625,0.03125,2.380952380952381,Low
Vodafone,F,33,Uttarakhand,Hyderabad,4,40232.0,69,1,3798.0,0,2025,9,3,26-35,70,Medium Usage,0.01816267438799684,0.014285714285714285,54.25714285714286,23.333333333333332,73.798,111.70588235294117,1183.2941176470588,0.11764705882352941,34.5,Low
Reliance Jio,M,42,Telangana,Kolkata,3,101163.0,107,11,6496.0,0,2025,9,3,36-45,118,Medium Usage,0.016469139602893642,0.10185185185185185,60.148148148148145,39.333333333333336,124.496,151.06976744186048,2352.6279069767443,0.06976744186046512,8.916666666666666,Medium
Airtel,F,31,Maharashtra,Kolkata,3,67608.0,52,39,3784.0,0,2025,9,3,26-35,91,Medium Usage,0.013738441215323647,0.7358490566037735,71.39622641509433,30.333333333333332,94.784,118.25,2112.75,0.09375,1.3,Low
Vodafone,M,39,Chhattisgarh,Kolkata,0,80822.0,33,46,6921.0,0,2025,9,3,36-45,79,High Usage,0.0047674082635076566,1.3529411764705883,203.55882352941177,26.333333333333332,85.921,173.025,2020.55,0.0,0.7021276595744681,Medium
Airtel,F,27,Rajasthan,Mumbai,4,103388.0,18,35,8840.0,0,2025,9,3,26-35,53,High Usage,0.0020359687818120122,1.8421052631578947,465.2631578947368,17.666666666666668,61.84,315.7142857142857,3692.4285714285716,0.14285714285714285,0.5,Medium
Airtel,M,59,Nagaland,Delhi,2,78218.0,50,22,8154.0,0,2025,9,3,56+,72,High Usage,0.0061312078479460455,0.43137254901960786,159.88235294117646,24.0,80.154,135.9,1303.6333333333334,0.03333333333333333,2.1739130434782608,Medium
Reliance Jio,M,74,Tamil Nadu,Mumbai,2,135742.0,56,39,7323.0,0,2025,9,3,56+,95,High Usage,0.007646095030038231,0.6842105263157895,128.47368421052633,31.666666666666668,102.32300000000001,97.64,1809.8933333333334,0.02666666666666667,1.4,Medium
BSNL,M,62,Chhattisgarh,Hyderabad,1,130282.0,47,36,3941.0,1,2025,9,3,56+,83,Medium Usage,0.011922881785895484,0.75,82.10416666666667,27.666666666666668,86.941,62.55555555555556,2067.968253968254,0.015873015873015872,1.2702702702702702,Low
Airtel,M,63,Assam,Hyderabad,0,139202.0,5,26,1811.0,0,2025,9,3,56+,31,Low Usage,0.0027593818984547464,4.333333333333333,301.8333333333333,10.333333333333334,32.811,28.296875,2175.03125,0.0,0.18518518518518517,Very Low
Airtel,M,31,Maharashtra,Bangalore,0,146742.0,10,14,7102.0,0,2025,9,3,26-35,24,High Usage,0.0014078558355624384,1.2727272727272727,645.6363636363636,8.0,31.102,221.9375,4585.6875,0.0,0.6666666666666666,Medium
Vodafone,F,29,Bihar,Hyderabad,3,114515.0,75,21,5707.0,0,2025,9,3,26-35,96,Medium Usage,0.013139453398738612,0.27631578947368424,75.09210526315789,32.0,101.707,190.23333333333332,3817.1666666666665,0.1,3.409090909090909,Low
Vodafone,M,29,Maharashtra,Kolkata,4,147761.0,20,27,2202.0,0,2025,9,3,26-35,47,Low Usage,0.009078529278256923,1.2857142857142858,104.85714285714286,15.666666666666666,49.202,73.4,4925.366666666667,0.13333333333333333,0.7142857142857143,Very Low
BSNL,M,21,Gujarat,Mumbai,4,40854.0,8,28,1326.0,0,2025,9,3,18-25,36,Low Usage,0.006028636021100226,3.111111111111111,147.33333333333334,12.0,37.326,60.27272727272727,1857.0,0.18181818181818182,0.27586206896551724,Very Low
Reliance Jio,F,44,Bihar,Chennai,2,121363.0,22,11,4357.0,0,2025,9,3,36-45,33,Medium Usage,0.005048187241854061,0.4782608695652174,189.43478260869566,11.0,37.357,96.82222222222222,2696.9555555555557,0.044444444444444446,1.8333333333333333,Low
Airtel,M,45,Chhattisgarh,Mumbai,0,73602.0,87,46,396.0,0,2025,9,3,36-45,133,Low Usage,0.21914357682619648,0.5227272727272727,4.5,44.333333333333336,133.396,8.608695652173912,1600.0434782608695,0.0,1.851063829787234,Very Low
Airtel,F,33,Kerala,Bangalore,0,119465.0,72,41,4484.0,0,2025,9,3,26-35,113,Medium Usage,0.016053511705685617,0.5616438356164384,61.42465753424658,37.666666666666664,117.484,131.88235294117646,3513.676470588235,0.0,1.7142857142857142,Low
BSNL,M,32,Jharkhand,Hyderabad,2,26934.0,105,20,3976.0,0,2025,9,3,26-35,125,Medium Usage,0.026401810409856674,0.18867924528301888,37.509433962264154,41.666666666666664,128.976,120.48484848484848,816.1818181818181,0.06060606060606061,5.0,Low
Vodafone,M,59,Andhra Pradesh,Delhi,1,28888.0,37,22,4306.0,0,2025,9,3,56+,59,Medium Usage,0.008590666357093104,0.5789473684210527,113.3157894736842,19.666666666666668,63.306,71.76666666666667,481.46666666666664,0.016666666666666666,1.608695652173913,Low
Reliance Jio,F,70,Bihar,Delhi,2,31889.0,19,12,897.0,0,2025,9,3,56+,31,Low Usage,0.021158129175946547,0.6,44.85,10.333333333333334,31.897,12.633802816901408,449.14084507042253,0.028169014084507043,1.4615384615384615,Very Low
Airtel,M,35,Punjab,Mumbai,0,142177.0,59,22,7049.0,0,2025,9,3,26-35,81,High Usage,0.008368794326241135,0.36666666666666664,117.48333333333333,27.0,88.049,195.80555555555554,3949.3611111111113,0.0,2.5652173913043477,Medium
BSNL,M,63,Arunachal Pradesh,Chennai,2,94172.0,15,36,6709.0,0,2025,9,3,56+,51,High Usage,0.0022354694485842027,2.25,419.3125,17.0,57.709,104.828125,1471.4375,0.03125,0.40540540540540543,Medium
Airtel,M,25,Bihar,Delhi,0,39224.0,97,44,7861.0,1,2025,9,3,18-25,141,High Usage,0.01233782752480285,0.4489795918367347,80.21428571428571,47.0,148.861,302.34615384615387,1508.6153846153845,0.0,2.1555555555555554,Medium
Vodafone,M,73,Nagaland,Bangalore,2,137334.0,38,14,967.0,1,2025,9,3,56+,52,Low Usage,0.03925619834710744,0.358974358974359,24.794871794871796,17.333333333333332,52.967,13.067567567567568,1855.8648648648648,0.02702702702702703,2.533333333333333,Very Low
Reliance Jio,M,69,Odisha,Bangalore,2,105856.0,64,24,1334.0,0,2025,9,3,56+,88,Low Usage,0.04794007490636704,0.36923076923076925,20.523076923076925,29.333333333333332,89.334,19.057142857142857,1512.2285714285715,0.02857142857142857,2.56,Very Low
BSNL,F,73,Punjab,Bangalore,4,65791.0,61,28,4907.0,0,2025,9,3,56+,89,Medium Usage,0.012428687856560717,0.45161290322580644,79.14516129032258,29.666666666666668,93.907,66.3108108108108,889.0675675675676,0.05405405405405406,2.103448275862069,Low
Reliance Jio,F,71,Bihar,Bangalore,0,58985.0,83,8,5596.0,1,2025,9,3,56+,91,Medium Usage,0.014829372878327675,0.09523809523809523,66.61904761904762,30.333333333333332,96.596,77.72222222222223,819.2361111111111,0.0,9.222222222222221,Low
Reliance Jio,F,36,Haryana,Hyderabad,3,112741.0,53,24,3480.0,0,2025,9,3,36-45,77,Low Usage,0.01522550991094513,0.4444444444444444,64.44444444444444,25.666666666666668,80.48,94.05405405405405,3047.054054054054,0.08108108108108109,2.12,Low
Vodafone,F,18,Madhya Pradesh,Mumbai,4,127991.0,6,42,1171.0,1,2025,9,3,18-25,48,Low Usage,0.005119453924914676,6.0,167.28571428571428,16.0,49.171,61.63157894736842,6736.368421052632,0.21052631578947367,0.13953488372093023,Very Low
Airtel,F,60,Chhattisgarh,Bangalore,2,104425.0,36,35,8129.0,0,2025,9,3,56+,71,High Usage,0.004428044280442804,0.9459459459459459,219.7027027027027,23.666666666666668,79.129,133.2622950819672,1711.8852459016393,0.03278688524590164,1.0,Medium
Vodafone,M,60,Haryana,Delhi,0,134937.0,30,26,2296.0,0,2025,10,4,56+,56,Low Usage,0.013060513713539399,0.8387096774193549,74.06451612903226,18.666666666666668,58.296,37.63934426229508,2212.0819672131147,0.0,1.1111111111111112,Very Low
Airtel,F,63,Mizoram,Hyderabad,4,149325.0,106,5,7993.0,1,2025,10,4,56+,111,High Usage,0.013259944958719039,0.04672897196261682,74.70093457943925,37.0,118.993,124.890625,2333.203125,0.0625,17.666666666666668,Medium
Airtel,M,37,Bihar,Bangalore,3,129980.0,19,8,6013.0,0,2025,10,4,36-45,27,Medium Usage,0.003159294978383771,0.4,300.65,9.0,33.013,158.23684210526315,3420.5263157894738,0.07894736842105263,2.111111111111111,Medium
Reliance Jio,M,63,Jharkhand,Mumbai,4,112865.0,67,14,3488.0,0,2025,10,4,56+,81,Low Usage,0.019203210088850675,0.20588235294117646,51.294117647058826,27.0,84.488,54.5,1763.515625,0.0625,4.466666666666667,Low
BSNL,M,74,Bihar,Kolkata,3,101394.0,89,33,3106.0,1,2025,10,4,56+,122,Low Usage,0.028644995172191826,0.36666666666666664,34.51111111111111,40.666666666666664,125.106,41.413333333333334,1351.92,0.04,2.6176470588235294,Low
Vodafone,M,24,Assam,Hyderabad,4,147010.0,78,41,1352.0,0,2025,10,4,18-25,119,Low Usage,0.057649667405764965,0.5189873417721519,17.11392405063291,39.666666666666664,120.352,54.08,5880.4,0.16,1.8571428571428572,Very Low
Airtel,F,73,Andhra Pradesh,Chennai,0,47621.0,99,15,844.0,0,2025,10,4,56+,114,Low Usage,0.11715976331360947,0.15,8.44,38.0,114.844,11.405405405405405,643.527027027027,0.0,6.1875,Very Low
Airtel,F,55,Gujarat,Kolkata,4,84239.0,43,3,976.0,0,2025,10,4,46-55,46,Low Usage,0.044012282497441144,0.06818181818181818,22.181818181818183,15.333333333333334,46.976,17.428571428571427,1504.267857142857,0.07142857142857142,10.75,Very Low
Reliance Jio,F,72,Nagaland,Delhi,2,22514.0,28,28,10385.0,0,2025,10,4,56+,56,High Usage,0.002695936838051223,0.9655172413793104,358.1034482758621,18.666666666666668,66.385,142.26027397260273,308.4109589041096,0.0273972602739726,0.9655172413793104,High
Reliance Jio,F,33,Telangana,Bangalore,1,43005.0,50,26,1595.0,0,2025,10,4,26-35,76,Low Usage,0.03132832080200501,0.5098039215686274,31.274509803921568,25.333333333333332,77.595,46.911764705882355,1264.8529411764705,0.029411764705882353,1.8518518518518519,Very Low
Airtel,M,57,Nagaland,Mumbai,4,118360.0,54,43,3670.0,0,2025,10,4,56+,97,Medium Usage,0.01470988831381095,0.7818181818181819,66.72727272727273,32.333333333333336,100.67,63.275862068965516,2040.6896551724137,0.06896551724137931,1.2272727272727273,Low
BSNL,M,23,Gujarat,Mumbai,3,103474.0,4,48,2846.0,0,2025,10,4,18-25,52,Low Usage,0.0014049877063575693,9.6,569.2,17.333333333333332,54.846000000000004,118.58333333333333,4311.416666666667,0.125,0.08163265306122448,Very Low
Vodafone,M,19,Sikkim,Kolkata,0,109872.0,37,24,7806.0,0,2025,10,4,18-25,61,High Usage,0.004739336492890996,0.631578947368421,205.42105263157896,20.333333333333332,68.806,390.3,5493.6,0.0,1.48,Medium
Vodafone,F,18,Jharkhand,Kolkata,3,80143.0,39,26,5049.0,0,2025,10,4,18-25,65,Medium Usage,0.007722772277227723,0.65,126.225,21.666666666666668,70.049,265.7368421052632,4218.0526315789475,0.15789473684210525,1.4444444444444444,Low
BSNL,F,66,Punjab,Mumbai,3,50103.0,50,31,2679.0,0,2025,10,4,56+,81,Low Usage,0.018656716417910446,0.6078431372549019,52.529411764705884,27.0,83.679,39.985074626865675,747.8059701492538,0.04477611940298507,1.5625,Very Low
Vodafone,F,63,Uttarakhand,Mumbai,0,30879.0,17,21,5772.0,0,2025,10,4,56+,38,Medium Usage,0.002944742768058202,1.1666666666666667,320.6666666666667,12.666666666666666,43.772,90.1875,482.484375,0.0,0.7727272727272727,Low
Vodafone,M,42,Himachal Pradesh,Kolkata,1,127552.0,54,37,3315.0,0,2025,10,4,36-45,91,Low Usage,0.016284680337756333,0.6727272727272727,60.27272727272727,30.333333333333332,94.315,77.09302325581395,2966.3255813953488,0.023255813953488372,1.4210526315789473,Low
Reliance Jio,M,18,Mizoram,Bangalore,1,72410.0,75,6,6299.0,0,2025,10,4,18-25,81,Medium Usage,0.011904761904761904,0.07894736842105263,82.88157894736842,27.0,87.299,331.5263157894737,3811.0526315789475,0.05263157894736842,10.714285714285714,Medium
Reliance Jio,M,20,Andhra Pradesh,Bangalore,1,70189.0,57,5,2937.0,0,2025,10,4,18-25,62,Low Usage,0.019400953029271615,0.08620689655172414,50.63793103448276,20.666666666666668,64.937,139.85714285714286,3342.3333333333335,0.047619047619047616,9.5,Very Low
BSNL,M,44,Andhra Pradesh,Kolkata,4,40046.0,67,26,2018.0,0,2025,10,4,36-45,93,Low Usage,0.03318474492322932,0.38235294117647056,29.676470588235293,31.0,95.018,44.84444444444444,889.9111111111112,0.08888888888888889,2.4814814814814814,Very Low
Reliance Jio,F,28,Jharkhand,Bangalore,4,83611.0,57,44,1725.0,1,2025,10,4,26-35,101,Low Usage,0.03302433371958285,0.7586206896551724,29.74137931034483,33.666666666666664,102.725,59.48275862068966,2883.137931034483,0.13793103448275862,1.2666666666666666,Very Low
Airtel,F,62,Haryana,Bangalore,2,124007.0,65,1,2317.0,1,2025,10,4,56+,66,Low Usage,0.028041415012942193,0.015151515151515152,35.10606060606061,22.0,68.31700000000001,36.77777777777778,1968.3650793650793,0.031746031746031744,32.5,Very Low
BSNL,F,49,West Bengal,Delhi,1,121486.0,27,26,3744.0,0,2025,10,4,46-55,53,Medium Usage,0.007209612817089452,0.9285714285714286,133.71428571428572,17.666666666666668,56.744,74.88,2429.72,0.02,1.0,Low
Airtel,F,23,Tripura,Kolkata,1,122360.0,32,9,5429.0,0,2025,10,4,18-25,41,Medium Usage,0.005893186003683241,0.2727272727272727,164.5151515151515,13.666666666666666,46.429,226.20833333333334,5098.333333333333,0.041666666666666664,3.2,Low
BSNL,M,46,Goa,Delhi,2,131904.0,1,21,2991.0,1,2025,10,4,46-55,22,Low Usage,0.00033422459893048126,10.5,1495.5,7.333333333333333,24.991,63.638297872340424,2806.468085106383,0.0425531914893617,0.045454545454545456,Very Low
Vodafone,M,73,Himachal Pradesh,Delhi,4,84961.0,54,16,5320.0,0,2025,10,4,56+,70,Medium Usage,0.010148468333020109,0.2909090909090909,96.72727272727273,23.333333333333332,75.32,71.89189189189189,1148.1216216216217,0.05405405405405406,3.176470588235294,Low
BSNL,M,55,Assam,Kolkata,1,83930.0,81,27,2832.0,0,2025,10,4,46-55,108,Low Usage,0.028591599011648428,0.32926829268292684,34.53658536585366,36.0,110.832,50.57142857142857,1498.75,0.017857142857142856,2.892857142857143,Very Low
Vodafone,M,54,Andhra Pradesh,Bangalore,1,110342.0,86,11,3011.0,0,2025,10,4,46-55,97,Low Usage,0.028552456839309428,0.12643678160919541,34.60919540229885,32.333333333333336,100.011,54.74545454545454,2006.2181818181818,0.01818181818181818,7.166666666666667,Low
Vodafone,F,40,Rajasthan,Bangalore,2,46368.0,35,12,1966.0,0,2025,10,4,36-45,47,Low Usage,0.017793594306049824,0.3333333333333333,54.611111111111114,15.666666666666666,48.966,47.951219512195124,1130.9268292682927,0.04878048780487805,2.6923076923076925,Very Low
Reliance Jio,M,21,Meghalaya,Bangalore,1,24120.0,99,26,5800.0,0,2025,10,4,18-25,125,Medium Usage,0.01706602309946561,0.26,58.0,41.666666666666664,130.8,263.6363636363636,1096.3636363636363,0.045454545454545456,3.6666666666666665,Low
Vodafone,M,49,Punjab,Kolkata,0,72885.0,10,21,4018.0,0,2025,10,4,46-55,31,Medium Usage,0.002488181139586962,1.9090909090909092,365.27272727272725,10.333333333333334,35.018,80.36,1457.7,0.0,0.45454545454545453,Low
BSNL,F,46,Assam,Mumbai,3,125247.0,52,20,6976.0,0,2025,11,4,46-55,72,High Usage,0.00745306005446467,0.37735849056603776,131.62264150943398,24.0,78.976,148.4255319148936,2664.8297872340427,0.06382978723404255,2.4761904761904763,Medium
Vodafone,M,54,Gujarat,Bangalore,4,125090.0,77,35,4856.0,0,2025,11,4,46-55,112,Medium Usage,0.015853407453160388,0.44871794871794873,62.256410256410255,37.333333333333336,116.856,88.2909090909091,2274.3636363636365,0.07272727272727272,2.138888888888889,Low
BSNL,F,54,Uttar Pradesh,Mumbai,3,88196.0,42,20,4897.0,0,2025,11,4,46-55,62,Medium Usage,0.008574928542262147,0.46511627906976744,113.88372093023256,20.666666666666668,66.897,89.03636363636363,1603.5636363636363,0.05454545454545454,2.0,Low
Airtel,F,45,Sikkim,Kolkata,4,116297.0,43,20,4289.0,0,2025,11,4,36-45,63,Medium Usage,0.010023310023310023,0.45454545454545453,97.47727272727273,21.0,67.289,93.23913043478261,2528.195652173913,0.08695652173913043,2.0476190476190474,Low
Reliance Jio,M,64,Odisha,Hyderabad,1,54157.0,58,43,1520.0,0,2025,11,4,56+,101,Low Usage,0.0381328073635766,0.7288135593220338,25.76271186440678,33.666666666666664,102.52,23.384615384615383,833.1846153846154,0.015384615384615385,1.3181818181818181,Very Low
BSNL,M,18,Chhattisgarh,Delhi,0,94168.0,15,29,7737.0,0,2025,11,4,18-25,44,High Usage,0.0019384853967433445,1.8125,483.5625,14.666666666666666,51.737,407.2105263157895,4956.210526315789,0.0,0.5,Medium
Vodafone,M,19,Assam,Chennai,0,30544.0,50,30,1477.0,1,2025,11,4,18-25,80,Low Usage,0.03382949932341001,0.5882352941176471,28.96078431372549,26.666666666666668,81.477,73.85,1527.2,0.0,1.6129032258064515,Very Low
Reliance Jio,M,64,Uttarakhand,Bangalore,2,126417.0,76,5,3422.0,0,2025,11,4,56+,81,Low Usage,0.022202746129126497,0.06493506493506493,44.44155844155844,27.0,84.422,52.646153846153844,1944.876923076923,0.03076923076923077,12.666666666666666,Low
Reliance Jio,M,18,Arunachal Pradesh,Hyderabad,0,109455.0,5,43,1004.0,0,2025,11,4,18-25,48,Low Usage,0.004975124378109453,7.166666666666667,167.33333333333334,16.0,49.004,52.8421052631579,5760.789473684211,0.0,0.11363636363636363,Very Low
Vodafone,M,66,Goa,Delhi,2,84945.0,50,35,3104.0,0,2025,11,4,56+,85,Low Usage,0.01610305958132045,0.6862745098039216,60.86274509803921,28.333333333333332,88.104,46.32835820895522,1267.8358208955224,0.029850746268656716,1.3888888888888888,Low
Vodafone,F,29,Andhra Pradesh,Delhi,1,20806.0,92,2,3461.0,1,2025,11,4,26-35,94,Low Usage,0.02657423454650491,0.021505376344086023,37.215053763440864,31.333333333333332,97.461,115.36666666666666,693.5333333333333,0.03333333333333333,30.666666666666668,Low
Reliance Jio,F,71,Andhra Pradesh,Bangalore,3,41732.0,105,30,6536.0,1,2025,11,4,56+,135,Medium Usage,0.016062413951353834,0.2830188679245283,61.660377358490564,45.0,141.536,90.77777777777777,579.6111111111111,0.041666666666666664,3.3870967741935485,Medium
BSNL,F,23,Gujarat,Hyderabad,3,111960.0,84,34,4752.0,0,2025,11,4,18-25,118,Medium Usage,0.017673048600883652,0.4,55.90588235294118,39.333333333333336,122.752,198.0,4665.0,0.125,2.4,Low
Airtel,M,47,Himachal Pradesh,Kolkata,1,65486.0,11,15,9928.0,0,2025,11,4,46-55,26,High Usage,0.0011078658475173733,1.25,827.3333333333334,8.666666666666666,35.928,206.83333333333334,1364.2916666666667,0.020833333333333332,0.6875,High
Airtel,M,33,Madhya Pradesh,Kolkata,0,133702.0,84,19,3928.0,0,2025,11,4,26-35,103,Medium Usage,0.021379485874268262,0.2235294117647059,46.21176470588235,34.333333333333336,106.928,115.52941176470588,3932.4117647058824,0.0,4.2,Low
Vodafone,M,20,Haryana,Delhi,3,53713.0,104,10,5950.0,0,2025,11,4,18-25,114,Medium Usage,0.017476054444631156,0.09523809523809523,56.666666666666664,38.0,119.95,283.3333333333333,2557.7619047619046,0.14285714285714285,9.454545454545455,Low
Reliance Jio,F,26,Arunachal Pradesh,Kolkata,2,42786.0,28,1,4321.0,0,2025,11,4,26-35,29,Medium Usage,0.006478482184173994,0.034482758620689655,149.0,9.666666666666666,33.321,160.03703703703704,1584.6666666666667,0.07407407407407407,14.0,Low
Vodafone,M,40,Uttarakhand,Hyderabad,4,48102.0,91,49,4223.0,0,2025,11,4,36-45,140,Medium Usage,0.021543560606060608,0.532608695652174,45.90217391304348,46.666666666666664,144.223,103.0,1173.219512195122,0.0975609756097561,1.82,Low
Reliance Jio,M,49,Bihar,Mumbai,2,73315.0,13,45,3755.0,0,2025,11,4,46-55,58,Medium Usage,0.003461128860489883,3.2142857142857144,268.2142857142857,19.333333333333332,61.755,75.1,1466.3,0.04,0.2826086956521739,Low
Airtel,M,21,West Bengal,Mumbai,0,77800.0,15,37,2079.0,0,2025,11,4,18-25,52,Low Usage,0.007211538461538462,2.3125,129.9375,17.333333333333332,54.079,94.5,3536.3636363636365,0.0,0.39473684210526316,Very Low
Vodafone,M,51,Gujarat,Chennai,0,74585.0,50,26,7700.0,0,2025,11,4,46-55,76,High Usage,0.006492663290481756,0.5098039215686274,150.98039215686273,25.333333333333332,83.7,148.07692307692307,1434.326923076923,0.0,1.8518518518518519,Medium
Reliance Jio,F,73,Telangana,Kolkata,0,56032.0,28,44,7653.0,0,2025,11,4,56+,72,High Usage,0.0036582179252678338,1.5172413793103448,263.8965517241379,24.0,79.653,103.41891891891892,757.1891891891892,0.0,0.6222222222222222,Medium
Airtel,M,69,Tamil Nadu,Chennai,2,84544.0,14,28,9884.0,0,2025,11,4,56+,42,High Usage,0.0014162873039959534,1.8666666666666667,658.9333333333333,14.0,51.884,141.2,1207.7714285714285,0.02857142857142857,0.4827586206896552,High
Reliance Jio,M,47,Manipur,Delhi,0,42454.0,58,8,8520.0,0,2025,11,4,46-55,66,High Usage,0.006806712827132966,0.13559322033898305,144.40677966101694,22.0,74.52,177.5,884.4583333333334,0.0,6.444444444444445,Medium
Reliance Jio,F,33,Tripura,Bangalore,3,142201.0,32,43,8262.0,0,2025,11,4,26-35,75,High Usage,0.003872685465327363,1.303030303030303,250.36363636363637,25.0,83.262,243.0,4182.382352941177,0.08823529411764706,0.7272727272727273,Medium
Airtel,F,44,Gujarat,Mumbai,4,83967.0,44,43,2533.0,0,2025,11,4,36-45,87,Low Usage,0.017363851617995266,0.9555555555555556,56.28888888888889,29.0,89.533,56.28888888888889,1865.9333333333334,0.08888888888888889,1.0,Very Low
Reliance Jio,F,66,Gujarat,Bangalore,0,87045.0,57,24,1301.0,0,2025,11,4,56+,81,Low Usage,0.04377880184331797,0.41379310344827586,22.43103448275862,27.0,82.301,19.417910447761194,1299.1791044776119,0.0,2.28,Very Low
Vodafone,M,28,West Bengal,Kolkata,2,82306.0,70,46,1261.0,0,2025,11,4,26-35,116,Low Usage,0.0554675118858954,0.647887323943662,17.760563380281692,38.666666666666664,117.261,43.48275862068966,2838.137931034483,0.06896551724137931,1.4893617021276595,Very Low
Vodafone,M,33,Arunachal Pradesh,Delhi,3,52681.0,64,47,3293.0,0,2025,11,4,26-35,111,Low Usage,0.019429265330904676,0.7230769230769231,50.66153846153846,37.0,114.293,96.8529411764706,1549.4411764705883,0.08823529411764706,1.3333333333333333,Low
Airtel,M,43,Assam,Kolkata,1,110758.0,34,44,3017.0,1,2025,11,4,36-45,78,Low Usage,0.01126573889993373,1.2571428571428571,86.2,26.0,81.017,68.56818181818181,2517.2272727272725,0.022727272727272728,0.7555555555555555,Low
Airtel,F,73,West Bengal,Kolkata,3,81795.0,80,9,328.0,0,2025,12,4,56+,89,Low Usage,0.24316109422492402,0.1111111111111111,4.049382716049383,29.666666666666668,89.328,4.4324324324324325,1105.337837837838,0.04054054054054054,8.0,Very Low
Reliance Jio,F,70,Tamil Nadu,Hyderabad,4,42657.0,81,29,1563.0,0,2025,12,4,56+,110,Low Usage,0.05179028132992328,0.35365853658536583,19.0609756097561,36.666666666666664,111.563,22.014084507042252,600.8028169014085,0.056338028169014086,2.7,Very Low
Reliance Jio,M,43,Tamil Nadu,Chennai,4,132775.0,49,4,3305.0,0,2025,12,4,36-45,53,Low Usage,0.014821536600120993,0.08,66.1,17.666666666666668,56.305,75.11363636363636,3017.6136363636365,0.09090909090909091,9.8,Low
BSNL,M,58,Karnataka,Chennai,1,74129.0,26,37,2654.0,0,2025,12,4,56+,63,Low Usage,0.009792843691148776,1.3703703703703705,98.29629629629629,21.0,65.654,44.983050847457626,1256.4237288135594,0.01694915254237288,0.6842105263157895,Very Low
BSNL,M,39,Himachal Pradesh,Delhi,3,34432.0,66,11,2659.0,0,2025,12,4,36-45,77,Low Usage,0.02481203007518797,0.16417910447761194,39.6865671641791,25.666666666666668,79.659,66.475,860.8,0.075,5.5,Very Low
Airtel,M,54,Tamil Nadu,Hyderabad,1,62846.0,98,15,5876.0,0,2025,12,4,46-55,113,Medium Usage,0.016675174408711926,0.15151515151515152,59.35353535353536,37.666666666666664,118.876,106.83636363636364,1142.6545454545455,0.01818181818181818,6.125,Low
Reliance Jio,M,24,Telangana,Chennai,0,136740.0,29,26,4601.0,0,2025,12,4,18-25,55,Medium Usage,0.006301607996523251,0.8666666666666667,153.36666666666667,18.333333333333332,59.601,184.04,5469.6,0.0,1.0740740740740742,Low
BSNL,F,49,Jharkhand,Kolkata,1,49830.0,9,14,1533.0,0,2025,12,4,46-55,23,Low Usage,0.005867014341590613,1.4,153.3,7.666666666666667,24.533,30.66,996.6,0.02,0.6,Very Low
Airtel,M,57,Himachal Pradesh,Delhi,0,117355.0,50,38,6185.0,0,2025,12,4,56+,88,Medium Usage,0.008082767539605561,0.7450980392156863,121.27450980392157,29.333333333333332,94.185,106.63793103448276,2023.3620689655172,0.0,1.2820512820512822,Medium
BSNL,F,46,Assam,Bangalore,0,104717.0,80,8,7487.0,0,2025,12,4,46-55,88,High Usage,0.010683760683760684,0.09876543209876543,92.4320987654321,29.333333333333332,95.487,159.29787234042553,2228.021276595745,0.0,8.88888888888889,Medium
Vodafone,M,27,Telangana,Mumbai,1,91209.0,81,44,2843.0,0,2025,12,4,26-35,125,Low Usage,0.028481012658227847,0.5365853658536586,34.670731707317074,41.666666666666664,127.843,101.53571428571429,3257.464285714286,0.03571428571428571,1.8,Very Low
Airtel,M,38,Gujarat,Hyderabad,4,102092.0,86,43,3811.0,0,2025,12,4,36-45,129,Medium Usage,0.022560335781741866,0.4942528735632184,43.804597701149426,43.0,132.811,97.71794871794872,2617.74358974359,0.10256410256410256,1.9545454545454546,Low
BSNL,M,20,Tamil Nadu,Hyderabad,2,97864.0,35,7,5314.0,0,2025,12,4,18-25,42,Medium Usage,0.00658513640639699,0.19444444444444445,147.61111111111111,14.0,47.314,253.04761904761904,4660.190476190476,0.09523809523809523,4.375,Low
Airtel,F,60,West Bengal,Bangalore,3,76335.0,10,35,10387.0,0,2025,12,4,56+,45,High Usage,0.0009626492106276473,3.1818181818181817,944.2727272727273,15.0,55.387,170.27868852459017,1251.3934426229507,0.04918032786885246,0.2777777777777778,High
Airtel,M,38,Jharkhand,Mumbai,1,50984.0,50,1,2232.0,0,2025,12,4,36-45,51,Low Usage,0.02239140170174653,0.0196078431372549,43.76470588235294,17.0,53.232,57.23076923076923,1307.2820512820513,0.02564102564102564,25.0,Very Low
Reliance Jio,M,19,Maharashtra,Kolkata,4,116019.0,89,4,2234.0,1,2025,12,4,18-25,93,Low Usage,0.03982102908277405,0.044444444444444446,24.822222222222223,31.0,95.234,111.7,5800.95,0.2,17.8,Very Low
BSNL,M,51,Telangana,Kolkata,0,73942.0,73,3,8482.0,0,2025,12,4,46-55,76,High Usage,0.008605446186490628,0.04054054054054054,114.62162162162163,25.333333333333332,84.482,163.1153846153846,1421.9615384615386,0.0,18.25,Medium
BSNL,M,43,Haryana,Chennai,4,135229.0,17,13,3821.0,0,2025,12,4,36-45,30,Medium Usage,0.004447933019361591,0.7222222222222222,212.27777777777777,10.0,33.821,86.8409090909091,3073.3863636363635,0.09090909090909091,1.2142857142857142,Low
Airtel,M,38,Gujarat,Hyderabad,3,37512.0,29,35,4781.0,0,2025,12,4,36-45,64,Medium Usage,0.006064408197406943,1.1666666666666667,159.36666666666667,21.333333333333332,68.781,122.58974358974359,961.8461538461538,0.07692307692307693,0.8055555555555556,Low
Airtel,F,57,Telangana,Chennai,4,29752.0,75,48,4848.0,0,2025,12,4,56+,123,Medium Usage,0.015467106619921633,0.631578947368421,63.78947368421053,41.0,127.848,83.58620689655173,512.9655172413793,0.06896551724137931,1.530612244897959,Low
Reliance Jio,M,33,Assam,Mumbai,4,131042.0,15,20,6324.0,0,2025,12,4,26-35,35,Medium Usage,0.0023715415019762848,1.25,395.25,11.666666666666666,41.324,186.0,3854.176470588235,0.11764705882352941,0.7142857142857143,Medium
BSNL,M,25,Madhya Pradesh,Chennai,3,76568.0,16,28,5449.0,0,2025,12,4,18-25,44,Medium Usage,0.0029357798165137615,1.6470588235294117,320.52941176470586,14.666666666666666,49.449,209.57692307692307,2944.923076923077,0.11538461538461539,0.5517241379310345,Low
Vodafone,F,31,Goa,Kolkata,1,93415.0,44,10,2612.0,0,2025,12,4,26-35,54,Low Usage,0.016838882510524303,0.2222222222222222,58.044444444444444,18.0,56.612,81.625,2919.21875,0.03125,4.0,Very Low
Vodafone,F,26,Manipur,Chennai,3,104369.0,31,32,9497.0,1,2025,12,4,26-35,63,High Usage,0.0032638450200042114,1.0,296.78125,21.0,72.497,351.74074074074076,3865.5185185185187,0.1111111111111111,0.9393939393939394,High
Airtel,M,40,Madhya Pradesh,Hyderabad,0,112603.0,3,41,1269.0,0,2025,12,4,36-45,44,Low Usage,0.002362204724409449,10.25,317.25,14.666666666666666,45.269,30.951219512195124,2746.4146341463415,0.0,0.07142857142857142,Very Low
Vodafone,M,70,Uttar Pradesh,Mumbai,0,123779.0,69,37,3444.0,0,2025,12,4,56+,106,Low Usage,0.020029027576197386,0.5285714285714286,49.2,35.333333333333336,109.444,48.50704225352113,1743.3661971830986,0.0,1.8157894736842106,Low
Airtel,F,27,Odisha,Hyderabad,3,107068.0,71,4,8938.0,0,2025,12,4,26-35,75,High Usage,0.007942722899653205,0.05555555555555555,124.13888888888889,25.0,83.938,319.2142857142857,3823.8571428571427,0.10714285714285714,14.2,Medium
Reliance Jio,M,26,Meghalaya,Mumbai,1,118266.0,40,19,4522.0,1,2025,12,4,26-35,59,Medium Usage,0.008843687817820032,0.4634146341463415,110.29268292682927,19.666666666666668,63.522,167.4814814814815,4380.222222222223,0.037037037037037035,2.0,Low
Vodafone,M,60,Bihar,Mumbai,1,67099.0,24,13,5979.0,0,2025,12,4,56+,37,Medium Usage,0.004013377926421404,0.52,239.16,12.333333333333334,42.979,98.01639344262296,1099.983606557377,0.01639344262295082,1.7142857142857142,Low
BSNL,F,35,Tamil Nadu,Chennai,0,92677.0,9,28,6876.0,0,2025,12,4,26-35,37,High Usage,0.0013087101933982842,2.8,687.6,12.333333333333334,43.876,191.0,2574.3611111111113,0.0,0.3103448275862069,Medium
BSNL,M,40,Assam,Chennai,0,103965.0,45,27,3814.0,0,2025,12,4,36-45,72,Medium Usage,0.011795543905635648,0.5869565217391305,82.91304347826087,24.0,75.814,93.02439024390245,2535.731707317073,0.0,1.6071428571428572,Low
Airtel,M,21,Meghalaya,Chennai,0,102173.0,98,10,7145.0,1,2026,1,1,18-25,108,High Usage,0.01371396585502379,0.10101010101010101,72.17171717171718,36.0,115.145,324.77272727272725,4644.227272727273,0.0,8.909090909090908,Medium
Airtel,M,71,Gujarat,Hyderabad,2,57910.0,88,34,6214.0,0,2026,1,1,56+,122,Medium Usage,0.01415929203539823,0.38202247191011235,69.82022471910112,40.666666666666664,128.214,86.30555555555556,804.3055555555555,0.027777777777777776,2.5142857142857142,Medium
Airtel,F,55,Tamil Nadu,Delhi,2,100210.0,95,47,9829.0,0,2026,1,1,46-55,142,High Usage,0.009664292980671414,0.4895833333333333,102.38541666666667,47.333333333333336,151.829,175.51785714285714,1789.4642857142858,0.03571428571428571,1.9791666666666667,High
Reliance Jio,M,33,Mizoram,Kolkata,2,132500.0,102,0,5008.0,0,2026,1,1,26-35,102,Medium Usage,0.020363345977240967,0.0,48.62135922330097,34.0,107.008,147.2941176470588,3897.0588235294117,0.058823529411764705,102.0,Low
Vodafone,F,60,Assam,Bangalore,3,43179.0,89,17,5521.0,0,2026,1,1,56+,106,Medium Usage,0.016117348786671495,0.18888888888888888,61.34444444444444,35.333333333333336,111.521,90.50819672131148,707.8524590163935,0.04918032786885246,4.944444444444445,Low
Airtel,F,51,Uttarakhand,Mumbai,0,40940.0,46,2,7409.0,1,2026,1,1,46-55,48,High Usage,0.006207827260458839,0.0425531914893617,157.63829787234042,16.0,55.409,142.48076923076923,787.3076923076923,0.0,15.333333333333334,Medium
BSNL,F,23,Nagaland,Hyderabad,0,137564.0,50,30,7553.0,0,2026,1,1,18-25,80,High Usage,0.006619009796134498,0.5882352941176471,148.09803921568627,26.666666666666668,87.553,314.7083333333333,5731.833333333333,0.0,1.6129032258064515,Medium
Vodafone,M,31,Goa,Bangalore,3,132732.0,73,29,4584.0,0,2026,1,1,26-35,102,Medium Usage,0.015921483097055617,0.3918918918918919,61.945945945945944,34.0,106.584,143.25,4147.875,0.09375,2.433333333333333,Low
Airtel,F,49,Jharkhand,Mumbai,4,35809.0,85,46,5392.0,0,2026,1,1,46-55,131,Medium Usage,0.01576117188948637,0.5348837209302325,62.69767441860465,43.666666666666664,136.392,107.84,716.18,0.08,1.8085106382978724,Low
Vodafone,M,18,Karnataka,Kolkata,4,109880.0,25,4,2974.0,0,2026,1,1,18-25,29,Low Usage,0.008403361344537815,0.15384615384615385,114.38461538461539,9.666666666666666,31.974,156.52631578947367,5783.1578947368425,0.21052631578947367,5.0,Very Low
Vodafone,F,62,Himachal Pradesh,Kolkata,3,71276.0,50,17,4318.0,0,2026,1,1,56+,67,Medium Usage,0.01157675387821255,0.3333333333333333,84.66666666666667,22.333333333333332,71.318,68.53968253968254,1131.3650793650793,0.047619047619047616,2.7777777777777777,Low
Airtel,F,61,Andhra Pradesh,Mumbai,4,104056.0,27,17,7331.0,1,2026,1,1,56+,44,High Usage,0.0036824877250409165,0.6071428571428571,261.82142857142856,14.666666666666666,51.331,118.24193548387096,1678.3225806451612,0.06451612903225806,1.5,Medium
Reliance Jio,M,45,Gujarat,Chennai,4,108830.0,69,49,5900.0,0,2026,1,1,36-45,118,Medium Usage,0.011692933401118455,0.7,84.28571428571429,39.333333333333336,123.9,128.2608695652174,2365.8695652173915,0.08695652173913043,1.38,Low
BSNL,F,31,Mizoram,Delhi,2,48070.0,59,20,7556.0,0,2026,1,1,26-35,79,High Usage,0.007807330951435755,0.3333333333333333,125.93333333333334,26.333333333333332,86.556,236.125,1502.1875,0.0625,2.8095238095238093,Medium
Vodafone,F,24,Uttar Pradesh,Mumbai,4,109504.0,50,45,10244.0,0,2026,1,1,18-25,95,High Usage,0.004880429477794046,0.8823529411764706,200.86274509803923,31.666666666666668,105.244,409.76,4380.16,0.16,1.0869565217391304,High
BSNL,M,29,Tamil Nadu,Delhi,0,128897.0,77,46,2351.0,0,2026,1,1,26-35,123,Low Usage,0.03273809523809524,0.5897435897435898,30.141025641025642,41.0,125.351,78.36666666666666,4296.566666666667,0.0,1.6382978723404256,Very Low
Vodafone,M,57,Bihar,Hyderabad,0,28097.0,1,24,6184.0,1,2026,1,1,56+,25,Medium Usage,0.00016168148746968473,12.0,3092.0,8.333333333333334,31.184,106.62068965517241,484.4310344827586,0.0,0.04,Medium
Airtel,M,56,Telangana,Chennai,1,62086.0,71,5,8838.0,0,2026,1,1,56+,76,High Usage,0.008032582871365539,0.06944444444444445,122.75,25.333333333333332,84.838,155.05263157894737,1089.2280701754387,0.017543859649122806,11.833333333333334,Medium
Airtel,M,25,Kerala,Hyderabad,4,23184.0,9,14,1390.0,0,2026,1,1,18-25,23,Low Usage,0.006470165348670022,1.4,139.0,7.666666666666667,24.39,53.46153846153846,891.6923076923077,0.15384615384615385,0.6,Very Low
Vodafone,F,39,Jharkhand,Hyderabad,1,77635.0,85,40,579.0,0,2026,1,1,36-45,125,Low Usage,0.14655172413793102,0.46511627906976744,6.732558139534884,41.666666666666664,125.579,14.475,1940.875,0.025,2.073170731707317,Very Low
Airtel,F,50,Rajasthan,Hyderabad,0,104420.0,15,26,8251.0,0,2026,1,1,46-55,41,High Usage,0.001817741153659719,1.625,515.6875,13.666666666666666,49.251,161.7843137254902,2047.450980392157,0.0,0.5555555555555556,Medium
Reliance Jio,M,52,Arunachal Pradesh,Hyderabad,0,101109.0,35,32,650.0,0,2026,1,1,46-55,67,Low Usage,0.053763440860215055,0.8888888888888888,18.055555555555557,22.333333333333332,67.65,12.264150943396226,1907.7169811320755,0.0,1.0606060606060606,Very Low
Vodafone,M,42,Mizoram,Bangalore,3,64219.0,44,24,8730.0,0,2026,1,1,36-45,68,High Usage,0.0050395143740694075,0.5333333333333333,194.0,22.666666666666668,76.73,203.02325581395348,1493.4651162790697,0.06976744186046512,1.76,Medium
Airtel,M,62,Madhya Pradesh,Chennai,4,129422.0,5,5,3657.0,0,2026,1,1,56+,10,Medium Usage,0.001366867140513942,0.8333333333333334,609.5,3.3333333333333335,13.657,58.04761904761905,2054.3174603174602,0.06349206349206349,0.8333333333333334,Low
BSNL,M,29,Uttar Pradesh,Delhi,3,30115.0,48,12,5049.0,0,2026,1,1,26-35,60,Medium Usage,0.009504950495049505,0.24489795918367346,103.04081632653062,20.0,65.049,168.3,1003.8333333333334,0.1,3.6923076923076925,Low
Airtel,F,52,Haryana,Delhi,3,116351.0,74,6,3800.0,0,2026,1,1,46-55,80,Medium Usage,0.019468560905024992,0.08,50.666666666666664,26.666666666666668,83.8,71.69811320754717,2195.301886792453,0.05660377358490566,10.571428571428571,Low
BSNL,M,20,Arunachal Pradesh,Mumbai,2,33588.0,86,29,5702.0,0,2026,1,1,18-25,115,Medium Usage,0.01507978257057689,0.3333333333333333,65.54022988505747,38.333333333333336,120.702,271.5238095238095,1599.4285714285713,0.09523809523809523,2.8666666666666667,Low
Reliance Jio,M,65,Haryana,Hyderabad,0,117358.0,64,48,5016.0,0,2026,1,1,56+,112,Medium Usage,0.012756627466613515,0.7384615384615385,77.16923076923077,37.333333333333336,117.016,76.0,1778.1515151515152,0.0,1.3061224489795917,Low
BSNL,M,20,Madhya Pradesh,Delhi,3,54235.0,66,7,5049.0,0,2026,1,1,18-25,73,Medium Usage,0.013069306930693069,0.1044776119402985,75.35820895522389,24.333333333333332,78.049,240.42857142857142,2582.6190476190477,0.14285714285714285,8.25,Low
Vodafone,M,30,Gujarat,Chennai,4,149187.0,51,4,9104.0,0,2026,1,1,26-35,55,High Usage,0.005601317957166392,0.07692307692307693,175.07692307692307,18.333333333333332,64.104,293.6774193548387,4812.4838709677415,0.12903225806451613,10.2,High
Airtel,M,26,Nagaland,Chennai,0,62316.0,12,38,1238.0,0,2026,1,1,26-35,50,Low Usage,0.009685230024213076,2.923076923076923,95.23076923076923,16.666666666666668,51.238,45.851851851851855,2308.0,0.0,0.3076923076923077,Very Low
BSNL,F,47,Uttarakhand,Kolkata,0,60281.0,92,10,4671.0,0,2026,2,1,46-55,102,Medium Usage,0.019691780821917807,0.10752688172043011,50.225806451612904,34.0,106.671,97.3125,1255.8541666666667,0.0,8.363636363636363,Low
Reliance Jio,M,44,Himachal Pradesh,Hyderabad,0,82926.0,47,43,3690.0,0,2026,2,1,36-45,90,Medium Usage,0.012733676510430777,0.8958333333333334,76.875,30.0,93.69,82.0,1842.8,0.0,1.0681818181818181,Low
Reliance Jio,F,72,Tamil Nadu,Chennai,1,146043.0,36,13,2179.0,0,2026,2,1,56+,49,Low Usage,0.01651376146788991,0.35135135135135137,58.891891891891895,16.333333333333332,51.179,29.84931506849315,2000.5890410958905,0.0136986301369863,2.5714285714285716,Very Low
Airtel,M,67,Nagaland,Hyderabad,0,29790.0,21,42,730.0,1,2026,2,1,56+,63,Low Usage,0.028727770177838577,1.9090909090909092,33.18181818181818,21.0,63.73,10.735294117647058,438.0882352941176,0.0,0.4883720930232558,Very Low
BSNL,M,73,Chhattisgarh,Bangalore,0,52898.0,89,19,4250.0,0,2026,2,1,56+,108,Medium Usage,0.02093625029404846,0.2111111111111111,47.22222222222222,36.0,112.25,57.432432432432435,714.8378378378378,0.0,4.45,Low
Airtel,M,44,Sikkim,Bangalore,1,30124.0,61,37,2316.0,0,2026,2,1,36-45,98,Low Usage,0.026327147173068624,0.5967741935483871,37.354838709677416,32.666666666666664,100.316,51.46666666666667,669.4222222222222,0.022222222222222223,1.605263157894737,Very Low
Airtel,F,43,Haryana,Delhi,3,57211.0,23,6,2980.0,0,2026,2,1,36-45,29,Low Usage,0.007715531700771553,0.25,124.16666666666667,9.666666666666666,31.98,67.72727272727273,1300.25,0.06818181818181818,3.2857142857142856,Very Low
BSNL,F,26,Bihar,Chennai,2,67441.0,40,10,8583.0,0,2026,2,1,26-35,50,High Usage,0.004659832246039142,0.24390243902439024,209.34146341463415,16.666666666666668,58.583,317.8888888888889,2497.814814814815,0.07407407407407407,3.6363636363636362,Medium
Reliance Jio,M,67,Odisha,Mumbai,4,49392.0,50,7,4692.0,1,2026,2,1,56+,57,Medium Usage,0.010654165778819518,0.13725490196078433,92.0,19.0,61.692,69.0,726.3529411764706,0.058823529411764705,6.25,Low
BSNL,F,74,West Bengal,Mumbai,3,131294.0,94,19,7892.0,0,2026,2,1,56+,113,High Usage,0.01190928670974281,0.2,83.07368421052631,37.666666666666664,120.892,105.22666666666667,1750.5866666666666,0.04,4.7,Medium
BSNL,M,50,Andhra Pradesh,Mumbai,1,27602.0,17,27,8031.0,0,2026,2,1,46-55,44,High Usage,0.0021165338645418325,1.5,446.1666666666667,14.666666666666666,52.031,157.47058823529412,541.2156862745098,0.0196078431372549,0.6071428571428571,Medium
BSNL,M,60,Punjab,Chennai,1,120060.0,18,25,4836.0,0,2026,2,1,56+,43,Medium Usage,0.003721314864585487,1.3157894736842106,254.52631578947367,14.333333333333334,47.836,79.27868852459017,1968.1967213114754,0.01639344262295082,0.6923076923076923,Low
Reliance Jio,F,26,Andhra Pradesh,Chennai,3,45407.0,51,36,2185.0,0,2026,2,1,26-35,87,Low Usage,0.02333028362305581,0.6923076923076923,42.01923076923077,29.0,89.185,80.92592592592592,1681.7407407407406,0.1111111111111111,1.3783783783783783,Very Low
Vodafone,M,36,Uttar Pradesh,Bangalore,1,39286.0,71,23,1594.0,1,2026,2,1,36-45,94,Low Usage,0.0445141065830721,0.3194444444444444,22.13888888888889,31.333333333333332,95.594,43.08108108108108,1061.7837837837837,0.02702702702702703,2.9583333333333335,Very Low
Airtel,F,36,Bihar,Delhi,1,36370.0,2,5,8879.0,0,2026,2,1,36-45,7,High Usage,0.00022522522522522523,1.6666666666666667,2959.6666666666665,2.3333333333333335,15.879,239.97297297297297,982.972972972973,0.02702702702702703,0.3333333333333333,Medium
Airtel,F,18,Manipur,Chennai,2,64552.0,32,10,8699.0,0,2026,2,1,18-25,42,High Usage,0.0036781609195402297,0.30303030303030304,263.6060606060606,14.0,50.699,457.8421052631579,3397.4736842105262,0.10526315789473684,2.909090909090909,Medium
BSNL,F,31,Punjab,Hyderabad,3,129021.0,70,45,550.0,0,2026,2,1,26-35,115,Low Usage,0.12704174228675136,0.6338028169014085,7.746478873239437,38.333333333333336,115.55,17.1875,4031.90625,0.09375,1.5217391304347827,Very Low
Vodafone,M,28,Punjab,Bangalore,3,72116.0,20,28,7987.0,0,2026,2,1,26-35,48,High Usage,0.0025037556334501754,1.3333333333333333,380.3333333333333,16.0,55.987,275.41379310344826,2486.7586206896553,0.10344827586206896,0.6896551724137931,Medium
Airtel,M,55,Rajasthan,Bangalore,3,81137.0,50,40,7892.0,0,2026,2,1,46-55,90,High Usage,0.0063347269732674525,0.7843137254901961,154.7450980392157,30.0,97.892,140.92857142857142,1448.875,0.05357142857142857,1.2195121951219512,Medium
BSNL,F,28,Arunachal Pradesh,Kolkata,3,59589.0,69,9,2024.0,0,2026,2,1,26-35,78,Low Usage,0.034074074074074076,0.12857142857142856,28.914285714285715,26.0,80.024,69.79310344827586,2054.793103448276,0.10344827586206896,6.9,Very Low
BSNL,M,24,Meghalaya,Kolkata,3,122632.0,52,36,9297.0,0,2026,2,1,18-25,88,High Usage,0.005592600559260056,0.6792452830188679,175.41509433962264,29.333333333333332,97.297,371.88,4905.28,0.12,1.4054054054054055,High
Vodafone,M,53,Tripura,Delhi,2,82155.0,87,45,7588.0,0,2026,2,1,46-55,132,High Usage,0.01146396099617868,0.5113636363636364,86.22727272727273,44.0,139.588,140.5185185185185,1521.388888888889,0.037037037037037035,1.891304347826087,Medium
Reliance Jio,M,65,Himachal Pradesh,Bangalore,0,87182.0,76,33,4217.0,0,2026,2,1,56+,109,Medium Usage,0.018018018018018018,0.42857142857142855,54.76623376623377,36.333333333333336,113.217,63.89393939393939,1320.939393939394,0.0,2.235294117647059,Low
Vodafone,M,49,Tamil Nadu,Chennai,1,20908.0,53,48,555.0,0,2026,2,1,46-55,101,Low Usage,0.09532374100719425,0.8888888888888888,10.277777777777779,33.666666666666664,101.555,11.1,418.16,0.02,1.0816326530612246,Very Low
BSNL,M,40,Kerala,Hyderabad,3,96061.0,74,42,6074.0,0,2026,2,1,36-45,116,Medium Usage,0.012181069958847737,0.56,80.98666666666666,38.666666666666664,122.074,148.14634146341464,2342.951219512195,0.07317073170731707,1.7209302325581395,Medium
Reliance Jio,F,56,Nagaland,Mumbai,0,103335.0,77,20,6335.0,0,2026,2,1,56+,97,Medium Usage,0.012152777777777778,0.2564102564102564,81.21794871794872,32.333333333333336,103.335,111.14035087719299,1812.8947368421052,0.0,3.6666666666666665,Medium
BSNL,F,62,Gujarat,Bangalore,4,51444.0,5,37,1325.0,0,2026,2,1,56+,42,Low Usage,0.003770739064856712,6.166666666666667,220.83333333333334,14.0,43.325,21.03174603174603,816.5714285714286,0.06349206349206349,0.13157894736842105,Very Low
Airtel,F,54,Andhra Pradesh,Mumbai,3,32362.0,102,8,1322.0,1,2026,2,1,46-55,110,Low Usage,0.07709750566893424,0.07766990291262135,12.83495145631068,36.666666666666664,111.322,24.036363636363635,588.4,0.05454545454545454,11.333333333333334,Very Low
Vodafone,M,22,Punjab,Chennai,3,116212.0,48,30,10274.0,0,2026,3,1,18-25,78,High Usage,0.004671532846715329,0.6122448979591837,209.6734693877551,26.0,88.274,446.69565217391306,5052.695652173913,0.13043478260869565,1.5483870967741935,High
BSNL,M,58,Kerala,Chennai,3,96999.0,26,31,328.0,0,2026,3,1,56+,57,Low Usage,0.0790273556231003,1.1481481481481481,12.148148148148149,19.0,57.328,5.559322033898305,1644.050847457627,0.05084745762711865,0.8125,Very Low
BSNL,M,58,Manipur,Mumbai,0,100174.0,33,44,9654.0,0,2026,3,1,56+,77,High Usage,0.0034179181771103054,1.2941176470588236,283.94117647058823,25.666666666666668,86.654,163.6271186440678,1697.864406779661,0.0,0.7333333333333333,High
BSNL,F,61,Telangana,Mumbai,3,29781.0,6,28,4712.0,1,2026,3,1,56+,34,Medium Usage,0.001273074474856779,4.0,673.1428571428571,11.333333333333334,38.712,76.0,480.33870967741933,0.04838709677419355,0.20689655172413793,Low
Reliance Jio,M,44,Madhya Pradesh,Bangalore,2,44381.0,66,10,4855.0,1,2026,3,1,36-45,76,Medium Usage,0.013591433278418451,0.14925373134328357,72.46268656716418,25.333333333333332,80.855,107.88888888888889,986.2444444444444,0.044444444444444446,6.0,Low
Vodafone,M,51,Telangana,Kolkata,2,148645.0,20,15,8995.0,1,2026,3,1,46-55,35,High Usage,0.0022232103156958646,0.7142857142857143,428.3333333333333,11.666666666666666,43.995,172.98076923076923,2858.5576923076924,0.038461538461538464,1.25,Medium
Airtel,M,70,Madhya Pradesh,Bangalore,3,44046.0,91,30,5356.0,0,2026,3,1,56+,121,Medium Usage,0.016987119656524174,0.32608695652173914,58.21739130434783,40.333333333333336,126.356,75.43661971830986,620.3661971830986,0.04225352112676056,2.935483870967742,Low
Airtel,M,26,Telangana,Delhi,1,49917.0,84,16,8639.0,0,2026,3,1,26-35,100,High Usage,0.009722222222222222,0.18823529411764706,101.63529411764706,33.333333333333336,108.639,319.962962962963,1848.7777777777778,0.037037037037037035,4.9411764705882355,Medium
Reliance Jio,F,22,Meghalaya,Bangalore,3,24963.0,5,36,682.0,0,2026,3,1,18-25,41,Low Usage,0.007320644216691069,6.0,113.66666666666667,13.666666666666666,41.682,29.652173913043477,1085.3478260869565,0.13043478260869565,0.13513513513513514,Very Low
Airtel,M,58,Uttar Pradesh,Mumbai,1,123671.0,58,18,4666.0,1,2026,3,1,56+,76,Medium Usage,0.012427683736875937,0.3050847457627119,79.08474576271186,25.333333333333332,80.666,79.08474576271186,2096.1186440677966,0.01694915254237288,3.0526315789473686,Low
Reliance Jio,F,70,Uttar Pradesh,Chennai,3,45037.0,20,5,4017.0,0,2026,3,1,56+,25,Medium Usage,0.004977600796416127,0.23809523809523808,191.28571428571428,8.333333333333334,29.017,56.57746478873239,634.3239436619718,0.04225352112676056,3.3333333333333335,Low
Airtel,M,69,Maharashtra,Bangalore,3,81083.0,9,5,1772.0,1,2026,3,1,56+,14,Low Usage,0.005076142131979695,0.5,177.2,4.666666666666667,15.772,25.314285714285713,1158.3285714285714,0.04285714285714286,1.5,Very Low
Reliance Jio,M,27,Mizoram,Kolkata,0,130020.0,84,13,5049.0,0,2026,3,1,26-35,97,Medium Usage,0.016633663366336635,0.15294117647058825,59.4,32.333333333333336,102.049,180.32142857142858,4643.571428571428,0.0,6.0,Low
Vodafone,M,37,Uttar Pradesh,Kolkata,1,112351.0,30,44,5049.0,0,2026,3,1,36-45,74,Medium Usage,0.005940594059405941,1.4193548387096775,162.8709677419355,24.666666666666668,79.049,132.8684210526316,2956.6052631578946,0.02631578947368421,0.6666666666666666,Low
Vodafone,F,60,Sikkim,Bangalore,0,105193.0,6,20,938.0,0,2026,3,1,56+,26,Low Usage,0.006389776357827476,2.857142857142857,134.0,8.666666666666666,26.938,15.37704918032787,1724.4754098360656,0.0,0.2857142857142857,Very Low
Vodafone,F,66,Odisha,Mumbai,0,103979.0,75,30,212.0,0,2026,3,1,56+,105,Low Usage,0.352112676056338,0.39473684210526316,2.789473684210526,35.0,105.212,3.1641791044776117,1551.9253731343283,0.0,2.4193548387096775,Very Low
Vodafone,M,73,Chhattisgarh,Chennai,2,75484.0,55,10,9357.0,0,2026,3,1,56+,65,High Usage,0.005877324214575764,0.17857142857142858,167.08928571428572,21.666666666666668,74.357,126.44594594594595,1020.0540540540541,0.02702702702702703,5.0,High
Vodafone,M,18,Sikkim,Kolkata,2,110074.0,54,15,9673.0,1,2026,3,1,18-25,69,High Usage,0.0055819722968782305,0.2727272727272727,175.87272727272727,23.0,78.673,509.10526315789474,5793.368421052632,0.10526315789473684,3.375,High
BSNL,F,24,Assam,Kolkata,3,97497.0,57,23,4268.0,0,2026,3,1,18-25,80,Medium Usage,0.013352073085031623,0.39655172413793105,73.58620689655173,26.666666666666668,84.268,170.72,3899.88,0.12,2.375,Low
Airtel,M,68,West Bengal,Kolkata,4,114732.0,81,42,4317.0,0,2026,3,1,56+,123,Medium Usage,0.01875868457619268,0.5121951219512195,52.646341463414636,41.0,127.31700000000001,62.56521739130435,1662.7826086956522,0.057971014492753624,1.8837209302325582,Low
Reliance Jio,M,65,Maharashtra,Mumbai,4,83949.0,63,12,6320.0,0,2026,3,1,56+,75,Medium Usage,0.009966777408637873,0.1875,98.75,25.0,81.32,95.75757575757575,1271.9545454545455,0.06060606060606061,4.846153846153846,Medium
Vodafone,F,41,Karnataka,Kolkata,1,91019.0,60,6,1785.0,0,2026,3,1,36-45,66,Low Usage,0.0335946248600224,0.09836065573770492,29.262295081967213,22.0,67.785,42.5,2167.1190476190477,0.023809523809523808,8.571428571428571,Very Low
Airtel,M,65,Meghalaya,Chennai,4,20797.0,52,32,9263.0,0,2026,3,1,56+,84,High Usage,0.005613126079447323,0.6037735849056604,174.77358490566039,28.0,93.263,140.34848484848484,315.1060606060606,0.06060606060606061,1.5757575757575757,High
BSNL,F,35,Himachal Pradesh,Hyderabad,1,99181.0,71,16,5914.0,1,2026,3,1,26-35,87,Medium Usage,0.012003381234150465,0.2222222222222222,82.13888888888889,29.0,92.914,164.27777777777777,2755.027777777778,0.027777777777777776,4.176470588235294,Low
Vodafone,F,72,Uttar Pradesh,Delhi,2,132130.0,25,29,9872.0,1,2026,3,1,56+,54,High Usage,0.002532158411830244,1.1153846153846154,379.6923076923077,18.0,63.872,135.23287671232876,1810.0,0.0273972602739726,0.8333333333333334,High
BSNL,F,70,Uttarakhand,Bangalore,1,31918.0,56,41,7808.0,0,2026,3,1,56+,97,High Usage,0.007171212703291074,0.7192982456140351,136.98245614035088,32.333333333333336,104.80799999999999,109.97183098591549,449.5492957746479,0.014084507042253521,1.3333333333333333,Medium
BSNL,M,20,Assam,Mumbai,4,59533.0,39,24,9071.0,0,2026,3,1,18-25,63,High Usage,0.004298941798941799,0.6,226.775,21.0,72.071,431.95238095238096,2834.904761904762,0.19047619047619047,1.56,High
BSNL,M,69,Jharkhand,Delhi,4,84930.0,62,49,4426.0,0,2026,3,1,56+,111,Medium Usage,0.014004969505308336,0.7777777777777778,70.25396825396825,37.0,115.426,63.22857142857143,1213.2857142857142,0.05714285714285714,1.24,Low
Vodafone,F,34,Telangana,Bangalore,3,82873.0,70,13,5460.0,0,2026,3,1,26-35,83,Medium Usage,0.012818165171214063,0.18309859154929578,76.90140845070422,27.666666666666668,88.46,156.0,2367.8,0.08571428571428572,5.0,Low
BSNL,M,36,Karnataka,Kolkata,1,117088.0,18,8,3755.0,0,2026,3,1,36-45,26,Medium Usage,0.004792332268370607,0.42105263157894735,197.6315789473684,8.666666666666666,29.755,101.48648648648648,3164.5405405405404,0.02702702702702703,2.0,Low
Airtel,M,57,Tamil Nadu,Chennai,2,48105.0,58,45,8920.0,0,2026,3,1,56+,103,High Usage,0.006501513283264208,0.7627118644067796,151.1864406779661,34.333333333333336,111.92,153.79310344827587,829.3965517241379,0.034482758620689655,1.2608695652173914,Medium
BSNL,M,41,Chhattisgarh,Chennai,4,20038.0,19,7,1982.0,0,2026,4,2,36-45,26,Low Usage,0.009581442259203227,0.35,99.1,8.666666666666666,27.982,47.19047619047619,477.0952380952381,0.09523809523809523,2.375,Very Low
BSNL,M,31,West Bengal,Mumbai,1,103809.0,78,14,2534.0,0,2026,4,2,26-35,92,Low Usage,0.03076923076923077,0.17721518987341772,32.075949367088604,30.666666666666668,94.534,79.1875,3244.03125,0.03125,5.2,Very Low
Reliance Jio,M,25,Tamil Nadu,Bangalore,1,120797.0,18,19,4984.0,0,2026,4,2,18-25,37,Medium Usage,0.0036108324974924774,1.0,262.3157894736842,12.333333333333334,41.984,191.69230769230768,4646.038461538462,0.038461538461538464,0.9,Low
Vodafone,F,71,Haryana,Chennai,2,122184.0,60,44,9649.0,0,2026,4,2,56+,104,High Usage,0.0062176165803108805,0.7213114754098361,158.18032786885246,34.666666666666664,113.649,134.01388888888889,1697.0,0.027777777777777776,1.3333333333333333,High
Airtel,M,59,Haryana,Hyderabad,0,48487.0,44,14,7117.0,0,2026,4,2,56+,58,High Usage,0.0061815116605788145,0.3111111111111111,158.15555555555557,19.333333333333332,65.117,118.61666666666666,808.1166666666667,0.0,2.933333333333333,Medium
Vodafone,M,34,Jharkhand,Kolkata,3,27308.0,5,3,3688.0,0,2026,4,2,26-35,8,Medium Usage,0.0013553808620222283,0.5,614.6666666666666,2.6666666666666665,11.688,105.37142857142857,780.2285714285714,0.08571428571428572,1.25,Low
Vodafone,F,34,Nagaland,Chennai,3,51380.0,21,35,1908.0,0,2026,4,2,26-35,56,Low Usage,0.011000523834468309,1.5909090909090908,86.72727272727273,18.666666666666668,57.908,54.51428571428571,1468.0,0.08571428571428572,0.5833333333333334,Very Low
Airtel,M,53,Kerala,Hyderabad,2,51401.0,50,45,3211.0,0,2026,4,2,46-55,95,Low Usage,0.015566625155666251,0.8823529411764706,62.96078431372549,31.666666666666668,98.211,59.46296296296296,951.8703703703703,0.037037037037037035,1.0869565217391304,Low
Reliance Jio,F,70,Nagaland,Kolkata,4,123031.0,44,21,7605.0,1,2026,4,2,56+,65,High Usage,0.00578490665264265,0.4666666666666667,169.0,21.666666666666668,72.605,107.11267605633803,1732.8309859154929,0.056338028169014086,2.0,Medium
Reliance Jio,M,71,Uttarakhand,Bangalore,2,147464.0,52,12,4259.0,0,2026,4,2,56+,64,Medium Usage,0.012206572769953052,0.22641509433962265,80.35849056603773,21.333333333333332,68.259,59.15277777777778,2048.1111111111113,0.027777777777777776,4.0,Low
BSNL,M,25,Bihar,Delhi,1,149940.0,72,7,893.0,0,2026,4,2,18-25,79,Low Usage,0.08053691275167785,0.0958904109589041,12.232876712328768,26.333333333333332,79.893,34.34615384615385,5766.923076923077,0.038461538461538464,9.0,Very Low
Reliance Jio,F,55,Nagaland,Kolkata,4,71991.0,7,25,8226.0,0,2026,4,2,46-55,32,High Usage,0.0008508569344840161,3.125,1028.25,10.666666666666666,40.226,146.89285714285714,1285.5535714285713,0.07142857142857142,0.2692307692307692,Medium
Reliance Jio,M,61,Telangana,Bangalore,1,103765.0,8,13,8503.0,1,2026,4,2,56+,21,High Usage,0.0009407337723424271,1.4444444444444444,944.7777777777778,7.0,29.503,137.1451612903226,1673.6290322580646,0.016129032258064516,0.5714285714285714,Medium
BSNL,M,63,Sikkim,Hyderabad,2,66128.0,17,29,2183.0,0,2026,4,2,56+,46,Low Usage,0.007783882783882784,1.6111111111111112,121.27777777777777,15.333333333333334,48.183,34.109375,1033.25,0.03125,0.5666666666666667,Very Low
BSNL,F,72,Uttar Pradesh,Bangalore,1,124442.0,44,11,7488.0,0,2026,4,2,56+,55,High Usage,0.005875283749499266,0.24444444444444444,166.4,18.333333333333332,62.488,102.57534246575342,1704.6849315068494,0.0136986301369863,3.6666666666666665,Medium
Airtel,F,46,Sikkim,Kolkata,2,53404.0,93,48,2594.0,1,2026,4,2,46-55,141,Low Usage,0.035838150289017344,0.5106382978723404,27.595744680851062,47.0,143.594,55.191489361702125,1136.2553191489362,0.0425531914893617,1.8979591836734695,Very Low
BSNL,F,61,Assam,Hyderabad,2,31107.0,59,13,6324.0,0,2026,4,2,56+,72,Medium Usage,0.009328063241106719,0.21666666666666667,105.4,24.0,78.324,102.0,501.7258064516129,0.03225806451612903,4.214285714285714,Medium
Vodafone,M,36,Assam,Chennai,0,97004.0,89,11,5955.0,0,2026,4,2,36-45,100,Medium Usage,0.014942914707857623,0.12222222222222222,66.16666666666667,33.333333333333336,105.955,160.94594594594594,2621.7297297297296,0.0,7.416666666666667,Low
BSNL,F,23,Tripura,Delhi,2,71580.0,75,14,7537.0,0,2026,4,2,18-25,89,High Usage,0.009949588750331653,0.18421052631578946,99.17105263157895,29.666666666666668,96.537,314.0416666666667,2982.5,0.08333333333333333,5.0,Medium
Airtel,M,41,Uttar Pradesh,Kolkata,0,66714.0,73,3,4083.0,0,2026,4,2,36-45,76,Medium Usage,0.017874632713026445,0.04054054054054054,55.17567567567568,25.333333333333332,80.083,97.21428571428571,1588.4285714285713,0.0,18.25,Low
Airtel,F,61,Tripura,Chennai,2,149571.0,5,43,617.0,0,2026,4,2,56+,48,Low Usage,0.008090614886731391,7.166666666666667,102.83333333333333,16.0,48.617,9.951612903225806,2412.435483870968,0.03225806451612903,0.11363636363636363,Very Low
Reliance Jio,M,21,Tamil Nadu,Hyderabad,2,144303.0,41,22,8709.0,0,2026,4,2,18-25,63,High Usage,0.004707233065442021,0.5238095238095238,207.35714285714286,21.0,71.709,395.8636363636364,6559.227272727273,0.09090909090909091,1.7826086956521738,Medium
Airtel,M,37,Tamil Nadu,Hyderabad,1,25306.0,32,44,488.0,0,2026,4,2,36-45,76,Low Usage,0.065439672801636,1.3333333333333333,14.787878787878787,25.333333333333332,76.488,12.842105263157896,665.9473684210526,0.02631578947368421,0.7111111111111111,Very Low
Vodafone,F,69,Odisha,Delhi,2,129075.0,62,38,404.0,0,2026,4,2,56+,100,Low Usage,0.15308641975308643,0.6031746031746031,6.412698412698413,33.333333333333336,100.404,5.771428571428571,1843.9285714285713,0.02857142857142857,1.5897435897435896,Very Low
Reliance Jio,F,38,Odisha,Mumbai,2,104093.0,70,19,7216.0,0,2026,4,2,36-45,89,High Usage,0.009699321047526674,0.2676056338028169,101.63380281690141,29.666666666666668,96.216,185.02564102564102,2669.051282051282,0.05128205128205128,3.5,Medium
Airtel,M,20,Haryana,Hyderabad,1,52519.0,89,27,14.0,0,2026,4,2,18-25,116,Low Usage,5.933333333333334,0.3,0.15555555555555556,38.666666666666664,116.014,0.6666666666666666,2500.904761904762,0.047619047619047616,3.1785714285714284,Very Low
Vodafone,M,23,Nagaland,Delhi,2,47223.0,73,26,5490.0,0,2026,4,2,18-25,99,Medium Usage,0.013294481879439083,0.35135135135135137,74.1891891891892,33.0,104.49,228.75,1967.625,0.08333333333333333,2.7037037037037037,Low
Airtel,M,72,Bihar,Hyderabad,0,107783.0,84,18,9316.0,0,2026,4,2,56+,102,High Usage,0.009015777610818933,0.21176470588235294,109.6,34.0,111.316,127.61643835616438,1476.4794520547946,0.0,4.421052631578948,High
Vodafone,M,30,Tripura,Kolkata,3,40077.0,53,33,1563.0,1,2026,4,2,26-35,86,Low Usage,0.03388746803069054,0.6111111111111112,28.944444444444443,28.666666666666668,87.563,50.41935483870968,1292.8064516129032,0.0967741935483871,1.5588235294117647,Very Low
Reliance Jio,M,30,Kerala,Delhi,2,68434.0,26,36,7190.0,0,2026,4,2,26-35,62,High Usage,0.00361563064942289,1.3333333333333333,266.2962962962963,20.666666666666668,69.19,231.93548387096774,2207.548387096774,0.06451612903225806,0.7027027027027027,Medium
Reliance Jio,M,18,Haryana,Bangalore,4,133046.0,67,21,1184.0,0,2026,5,2,18-25,88,Low Usage,0.056540084388185655,0.3088235294117647,17.41176470588235,29.333333333333332,89.184,62.31578947368421,7002.421052631579,0.21052631578947367,3.0454545454545454,Very Low
BSNL,F,39,Kerala,Hyderabad,2,99279.0,38,30,6893.0,1,2026,5,2,36-45,68,High Usage,0.005512039454598201,0.7692307692307693,176.74358974358975,22.666666666666668,74.893,172.325,2481.975,0.05,1.2258064516129032,Medium
Vodafone,F,63,Tamil Nadu,Chennai,3,101526.0,35,24,1610.0,0,2026,5,2,56+,59,Low Usage,0.021725636250775917,0.6666666666666666,44.72222222222222,19.666666666666668,60.61,25.15625,1586.34375,0.046875,1.4,Very Low
Airtel,F,66,Meghalaya,Hyderabad,4,49211.0,47,20,5049.0,0,2026,5,2,56+,67,Medium Usage,0.009306930693069307,0.4166666666666667,105.1875,22.333333333333332,72.049,75.35820895522389,734.4925373134329,0.05970149253731343,2.238095238095238,Low
Airtel,M,21,Andhra Pradesh,Hyderabad,3,127871.0,50,24,7947.0,0,2026,5,2,18-25,74,High Usage,0.006290890790135883,0.47058823529411764,155.8235294117647,24.666666666666668,81.947,361.22727272727275,5812.318181818182,0.13636363636363635,2.0,Medium
Airtel,F,65,Gujarat,Chennai,0,75699.0,78,22,5104.0,0,2026,5,2,56+,100,Medium Usage,0.015279138099902057,0.27848101265822783,64.60759493670886,33.333333333333336,105.104,77.33333333333333,1146.9545454545455,0.0,3.391304347826087,Low
Airtel,F,73,Haryana,Kolkata,4,90106.0,97,46,6760.0,0,2026,5,2,56+,143,High Usage,0.01434699009022334,0.46938775510204084,68.9795918367347,47.666666666666664,149.76,91.35135135135135,1217.6486486486488,0.05405405405405406,2.0638297872340425,Medium
Vodafone,M,33,Tamil Nadu,Mumbai,1,35944.0,37,42,9330.0,1,2026,5,2,26-35,79,High Usage,0.0039652770335441,1.105263157894737,245.52631578947367,26.333333333333332,88.33,274.4117647058824,1057.1764705882354,0.029411764705882353,0.8604651162790697,High
Airtel,F,67,Nagaland,Delhi,2,116562.0,23,4,4494.0,1,2026,5,2,56+,27,Medium Usage,0.005116796440489433,0.16666666666666666,187.25,9.0,31.494,66.08823529411765,1714.1470588235295,0.029411764705882353,4.6,Low
Airtel,F,41,Uttarakhand,Delhi,1,63658.0,73,30,8497.0,0,2026,5,2,36-45,103,High Usage,0.008590256530948458,0.40540540540540543,114.82432432432432,34.333333333333336,111.497,202.3095238095238,1515.6666666666667,0.023809523809523808,2.3548387096774195,Medium
Vodafone,M,38,Mizoram,Hyderabad,3,132783.0,71,49,10229.0,1,2026,5,2,36-45,120,High Usage,0.006940371456500489,0.6805555555555556,142.06944444444446,40.0,130.22899999999998,262.28205128205127,3404.6923076923076,0.07692307692307693,1.42,High
Vodafone,M,50,Mizoram,Kolkata,1,98282.0,51,13,3597.0,0,2026,5,2,46-55,64,Medium Usage,0.014174541411895497,0.25,69.17307692307692,21.333333333333332,67.597,70.52941176470588,1927.0980392156862,0.0196078431372549,3.642857142857143,Low
Airtel,M,27,Jharkhand,Delhi,4,24674.0,23,7,8206.0,0,2026,5,2,26-35,30,High Usage,0.002802485682953576,0.2916666666666667,341.9166666666667,10.0,38.206,293.07142857142856,881.2142857142857,0.14285714285714285,2.875,Medium
BSNL,F,34,West Bengal,Kolkata,3,29776.0,60,51,4800.0,0,2026,5,2,26-35,111,Medium Usage,0.012497396375755051,0.8360655737704918,78.68852459016394,37.0,115.8,137.14285714285714,850.7428571428571,0.08571428571428572,1.1538461538461537,Low
Airtel,F,36,Sikkim,Delhi,0,147858.0,95,33,1601.0,0,2026,5,2,36-45,128,Low Usage,0.05930087390761548,0.34375,16.677083333333332,42.666666666666664,129.601,43.270270270270274,3996.162162162162,0.0,2.7941176470588234,Very Low
BSNL,F,55,Manipur,Bangalore,0,33928.0,51,12,4030.0,0,2026,5,2,46-55,63,Medium Usage,0.012651947407591168,0.23076923076923078,77.5,21.0,67.03,71.96428571428571,605.8571428571429,0.0,3.923076923076923,Low
Airtel,M,22,Jharkhand,Bangalore,1,84699.0,104,41,3258.0,1,2026,5,2,18-25,145,Low Usage,0.03191162933415158,0.3904761904761905,31.02857142857143,48.333333333333336,148.258,141.65217391304347,3682.5652173913045,0.043478260869565216,2.4761904761904763,Low
BSNL,M,53,Jharkhand,Delhi,4,63026.0,37,12,5049.0,0,2026,5,2,46-55,49,Medium Usage,0.007326732673267326,0.3157894736842105,132.8684210526316,16.333333333333332,54.049,93.5,1167.148148148148,0.07407407407407407,2.8461538461538463,Low
Vodafone,M,65,Assam,Kolkata,3,115456.0,76,28,8412.0,0,2026,5,2,56+,104,High Usage,0.009033638416736003,0.36363636363636365,109.24675324675324,34.666666666666664,112.412,127.45454545454545,1749.3333333333333,0.045454545454545456,2.6206896551724137,Medium
Vodafone,M,68,Sikkim,Kolkata,1,102265.0,25,46,9077.0,0,2026,5,2,56+,71,High Usage,0.0027539105529852392,1.7692307692307692,349.11538461538464,23.666666666666668,80.077,131.55072463768116,1482.1014492753623,0.014492753623188406,0.5319148936170213,High
Airtel,M,67,Assam,Hyderabad,3,66892.0,34,13,3286.0,0,2026,5,2,56+,47,Low Usage,0.010343778521448129,0.37142857142857144,93.88571428571429,15.666666666666666,50.286,48.3235294117647,983.7058823529412,0.04411764705882353,2.4285714285714284,Low
BSNL,M,23,Kerala,Mumbai,0,101553.0,90,15,10125.0,0,2026,5,2,18-25,105,High Usage,0.008888011060635987,0.16483516483516483,111.26373626373626,35.0,115.125,421.875,4231.375,0.0,5.625,High
Reliance Jio,M,40,Gujarat,Mumbai,2,24568.0,27,10,2691.0,1,2026,5,2,36-45,37,Low Usage,0.010029717682020803,0.35714285714285715,96.10714285714286,12.333333333333334,39.691,65.63414634146342,599.219512195122,0.04878048780487805,2.4545454545454546,Very Low
BSNL,F,60,Tamil Nadu,Kolkata,2,31522.0,84,4,4482.0,0,2026,5,2,56+,88,Medium Usage,0.018737452598706225,0.047058823529411764,52.72941176470588,29.333333333333332,92.482,73.47540983606558,516.7540983606557,0.03278688524590164,16.8,Low
Vodafone,M,66,Andhra Pradesh,Kolkata,3,136307.0,92,30,2323.0,0,2026,5,2,56+,122,Low Usage,0.039586919104991396,0.3225806451612903,24.978494623655912,40.666666666666664,124.323,34.67164179104478,2034.4328358208954,0.04477611940298507,2.967741935483871,Very Low
BSNL,M,57,Telangana,Delhi,2,121325.0,46,43,6789.0,0,2026,5,2,56+,89,High Usage,0.006774668630338734,0.9148936170212766,144.4468085106383,29.666666666666668,95.789,117.05172413793103,2091.810344827586,0.034482758620689655,1.0454545454545454,Medium
Vodafone,F,26,Mizoram,Hyderabad,1,39520.0,86,29,9446.0,1,2026,5,2,26-35,115,High Usage,0.009103419074838573,0.3333333333333333,108.57471264367815,38.333333333333336,124.446,349.85185185185185,1463.7037037037037,0.037037037037037035,2.8666666666666667,High
BSNL,F,29,Uttar Pradesh,Delhi,2,120050.0,26,3,2691.0,0,2026,5,2,26-35,29,Low Usage,0.009658246656760773,0.1111111111111111,99.66666666666667,9.666666666666666,31.691,89.7,4001.6666666666665,0.06666666666666667,6.5,Very Low
Reliance Jio,F,61,Telangana,Kolkata,4,43388.0,32,6,1528.0,0,2026,5,2,56+,38,Low Usage,0.020928711576193592,0.18181818181818182,46.303030303030305,12.666666666666666,39.528,24.64516129032258,699.8064516129032,0.06451612903225806,4.571428571428571,Very Low
Airtel,M,73,Madhya Pradesh,Hyderabad,1,66301.0,50,13,2154.0,0,2026,5,2,56+,63,Low Usage,0.02320185614849188,0.2549019607843137,42.23529411764706,21.0,65.154,29.10810810810811,895.9594594594595,0.013513513513513514,3.5714285714285716,Very Low
Airtel,M,62,Assam,Bangalore,1,39751.0,92,43,8593.0,0,2026,5,2,56+,135,High Usage,0.010705143123109146,0.46236559139784944,92.39784946236558,45.0,143.593,136.3968253968254,630.968253968254,0.015873015873015872,2.090909090909091,Medium
Vodafone,M,70,Jharkhand,Hyderabad,1,49984.0,27,17,2484.0,1,2026,6,2,56+,44,Low Usage,0.010865191146881288,0.6071428571428571,88.71428571428571,14.666666666666666,46.484,34.985915492957744,704.0,0.014084507042253521,1.5,Very Low
Airtel,M,62,Rajasthan,Hyderabad,0,135719.0,83,26,5049.0,0,2026,6,2,56+,109,Medium Usage,0.016435643564356436,0.30952380952380953,60.107142857142854,36.333333333333336,114.049,80.14285714285714,2154.2698412698414,0.0,3.074074074074074,Low
Reliance Jio,M,72,Jharkhand,Delhi,2,41911.0,40,35,5262.0,0,2026,6,2,56+,75,Medium Usage,0.007600228006840205,0.8536585365853658,128.34146341463415,25.0,80.262,72.08219178082192,574.1232876712329,0.0273972602739726,1.1111111111111112,Low
Airtel,M,64,Goa,Bangalore,1,100231.0,11,20,4591.0,0,2026,6,2,56+,31,Medium Usage,0.002395470383275261,1.6666666666666667,382.5833333333333,10.333333333333334,35.591,70.63076923076923,1542.0153846153846,0.015384615384615385,0.5238095238095238,Low
Airtel,M,65,Telangana,Kolkata,1,144521.0,85,7,2500.0,0,2026,6,2,56+,92,Low Usage,0.03398640543782487,0.08139534883720931,29.069767441860463,30.666666666666668,94.5,37.878787878787875,2189.712121212121,0.015151515151515152,10.625,Very Low
Airtel,M,44,West Bengal,Delhi,0,58917.0,96,43,7408.0,0,2026,6,2,36-45,139,High Usage,0.012957214198947227,0.44329896907216493,76.37113402061856,46.333333333333336,146.408,164.62222222222223,1309.2666666666667,0.0,2.1818181818181817,Medium
Reliance Jio,M,29,West Bengal,Kolkata,3,127353.0,102,24,46.0,0,2026,6,2,26-35,126,Low Usage,2.1702127659574466,0.23300970873786409,0.44660194174757284,42.0,126.046,1.5333333333333334,4245.1,0.1,4.08,Very Low
BSNL,M,61,Rajasthan,Hyderabad,2,71266.0,27,3,5960.0,0,2026,6,2,56+,30,Medium Usage,0.004529441368897836,0.10714285714285714,212.85714285714286,10.0,35.96,96.12903225806451,1149.4516129032259,0.03225806451612903,6.75,Low
Reliance Jio,M,67,Goa,Mumbai,4,38264.0,96,44,143.0,0,2026,6,2,56+,140,Low Usage,0.6666666666666666,0.4536082474226804,1.4742268041237114,46.666666666666664,140.143,2.1029411764705883,562.7058823529412,0.058823529411764705,2.1333333333333333,Very Low
BSNL,M,47,Nagaland,Hyderabad,2,110063.0,41,0,7613.0,1,2026,6,2,46-55,41,High Usage,0.0053848174415550305,0.0,181.26190476190476,13.666666666666666,48.613,158.60416666666666,2292.9791666666665,0.041666666666666664,41.0,Medium
Reliance Jio,M,58,Uttarakhand,Hyderabad,0,121046.0,83,40,2843.0,0,2026,6,2,56+,123,Low Usage,0.029184247538677918,0.47619047619047616,33.845238095238095,41.0,125.843,48.186440677966104,2051.6271186440677,0.0,2.024390243902439,Very Low
BSNL,M,55,Sikkim,Mumbai,4,38480.0,13,44,9302.0,0,2026,6,2,46-55,57,High Usage,0.0013973986885950768,3.142857142857143,664.4285714285714,19.0,66.30199999999999,166.10714285714286,687.1428571428571,0.07142857142857142,0.28888888888888886,High
Airtel,M,21,Rajasthan,Kolkata,3,120546.0,70,27,258.0,0,2026,6,2,18-25,97,Low Usage,0.2702702702702703,0.38028169014084506,3.6338028169014085,32.333333333333336,97.258,11.727272727272727,5479.363636363636,0.13636363636363635,2.5,Very Low
Airtel,F,31,Mizoram,Bangalore,4,91738.0,0,47,2966.0,0,2026,6,2,26-35,47,Low Usage,0.0,47.0,2966.0,15.666666666666666,49.966,92.6875,2866.8125,0.125,0.0,Very Low
Vodafone,M,64,Kerala,Hyderabad,0,122486.0,50,27,6395.0,0,2026,6,2,56+,77,Medium Usage,0.007817385866166354,0.5294117647058824,125.3921568627451,25.666666666666668,83.395,98.38461538461539,1884.4,0.0,1.7857142857142858,Medium
Vodafone,M,45,Nagaland,Chennai,1,45761.0,44,27,4235.0,0,2026,6,2,36-45,71,Medium Usage,0.010387157695939566,0.6,94.11111111111111,23.666666666666668,75.235,92.06521739130434,994.804347826087,0.021739130434782608,1.5714285714285714,Low
BSNL,M,21,Kerala,Kolkata,0,71536.0,47,5,1818.0,0,2026,6,2,18-25,52,Low Usage,0.02583837273227048,0.10416666666666667,37.875,17.333333333333332,53.818,82.63636363636364,3251.6363636363635,0.0,7.833333333333333,Very Low
Airtel,M,65,Madhya Pradesh,Kolkata,3,49445.0,37,3,5049.0,0,2026,6,2,56+,40,Medium Usage,0.007326732673267326,0.07894736842105263,132.8684210526316,13.333333333333334,45.049,76.5,749.1666666666666,0.045454545454545456,9.25,Low
Reliance Jio,M,52,Madhya Pradesh,Delhi,0,69862.0,76,27,2682.0,0,2026,6,2,46-55,103,Low Usage,0.028326500186358555,0.35064935064935066,34.83116883116883,34.333333333333336,105.682,50.60377358490566,1318.1509433962265,0.0,2.7142857142857144,Very Low
Vodafone,M,34,Arunachal Pradesh,Delhi,0,46038.0,88,22,2467.0,0,2026,6,2,26-35,110,Low Usage,0.03565640194489465,0.24719101123595505,27.719101123595507,36.666666666666664,112.467,70.48571428571428,1315.3714285714286,0.0,3.8260869565217392,Very Low
Vodafone,F,35,Haryana,Mumbai,3,55354.0,50,48,6754.0,0,2026,6,2,26-35,98,High Usage,0.007401924500370096,0.9411764705882353,132.4313725490196,32.666666666666664,104.754,187.61111111111111,1537.611111111111,0.08333333333333333,1.0204081632653061,Medium
BSNL,M,22,Himachal Pradesh,Delhi,2,49860.0,50,33,1948.0,0,2026,6,2,18-25,83,Low Usage,0.025654181631605953,0.6470588235294118,38.19607843137255,27.666666666666668,84.948,84.69565217391305,2167.8260869565215,0.08695652173913043,1.4705882352941178,Very Low
Vodafone,M,56,Maharashtra,Bangalore,3,104299.0,6,25,3532.0,0,2026,6,2,56+,31,Low Usage,0.0016982734220209455,3.5714285714285716,504.57142857142856,10.333333333333334,34.532,61.96491228070175,1829.8070175438597,0.05263157894736842,0.23076923076923078,Low
Airtel,M,26,Arunachal Pradesh,Chennai,2,59908.0,54,17,1720.0,0,2026,6,2,26-35,71,Low Usage,0.03137710633352702,0.3090909090909091,31.272727272727273,23.666666666666668,72.72,63.7037037037037,2218.814814814815,0.07407407407407407,3.0,Very Low
Reliance Jio,F,21,Gujarat,Chennai,0,47598.0,66,18,671.0,0,2026,6,2,18-25,84,Low Usage,0.09821428571428571,0.26865671641791045,10.014925373134329,28.0,84.671,30.5,2163.5454545454545,0.0,3.473684210526316,Very Low
BSNL,F,38,Odisha,Delhi,0,83729.0,53,29,8183.0,0,2026,6,2,36-45,82,High Usage,0.006476050830889541,0.5370370370370371,151.53703703703704,27.333333333333332,90.18299999999999,209.82051282051282,2146.897435897436,0.0,1.7666666666666666,Medium
Airtel,M,46,Manipur,Hyderabad,3,49828.0,63,27,8299.0,0,2026,6,2,46-55,90,High Usage,0.007590361445783133,0.421875,129.671875,30.0,98.299,176.5744680851064,1060.1702127659576,0.06382978723404255,2.25,Medium
BSNL,F,58,Andhra Pradesh,Chennai,0,143116.0,5,42,8438.0,1,2026,6,2,56+,47,High Usage,0.0005924872615238773,7.0,1406.3333333333333,15.666666666666666,55.438,143.01694915254237,2425.6949152542375,0.0,0.11627906976744186,Medium
BSNL,M,20,Kerala,Kolkata,3,143873.0,96,11,428.0,0,2026,6,2,18-25,107,Low Usage,0.22377622377622378,0.1134020618556701,4.412371134020619,35.666666666666664,107.428,20.38095238095238,6851.0952380952385,0.14285714285714285,8.0,Very Low
Vodafone,F,25,Madhya Pradesh,Delhi,1,69022.0,28,1,7776.0,0,2026,6,2,18-25,29,High Usage,0.0036003600360036,0.034482758620689655,268.13793103448273,9.666666666666666,36.775999999999996,299.0769230769231,2654.6923076923076,0.038461538461538464,14.0,Medium
Vodafone,F,55,Assam,Mumbai,2,68519.0,42,40,7983.0,1,2026,7,3,46-55,82,High Usage,0.005260521042084168,0.9302325581395349,185.65116279069767,27.333333333333332,89.983,142.55357142857142,1223.5535714285713,0.03571428571428571,1.024390243902439,Medium
Reliance Jio,M,22,Manipur,Hyderabad,3,103846.0,50,22,7387.0,0,2026,7,3,18-25,72,High Usage,0.00676773145641581,0.43137254901960786,144.84313725490196,24.0,79.387,321.17391304347825,4515.04347826087,0.13043478260869565,2.1739130434782608,Medium
Airtel,F,31,Chhattisgarh,Hyderabad,1,79200.0,27,23,6919.0,0,2026,7,3,26-35,50,High Usage,0.0039017341040462426,0.8214285714285714,247.10714285714286,16.666666666666668,56.919,216.21875,2475.0,0.03125,1.125,Medium
BSNL,M,65,Nagaland,Delhi,4,90440.0,5,44,4182.0,1,2026,7,3,56+,49,Medium Usage,0.0011953143676786994,7.333333333333333,697.0,16.333333333333332,53.182,63.36363636363637,1370.3030303030303,0.06060606060606061,0.1111111111111111,Low
Reliance Jio,M,43,Arunachal Pradesh,Chennai,0,112179.0,55,38,5049.0,0,2026,7,3,36-45,93,Medium Usage,0.01089108910891089,0.6785714285714286,90.16071428571429,31.0,98.049,114.75,2549.5227272727275,0.0,1.4102564102564104,Low
BSNL,M,55,Haryana,Bangalore,0,63307.0,0,44,5503.0,0,2026,7,3,46-55,44,Medium Usage,0.0,44.0,5503.0,14.666666666666666,49.503,98.26785714285714,1130.482142857143,0.0,0.0,Low
BSNL,M,30,Sikkim,Chennai,4,97921.0,102,4,5550.0,1,2026,7,3,26-35,106,Medium Usage,0.018375067555395426,0.038834951456310676,53.883495145631066,35.333333333333336,111.55,179.03225806451613,3158.7419354838707,0.12903225806451613,20.4,Low
Reliance Jio,F,25,Gujarat,Chennai,1,93852.0,102,46,229.0,0,2026,7,3,18-25,148,Low Usage,0.4434782608695652,0.44660194174757284,2.2233009708737863,49.333333333333336,148.229,8.807692307692308,3609.6923076923076,0.038461538461538464,2.1702127659574466,Very Low
BSNL,F,44,Tamil Nadu,Hyderabad,4,94041.0,64,27,4462.0,0,2026,7,3,36-45,91,Medium Usage,0.01434012995742774,0.4153846153846154,68.64615384615385,30.333333333333332,95.462,99.15555555555555,2089.8,0.08888888888888889,2.2857142857142856,Low
Reliance Jio,M,39,Punjab,Bangalore,2,99339.0,73,42,8109.0,0,2026,7,3,36-45,115,High Usage,0.009001233045622689,0.5675675675675675,109.58108108108108,38.333333333333336,123.109,202.725,2483.475,0.05,1.697674418604651,Medium
Vodafone,M,44,Telangana,Delhi,3,35432.0,13,35,10470.0,1,2026,7,3,36-45,48,High Usage,0.0012415242097220897,2.5,747.8571428571429,16.0,58.47,232.66666666666666,787.3777777777777,0.06666666666666667,0.3611111111111111,High
Airtel,M,45,Odisha,Hyderabad,4,97714.0,35,13,4125.0,0,2026,7,3,36-45,48,Medium Usage,0.008482792050412021,0.3611111111111111,114.58333333333333,16.0,52.125,89.67391304347827,2124.217391304348,0.08695652173913043,2.5,Low
Airtel,F,43,Assam,Hyderabad,3,52872.0,36,33,10194.0,0,2026,7,3,36-45,69,High Usage,0.003531142717018146,0.8918918918918919,275.5135135135135,23.0,79.194,231.6818181818182,1201.6363636363637,0.06818181818181818,1.0588235294117647,High
Vodafone,F,62,Mizoram,Mumbai,1,140114.0,52,29,8713.0,0,2026,7,3,56+,81,High Usage,0.005967408767500574,0.5471698113207547,164.39622641509433,27.0,89.713,138.3015873015873,2224.031746031746,0.015873015873015872,1.7333333333333334,Medium
Reliance Jio,M,29,Arunachal Pradesh,Mumbai,4,84462.0,87,21,6766.0,0,2026,7,3,26-35,108,High Usage,0.01285650953155017,0.23863636363636365,76.88636363636364,36.0,114.766,225.53333333333333,2815.4,0.13333333333333333,3.9545454545454546,Medium
Reliance Jio,M,54,Gujarat,Chennai,3,133190.0,79,4,1050.0,1,2026,7,3,46-55,83,Low Usage,0.07516650808753568,0.05,13.125,27.666666666666668,84.05,19.09090909090909,2421.6363636363635,0.05454545454545454,15.8,Very Low
Airtel,M,41,Uttar Pradesh,Delhi,4,27403.0,90,15,9299.0,0,2026,7,3,36-45,105,High Usage,0.00967741935483871,0.16483516483516483,102.18681318681318,35.0,114.299,221.4047619047619,652.452380952381,0.09523809523809523,5.625,High
BSNL,M,36,Karnataka,Delhi,0,137796.0,57,4,4286.0,0,2026,7,3,36-45,61,Medium Usage,0.013296011196641007,0.06896551724137931,73.89655172413794,20.333333333333332,65.286,115.83783783783784,3724.2162162162163,0.0,11.4,Low
BSNL,F,45,West Bengal,Chennai,4,35060.0,73,20,6613.0,0,2026,7,3,36-45,93,Medium Usage,0.011037193831267009,0.2702702702702703,89.36486486486487,31.0,99.613,143.7608695652174,762.1739130434783,0.08695652173913043,3.4761904761904763,Medium
BSNL,M,54,Himachal Pradesh,Hyderabad,0,33496.0,11,36,5467.0,0,2026,7,3,46-55,47,Medium Usage,0.002011704462326262,3.0,455.5833333333333,15.666666666666666,52.467,99.4,609.0181818181818,0.0,0.2972972972972973,Low
BSNL,F,38,Assam,Delhi,1,56661.0,57,25,3658.0,0,2026,7,3,36-45,82,Medium Usage,0.01557802678327412,0.43103448275862066,63.06896551724138,27.333333333333332,85.658,93.7948717948718,1452.8461538461538,0.02564102564102564,2.1923076923076925,Low
Reliance Jio,M,49,Goa,Delhi,1,141710.0,10,21,5024.0,0,2026,7,3,46-55,31,Medium Usage,0.001990049751243781,1.9090909090909092,456.72727272727275,10.333333333333334,36.024,100.48,2834.2,0.02,0.45454545454545453,Low
Airtel,F,47,Gujarat,Hyderabad,3,103302.0,9,26,10432.0,0,2026,7,3,46-55,35,High Usage,0.0008626473689255248,2.6,1043.2,11.666666666666666,45.432,217.33333333333334,2152.125,0.0625,0.3333333333333333,High
Airtel,M,41,Jharkhand,Bangalore,4,62961.0,37,14,5834.0,0,2026,7,3,36-45,51,Medium Usage,0.006341045415595544,0.3684210526315789,153.52631578947367,17.0,56.834,138.9047619047619,1499.0714285714287,0.09523809523809523,2.466666666666667,Low
Reliance Jio,M,56,Tamil Nadu,Chennai,3,56448.0,50,3,3338.0,1,2026,7,3,56+,53,Low Usage,0.01497454327643007,0.058823529411764705,65.45098039215686,17.666666666666668,56.338,58.56140350877193,990.3157894736842,0.05263157894736842,12.5,Low
BSNL,F,23,Sikkim,Mumbai,1,78355.0,29,45,1176.0,0,2026,7,3,18-25,74,Low Usage,0.02463891248937978,1.5,39.2,24.666666666666668,75.176,49.0,3264.7916666666665,0.041666666666666664,0.6304347826086957,Very Low
Vodafone,M,57,Rajasthan,Kolkata,1,126213.0,38,26,534.0,0,2026,7,3,56+,64,Low Usage,0.07102803738317758,0.6666666666666666,13.692307692307692,21.333333333333332,64.534,9.206896551724139,2176.0862068965516,0.017241379310344827,1.4074074074074074,Very Low
Reliance Jio,F,31,Tripura,Chennai,1,52906.0,81,27,5275.0,0,2026,7,3,26-35,108,Medium Usage,0.01535253980288097,0.32926829268292684,64.32926829268293,36.0,113.275,164.84375,1653.3125,0.03125,2.892857142857143,Low
BSNL,F,43,Himachal Pradesh,Chennai,1,118265.0,97,36,317.0,1,2026,7,3,36-45,133,Low Usage,0.3050314465408805,0.3673469387755102,3.2346938775510203,44.333333333333336,133.317,7.204545454545454,2687.840909090909,0.022727272727272728,2.6216216216216215,Very Low
Airtel,M,41,Gujarat,Mumbai,3,71467.0,32,3,6104.0,1,2026,7,3,36-45,35,Medium Usage,0.005241605241605242,0.09090909090909091,184.96969696969697,11.666666666666666,41.104,145.33333333333334,1701.595238095238,0.07142857142857142,8.0,Medium
Airtel,M,51,Chhattisgarh,Mumbai,3,26780.0,52,33,7360.0,0,2026,7,3,46-55,85,High Usage,0.007064257573699225,0.6226415094339622,138.8679245283019,28.333333333333332,92.36,141.53846153846155,515.0,0.057692307692307696,1.5294117647058822,Medium
Reliance Jio,M,22,Maharashtra,Kolkata,3,94395.0,68,22,6082.0,0,2026,8,3,18-25,90,Medium Usage,0.01117869472299852,0.3188405797101449,88.14492753623189,30.0,96.082,264.4347826086956,4104.130434782609,0.13043478260869565,2.9565217391304346,Medium
Reliance Jio,M,54,Bihar,Delhi,3,22573.0,49,34,2975.0,0,2026,8,3,46-55,83,Low Usage,0.01646505376344086,0.68,59.5,27.666666666666668,85.975,54.09090909090909,410.41818181818184,0.05454545454545454,1.4,Very Low
BSNL,M,74,Arunachal Pradesh,Chennai,4,91138.0,62,42,3169.0,0,2026,8,3,56+,104,Low Usage,0.019558359621451103,0.6666666666666666,50.301587301587304,34.666666666666664,107.169,42.25333333333333,1215.1733333333334,0.05333333333333334,1.441860465116279,Low
Vodafone,M,66,Rajasthan,Bangalore,4,99972.0,10,1,5198.0,0,2026,8,3,56+,11,Medium Usage,0.0019234468166955184,0.09090909090909091,472.54545454545456,3.6666666666666665,16.198,77.58208955223881,1492.1194029850747,0.05970149253731343,5.0,Low
Vodafone,M,33,Mizoram,Mumbai,2,26162.0,93,31,7525.0,0,2026,8,3,26-35,124,High Usage,0.012357161838958278,0.32978723404255317,80.05319148936171,41.333333333333336,131.525,221.3235294117647,769.4705882352941,0.058823529411764705,2.90625,Medium
Airtel,F,68,Andhra Pradesh,Delhi,1,52581.0,60,26,6942.0,0,2026,8,3,56+,86,High Usage,0.008641797493878728,0.4262295081967213,113.80327868852459,28.666666666666668,92.94200000000001,100.6086956521739,762.0434782608696,0.014492753623188406,2.2222222222222223,Medium
Reliance Jio,M,73,Uttar Pradesh,Chennai,3,115459.0,10,42,2708.0,0,2026,8,3,56+,52,Low Usage,0.0036913990402362494,3.8181818181818183,246.1818181818182,17.333333333333332,54.708,36.5945945945946,1560.2567567567567,0.04054054054054054,0.23255813953488372,Very Low
Vodafone,F,22,Gujarat,Chennai,2,36184.0,60,29,5697.0,1,2026,8,3,18-25,89,Medium Usage,0.01053001053001053,0.47540983606557374,93.39344262295081,29.666666666666668,94.697,247.69565217391303,1573.2173913043478,0.08695652173913043,2.0,Low
Airtel,F,40,Meghalaya,Kolkata,1,28285.0,23,44,6471.0,0,2026,8,3,36-45,67,Medium Usage,0.003553770086526576,1.8333333333333333,269.625,22.333333333333332,73.471,157.82926829268294,689.8780487804878,0.024390243902439025,0.5111111111111111,Medium
Airtel,F,40,Kerala,Mumbai,4,102604.0,78,5,5049.0,0,2026,8,3,36-45,83,Medium Usage,0.015445544554455445,0.06329113924050633,63.91139240506329,27.666666666666668,88.049,123.14634146341463,2502.5365853658536,0.0975609756097561,13.0,Low
BSNL,M,37,Arunachal Pradesh,Mumbai,2,27313.0,18,32,6253.0,0,2026,8,3,36-45,50,Medium Usage,0.002878157978893508,1.6842105263157894,329.10526315789474,16.666666666666668,56.253,164.55263157894737,718.7631578947369,0.05263157894736842,0.5454545454545454,Medium
Reliance Jio,M,48,Kerala,Chennai,3,76817.0,84,16,7203.0,0,2026,8,3,46-55,100,High Usage,0.011660188784008884,0.18823529411764706,84.74117647058823,33.333333333333336,107.203,147.0,1567.6938775510205,0.061224489795918366,4.9411764705882355,Medium
Vodafone,M,36,Karnataka,Bangalore,2,54413.0,62,28,5117.0,1,2026,8,3,36-45,90,Medium Usage,0.01211410707307542,0.4444444444444444,81.22222222222223,30.0,95.117,138.2972972972973,1470.6216216216217,0.05405405405405406,2.1379310344827585,Low
BSNL,M,35,Madhya Pradesh,Bangalore,2,70485.0,11,22,7841.0,0,2026,8,3,26-35,33,High Usage,0.0014027033919918389,1.8333333333333333,653.4166666666666,11.0,40.841,217.80555555555554,1957.9166666666667,0.05555555555555555,0.4782608695652174,Medium
Airtel,M,61,Maharashtra,Chennai,1,60152.0,65,29,5049.0,0,2026,8,3,56+,94,Medium Usage,0.01287128712871287,0.4393939393939394,76.5,31.333333333333332,99.049,81.43548387096774,970.1935483870968,0.016129032258064516,2.1666666666666665,Low
Reliance Jio,M,20,Tripura,Hyderabad,1,27291.0,18,21,3248.0,0,2026,8,3,18-25,39,Low Usage,0.00554016620498615,1.105263157894737,170.94736842105263,13.0,42.248,154.66666666666666,1299.5714285714287,0.047619047619047616,0.8181818181818182,Low
BSNL,F,55,Haryana,Bangalore,4,42005.0,11,44,5777.0,0,2026,8,3,46-55,55,Medium Usage,0.001903772931810315,3.6666666666666665,481.4166666666667,18.333333333333332,60.777,103.16071428571429,750.0892857142857,0.07142857142857142,0.24444444444444444,Low
Airtel,M,59,Arunachal Pradesh,Bangalore,0,43333.0,33,24,8435.0,0,2026,8,3,56+,57,High Usage,0.0039118065433854906,0.7058823529411765,248.08823529411765,19.0,65.435,140.58333333333334,722.2166666666667,0.0,1.32,Medium
BSNL,F,24,Andhra Pradesh,Chennai,1,93611.0,35,20,4626.0,0,2026,8,3,18-25,55,Medium Usage,0.007564296520423601,0.5555555555555556,128.5,18.333333333333332,59.626,185.04,3744.44,0.04,1.6666666666666667,Low
Airtel,F,21,Nagaland,Delhi,4,75823.0,73,33,2541.0,1,2026,8,3,18-25,106,Low Usage,0.028717545239968528,0.44594594594594594,34.33783783783784,35.333333333333336,108.541,115.5,3446.5,0.18181818181818182,2.1470588235294117,Very Low
BSNL,F,60,Assam,Mumbai,4,34164.0,38,24,1085.0,0,2026,8,3,56+,62,Low Usage,0.034990791896869246,0.6153846153846154,27.82051282051282,20.666666666666668,63.085,17.78688524590164,560.0655737704918,0.06557377049180328,1.52,Very Low
BSNL,M,58,Nagaland,Chennai,0,94614.0,14,28,6873.0,0,2026,8,3,56+,42,High Usage,0.002036659877800407,1.8666666666666667,458.2,14.0,48.873,116.49152542372882,1603.6271186440679,0.0,0.4827586206896552,Medium
BSNL,F,36,Maharashtra,Mumbai,3,103577.0,26,21,2314.0,1,2026,8,3,36-45,47,Low Usage,0.01123110151187905,0.7777777777777778,85.70370370370371,15.666666666666666,49.314,62.54054054054054,2799.3783783783783,0.08108108108108109,1.1818181818181819,Very Low
BSNL,M,41,Bihar,Hyderabad,2,46474.0,58,18,7964.0,0,2026,8,3,36-45,76,High Usage,0.0072818581293157564,0.3050847457627119,134.98305084745763,25.333333333333332,83.964,189.61904761904762,1106.5238095238096,0.047619047619047616,3.0526315789473686,Medium
BSNL,F,31,Andhra Pradesh,Delhi,0,87962.0,19,6,799.0,0,2026,8,3,26-35,25,Low Usage,0.02375,0.3,39.95,8.333333333333334,25.799,24.96875,2748.8125,0.0,2.7142857142857144,Very Low
Airtel,M,60,Himachal Pradesh,Mumbai,4,143361.0,29,49,5951.0,0,2026,8,3,56+,78,Medium Usage,0.004872311827956989,1.6333333333333333,198.36666666666667,26.0,83.951,97.55737704918033,2350.1803278688526,0.06557377049180328,0.58,Low
Reliance Jio,F,74,Haryana,Bangalore,0,40553.0,1,11,2819.0,0,2026,8,3,56+,12,Low Usage,0.0003546099290780142,5.5,1409.5,4.0,14.818999999999999,37.586666666666666,540.7066666666667,0.0,0.08333333333333333,Very Low
Vodafone,F,29,Maharashtra,Bangalore,1,64743.0,94,34,8803.0,0,2026,8,3,26-35,128,High Usage,0.010676965015901863,0.35789473684210527,92.66315789473684,42.666666666666664,136.803,293.43333333333334,2158.1,0.03333333333333333,2.6857142857142855,Medium
BSNL,F,58,Odisha,Bangalore,3,36628.0,28,30,513.0,0,2026,8,3,56+,58,Low Usage,0.054474708171206226,1.0344827586206897,17.689655172413794,19.333333333333332,58.513,8.694915254237289,620.8135593220339,0.05084745762711865,0.9032258064516129,Very Low
Vodafone,F,26,Goa,Delhi,4,82017.0,38,49,6397.0,0,2026,8,3,26-35,87,Medium Usage,0.005939356048765239,1.2564102564102564,164.02564102564102,29.0,93.397,236.92592592592592,3037.6666666666665,0.14814814814814814,0.76,Medium
Vodafone,M,66,Andhra Pradesh,Kolkata,1,50606.0,94,38,1311.0,0,2026,8,3,56+,132,Low Usage,0.07164634146341463,0.4,13.8,44.0,133.311,19.567164179104477,755.3134328358209,0.014925373134328358,2.41025641025641,Very Low
Reliance Jio,M,73,Manipur,Mumbai,1,149124.0,36,26,6958.0,0,2026,9,3,56+,62,High Usage,0.005173157062796379,0.7027027027027027,188.05405405405406,20.666666666666668,68.958,94.02702702702703,2015.1891891891892,0.013513513513513514,1.3333333333333333,Medium
BSNL,M,44,Rajasthan,Mumbai,3,63238.0,103,30,4267.0,0,2026,9,3,36-45,133,Medium Usage,0.024133083411433928,0.28846153846153844,41.02884615384615,44.333333333333336,137.267,94.82222222222222,1405.2888888888888,0.06666666666666667,3.3225806451612905,Low
Vodafone,M,19,Meghalaya,Hyderabad,0,132309.0,56,45,5178.0,0,2026,9,3,18-25,101,Medium Usage,0.010812898242904035,0.7894736842105263,90.84210526315789,33.666666666666664,106.178,258.9,6615.45,0.0,1.2173913043478262,Low
Airtel,F,22,Gujarat,Bangalore,4,44523.0,42,52,3377.0,0,2026,9,3,18-25,94,Low Usage,0.012433392539964476,1.2093023255813953,78.53488372093024,31.333333333333332,97.377,146.82608695652175,1935.7826086956522,0.17391304347826086,0.7924528301886793,Low
Airtel,M,43,Punjab,Hyderabad,1,68207.0,42,27,5841.0,1,2026,9,3,36-45,69,Medium Usage,0.00718931872646354,0.627906976744186,135.8372093023256,23.0,74.841,132.75,1550.159090909091,0.022727272727272728,1.5,Low
BSNL,M,47,Goa,Mumbai,2,101683.0,19,25,1950.0,0,2026,9,3,46-55,44,Low Usage,0.009738595592004101,1.25,97.5,14.666666666666666,45.95,40.625,2118.3958333333335,0.041666666666666664,0.7307692307692307,Very Low
Vodafone,M,27,Rajasthan,Mumbai,3,64387.0,29,36,5642.0,0,2026,9,3,26-35,65,Medium Usage,0.005139110402268297,1.2,188.06666666666666,21.666666666666668,70.642,201.5,2299.535714285714,0.10714285714285714,0.7837837837837838,Low
Vodafone,F,37,Goa,Kolkata,4,99950.0,20,48,1449.0,1,2026,9,3,36-45,68,Low Usage,0.013793103448275862,2.2857142857142856,69.0,22.666666666666668,69.449,38.13157894736842,2630.2631578947367,0.10526315789473684,0.40816326530612246,Very Low
Airtel,M,43,Uttar Pradesh,Mumbai,3,143446.0,38,16,3075.0,0,2026,9,3,36-45,54,Low Usage,0.01235370611183355,0.41025641025641024,78.84615384615384,18.0,57.075,69.88636363636364,3260.1363636363635,0.06818181818181818,2.235294117647059,Low
BSNL,M,64,Uttarakhand,Mumbai,1,101528.0,6,43,5951.0,1,2026,9,3,56+,49,Medium Usage,0.0010080645161290322,6.142857142857143,850.1428571428571,16.333333333333332,54.951,91.55384615384615,1561.9692307692308,0.015384615384615385,0.13636363636363635,Low
Airtel,M,24,Punjab,Chennai,4,127065.0,6,39,1615.0,0,2026,9,3,18-25,45,Low Usage,0.0037128712871287127,5.571428571428571,230.71428571428572,15.0,46.615,64.6,5082.6,0.16,0.15,Very Low
Reliance Jio,M,29,Assam,Delhi,4,119793.0,63,23,1351.0,0,2026,9,3,26-35,86,Low Usage,0.04659763313609468,0.359375,21.109375,28.666666666666668,87.351,45.03333333333333,3993.1,0.13333333333333333,2.625,Very Low
Vodafone,F,50,Chhattisgarh,Hyderabad,2,137763.0,45,16,10439.0,0,2026,9,3,46-55,61,High Usage,0.004310344827586207,0.34782608695652173,226.93478260869566,20.333333333333332,71.439,204.68627450980392,2701.235294117647,0.0392156862745098,2.6470588235294117,High
Reliance Jio,M,32,Bihar,Chennai,4,31730.0,56,28,91.0,0,2026,9,3,26-35,84,Low Usage,0.6086956521739131,0.49122807017543857,1.5964912280701755,28.0,84.091,2.757575757575758,961.5151515151515,0.12121212121212122,1.9310344827586208,Very Low
Vodafone,M,43,Assam,Delhi,0,118919.0,39,3,2520.0,0,2026,9,3,36-45,42,Low Usage,0.015470051566838556,0.075,63.0,14.0,44.52,57.27272727272727,2702.7045454545455,0.0,9.75,Very Low
Vodafone,M,67,Assam,Kolkata,2,27016.0,34,9,2255.0,0,2026,9,3,56+,43,Low Usage,0.015070921985815602,0.2571428571428571,64.42857142857143,14.333333333333334,45.255,33.161764705882355,397.29411764705884,0.029411764705882353,3.4,Very Low
Vodafone,F,49,Haryana,Chennai,2,63554.0,37,27,6627.0,0,2026,9,3,46-55,64,High Usage,0.005582377791188896,0.7105263157894737,174.39473684210526,21.333333333333332,70.627,132.54,1271.08,0.04,1.3214285714285714,Medium
Reliance Jio,F,38,Andhra Pradesh,Delhi,1,93879.0,30,30,2102.0,0,2026,9,3,36-45,60,Low Usage,0.014265335235378032,0.967741935483871,67.80645161290323,20.0,62.102,53.8974358974359,2407.153846153846,0.02564102564102564,0.967741935483871,Very Low
Vodafone,F,51,Odisha,Bangalore,1,105253.0,94,43,3694.0,0,2026,9,3,46-55,137,Medium Usage,0.02543978349120433,0.45263157894736844,38.88421052631579,45.666666666666664,140.694,71.03846153846153,2024.0961538461538,0.019230769230769232,2.1363636363636362,Low
Airtel,F,36,Meghalaya,Kolkata,1,94833.0,82,26,3810.0,1,2026,9,3,36-45,108,Medium Usage,0.021516662293361324,0.3132530120481928,45.903614457831324,36.0,111.81,102.97297297297297,2563.054054054054,0.02702702702702703,3.037037037037037,Low
Vodafone,M,55,Madhya Pradesh,Hyderabad,4,99518.0,82,5,3952.0,0,2026,9,3,46-55,87,Medium Usage,0.020743738932456363,0.060240963855421686,47.6144578313253,29.0,90.952,70.57142857142857,1777.107142857143,0.07142857142857142,13.666666666666666,Low
Airtel,M,31,Andhra Pradesh,Mumbai,2,36384.0,83,22,7107.0,0,2026,9,3,26-35,105,High Usage,0.011676983680360157,0.2619047619047619,84.60714285714286,35.0,112.107,222.09375,1137.0,0.0625,3.608695652173913,Medium
Airtel,F,33,Goa,Mumbai,2,141161.0,34,42,1931.0,0,2026,9,3,26-35,76,Low Usage,0.017598343685300208,1.2,55.17142857142857,25.333333333333332,77.931,56.794117647058826,4151.794117647059,0.058823529411764705,0.7906976744186046,Very Low
Vodafone,F,74,Tamil Nadu,Kolkata,0,113707.0,33,37,3266.0,0,2026,9,3,56+,70,Low Usage,0.010101010101010102,1.088235294117647,96.05882352941177,23.333333333333332,73.266,43.54666666666667,1516.0933333333332,0.0,0.868421052631579,Low
Vodafone,M,18,Haryana,Mumbai,0,125189.0,36,50,2599.0,0,2026,9,3,18-25,86,Low Usage,0.013846153846153847,1.3513513513513513,70.24324324324324,28.666666666666668,88.599,136.78947368421052,6588.894736842105,0.0,0.7058823529411765,Very Low
Reliance Jio,F,71,Rajasthan,Chennai,1,40123.0,50,32,9877.0,0,2026,9,3,56+,82,High Usage,0.005061753391374772,0.6274509803921569,193.66666666666666,27.333333333333332,91.877,137.18055555555554,557.2638888888889,0.013888888888888888,1.5151515151515151,High
Reliance Jio,M,73,Karnataka,Chennai,1,69493.0,56,8,2341.0,0,2026,9,3,56+,64,Low Usage,0.02391118701964133,0.14035087719298245,41.07017543859649,21.333333333333332,66.341,31.635135135135137,939.0945945945946,0.013513513513513514,6.222222222222222,Very Low
Vodafone,F,28,Sikkim,Chennai,2,106904.0,29,48,4037.0,0,2026,9,3,26-35,77,Medium Usage,0.007181773155027241,1.6,134.56666666666666,25.666666666666668,81.037,139.20689655172413,3686.344827586207,0.06896551724137931,0.5918367346938775,Low
Airtel,M,18,Chhattisgarh,Chennai,1,89736.0,62,16,3496.0,1,2026,9,3,18-25,78,Low Usage,0.017729482413497283,0.25396825396825395,55.492063492063494,26.0,81.496,184.0,4722.9473684210525,0.05263157894736842,3.6470588235294117,Low
BSNL,M,38,Telangana,Kolkata,0,100447.0,14,9,3950.0,0,2026,9,3,36-45,23,Medium Usage,0.003543406732472792,0.6,263.3333333333333,7.666666666666667,26.95,101.28205128205128,2575.5641025641025,0.0,1.4,Low
Airtel,F,23,Uttar Pradesh,Mumbai,1,79122.0,6,35,8368.0,0,2026,10,4,18-25,41,High Usage,0.0007169315330385948,5.0,1195.4285714285713,13.666666666666666,49.368,348.6666666666667,3296.75,0.041666666666666664,0.16666666666666666,Medium
BSNL,F,19,Madhya Pradesh,Chennai,4,50046.0,1,51,385.0,0,2026,10,4,18-25,52,Low Usage,0.0025906735751295338,25.5,192.5,17.333333333333332,52.385,19.25,2502.3,0.2,0.019230769230769232,Very Low
Vodafone,M,28,Rajasthan,Delhi,3,47171.0,31,29,3796.0,0,2026,10,4,26-35,60,Medium Usage,0.008164340268633132,0.90625,118.625,20.0,63.796,130.89655172413794,1626.5862068965516,0.10344827586206896,1.0333333333333334,Low
Airtel,M,25,Odisha,Hyderabad,2,89466.0,18,9,4396.0,0,2026,10,4,18-25,27,Medium Usage,0.0040937002501705705,0.47368421052631576,231.3684210526316,9.0,31.396,169.07692307692307,3441.0,0.07692307692307693,1.8,Low
Reliance Jio,F,29,Chhattisgarh,Bangalore,3,125900.0,86,17,183.0,0,2026,10,4,26-35,103,Low Usage,0.4673913043478261,0.19540229885057472,2.103448275862069,34.333333333333336,103.183,6.1,4196.666666666667,0.1,4.777777777777778,Very Low
Reliance Jio,M,46,Goa,Chennai,0,103623.0,101,24,1242.0,0,2026,10,4,46-55,125,Low Usage,0.08125502815768303,0.23529411764705882,12.176470588235293,41.666666666666664,126.242,26.425531914893618,2204.744680851064,0.0,4.04,Very Low
Airtel,M,65,Telangana,Kolkata,0,82424.0,64,2,8611.0,0,2026,10,4,56+,66,High Usage,0.0074314909428704135,0.03076923076923077,132.47692307692307,22.0,74.611,130.46969696969697,1248.8484848484848,0.0,21.333333333333332,Medium
Reliance Jio,M,31,Uttar Pradesh,Bangalore,2,74050.0,35,32,784.0,0,2026,10,4,26-35,67,Low Usage,0.044585987261146494,0.8888888888888888,21.77777777777778,22.333333333333332,67.784,24.5,2314.0625,0.0625,1.0606060606060606,Very Low
BSNL,F,22,Gujarat,Hyderabad,3,111956.0,89,17,7155.0,0,2026,10,4,18-25,106,High Usage,0.012437115707098939,0.18888888888888888,79.5,35.333333333333336,113.155,311.0869565217391,4867.652173913043,0.13043478260869565,4.944444444444445,Medium
Vodafone,F,33,Odisha,Bangalore,4,137726.0,38,23,10854.0,0,2026,10,4,26-35,61,High Usage,0.0035006909258406263,0.5897435897435898,278.3076923076923,20.333333333333332,71.854,319.2352941176471,4050.764705882353,0.11764705882352941,1.5833333333333333,High
Vodafone,M,45,Goa,Hyderabad,2,63082.0,41,42,9244.0,0,2026,10,4,36-45,83,High Usage,0.004434829637641968,1.0,220.0952380952381,27.666666666666668,92.244,200.95652173913044,1371.3478260869565,0.043478260869565216,0.9534883720930233,High
Vodafone,F,24,Karnataka,Mumbai,0,27260.0,65,45,2415.0,0,2026,10,4,18-25,110,Low Usage,0.026903973509933773,0.6818181818181818,36.59090909090909,36.666666666666664,112.415,96.6,1090.4,0.0,1.4130434782608696,Very Low
Vodafone,F,44,Andhra Pradesh,Delhi,2,136870.0,50,41,8890.0,0,2026,10,4,36-45,91,High Usage,0.005623664379709819,0.803921568627451,174.31372549019608,30.333333333333332,99.89,197.55555555555554,3041.5555555555557,0.044444444444444446,1.1904761904761905,Medium
Reliance Jio,F,63,West Bengal,Mumbai,3,85638.0,40,6,3885.0,0,2026,10,4,56+,46,Medium Usage,0.010293360782295419,0.14634146341463414,94.7560975609756,15.333333333333334,49.885,60.703125,1338.09375,0.046875,5.714285714285714,Low
Reliance Jio,M,19,Karnataka,Bangalore,3,119249.0,42,32,3228.0,0,2026,10,4,18-25,74,Low Usage,0.013007122948281201,0.7441860465116279,75.06976744186046,24.666666666666668,77.228,161.4,5962.45,0.15,1.2727272727272727,Low
BSNL,M,40,West Bengal,Hyderabad,0,133295.0,12,49,2420.0,0,2026,10,4,36-45,61,Low Usage,0.004956629491945477,3.769230769230769,186.15384615384616,20.333333333333332,63.42,59.02439024390244,3251.0975609756097,0.0,0.24,Very Low
Airtel,M,23,Meghalaya,Kolkata,0,121242.0,27,14,8519.0,1,2026,10,4,18-25,41,High Usage,0.0031690140845070424,0.5,304.25,13.666666666666666,49.519,354.9583333333333,5051.75,0.0,1.8,Medium
Vodafone,M,42,Arunachal Pradesh,Mumbai,3,138618.0,72,26,274.0,0,2026,10,4,36-45,98,Low Usage,0.26181818181818184,0.3561643835616438,3.7534246575342465,32.666666666666664,98.274,6.372093023255814,3223.6744186046512,0.06976744186046512,2.6666666666666665,Very Low
Reliance Jio,F,72,Chhattisgarh,Mumbai,2,77199.0,83,17,7577.0,0,2026,10,4,56+,100,High Usage,0.010952757983636844,0.20238095238095238,90.20238095238095,33.333333333333336,107.577,103.79452054794521,1057.5205479452054,0.0273972602739726,4.611111111111111,Medium
BSNL,F,42,Manipur,Kolkata,1,44261.0,18,25,7039.0,0,2026,10,4,36-45,43,High Usage,0.002556818181818182,1.3157894736842106,370.4736842105263,14.333333333333334,50.039,163.69767441860466,1029.3255813953488,0.023255813953488372,0.6923076923076923,Medium
Airtel,M,41,Kerala,Hyderabad,1,108934.0,90,28,6950.0,0,2026,10,4,36-45,118,High Usage,0.01294777729823047,0.3076923076923077,76.37362637362638,39.333333333333336,124.95,165.47619047619048,2593.6666666666665,0.023809523809523808,3.103448275862069,Medium
Airtel,M,40,Himachal Pradesh,Mumbai,4,36279.0,88,34,6031.0,1,2026,10,4,36-45,122,Medium Usage,0.014588859416445624,0.38202247191011235,67.76404494382022,40.666666666666664,128.031,147.09756097560975,884.8536585365854,0.0975609756097561,2.5142857142857142,Medium
Reliance Jio,M,33,Rajasthan,Hyderabad,1,108098.0,23,3,8360.0,0,2026,10,4,26-35,26,High Usage,0.0027508671211577563,0.125,348.3333333333333,8.666666666666666,34.36,245.88235294117646,3179.3529411764707,0.029411764705882353,5.75,Medium
Reliance Jio,F,39,Himachal Pradesh,Hyderabad,2,140857.0,12,20,4479.0,0,2026,10,4,36-45,32,Medium Usage,0.0026785714285714286,1.5384615384615385,344.53846153846155,10.666666666666666,36.479,111.975,3521.425,0.05,0.5714285714285714,Low
Reliance Jio,F,68,Assam,Mumbai,3,136126.0,78,45,3104.0,1,2026,10,4,56+,123,Low Usage,0.025120772946859903,0.569620253164557,39.29113924050633,41.0,126.104,44.98550724637681,1972.840579710145,0.043478260869565216,1.6956521739130435,Low
BSNL,M,73,Bihar,Bangalore,0,126677.0,77,5,7696.0,0,2026,10,4,56+,82,High Usage,0.010003897622450306,0.0641025641025641,98.66666666666667,27.333333333333332,89.696,104.0,1711.8513513513512,0.0,12.833333333333334,Medium
Vodafone,F,71,Mizoram,Kolkata,4,75785.0,80,37,9076.0,0,2026,10,4,56+,117,High Usage,0.008813484631486174,0.4567901234567901,112.04938271604938,39.0,126.076,126.05555555555556,1052.5694444444443,0.05555555555555555,2.1052631578947367,High
Reliance Jio,M,60,Karnataka,Delhi,1,107644.0,77,20,5103.0,0,2026,10,4,56+,97,Medium Usage,0.015086206896551725,0.2564102564102564,65.42307692307692,32.333333333333336,102.103,83.65573770491804,1764.655737704918,0.01639344262295082,3.6666666666666665,Low
Airtel,F,60,Tamil Nadu,Delhi,0,45328.0,64,35,992.0,0,2026,10,4,56+,99,Low Usage,0.06445115810674723,0.5384615384615384,15.261538461538462,33.0,99.992,16.262295081967213,743.0819672131148,0.0,1.7777777777777777,Very Low
Vodafone,M,46,West Bengal,Delhi,1,135149.0,62,26,8880.0,1,2026,10,4,46-55,88,High Usage,0.006981195811282513,0.4126984126984127,140.95238095238096,29.333333333333332,96.88,188.93617021276594,2875.5106382978724,0.02127659574468085,2.2962962962962963,Medium
Vodafone,F,65,Maharashtra,Bangalore,2,108372.0,39,29,5368.0,0,2026,10,4,56+,68,Medium Usage,0.007263922518159807,0.725,134.2,22.666666666666668,73.368,81.33333333333333,1642.0,0.030303030303030304,1.3,Low
BSNL,M,53,Uttarakhand,Bangalore,2,76983.0,20,10,5594.0,0,2026,11,4,46-55,30,Medium Usage,0.0035746201966041107,0.47619047619047616,266.3809523809524,10.0,35.594,103.5925925925926,1425.611111111111,0.037037037037037035,1.8181818181818181,Low
Airtel,M,54,Sikkim,Delhi,1,93101.0,48,39,10064.0,0,2026,11,4,46-55,87,High Usage,0.004769001490312966,0.7959183673469388,205.3877551020408,29.0,97.064,182.98181818181817,1692.7454545454545,0.01818181818181818,1.2,High
Reliance Jio,M,39,Sikkim,Hyderabad,3,112435.0,20,39,10486.0,0,2026,11,4,36-45,59,High Usage,0.0019071231047964145,1.8571428571428572,499.3333333333333,19.666666666666668,69.486,262.15,2810.875,0.075,0.5,High
BSNL,F,63,Telangana,Mumbai,3,110823.0,43,8,888.0,0,2026,11,4,56+,51,Low Usage,0.048368953880764905,0.18181818181818182,20.181818181818183,17.0,51.888,13.875,1731.609375,0.046875,4.777777777777778,Very Low
Airtel,M,27,Karnataka,Mumbai,4,137047.0,22,17,1365.0,1,2026,11,4,26-35,39,Low Usage,0.016105417276720352,0.7391304347826086,59.34782608695652,13.0,40.365,48.75,4894.535714285715,0.14285714285714285,1.2222222222222223,Very Low
BSNL,M,69,Bihar,Delhi,4,23262.0,83,7,724.0,1,2026,11,4,56+,90,Low Usage,0.11448275862068966,0.08333333333333333,8.619047619047619,30.0,90.724,10.342857142857143,332.3142857142857,0.05714285714285714,10.375,Very Low
Vodafone,F,32,Nagaland,Hyderabad,2,47985.0,15,33,6948.0,1,2026,11,4,26-35,48,High Usage,0.0021585839689163906,2.0625,434.25,16.0,54.948,210.54545454545453,1454.090909090909,0.06060606060606061,0.4411764705882353,Medium
Reliance Jio,M,58,Andhra Pradesh,Hyderabad,4,24407.0,21,24,3655.0,0,2026,11,4,56+,45,Medium Usage,0.0057439824945295405,1.0909090909090908,166.13636363636363,15.0,48.655,61.94915254237288,413.6779661016949,0.06779661016949153,0.84,Low
Vodafone,F,52,Manipur,Bangalore,1,120660.0,77,3,5485.0,1,2026,11,4,46-55,80,Medium Usage,0.014035727305869486,0.038461538461538464,70.32051282051282,26.666666666666668,85.485,103.49056603773585,2276.603773584906,0.018867924528301886,19.25,Low
Airtel,M,55,Tamil Nadu,Bangalore,2,27294.0,95,32,1797.0,0,2026,11,4,46-55,127,Low Usage,0.052836484983314794,0.3333333333333333,18.71875,42.333333333333336,128.797,32.089285714285715,487.39285714285717,0.03571428571428571,2.878787878787879,Very Low
Airtel,M,36,Meghalaya,Kolkata,0,100778.0,4,9,3916.0,0,2026,11,4,36-45,13,Medium Usage,0.0010211896859841716,1.8,783.2,4.333333333333333,16.916,105.83783783783784,2723.7297297297296,0.0,0.4,Low
Reliance Jio,M,67,Manipur,Kolkata,1,105219.0,93,43,1482.0,1,2026,11,4,56+,136,Low Usage,0.06271072151045179,0.4574468085106383,15.76595744680851,45.333333333333336,137.482,21.794117647058822,1547.3382352941176,0.014705882352941176,2.1136363636363638,Very Low
BSNL,M,37,Gujarat,Chennai,1,30290.0,33,18,48.0,0,2026,11,4,36-45,51,Low Usage,0.673469387755102,0.5294117647058824,1.411764705882353,17.0,51.048,1.263157894736842,797.1052631578947,0.02631578947368421,1.736842105263158,Very Low
Vodafone,M,49,Tripura,Delhi,1,79208.0,22,24,5049.0,1,2026,11,4,46-55,46,Medium Usage,0.004356435643564357,1.0434782608695652,219.52173913043478,15.333333333333334,51.049,100.98,1584.16,0.02,0.88,Low
Reliance Jio,M,33,Arunachal Pradesh,Delhi,0,134031.0,67,24,4074.0,0,2026,11,4,26-35,91,Medium Usage,0.016441717791411042,0.35294117647058826,59.911764705882355,30.333333333333332,95.074,119.82352941176471,3942.0882352941176,0.0,2.68,Low
Vodafone,F,21,Uttar Pradesh,Delhi,2,58510.0,42,6,3824.0,0,2026,11,4,18-25,48,Medium Usage,0.010980392156862745,0.13953488372093023,88.93023255813954,16.0,51.824,173.8181818181818,2659.5454545454545,0.09090909090909091,6.0,Low
BSNL,M,41,Arunachal Pradesh,Delhi,3,55373.0,46,8,5049.0,0,2026,11,4,36-45,54,Medium Usage,0.009108910891089108,0.1702127659574468,107.42553191489361,18.0,59.049,120.21428571428571,1318.404761904762,0.07142857142857142,5.111111111111111,Low
Reliance Jio,M,33,West Bengal,Bangalore,4,72930.0,50,42,3905.0,0,2026,11,4,26-35,92,Medium Usage,0.012800819252432157,0.8235294117647058,76.56862745098039,30.666666666666668,95.905,114.8529411764706,2145.0,0.11764705882352941,1.1627906976744187,Low
Reliance Jio,F,60,Manipur,Chennai,2,53590.0,50,45,6747.0,0,2026,11,4,56+,95,High Usage,0.007409602845287492,0.8823529411764706,132.2941176470588,31.666666666666668,101.747,110.60655737704919,878.5245901639345,0.03278688524590164,1.0869565217391304,Medium
BSNL,M,32,Uttar Pradesh,Hyderabad,2,79797.0,45,4,7037.0,0,2026,11,4,26-35,49,High Usage,0.00639386189258312,0.08695652173913043,152.97826086956522,16.333333333333332,56.037,213.24242424242425,2418.090909090909,0.06060606060606061,9.0,Medium
Vodafone,F,64,Rajasthan,Kolkata,4,91298.0,86,1,8041.0,1,2026,11,4,56+,87,High Usage,0.010693857249440438,0.011494252873563218,92.42528735632185,29.0,95.041,123.70769230769231,1404.5846153846153,0.06153846153846154,43.0,Medium
Reliance Jio,M,31,Nagaland,Bangalore,2,52446.0,8,19,6927.0,0,2026,11,4,26-35,27,High Usage,0.0011547344110854503,2.111111111111111,769.6666666666666,9.0,33.927,216.46875,1638.9375,0.0625,0.4,Medium
BSNL,F,67,Maharashtra,Kolkata,2,32774.0,11,45,7020.0,0,2026,11,4,56+,56,High Usage,0.0015667283862697621,3.75,585.0,18.666666666666668,63.019999999999996,103.23529411764706,481.97058823529414,0.029411764705882353,0.2391304347826087,Medium
Reliance Jio,M,65,Uttar Pradesh,Mumbai,1,22886.0,29,47,4431.0,0,2026,11,4,56+,76,Medium Usage,0.006543321299638989,1.5666666666666667,147.7,25.333333333333332,80.431,67.13636363636364,346.75757575757575,0.015151515151515152,0.6041666666666666,Low
BSNL,M,23,West Bengal,Hyderabad,3,135884.0,13,33,4728.0,1,2026,11,4,18-25,46,Medium Usage,0.002748995559314866,2.357142857142857,337.7142857142857,15.333333333333334,50.728,197.0,5661.833333333333,0.125,0.38235294117647056,Low
BSNL,M,59,Mizoram,Delhi,3,79076.0,14,10,3628.0,1,2026,11,4,56+,24,Medium Usage,0.0038578120694406173,0.6666666666666666,241.86666666666667,8.0,27.628,60.46666666666667,1317.9333333333334,0.05,1.2727272727272727,Low
Reliance Jio,M,43,Assam,Mumbai,4,119598.0,23,46,8792.0,0,2026,11,4,36-45,69,High Usage,0.002615717047651541,1.9166666666666667,366.3333333333333,23.0,77.792,199.8181818181818,2718.1363636363635,0.09090909090909091,0.48936170212765956,Medium
Reliance Jio,F,53,Arunachal Pradesh,Mumbai,0,44839.0,30,29,515.0,0,2026,11,4,46-55,59,Low Usage,0.05813953488372093,0.9354838709677419,16.612903225806452,19.666666666666668,59.515,9.537037037037036,830.3518518518518,0.0,1.0,Very Low
Reliance Jio,M,44,Assam,Kolkata,1,119942.0,60,18,3019.0,0,2026,11,4,36-45,78,Low Usage,0.019867549668874173,0.29508196721311475,49.49180327868852,26.0,81.019,67.08888888888889,2665.3777777777777,0.022222222222222223,3.1578947368421053,Low
Reliance Jio,M,73,Bihar,Chennai,0,51009.0,37,16,8730.0,0,2026,11,4,56+,53,High Usage,0.004237773450922002,0.42105263157894735,229.73684210526315,17.666666666666668,61.730000000000004,117.97297297297297,689.3108108108108,0.0,2.176470588235294,Medium
Vodafone,F,61,Sikkim,Kolkata,3,20190.0,14,36,5500.0,0,2026,12,4,56+,50,Medium Usage,0.002544991819669151,2.4,366.6666666666667,16.666666666666668,55.5,88.70967741935483,325.64516129032256,0.04838709677419355,0.3783783783783784,Low
BSNL,M,20,Madhya Pradesh,Delhi,2,29437.0,90,47,8867.0,0,2026,12,4,18-25,137,High Usage,0.010148849797023005,0.5164835164835165,97.43956043956044,45.666666666666664,145.867,422.23809523809524,1401.7619047619048,0.09523809523809523,1.875,Medium
Reliance Jio,M,64,Meghalaya,Mumbai,1,86197.0,18,48,2735.0,0,2026,12,4,56+,66,Low Usage,0.006578947368421052,2.526315789473684,143.94736842105263,22.0,68.735,42.07692307692308,1326.1076923076923,0.015384615384615385,0.3673469387755102,Very Low
Reliance Jio,M,54,Arunachal Pradesh,Mumbai,0,70843.0,53,38,4050.0,0,2026,12,4,46-55,91,Medium Usage,0.013083189335966429,0.7037037037037037,75.0,30.333333333333332,95.05,73.63636363636364,1288.0545454545454,0.0,1.358974358974359,Low
BSNL,F,55,Mizoram,Mumbai,1,77793.0,86,11,8725.0,0,2026,12,4,46-55,97,High Usage,0.009855603942241577,0.12643678160919541,100.28735632183908,32.333333333333336,105.725,155.80357142857142,1389.1607142857142,0.017857142857142856,7.166666666666667,Medium
Airtel,F,46,Maharashtra,Kolkata,0,102507.0,74,24,7127.0,0,2026,12,4,46-55,98,High Usage,0.010381593714927048,0.32,95.02666666666667,32.666666666666664,105.127,151.63829787234042,2181.0,0.0,2.96,Medium
BSNL,F,29,Rajasthan,Delhi,3,20276.0,72,24,9386.0,0,2026,12,4,26-35,96,High Usage,0.007670182166826462,0.3287671232876712,128.57534246575344,32.0,105.386,312.8666666666667,675.8666666666667,0.1,2.88,High
Reliance Jio,M,48,Chhattisgarh,Chennai,0,66667.0,97,34,8951.0,0,2026,12,4,46-55,131,High Usage,0.01083556747095621,0.3469387755102041,91.33673469387755,43.666666666666664,139.951,182.6734693877551,1360.5510204081634,0.0,2.7714285714285714,Medium
Vodafone,M,23,Himachal Pradesh,Delhi,0,147511.0,21,29,6212.0,0,2026,12,4,18-25,50,Medium Usage,0.003380009657170449,1.3181818181818181,282.3636363636364,16.666666666666668,56.212,258.8333333333333,6146.291666666667,0.0,0.7,Medium
Vodafone,M,59,Karnataka,Bangalore,0,82263.0,82,30,8821.0,0,2026,12,4,56+,112,High Usage,0.00929494445703922,0.3614457831325301,106.27710843373494,37.333333333333336,120.821,147.01666666666668,1371.05,0.0,2.6451612903225805,Medium
BSNL,M,60,Himachal Pradesh,Mumbai,0,76609.0,77,38,5665.0,0,2026,12,4,56+,115,Medium Usage,0.01358983409812919,0.48717948717948717,72.62820512820512,38.333333333333336,120.665,92.8688524590164,1255.8852459016393,0.0,1.9743589743589745,Low
Airtel,M,32,Bihar,Bangalore,0,64800.0,43,9,6550.0,0,2026,12,4,26-35,52,Medium Usage,0.006563883376583727,0.20454545454545456,148.86363636363637,17.333333333333332,58.55,198.4848484848485,1963.6363636363637,0.0,4.3,Medium
Reliance Jio,F,74,Sikkim,Chennai,1,137261.0,72,25,5148.0,1,2026,12,4,56+,97,Medium Usage,0.013983297727714119,0.3424657534246575,70.52054794520548,32.333333333333336,102.148,68.64,1830.1466666666668,0.013333333333333334,2.769230769230769,Low
BSNL,M,51,Odisha,Bangalore,4,43053.0,23,47,4249.0,0,2026,12,4,46-55,70,Medium Usage,0.005411764705882353,1.9583333333333333,177.04166666666666,23.333333333333332,74.249,81.71153846153847,827.9423076923077,0.07692307692307693,0.4791666666666667,Low
Airtel,F,47,Karnataka,Bangalore,0,114008.0,70,16,6246.0,0,2026,12,4,46-55,86,Medium Usage,0.011205378581719225,0.22535211267605634,87.97183098591549,28.666666666666668,92.246,130.125,2375.1666666666665,0.0,4.117647058823529,Medium
BSNL,F,29,Uttarakhand,Delhi,2,50737.0,85,46,2072.0,0,2026,12,4,26-35,131,Low Usage,0.04100337674867342,0.5348837209302325,24.093023255813954,43.666666666666664,133.072,69.06666666666666,1691.2333333333333,0.06666666666666667,1.8085106382978724,Very Low
Reliance Jio,M,25,Madhya Pradesh,Hyderabad,1,36525.0,93,28,4312.0,0,2026,12,4,18-25,121,Medium Usage,0.02156271736610248,0.2978723404255319,45.87234042553192,40.333333333333336,125.312,165.84615384615384,1404.8076923076924,0.038461538461538464,3.206896551724138,Low
BSNL,M,49,Rajasthan,Hyderabad,0,125060.0,67,25,8469.0,0,2026,12,4,46-55,92,High Usage,0.007910271546635183,0.36764705882352944,124.54411764705883,30.666666666666668,100.469,169.38,2501.2,0.0,2.576923076923077,Medium
BSNL,M,72,Himachal Pradesh,Chennai,4,106065.0,25,28,1365.0,0,2026,12,4,56+,53,Low Usage,0.018301610541727673,1.0769230769230769,52.5,17.666666666666668,54.365,18.698630136986303,1452.945205479452,0.0547945205479452,0.8620689655172413,Very Low
Airtel,M,55,Manipur,Chennai,0,87017.0,32,47,8436.0,0,2026,12,4,46-55,79,High Usage,0.003792817352139386,1.4242424242424243,255.63636363636363,26.333333333333332,87.436,150.64285714285714,1553.875,0.0,0.6666666666666666,Medium
BSNL,F,61,Haryana,Hyderabad,3,45524.0,28,25,7733.0,0,2026,12,4,56+,53,High Usage,0.0036203775536591673,0.8620689655172413,266.6551724137931,17.666666666666668,60.733,124.7258064516129,734.258064516129,0.04838709677419355,1.0769230769230769,Medium
Reliance Jio,F,20,Meghalaya,Delhi,0,134822.0,79,12,7059.0,0,2026,12,4,18-25,91,High Usage,0.011189801699716714,0.15,88.2375,30.333333333333332,98.059,336.14285714285717,6420.0952380952385,0.0,6.076923076923077,Medium
Airtel,M,22,Arunachal Pradesh,Bangalore,2,128716.0,23,5,2208.0,0,2026,12,4,18-25,28,Low Usage,0.01041195110909914,0.20833333333333334,92.0,9.333333333333334,30.208,96.0,5596.347826086957,0.08695652173913043,3.8333333333333335,Very Low
BSNL,F,72,Sikkim,Delhi,2,94739.0,35,0,498.0,0,2026,12,4,56+,35,Low Usage,0.07014028056112225,0.0,13.833333333333334,11.666666666666666,35.498,6.821917808219178,1297.7945205479452,0.0273972602739726,35.0,Very Low
Reliance Jio,F,69,Manipur,Bangalore,1,113861.0,1,29,4393.0,0,2026,12,4,56+,30,Medium Usage,0.0002275830678197542,14.5,2196.5,10.0,34.393,62.75714285714286,1626.5857142857142,0.014285714285714285,0.03333333333333333,Low
Vodafone,M,68,West Bengal,Mumbai,4,71749.0,80,26,3974.0,0,2026,12,4,56+,106,Medium Usage,0.02012578616352201,0.32098765432098764,49.06172839506173,35.333333333333336,109.974,57.594202898550726,1039.840579710145,0.057971014492753624,2.962962962962963,Low
Airtel,M,55,Himachal Pradesh,Hyderabad,1,26660.0,31,39,7373.0,0,2026,12,4,46-55,70,High Usage,0.004203959858963927,1.21875,230.40625,23.333333333333332,77.373,131.66071428571428,476.07142857142856,0.017857142857142856,0.775,Medium
Vodafone,F,40,Punjab,Mumbai,1,47891.0,53,33,2705.0,0,2026,12,4,36-45,86,Low Usage,0.01958610495195861,0.6111111111111112,50.092592592592595,28.666666666666668,88.705,65.97560975609755,1168.0731707317073,0.024390243902439025,1.5588235294117647,Very Low
Reliance Jio,M,51,Chhattisgarh,Bangalore,0,118620.0,23,22,6048.0,1,2026,12,4,46-55,45,Medium Usage,0.0038022813688212928,0.9166666666666666,252.0,15.0,51.048,116.3076923076923,2281.153846153846,0.0,1.0,Medium
Vodafone,F,65,Bihar,Mumbai,1,40232.0,22,42,5049.0,1,2026,12,4,56+,64,Medium Usage,0.004356435643564357,1.826086956521739,219.52173913043478,21.333333333333332,69.049,76.5,609.5757575757576,0.015151515151515152,0.5116279069767442,Low
Vodafone,F,69,Himachal Pradesh,Delhi,4,84873.0,39,6,7501.0,0,2026,12,4,56+,45,High Usage,0.00519861370301253,0.15,187.525,15.0,52.501,107.15714285714286,1212.4714285714285,0.05714285714285714,5.571428571428571,Medium
Vodafone,F,51,West Bengal,Chennai,1,31147.0,8,3,5049.0,1,2027,1,1,46-55,11,Medium Usage,0.0015841584158415843,0.3333333333333333,561.0,3.6666666666666665,16.049,97.09615384615384,598.9807692307693,0.019230769230769232,2.0,Low
Vodafone,M,31,Meghalaya,Delhi,3,72870.0,57,44,7065.0,0,2027,1,1,26-35,101,High Usage,0.00806679875459949,0.7586206896551724,121.8103448275862,33.666666666666664,108.065,220.78125,2277.1875,0.09375,1.2666666666666666,Medium
Vodafone,M,21,Andhra Pradesh,Bangalore,1,95828.0,31,39,4663.0,0,2027,1,1,18-25,70,Medium Usage,0.0066466552315608916,1.21875,145.71875,23.333333333333332,74.663,211.95454545454547,4355.818181818182,0.045454545454545456,0.775,Low
Airtel,F,47,Karnataka,Kolkata,1,103554.0,50,3,5319.0,1,2027,1,1,46-55,53,Medium Usage,0.009398496240601503,0.058823529411764705,104.29411764705883,17.666666666666668,58.319,110.8125,2157.375,0.020833333333333332,12.5,Low
Reliance Jio,M,62,Nagaland,Chennai,3,105951.0,107,10,2205.0,0,2027,1,1,56+,117,Low Usage,0.048504079782411606,0.09259259259259259,20.416666666666668,39.0,119.205,35.0,1681.7619047619048,0.047619047619047616,9.727272727272727,Very Low
Reliance Jio,F,38,Karnataka,Delhi,1,113651.0,38,37,2698.0,0,2027,1,1,36-45,75,Low Usage,0.014079288625416821,0.9487179487179487,69.17948717948718,25.0,77.698,69.17948717948718,2914.128205128205,0.02564102564102564,1.0,Very Low
Airtel,M,57,Jharkhand,Kolkata,4,91593.0,50,23,9212.0,0,2027,1,1,56+,73,High Usage,0.005427113860848801,0.45098039215686275,180.62745098039215,24.333333333333332,82.212,158.82758620689654,1579.1896551724137,0.06896551724137931,2.0833333333333335,High
Reliance Jio,F,30,Tamil Nadu,Delhi,2,62077.0,10,29,7550.0,0,2027,1,1,26-35,39,High Usage,0.0013243279035889286,2.6363636363636362,686.3636363636364,13.0,46.55,243.5483870967742,2002.483870967742,0.06451612903225806,0.3333333333333333,Medium
Reliance Jio,F,35,Andhra Pradesh,Bangalore,4,133515.0,45,51,6199.0,0,2027,1,1,26-35,96,Medium Usage,0.007258064516129033,1.108695652173913,134.7608695652174,32.0,102.199,172.19444444444446,3708.75,0.1111111111111111,0.8653846153846154,Medium
Reliance Jio,F,40,Bihar,Bangalore,1,24696.0,42,12,3999.0,0,2027,1,1,36-45,54,Medium Usage,0.0105,0.27906976744186046,93.0,18.0,57.999,97.53658536585365,602.3414634146342,0.024390243902439025,3.230769230769231,Low
Vodafone,F,59,Andhra Pradesh,Chennai,4,90749.0,9,17,1169.0,1,2027,1,1,56+,26,Low Usage,0.007692307692307693,1.7,116.9,8.666666666666666,27.169,19.483333333333334,1512.4833333333333,0.06666666666666667,0.5,Very Low
Reliance Jio,M,66,Telangana,Delhi,4,141228.0,57,22,5477.0,0,2027,1,1,56+,79,Medium Usage,0.0104052573932092,0.3793103448275862,94.43103448275862,26.333333333333332,84.477,81.74626865671642,2107.8805970149256,0.05970149253731343,2.4782608695652173,Low
Airtel,F,30,Rajasthan,Bangalore,3,116296.0,61,46,1193.0,1,2027,1,1,26-35,107,Low Usage,0.05108877721943048,0.7419354838709677,19.241935483870968,35.666666666666664,108.193,38.483870967741936,3751.483870967742,0.0967741935483871,1.297872340425532,Very Low
Reliance Jio,M,46,Bihar,Chennai,2,65237.0,51,3,4598.0,0,2027,1,1,46-55,54,Medium Usage,0.011089367253750815,0.057692307692307696,88.42307692307692,18.0,58.598,97.82978723404256,1388.0212765957447,0.0425531914893617,12.75,Low
BSNL,M,48,Assam,Delhi,0,76062.0,74,25,8417.0,1,2027,1,1,46-55,99,High Usage,0.008790686623901164,0.3333333333333333,112.22666666666667,33.0,107.417,171.77551020408163,1552.2857142857142,0.0,2.8461538461538463,Medium
Reliance Jio,M,47,Punjab,Kolkata,3,43890.0,45,15,6351.0,1,2027,1,1,46-55,60,Medium Usage,0.007084382871536524,0.32608695652173914,138.06521739130434,20.0,66.351,132.3125,914.375,0.0625,2.8125,Medium
Vodafone,M,26,Maharashtra,Bangalore,4,37087.0,36,24,5830.0,0,2027,1,1,26-35,60,Medium Usage,0.0061738981306808435,0.6486486486486487,157.56756756756758,20.0,65.83,215.92592592592592,1373.5925925925926,0.14814814814814814,1.44,Low
Vodafone,F,71,Kerala,Kolkata,1,83667.0,65,30,8918.0,0,2027,1,1,56+,95,High Usage,0.0072878125350375605,0.45454545454545453,135.12121212121212,31.666666666666668,103.918,123.86111111111111,1162.0416666666667,0.013888888888888888,2.096774193548387,Medium
BSNL,M,54,Maharashtra,Chennai,1,103284.0,44,49,1711.0,0,2027,1,1,46-55,93,Low Usage,0.02570093457943925,1.0888888888888888,38.022222222222226,31.0,94.711,31.10909090909091,1877.8909090909092,0.01818181818181818,0.88,Very Low
Reliance Jio,M,41,Himachal Pradesh,Chennai,4,60822.0,40,28,5275.0,0,2027,1,1,36-45,68,Medium Usage,0.0075815011372251705,0.6829268292682927,128.65853658536585,22.666666666666668,73.275,125.5952380952381,1448.142857142857,0.09523809523809523,1.3793103448275863,Low
Airtel,M,58,Gujarat,Chennai,1,56724.0,67,24,5366.0,0,2027,1,1,56+,91,Medium Usage,0.012483696664803428,0.35294117647058826,78.91176470588235,30.333333333333332,96.366,90.94915254237289,961.4237288135594,0.01694915254237288,2.68,Low
Vodafone,M,27,Tripura,Delhi,0,67853.0,52,0,4446.0,1,2027,1,1,26-35,52,Medium Usage,0.011693276366089498,0.0,83.88679245283019,17.333333333333332,56.446,158.78571428571428,2423.3214285714284,0.0,52.0,Low
Vodafone,M,40,Bihar,Mumbai,4,72961.0,38,37,6345.0,1,2027,1,1,36-45,75,Medium Usage,0.005988023952095809,0.9487179487179487,162.69230769230768,25.0,81.345,154.7560975609756,1779.5365853658536,0.0975609756097561,1.0,Medium
Vodafone,M,71,Manipur,Chennai,3,52822.0,9,10,590.0,0,2027,1,1,56+,19,Low Usage,0.015228426395939087,1.0,59.0,6.333333333333333,19.59,8.194444444444445,733.6388888888889,0.041666666666666664,0.8181818181818182,Very Low
Airtel,M,43,Bihar,Chennai,0,99366.0,90,30,292.0,0,2027,1,1,36-45,120,Low Usage,0.30716723549488056,0.32967032967032966,3.208791208791209,40.0,120.292,6.636363636363637,2258.318181818182,0.0,2.903225806451613,Very Low
Airtel,M,58,Haryana,Hyderabad,4,111096.0,33,28,8477.0,0,2027,1,1,56+,61,High Usage,0.00389242745930644,0.8235294117647058,249.3235294117647,20.333333333333332,69.477,143.67796610169492,1882.9830508474577,0.06779661016949153,1.1379310344827587,Medium
Reliance Jio,F,48,Kerala,Delhi,0,41354.0,56,19,10426.0,0,2027,1,1,46-55,75,High Usage,0.005370672293085259,0.3333333333333333,182.91228070175438,25.0,85.426,212.77551020408163,843.9591836734694,0.0,2.8,High
Reliance Jio,M,21,Kerala,Bangalore,1,27014.0,93,21,2920.0,0,2027,1,1,18-25,114,Low Usage,0.03183841150290996,0.22340425531914893,31.06382978723404,38.0,116.92,132.72727272727272,1227.909090909091,0.045454545454545456,4.2272727272727275,Very Low
Airtel,M,58,Haryana,Bangalore,2,62810.0,71,26,4293.0,0,2027,1,1,56+,97,Medium Usage,0.016534699580810434,0.3611111111111111,59.625,32.333333333333336,101.293,72.76271186440678,1064.5762711864406,0.03389830508474576,2.6296296296296298,Low
BSNL,F,53,Andhra Pradesh,Hyderabad,3,50632.0,15,3,7009.0,1,2027,1,1,46-55,18,High Usage,0.0021398002853067048,0.1875,438.0625,6.0,25.009,129.7962962962963,937.6296296296297,0.05555555555555555,3.75,Medium
Reliance Jio,M,54,Manipur,Bangalore,1,54739.0,60,14,5049.0,0,2027,1,1,46-55,74,Medium Usage,0.011881188118811881,0.22950819672131148,82.77049180327869,24.666666666666668,79.049,91.8,995.2545454545455,0.01818181818181818,4.0,Low
Airtel,M,26,Haryana,Hyderabad,0,100746.0,86,45,9719.0,0,2027,2,1,26-35,131,High Usage,0.008847736625514403,0.5172413793103449,111.71264367816092,43.666666666666664,140.719,359.962962962963,3731.3333333333335,0.0,1.8695652173913044,High
Airtel,M,25,Maharashtra,Kolkata,0,71325.0,50,43,8512.0,1,2027,2,1,18-25,93,High Usage,0.00587337013978621,0.8431372549019608,166.90196078431373,31.0,101.512,327.38461538461536,2743.269230769231,0.0,1.1363636363636365,Medium
Airtel,M,25,Tripura,Chennai,1,55138.0,36,9,10799.0,0,2027,2,1,18-25,45,High Usage,0.0033333333333333335,0.24324324324324326,291.86486486486484,15.0,55.799,415.34615384615387,2120.6923076923076,0.038461538461538464,3.6,High
Airtel,F,50,Sikkim,Kolkata,3,50193.0,55,26,4226.0,0,2027,2,1,46-55,81,Medium Usage,0.013011592145729832,0.4642857142857143,75.46428571428571,27.0,85.226,82.86274509803921,984.1764705882352,0.058823529411764705,2.037037037037037,Low
Airtel,F,56,Meghalaya,Delhi,4,47959.0,73,25,5220.0,0,2027,2,1,56+,98,Medium Usage,0.013981995786247845,0.33783783783783783,70.54054054054055,32.666666666666664,103.22,91.57894736842105,841.3859649122807,0.07017543859649122,2.8076923076923075,Low
Reliance Jio,M,72,Bihar,Mumbai,0,135004.0,32,47,2642.0,0,2027,2,1,56+,79,Low Usage,0.012107453651153992,1.4242424242424243,80.06060606060606,26.333333333333332,81.642,36.19178082191781,1849.3698630136987,0.0,0.6666666666666666,Very Low
Vodafone,F,26,Goa,Bangalore,0,59802.0,95,28,6393.0,1,2027,2,1,26-35,123,Medium Usage,0.014857679074132,0.2916666666666667,66.59375,41.0,129.393,236.77777777777777,2214.8888888888887,0.0,3.2758620689655173,Medium
Vodafone,M,59,Kerala,Chennai,1,129675.0,69,33,5447.0,0,2027,2,1,56+,102,Medium Usage,0.012665198237885462,0.4714285714285714,77.81428571428572,34.0,107.447,90.78333333333333,2161.25,0.016666666666666666,2.0294117647058822,Low
BSNL,M,73,Jharkhand,Kolkata,1,117872.0,16,39,3981.0,0,2027,2,1,56+,55,Medium Usage,0.004018081366147665,2.2941176470588234,234.1764705882353,18.333333333333332,58.981,53.7972972972973,1592.8648648648648,0.013513513513513514,0.4,Low
BSNL,M,36,Chhattisgarh,Chennai,2,118176.0,7,47,5697.0,1,2027,2,1,36-45,54,Medium Usage,0.0012285012285012285,5.875,712.125,18.0,59.697,153.97297297297297,3193.945945945946,0.05405405405405406,0.14583333333333334,Low
Reliance Jio,F,49,Uttarakhand,Chennai,3,89877.0,54,3,2483.0,0,2027,2,1,46-55,57,Low Usage,0.021739130434782608,0.05454545454545454,45.14545454545455,19.0,59.483,49.66,1797.54,0.06,13.5,Very Low
Airtel,F,67,Nagaland,Chennai,4,35244.0,4,15,8236.0,1,2027,2,1,56+,19,High Usage,0.0004856136943061794,3.0,1647.2,6.333333333333333,27.236,121.11764705882354,518.2941176470588,0.058823529411764705,0.25,Medium
BSNL,F,47,Nagaland,Chennai,0,110255.0,20,45,2564.0,0,2027,2,1,46-55,65,Low Usage,0.007797270955165692,2.142857142857143,122.0952380952381,21.666666666666668,67.564,53.416666666666664,2296.9791666666665,0.0,0.43478260869565216,Very Low
Reliance Jio,M,61,Gujarat,Kolkata,2,32210.0,65,25,7277.0,0,2027,2,1,56+,90,High Usage,0.008931025006870019,0.3787878787878788,110.25757575757575,30.0,97.277,117.37096774193549,519.516129032258,0.03225806451612903,2.5,Medium
Reliance Jio,M,72,Bihar,Bangalore,0,55472.0,50,13,8097.0,1,2027,2,1,56+,63,High Usage,0.0061743640405038285,0.2549019607843137,158.76470588235293,21.0,71.097,110.91780821917808,759.8904109589041,0.0,3.5714285714285716,Medium
Reliance Jio,M,61,Karnataka,Chennai,4,108990.0,6,49,6298.0,0,2027,2,1,56+,55,Medium Usage,0.0009525321479599936,7.0,899.7142857142857,18.333333333333332,61.298,101.58064516129032,1757.9032258064517,0.06451612903225806,0.12,Medium
Vodafone,M,45,West Bengal,Mumbai,4,83460.0,101,14,3628.0,0,2027,2,1,36-45,115,Medium Usage,0.027831358500964454,0.13725490196078433,35.568627450980394,38.333333333333336,118.628,78.8695652173913,1814.3478260869565,0.08695652173913043,6.733333333333333,Low
Reliance Jio,M,54,Bihar,Mumbai,2,57305.0,40,13,2512.0,0,2027,2,1,46-55,53,Low Usage,0.01591723040191007,0.3170731707317073,61.26829268292683,17.666666666666668,55.512,45.67272727272727,1041.909090909091,0.03636363636363636,2.857142857142857,Very Low
BSNL,F,59,Maharashtra,Kolkata,2,94104.0,43,14,1125.0,0,2027,2,1,56+,57,Low Usage,0.03818827708703375,0.3181818181818182,25.568181818181817,19.0,58.125,18.75,1568.4,0.03333333333333333,2.8666666666666667,Very Low
Airtel,F,33,Gujarat,Hyderabad,2,105314.0,86,4,605.0,0,2027,2,1,26-35,90,Low Usage,0.1419141914191419,0.04597701149425287,6.954022988505747,30.0,90.605,17.794117647058822,3097.470588235294,0.058823529411764705,17.2,Very Low
Airtel,M,29,Himachal Pradesh,Bangalore,4,139343.0,32,16,3021.0,0,2027,2,1,26-35,48,Low Usage,0.010589013898080741,0.48484848484848486,91.54545454545455,16.0,51.021,100.7,4644.766666666666,0.13333333333333333,1.8823529411764706,Low
Reliance Jio,M,48,Haryana,Kolkata,0,126943.0,98,45,3349.0,0,2027,2,1,46-55,143,Low Usage,0.029253731343283584,0.45454545454545453,33.82828282828283,47.666666666666664,146.349,68.34693877551021,2590.673469387755,0.0,2.130434782608696,Low
Airtel,M,66,Kerala,Kolkata,0,73268.0,14,40,8704.0,0,2027,2,1,56+,54,High Usage,0.0016082711085582998,2.6666666666666665,580.2666666666667,18.0,62.704,129.91044776119404,1093.55223880597,0.0,0.34146341463414637,Medium
Reliance Jio,F,46,Tripura,Delhi,2,141414.0,66,11,459.0,0,2027,2,1,46-55,77,Low Usage,0.14347826086956522,0.16417910447761194,6.850746268656716,25.666666666666668,77.459,9.76595744680851,3008.808510638298,0.0425531914893617,5.5,Very Low
Reliance Jio,F,64,Uttarakhand,Mumbai,0,29384.0,100,41,3167.0,1,2027,2,1,56+,141,Low Usage,0.03156565656565657,0.40594059405940597,31.356435643564357,47.0,144.167,48.723076923076924,452.0615384615385,0.0,2.380952380952381,Low
Airtel,F,22,Bihar,Chennai,1,132617.0,16,33,6053.0,0,2027,2,1,18-25,49,Medium Usage,0.002642880740006607,1.9411764705882353,356.05882352941177,16.333333333333332,55.053,263.17391304347825,5765.95652173913,0.043478260869565216,0.47058823529411764,Medium
BSNL,M,71,Goa,Mumbai,1,72376.0,62,10,4494.0,0,2027,2,1,56+,72,Medium Usage,0.013793103448275862,0.15873015873015872,71.33333333333333,24.0,76.494,62.416666666666664,1005.2222222222222,0.013888888888888888,5.636363636363637,Low
Reliance Jio,F,66,Uttar Pradesh,Hyderabad,3,25535.0,69,14,7559.0,0,2027,2,1,56+,83,High Usage,0.009126984126984128,0.2,107.98571428571428,27.666666666666668,90.559,112.82089552238806,381.1194029850746,0.04477611940298507,4.6,Medium
Reliance Jio,M,54,Uttarakhand,Bangalore,1,35466.0,72,3,7303.0,0,2027,3,1,46-55,75,High Usage,0.009857612267250822,0.0410958904109589,100.04109589041096,25.0,82.303,132.78181818181818,644.8363636363637,0.01818181818181818,18.0,Medium
BSNL,F,47,Haryana,Hyderabad,4,146871.0,11,43,981.0,0,2027,3,1,46-55,54,Low Usage,0.01120162932790224,3.5833333333333335,81.75,18.0,54.981,20.4375,3059.8125,0.08333333333333333,0.25,Very Low
Airtel,M,40,Karnataka,Mumbai,3,132502.0,33,15,5049.0,0,2027,3,1,36-45,48,Medium Usage,0.006534653465346534,0.4411764705882353,148.5,16.0,53.049,123.14634146341463,3231.756097560976,0.07317073170731707,2.0625,Low
BSNL,F,24,Rajasthan,Kolkata,3,135675.0,72,33,4531.0,0,2027,3,1,18-25,105,Medium Usage,0.01588702559576346,0.4520547945205479,62.06849315068493,35.0,109.531,181.24,5427.0,0.12,2.1176470588235294,Low
BSNL,M,30,Tamil Nadu,Delhi,1,118830.0,66,32,5655.0,0,2027,3,1,26-35,98,Medium Usage,0.01166902404526167,0.47761194029850745,84.40298507462687,32.666666666666664,103.655,182.41935483870967,3833.2258064516127,0.03225806451612903,2.0,Low
Vodafone,F,47,Jharkhand,Chennai,4,95568.0,24,13,1646.0,0,2027,3,1,46-55,37,Low Usage,0.014571948998178506,0.52,65.84,12.333333333333334,38.646,34.291666666666664,1991.0,0.08333333333333333,1.7142857142857142,Very Low
Reliance Jio,M,27,Meghalaya,Hyderabad,2,81480.0,81,12,6924.0,0,2027,3,1,26-35,93,High Usage,0.011696750902527076,0.14634146341463414,84.4390243902439,31.0,99.924,247.28571428571428,2910.0,0.07142857142857142,6.230769230769231,Medium
Airtel,F,57,Andhra Pradesh,Hyderabad,0,101994.0,25,11,123.0,0,2027,3,1,56+,36,Low Usage,0.20161290322580644,0.4230769230769231,4.730769230769231,12.0,36.123,2.1206896551724137,1758.5172413793102,0.0,2.0833333333333335,Very Low
Airtel,M,55,Himachal Pradesh,Hyderabad,1,129608.0,50,49,387.0,0,2027,3,1,46-55,99,Low Usage,0.12886597938144329,0.9607843137254902,7.588235294117647,33.0,99.387,6.910714285714286,2314.4285714285716,0.017857142857142856,1.0,Very Low
BSNL,M,42,Mizoram,Kolkata,1,106251.0,50,20,6009.0,0,2027,3,1,36-45,70,Medium Usage,0.008319467554076539,0.39215686274509803,117.82352941176471,23.333333333333332,76.009,139.74418604651163,2470.953488372093,0.023255813953488372,2.380952380952381,Medium
BSNL,F,66,Jharkhand,Bangalore,2,113523.0,18,17,1464.0,0,2027,3,1,56+,35,Low Usage,0.012286689419795221,0.8947368421052632,77.05263157894737,11.666666666666666,36.464,21.850746268656717,1694.3731343283582,0.029850746268656716,1.0,Very Low
Airtel,F,67,Tripura,Chennai,3,90770.0,23,38,6222.0,0,2027,3,1,56+,61,Medium Usage,0.0036959665756066207,1.5833333333333333,259.25,20.333333333333332,67.222,91.5,1334.8529411764705,0.04411764705882353,0.5897435897435898,Medium
BSNL,F,22,Sikkim,Chennai,0,54554.0,89,1,2588.0,1,2027,3,1,18-25,90,Low Usage,0.034376207029741215,0.011111111111111112,28.755555555555556,30.0,92.588,112.52173913043478,2371.913043478261,0.0,44.5,Very Low
BSNL,M,72,Himachal Pradesh,Delhi,4,35890.0,37,28,3956.0,1,2027,3,1,56+,65,Medium Usage,0.009350518069244376,0.7368421052631579,104.10526315789474,21.666666666666668,68.956,54.19178082191781,491.64383561643837,0.0547945205479452,1.2758620689655173,Low
Vodafone,M,37,Maharashtra,Kolkata,2,139880.0,92,52,9330.0,1,2027,3,1,36-45,144,High Usage,0.009859607759082628,0.5591397849462365,100.3225806451613,48.0,153.33,245.52631578947367,3681.0526315789475,0.05263157894736842,1.7358490566037736,High
Reliance Jio,M,20,Haryana,Mumbai,0,112448.0,32,2,8277.0,0,2027,3,1,18-25,34,High Usage,0.003865668035757429,0.06060606060606061,250.8181818181818,11.333333333333334,42.277,394.14285714285717,5354.666666666667,0.0,10.666666666666666,Medium
Reliance Jio,M,32,Madhya Pradesh,Kolkata,0,28514.0,86,16,6101.0,0,2027,3,1,26-35,102,Medium Usage,0.014093739757456572,0.1839080459770115,70.1264367816092,34.0,108.101,184.87878787878788,864.060606060606,0.0,5.0588235294117645,Medium
Vodafone,F,57,Bihar,Hyderabad,0,140578.0,41,28,4373.0,0,2027,3,1,56+,69,Medium Usage,0.009373571101966164,0.6666666666666666,104.11904761904762,23.0,73.373,75.39655172413794,2423.7586206896553,0.0,1.4137931034482758,Low
Vodafone,M,54,Tamil Nadu,Bangalore,4,110967.0,48,2,10352.0,1,2027,3,1,46-55,50,High Usage,0.004636337293538105,0.04081632653061224,211.26530612244898,16.666666666666668,60.352000000000004,188.21818181818182,2017.581818181818,0.07272727272727272,16.0,High
Airtel,F,42,West Bengal,Kolkata,2,109661.0,75,27,6090.0,0,2027,3,1,36-45,102,Medium Usage,0.01231324905598424,0.35526315789473684,80.13157894736842,34.0,108.09,141.62790697674419,2550.2558139534885,0.046511627906976744,2.6785714285714284,Medium
Airtel,F,19,Jharkhand,Chennai,4,98648.0,38,11,1938.0,0,2027,3,1,18-25,49,Low Usage,0.019597730789066528,0.28205128205128205,49.69230769230769,16.333333333333332,50.938,96.9,4932.4,0.2,3.1666666666666665,Very Low
Airtel,M,25,Punjab,Kolkata,1,80528.0,65,40,6555.0,0,2027,3,1,18-25,105,Medium Usage,0.00991458206223307,0.6060606060606061,99.31818181818181,35.0,111.555,252.1153846153846,3097.230769230769,0.038461538461538464,1.5853658536585367,Medium
Vodafone,M,72,Arunachal Pradesh,Delhi,2,91311.0,91,18,2776.0,0,2027,3,1,56+,109,Low Usage,0.03276917536910335,0.1956521739130435,30.17391304347826,36.333333333333336,111.776,38.02739726027397,1250.835616438356,0.0273972602739726,4.7894736842105265,Very Low
Airtel,M,46,Chhattisgarh,Mumbai,4,99344.0,73,50,9064.0,0,2027,3,1,46-55,123,High Usage,0.008052950910093767,0.6756756756756757,122.48648648648648,41.0,132.064,192.85106382978722,2113.7021276595747,0.0851063829787234,1.4313725490196079,High
Airtel,M,28,Odisha,Hyderabad,2,89950.0,31,36,9595.0,0,2027,3,1,26-35,67,High Usage,0.0032305127136306793,1.125,299.84375,22.333333333333332,76.595,330.86206896551727,3101.7241379310344,0.06896551724137931,0.8378378378378378,High
Reliance Jio,F,28,Uttar Pradesh,Chennai,1,135818.0,15,1,3704.0,0,2027,3,1,26-35,16,Medium Usage,0.004048582995951417,0.0625,231.5,5.333333333333333,19.704,127.72413793103448,4683.379310344828,0.034482758620689655,7.5,Low
Vodafone,F,52,Gujarat,Delhi,1,84680.0,61,12,4497.0,0,2027,3,1,46-55,73,Medium Usage,0.013561582925744775,0.1935483870967742,72.53225806451613,24.333333333333332,77.497,84.84905660377359,1597.7358490566037,0.018867924528301886,4.6923076923076925,Low
Reliance Jio,M,43,Assam,Kolkata,3,91095.0,37,42,7137.0,0,2027,3,1,36-45,79,High Usage,0.005183524796861866,1.105263157894737,187.81578947368422,26.333333333333332,86.137,162.20454545454547,2070.340909090909,0.06818181818181818,0.8604651162790697,Medium
BSNL,F,25,Karnataka,Hyderabad,3,138775.0,20,3,8190.0,0,2027,3,1,18-25,23,High Usage,0.0024417043096081063,0.14285714285714285,390.0,7.666666666666667,31.189999999999998,315.0,5337.5,0.11538461538461539,5.0,Medium
BSNL,M,25,Chhattisgarh,Hyderabad,4,54118.0,87,3,3673.0,0,2027,3,1,18-25,90,Medium Usage,0.02367991290146979,0.03409090909090909,41.73863636363637,30.0,93.673,141.26923076923077,2081.4615384615386,0.15384615384615385,21.75,Low
Airtel,F,67,Meghalaya,Hyderabad,2,63614.0,54,25,951.0,0,2027,3,1,56+,79,Low Usage,0.05672268907563025,0.45454545454545453,17.29090909090909,26.333333333333332,79.951,13.985294117647058,935.5,0.029411764705882353,2.076923076923077,Very Low
Reliance Jio,M,37,Uttar Pradesh,Delhi,1,110631.0,42,20,10252.0,0,2027,4,2,36-45,62,High Usage,0.0040963620403784255,0.46511627906976744,238.41860465116278,20.666666666666668,72.252,269.7894736842105,2911.342105263158,0.02631578947368421,2.0,High
Vodafone,M,43,Andhra Pradesh,Mumbai,1,45188.0,19,22,4071.0,1,2027,4,2,36-45,41,Medium Usage,0.004666011787819254,1.1,203.55,13.666666666666666,45.071,92.52272727272727,1027.0,0.022727272727272728,0.8260869565217391,Low
Vodafone,M,32,Haryana,Delhi,1,34660.0,13,11,5951.0,1,2027,4,2,26-35,24,Medium Usage,0.0021841397849462364,0.7857142857142857,425.07142857142856,8.0,29.951,180.33333333333334,1050.3030303030303,0.030303030303030304,1.0833333333333333,Low
Reliance Jio,F,41,Gujarat,Hyderabad,0,98264.0,46,52,9726.0,0,2027,4,2,36-45,98,High Usage,0.004729104554333299,1.1063829787234043,206.93617021276594,32.666666666666664,107.726,231.57142857142858,2339.6190476190477,0.0,0.8679245283018868,High
Reliance Jio,F,66,West Bengal,Chennai,0,86778.0,38,4,6493.0,0,2027,4,2,56+,42,Medium Usage,0.005851555281798583,0.10256410256410256,166.48717948717947,14.0,48.493,96.91044776119404,1295.1940298507463,0.0,7.6,Medium
Vodafone,F,47,Kerala,Hyderabad,4,26015.0,10,7,6041.0,1,2027,4,2,46-55,17,Medium Usage,0.0016550810989738498,0.6363636363636364,549.1818181818181,5.666666666666667,23.041,125.85416666666667,541.9791666666666,0.08333333333333333,1.25,Medium
BSNL,F,73,Himachal Pradesh,Hyderabad,3,54833.0,80,18,5081.0,0,2027,4,2,56+,98,Medium Usage,0.015741833923652106,0.2222222222222222,62.72839506172839,32.666666666666664,103.081,68.66216216216216,740.9864864864865,0.04054054054054054,4.2105263157894735,Low
BSNL,M,63,Uttarakhand,Chennai,4,32669.0,38,19,5367.0,0,2027,4,2,56+,57,Medium Usage,0.007078986587183309,0.48717948717948717,137.6153846153846,19.0,62.367,83.859375,510.453125,0.0625,1.9,Low
Reliance Jio,M,69,Assam,Chennai,0,143268.0,16,39,2346.0,1,2027,4,2,56+,55,Low Usage,0.006817213463996591,2.2941176470588234,138.0,18.333333333333332,57.346000000000004,33.51428571428571,2046.6857142857143,0.0,0.4,Very Low
Reliance Jio,F,51,Telangana,Delhi,3,53548.0,26,40,3230.0,0,2027,4,2,46-55,66,Low Usage,0.008047044258743422,1.4814814814814814,119.62962962962963,22.0,69.23,62.11538461538461,1029.7692307692307,0.057692307692307696,0.6341463414634146,Low
Reliance Jio,M,24,Arunachal Pradesh,Hyderabad,2,65878.0,50,2,3860.0,0,2027,4,2,18-25,52,Medium Usage,0.01295001295001295,0.0392156862745098,75.68627450980392,17.333333333333332,55.86,154.4,2635.12,0.08,16.666666666666668,Low
Vodafone,F,30,Madhya Pradesh,Mumbai,4,138782.0,94,27,533.0,1,2027,4,2,26-35,121,Low Usage,0.1760299625468165,0.28421052631578947,5.610526315789474,40.333333333333336,121.533,17.193548387096776,4476.8387096774195,0.12903225806451613,3.357142857142857,Very Low
Vodafone,F,49,Haryana,Mumbai,3,107924.0,1,5,5397.0,0,2027,4,2,46-55,6,Medium Usage,0.0001852537977028529,2.5,2698.5,2.0,11.397,107.94,2158.48,0.06,0.16666666666666666,Low
Reliance Jio,M,32,Maharashtra,Mumbai,1,116298.0,66,45,4820.0,0,2027,4,2,26-35,111,Medium Usage,0.013690105787181083,0.6716417910447762,71.94029850746269,37.0,115.82,146.06060606060606,3524.181818181818,0.030303030303030304,1.434782608695652,Low
BSNL,F,25,Rajasthan,Bangalore,3,50939.0,34,7,6840.0,0,2027,4,2,18-25,41,High Usage,0.00497003362081567,0.2,195.42857142857142,13.666666666666666,47.84,263.0769230769231,1959.1923076923076,0.11538461538461539,4.25,Medium
Vodafone,M,39,Maharashtra,Kolkata,3,112135.0,52,34,6551.0,1,2027,4,2,36-45,86,Medium Usage,0.007936507936507936,0.6415094339622641,123.60377358490567,28.666666666666668,92.551,163.775,2803.375,0.075,1.4857142857142858,Medium
Vodafone,M,30,Tripura,Mumbai,1,84343.0,37,16,8498.0,0,2027,4,2,26-35,53,High Usage,0.0043534533474526415,0.42105263157894735,223.6315789473684,17.666666666666668,61.498,274.1290322580645,2720.7419354838707,0.03225806451612903,2.176470588235294,Medium
Vodafone,M,66,Mizoram,Kolkata,1,31965.0,18,5,2901.0,1,2027,4,2,56+,23,Low Usage,0.006202618883528601,0.2631578947368421,152.68421052631578,7.666666666666667,25.901,43.298507462686565,477.089552238806,0.014925373134328358,3.0,Very Low
BSNL,F,59,Meghalaya,Kolkata,4,47697.0,98,46,1049.0,0,2027,4,2,56+,144,Low Usage,0.09333333333333334,0.46464646464646464,10.595959595959595,48.0,145.049,17.483333333333334,794.95,0.06666666666666667,2.0851063829787235,Very Low
BSNL,F,68,West Bengal,Kolkata,2,83688.0,97,34,2820.0,0,2027,4,2,56+,131,Low Usage,0.034384969868840834,0.3469387755102041,28.775510204081634,43.666666666666664,133.82,40.869565217391305,1212.8695652173913,0.028985507246376812,2.7714285714285714,Very Low
Vodafone,F,39,Punjab,Kolkata,1,53945.0,90,51,6840.0,1,2027,4,2,36-45,141,High Usage,0.01315597134921795,0.5604395604395604,75.16483516483517,47.0,147.84,171.0,1348.625,0.025,1.7307692307692308,Medium
BSNL,M,50,Punjab,Kolkata,2,133795.0,56,13,5161.0,1,2027,4,2,46-55,69,Medium Usage,0.01084850833010461,0.22807017543859648,90.54385964912281,23.0,74.161,101.19607843137256,2623.4313725490197,0.0392156862745098,4.0,Low
BSNL,M,42,Telangana,Mumbai,3,35952.0,79,14,4369.0,0,2027,4,2,36-45,93,Medium Usage,0.018077803203661327,0.175,54.6125,31.0,97.369,101.6046511627907,836.0930232558139,0.06976744186046512,5.266666666666667,Low
Vodafone,M,23,Sikkim,Kolkata,4,112775.0,23,3,10700.0,0,2027,4,2,18-25,26,High Usage,0.0021493318381459675,0.125,445.8333333333333,8.666666666666666,36.7,445.8333333333333,4698.958333333333,0.16666666666666666,5.75,High
Airtel,F,33,Telangana,Chennai,4,120376.0,31,23,7863.0,0,2027,4,2,26-35,54,High Usage,0.003942014242115971,0.71875,245.71875,18.0,61.863,231.26470588235293,3540.470588235294,0.11764705882352941,1.2916666666666667,Medium
Vodafone,F,66,Haryana,Hyderabad,2,138210.0,67,6,5049.0,0,2027,4,2,56+,73,Medium Usage,0.013267326732673267,0.08823529411764706,74.25,24.333333333333332,78.049,75.35820895522389,2062.8358208955224,0.029850746268656716,9.571428571428571,Low
BSNL,M,37,Gujarat,Mumbai,0,116209.0,7,2,5049.0,0,2027,4,2,36-45,9,Medium Usage,0.001386138613861386,0.25,631.125,3.0,14.049,132.8684210526316,3058.1315789473683,0.0,2.3333333333333335,Low
BSNL,M,55,Meghalaya,Delhi,4,74653.0,90,34,10455.0,0,2027,4,2,46-55,124,High Usage,0.008607498087222647,0.37362637362637363,114.89010989010988,41.333333333333336,134.455,186.69642857142858,1333.0892857142858,0.07142857142857142,2.5714285714285716,High
Airtel,M,49,Meghalaya,Bangalore,2,21482.0,49,35,7730.0,0,2027,4,2,46-55,84,High Usage,0.006338119260121588,0.7,154.6,28.0,91.73,154.6,429.64,0.04,1.3611111111111112,Medium
Vodafone,M,63,Himachal Pradesh,Kolkata,1,45441.0,42,37,7746.0,0,2027,4,2,56+,79,High Usage,0.005421453465857751,0.8604651162790697,180.13953488372093,26.333333333333332,86.746,121.03125,710.015625,0.015625,1.105263157894737,Medium
Reliance Jio,M,25,Arunachal Pradesh,Mumbai,4,38802.0,80,23,10273.0,0,2027,5,2,18-25,103,High Usage,0.007786645902277594,0.2839506172839506,126.82716049382717,34.333333333333336,113.273,395.11538461538464,1492.3846153846155,0.15384615384615385,3.3333333333333335,High
Reliance Jio,F,67,Andhra Pradesh,Chennai,1,43638.0,52,18,8537.0,0,2027,5,2,56+,70,High Usage,0.006090419301944249,0.33962264150943394,161.0754716981132,23.333333333333332,78.537,125.54411764705883,641.7352941176471,0.014705882352941176,2.736842105263158,Medium
Reliance Jio,F,58,Kerala,Chennai,0,20604.0,19,49,2171.0,0,2027,5,2,56+,68,Low Usage,0.008747697974217311,2.45,108.55,22.666666666666668,70.171,36.79661016949152,349.22033898305085,0.0,0.38,Very Low
Reliance Jio,M,36,Telangana,Mumbai,3,127147.0,29,30,2406.0,0,2027,5,2,36-45,59,Low Usage,0.012048192771084338,1.0,80.2,19.666666666666668,61.406,65.02702702702703,3436.4054054054054,0.08108108108108109,0.9354838709677419,Very Low
BSNL,F,27,Tamil Nadu,Kolkata,0,100981.0,31,15,4750.0,1,2027,5,2,26-35,46,Medium Usage,0.006524942117448958,0.46875,148.4375,15.333333333333334,50.75,169.64285714285714,3606.464285714286,0.0,1.9375,Low
Vodafone,F,22,Kerala,Delhi,4,85566.0,36,36,2384.0,0,2027,5,2,18-25,72,Low Usage,0.01509433962264151,0.972972972972973,64.43243243243244,24.0,74.384,103.65217391304348,3720.2608695652175,0.17391304347826086,0.972972972972973,Very Low
Airtel,M,58,Maharashtra,Mumbai,2,119575.0,66,8,3783.0,0,2027,5,2,56+,74,Medium Usage,0.01744186046511628,0.11940298507462686,56.46268656716418,24.666666666666668,77.783,64.11864406779661,2026.6949152542372,0.03389830508474576,7.333333333333333,Low
BSNL,F,63,Uttar Pradesh,Kolkata,1,43973.0,79,22,6815.0,0,2027,5,2,56+,101,High Usage,0.01159037558685446,0.275,85.1875,33.666666666666664,107.815,106.484375,687.078125,0.015625,3.4347826086956523,Medium
Airtel,M,25,Jharkhand,Kolkata,4,22987.0,12,18,9309.0,0,2027,5,2,18-25,30,High Usage,0.0012889366272824919,1.3846153846153846,716.0769230769231,10.0,39.309,358.03846153846155,884.1153846153846,0.15384615384615385,0.631578947368421,High
BSNL,F,63,Mizoram,Kolkata,4,30353.0,81,19,8039.0,0,2027,5,2,56+,100,High Usage,0.010074626865671642,0.23170731707317074,98.03658536585365,33.333333333333336,108.039,125.609375,474.265625,0.0625,4.05,Medium
Vodafone,M,65,Uttarakhand,Delhi,3,149346.0,42,19,3788.0,0,2027,5,2,56+,61,Medium Usage,0.011084718923198733,0.4418604651162791,88.09302325581395,20.333333333333332,64.788,57.39393939393939,2262.818181818182,0.045454545454545456,2.1,Low
Vodafone,M,56,Tripura,Hyderabad,2,80921.0,9,49,2654.0,0,2027,5,2,56+,58,Low Usage,0.003389830508474576,4.9,265.4,19.333333333333332,60.653999999999996,46.56140350877193,1419.6666666666667,0.03508771929824561,0.18,Very Low
Vodafone,M,66,Haryana,Kolkata,2,88864.0,30,38,3411.0,0,2027,5,2,56+,68,Low Usage,0.008792497069167644,1.2258064516129032,110.03225806451613,22.666666666666668,71.411,50.91044776119403,1326.3283582089553,0.029850746268656716,0.7692307692307693,Low
Vodafone,M,32,Andhra Pradesh,Delhi,4,123354.0,29,39,309.0,0,2027,5,2,26-35,68,Low Usage,0.0935483870967742,1.3,10.3,22.666666666666668,68.309,9.363636363636363,3738.0,0.12121212121212122,0.725,Very Low
BSNL,F,60,Odisha,Chennai,1,48899.0,99,37,9649.0,0,2027,5,2,56+,136,High Usage,0.010259067357512953,0.37,96.49,45.333333333333336,145.649,158.18032786885246,801.6229508196722,0.01639344262295082,2.6052631578947367,High
Airtel,F,67,Odisha,Hyderabad,4,109760.0,72,37,5884.0,0,2027,5,2,56+,109,Medium Usage,0.012234494477485132,0.5068493150684932,80.6027397260274,36.333333333333336,114.884,86.52941176470588,1614.1176470588234,0.058823529411764705,1.894736842105263,Low
Reliance Jio,M,21,Andhra Pradesh,Kolkata,4,120637.0,61,3,961.0,0,2027,5,2,18-25,64,Low Usage,0.06340956340956341,0.04838709677419355,15.5,21.333333333333332,64.961,43.68181818181818,5483.5,0.18181818181818182,15.25,Very Low
Reliance Jio,M,28,Mizoram,Chennai,2,22933.0,34,53,6413.0,1,2027,5,2,26-35,87,Medium Usage,0.005300904271905207,1.5142857142857142,183.22857142857143,29.0,93.413,221.13793103448276,790.7931034482758,0.06896551724137931,0.6296296296296297,Medium
Vodafone,M,48,Manipur,Chennai,1,99757.0,53,41,8986.0,0,2027,5,2,46-55,94,High Usage,0.005897407366195616,0.7592592592592593,166.40740740740742,31.333333333333332,102.986,183.3877551020408,2035.857142857143,0.02040816326530612,1.2619047619047619,Medium
Airtel,F,29,Rajasthan,Chennai,3,66874.0,80,41,5298.0,0,2027,5,2,26-35,121,Medium Usage,0.015097188148707303,0.5061728395061729,65.4074074074074,40.333333333333336,126.298,176.6,2229.133333333333,0.1,1.9047619047619047,Low
Reliance Jio,M,68,Kerala,Hyderabad,0,52333.0,67,27,7204.0,0,2027,5,2,56+,94,High Usage,0.00929909784871617,0.39705882352941174,105.94117647058823,31.333333333333332,101.204,104.40579710144928,758.4492753623189,0.0,2.392857142857143,Medium
Airtel,F,54,Kerala,Delhi,2,142333.0,30,26,2617.0,0,2027,5,2,46-55,56,Low Usage,0.01145912910618793,0.8387096774193549,84.41935483870968,18.666666666666668,58.617,47.58181818181818,2587.8727272727274,0.03636363636363636,1.1111111111111112,Very Low
BSNL,M,45,Nagaland,Mumbai,1,57446.0,51,2,10458.0,0,2027,5,2,36-45,53,High Usage,0.004876183191509705,0.038461538461538464,201.1153846153846,17.666666666666668,63.458,227.34782608695653,1248.8260869565217,0.021739130434782608,17.0,High
BSNL,F,47,Assam,Delhi,0,40200.0,76,44,9412.0,0,2027,5,2,46-55,120,High Usage,0.008073940295336236,0.5714285714285714,122.23376623376623,40.0,129.412,196.08333333333334,837.5,0.0,1.6888888888888889,High
Reliance Jio,F,30,Himachal Pradesh,Kolkata,4,119835.0,62,21,952.0,0,2027,5,2,26-35,83,Low Usage,0.06505771248688352,0.3333333333333333,15.11111111111111,27.666666666666668,83.952,30.70967741935484,3865.6451612903224,0.12903225806451613,2.8181818181818183,Very Low
Vodafone,M,31,Himachal Pradesh,Hyderabad,1,104108.0,18,28,5561.0,0,2027,5,2,26-35,46,Medium Usage,0.003236245954692557,1.4736842105263157,292.6842105263158,15.333333333333334,51.561,173.78125,3253.375,0.03125,0.6206896551724138,Low
Vodafone,M,44,Odisha,Mumbai,3,140333.0,42,44,321.0,0,2027,5,2,36-45,86,Low Usage,0.13043478260869565,1.0232558139534884,7.465116279069767,28.666666666666668,86.321,7.133333333333334,3118.511111111111,0.06666666666666667,0.9333333333333333,Very Low
BSNL,M,47,Telangana,Delhi,4,134931.0,79,10,5200.0,0,2027,5,2,46-55,89,Medium Usage,0.015189386656412228,0.125,65.0,29.666666666666668,94.2,108.33333333333333,2811.0625,0.08333333333333333,7.181818181818182,Low
Airtel,F,37,Madhya Pradesh,Chennai,2,61196.0,48,17,8882.0,0,2027,5,2,36-45,65,High Usage,0.005403579871664978,0.3469387755102041,181.26530612244898,21.666666666666668,73.882,233.73684210526315,1610.421052631579,0.05263157894736842,2.6666666666666665,Medium
Reliance Jio,M,23,Karnataka,Hyderabad,3,41152.0,22,45,9081.0,0,2027,5,2,18-25,67,High Usage,0.002422373926447919,1.9565217391304348,394.82608695652175,22.333333333333332,76.081,378.375,1714.6666666666667,0.125,0.4782608695652174,High
Reliance Jio,M,51,Madhya Pradesh,Delhi,1,70204.0,28,28,5726.0,0,2027,5,2,46-55,56,Medium Usage,0.004889121704208137,0.9655172413793104,197.44827586206895,18.666666666666668,61.726,110.11538461538461,1350.076923076923,0.019230769230769232,0.9655172413793104,Low
BSNL,M,26,Madhya Pradesh,Delhi,4,109939.0,21,40,1587.0,0,2027,6,2,26-35,61,Low Usage,0.01322418136020151,1.8181818181818181,72.13636363636364,20.333333333333332,62.587,58.77777777777778,4071.814814814815,0.14814814814814814,0.5121951219512195,Very Low
Vodafone,M,46,Uttarakhand,Delhi,0,33675.0,4,12,2439.0,0,2027,6,2,46-55,16,Low Usage,0.001639344262295082,2.4,487.8,5.333333333333333,18.439,51.8936170212766,716.4893617021277,0.0,0.3076923076923077,Very Low
Reliance Jio,F,34,Manipur,Mumbai,3,95804.0,61,32,7281.0,0,2027,6,2,26-35,93,High Usage,0.00837681955506729,0.5161290322580645,117.43548387096774,31.0,100.281,208.02857142857144,2737.2571428571428,0.08571428571428572,1.8484848484848484,Medium
Reliance Jio,M,35,Uttarakhand,Delhi,0,95319.0,63,26,2339.0,0,2027,6,2,26-35,89,Low Usage,0.026923076923076925,0.40625,36.546875,29.666666666666668,91.339,64.97222222222223,2647.75,0.0,2.3333333333333335,Very Low
Vodafone,F,37,Punjab,Bangalore,3,113179.0,11,36,5147.0,0,2027,6,2,36-45,47,Medium Usage,0.002136752136752137,3.0,428.9166666666667,15.666666666666666,52.147,135.44736842105263,2978.3947368421054,0.07894736842105263,0.2972972972972973,Low
Airtel,M,73,Assam,Chennai,1,142310.0,42,1,7401.0,0,2027,6,2,56+,43,High Usage,0.005674142123750338,0.023255813953488372,172.11627906976744,14.333333333333334,50.400999999999996,100.01351351351352,1923.1081081081081,0.013513513513513514,21.0,Medium
BSNL,M,39,Maharashtra,Kolkata,1,65582.0,92,38,1217.0,1,2027,6,2,36-45,130,Low Usage,0.0755336617405583,0.40860215053763443,13.086021505376344,43.333333333333336,131.217,30.425,1639.55,0.025,2.358974358974359,Very Low
Airtel,M,34,Jharkhand,Mumbai,4,22930.0,89,24,6070.0,0,2027,6,2,26-35,113,Medium Usage,0.014659858342941855,0.26666666666666666,67.44444444444444,37.666666666666664,119.07,173.42857142857142,655.1428571428571,0.11428571428571428,3.56,Medium
BSNL,M,53,Jharkhand,Chennai,2,61038.0,22,37,4366.0,0,2027,6,2,46-55,59,Medium Usage,0.005037783375314861,1.608695652173913,189.82608695652175,19.666666666666668,63.366,80.85185185185185,1130.3333333333333,0.037037037037037035,0.5789473684210527,Low
Airtel,M,51,Telangana,Delhi,3,136249.0,74,16,4324.0,0,2027,6,2,46-55,90,Medium Usage,0.017109826589595374,0.21333333333333335,57.653333333333336,30.0,94.324,83.15384615384616,2620.173076923077,0.057692307692307696,4.352941176470588,Low
Airtel,M,63,Bihar,Chennai,3,28968.0,89,15,2981.0,0,2027,6,2,56+,104,Low Usage,0.029845741113346747,0.16666666666666666,33.12222222222222,34.666666666666664,106.981,46.578125,452.625,0.046875,5.5625,Very Low
Vodafone,M,19,Gujarat,Chennai,1,117770.0,49,15,5199.0,0,2027,6,2,18-25,64,Medium Usage,0.009423076923076923,0.3,103.98,21.333333333333332,69.199,259.95,5888.5,0.05,3.0625,Low
Vodafone,M,31,Himachal Pradesh,Bangalore,2,91172.0,103,42,9162.0,1,2027,6,2,26-35,145,High Usage,0.011240859980355778,0.40384615384615385,88.09615384615384,48.333333333333336,154.162,286.3125,2849.125,0.0625,2.395348837209302,High
Vodafone,F,41,Punjab,Kolkata,3,142240.0,84,22,5694.0,1,2027,6,2,36-45,106,Medium Usage,0.014749780509218612,0.25882352941176473,66.98823529411764,35.333333333333336,111.694,135.57142857142858,3386.6666666666665,0.07142857142857142,3.652173913043478,Low
Vodafone,M,29,Sikkim,Mumbai,1,112234.0,39,42,4935.0,0,2027,6,2,26-35,81,Medium Usage,0.007901134521880064,1.05,123.375,27.0,85.935,164.5,3741.133333333333,0.03333333333333333,0.9069767441860465,Low
BSNL,F,49,Tamil Nadu,Hyderabad,2,120545.0,26,9,8830.0,0,2027,6,2,46-55,35,High Usage,0.0029441739327369493,0.3333333333333333,327.037037037037,11.666666666666666,43.83,176.6,2410.9,0.04,2.6,Medium
Reliance Jio,M,51,Maharashtra,Delhi,2,72143.0,63,37,5966.0,1,2027,6,2,46-55,100,Medium Usage,0.010558069381598794,0.578125,93.21875,33.333333333333336,105.966,114.73076923076923,1387.3653846153845,0.038461538461538464,1.6578947368421053,Low
BSNL,M,47,Mizoram,Mumbai,1,137297.0,64,48,2764.0,1,2027,6,2,46-55,112,Low Usage,0.02314647377938517,0.7384615384615385,42.52307692307692,37.333333333333336,114.764,57.583333333333336,2860.3541666666665,0.020833333333333332,1.3061224489795917,Very Low
BSNL,M,68,Arunachal Pradesh,Chennai,4,90532.0,42,26,4679.0,0,2027,6,2,56+,68,Medium Usage,0.008974358974358974,0.6046511627906976,108.81395348837209,22.666666666666668,72.679,67.81159420289855,1312.0579710144928,0.057971014492753624,1.5555555555555556,Low
Airtel,M,41,Maharashtra,Mumbai,0,95919.0,69,25,5049.0,0,2027,6,2,36-45,94,Medium Usage,0.013663366336633663,0.35714285714285715,72.12857142857143,31.333333333333332,99.049,120.21428571428571,2283.785714285714,0.0,2.6538461538461537,Low
Vodafone,M,32,Telangana,Hyderabad,0,125227.0,15,0,6637.0,0,2027,6,2,26-35,15,High Usage,0.002259716782163302,0.0,414.8125,5.0,21.637,201.12121212121212,3794.757575757576,0.0,15.0,Medium
Reliance Jio,F,49,Uttarakhand,Delhi,4,32341.0,58,50,2382.0,0,2027,6,2,46-55,108,Low Usage,0.02433906840117499,0.847457627118644,40.3728813559322,36.0,110.382,47.64,646.82,0.08,1.1372549019607843,Very Low
Vodafone,F,62,Haryana,Kolkata,4,35410.0,43,26,8815.0,1,2027,6,2,56+,69,High Usage,0.004877495462794919,0.5909090909090909,200.3409090909091,23.0,77.815,139.9206349206349,562.063492063492,0.06349206349206349,1.5925925925925926,Medium
Airtel,M,39,Himachal Pradesh,Delhi,3,67163.0,96,5,5049.0,0,2027,6,2,36-45,101,Medium Usage,0.01900990099009901,0.05154639175257732,52.05154639175258,33.666666666666664,106.049,126.225,1679.075,0.075,16.0,Low
Reliance Jio,M,43,Gujarat,Chennai,2,135890.0,26,44,10256.0,0,2027,6,2,36-45,70,High Usage,0.0025348542458808617,1.6296296296296295,379.85185185185185,23.333333333333332,80.256,233.0909090909091,3088.409090909091,0.045454545454545456,0.5777777777777777,High
Vodafone,F,65,Maharashtra,Bangalore,3,37397.0,101,32,220.0,1,2027,6,2,56+,133,Low Usage,0.45701357466063347,0.3137254901960784,2.156862745098039,44.333333333333336,133.22,3.3333333333333335,566.6212121212121,0.045454545454545456,3.0606060606060606,Very Low
BSNL,F,60,Nagaland,Bangalore,1,21722.0,32,20,8911.0,0,2027,6,2,56+,52,High Usage,0.003590664272890485,0.6060606060606061,270.030303030303,17.333333333333332,60.911,146.08196721311475,356.0983606557377,0.01639344262295082,1.5238095238095237,Medium
Vodafone,M,51,Uttarakhand,Hyderabad,2,141638.0,57,1,3609.0,0,2027,6,2,46-55,58,Medium Usage,0.015789473684210527,0.017241379310344827,62.224137931034484,19.333333333333332,61.609,69.40384615384616,2723.8076923076924,0.038461538461538464,28.5,Low
Reliance Jio,M,43,Karnataka,Hyderabad,4,74504.0,10,3,3688.0,0,2027,6,2,36-45,13,Medium Usage,0.0027107617240444567,0.2727272727272727,335.27272727272725,4.333333333333333,16.688,83.81818181818181,1693.2727272727273,0.09090909090909091,2.5,Low
BSNL,M,23,Assam,Chennai,3,125444.0,65,49,3004.0,0,2027,6,2,18-25,114,Low Usage,0.021630615640599003,0.7424242424242424,45.515151515151516,38.0,117.004,125.16666666666667,5226.833333333333,0.125,1.3,Low
Vodafone,F,63,Kerala,Hyderabad,3,22851.0,13,11,1046.0,0,2027,7,3,56+,24,Low Usage,0.012416427889207259,0.7857142857142857,74.71428571428571,8.0,25.046,16.34375,357.046875,0.046875,1.0833333333333333,Very Low
BSNL,F,47,Himachal Pradesh,Hyderabad,0,23944.0,28,18,4348.0,0,2027,7,3,46-55,46,Medium Usage,0.0064382616693492755,0.6206896551724138,149.93103448275863,15.333333333333334,50.348,90.58333333333333,498.8333333333333,0.0,1.4736842105263157,Low
BSNL,M,27,Mizoram,Delhi,2,124104.0,96,47,10318.0,1,2027,7,3,26-35,143,High Usage,0.009303227056885357,0.4845360824742268,106.37113402061856,47.666666666666664,153.318,368.5,4432.285714285715,0.07142857142857142,2.0,High
Airtel,M,30,Arunachal Pradesh,Delhi,3,132757.0,62,9,8239.0,0,2027,7,3,26-35,71,High Usage,0.007524271844660194,0.14285714285714285,130.77777777777777,23.666666666666668,79.239,265.7741935483871,4282.4838709677415,0.0967741935483871,6.2,Medium
Reliance Jio,M,69,Odisha,Hyderabad,0,84245.0,80,31,6625.0,1,2027,7,3,56+,111,Medium Usage,0.012073649260488983,0.38271604938271603,81.79012345679013,37.0,117.625,94.64285714285714,1203.5,0.0,2.5,Medium
Vodafone,F,48,Odisha,Chennai,0,111566.0,44,27,5508.0,0,2027,7,3,46-55,71,Medium Usage,0.007986930477400617,0.6,122.4,23.666666666666668,76.508,112.40816326530613,2276.8571428571427,0.0,1.5714285714285714,Low
Airtel,F,60,Arunachal Pradesh,Kolkata,0,142086.0,32,38,2252.0,1,2027,7,3,56+,70,Low Usage,0.014203284509542832,1.1515151515151516,68.24242424242425,23.333333333333332,72.252,36.91803278688525,2329.27868852459,0.0,0.8205128205128205,Very Low
Vodafone,M,58,Kerala,Kolkata,0,76645.0,36,33,8063.0,0,2027,7,3,56+,69,High Usage,0.004464285714285714,0.8918918918918919,217.9189189189189,23.0,77.063,136.66101694915255,1299.0677966101696,0.0,1.0588235294117647,Medium
Vodafone,M,45,Telangana,Delhi,2,47458.0,44,34,7303.0,0,2027,7,3,36-45,78,High Usage,0.006024096385542169,0.7555555555555555,162.2888888888889,26.0,85.303,158.7608695652174,1031.695652173913,0.043478260869565216,1.2571428571428571,Medium
Vodafone,F,62,Manipur,Hyderabad,1,66136.0,15,40,5099.0,0,2027,7,3,56+,55,Medium Usage,0.0029411764705882353,2.5,318.6875,18.333333333333332,60.099000000000004,80.93650793650794,1049.7777777777778,0.015873015873015872,0.36585365853658536,Low
Airtel,M,25,Karnataka,Delhi,3,93348.0,50,5,6939.0,0,2027,7,3,18-25,55,High Usage,0.007204610951008645,0.09803921568627451,136.05882352941177,18.333333333333332,61.939,266.88461538461536,3590.3076923076924,0.11538461538461539,8.333333333333334,Medium
Reliance Jio,M,49,Himachal Pradesh,Bangalore,3,109679.0,26,11,7615.0,1,2027,7,3,46-55,37,High Usage,0.0034138655462184874,0.4074074074074074,282.037037037037,12.333333333333334,44.615,152.3,2193.58,0.06,2.1666666666666665,Medium
BSNL,M,20,Bihar,Chennai,2,107928.0,54,26,6798.0,0,2027,7,3,18-25,80,High Usage,0.007942344462420944,0.4727272727272727,123.6,26.666666666666668,86.798,323.7142857142857,5139.428571428572,0.09523809523809523,2.0,Medium
BSNL,M,55,Mizoram,Kolkata,3,56155.0,88,19,1806.0,0,2027,7,3,46-55,107,Low Usage,0.048699501936912006,0.21348314606741572,20.292134831460675,35.666666666666664,108.806,32.25,1002.7678571428571,0.05357142857142857,4.4,Very Low
Vodafone,F,33,Tripura,Mumbai,0,73212.0,97,35,1364.0,0,2027,7,3,26-35,132,Low Usage,0.07106227106227106,0.35714285714285715,13.918367346938776,44.0,133.364,40.11764705882353,2153.294117647059,0.0,2.6944444444444446,Very Low
Airtel,F,59,Punjab,Mumbai,0,34487.0,45,3,2519.0,1,2027,7,3,56+,48,Low Usage,0.017857142857142856,0.06521739130434782,54.76086956521739,16.0,50.519,41.983333333333334,574.7833333333333,0.0,11.25,Very Low
Reliance Jio,M,68,Kerala,Kolkata,3,48672.0,8,9,6518.0,1,2027,7,3,56+,17,Medium Usage,0.0012271820831415861,1.0,724.2222222222222,5.666666666666667,23.518,94.46376811594203,705.3913043478261,0.043478260869565216,0.8,Medium
BSNL,M,22,Andhra Pradesh,Chennai,1,52857.0,56,4,2465.0,0,2027,7,3,18-25,60,Low Usage,0.0227088402270884,0.07017543859649122,43.24561403508772,20.0,62.465,107.17391304347827,2298.1304347826085,0.043478260869565216,11.2,Very Low
BSNL,M,26,Karnataka,Kolkata,3,142365.0,46,33,8010.0,0,2027,7,3,26-35,79,High Usage,0.005742104606166521,0.7021276595744681,170.4255319148936,26.333333333333332,87.01,296.6666666666667,5272.777777777777,0.1111111111111111,1.3529411764705883,Medium
Vodafone,F,41,Jharkhand,Hyderabad,4,101946.0,60,39,9254.0,0,2027,7,3,36-45,99,High Usage,0.006482982171799027,0.639344262295082,151.70491803278688,33.0,108.254,220.33333333333334,2427.285714285714,0.09523809523809523,1.5,High
Airtel,M,72,Nagaland,Mumbai,4,148370.0,14,18,6161.0,0,2027,7,3,56+,32,Medium Usage,0.0022719896137617657,1.2,410.73333333333335,10.666666666666666,38.161,84.3972602739726,2032.4657534246576,0.0547945205479452,0.7368421052631579,Medium
Reliance Jio,M,23,Andhra Pradesh,Chennai,4,115147.0,21,26,7434.0,0,2027,7,3,18-25,47,High Usage,0.0028244788164088768,1.1818181818181819,337.90909090909093,15.666666666666666,54.434,309.75,4797.791666666667,0.16666666666666666,0.7777777777777778,Medium
BSNL,F,71,Kerala,Mumbai,0,103223.0,63,10,2982.0,1,2027,7,3,56+,73,Low Usage,0.021119678176332552,0.15625,46.59375,24.333333333333332,75.982,41.416666666666664,1433.6527777777778,0.0,5.7272727272727275,Very Low
Reliance Jio,F,50,Manipur,Bangalore,3,141318.0,91,11,2923.0,1,2027,7,3,46-55,102,Low Usage,0.03112175102599179,0.11956521739130435,31.77173913043478,34.0,104.923,57.31372549019608,2770.9411764705883,0.058823529411764705,7.583333333333333,Very Low
BSNL,M,26,Kerala,Mumbai,4,116192.0,26,10,9230.0,0,2027,7,3,26-35,36,High Usage,0.0028165962517603727,0.37037037037037035,341.85185185185185,12.0,45.230000000000004,341.85185185185185,4303.407407407408,0.14814814814814814,2.3636363636363638,High
BSNL,M,48,Rajasthan,Chennai,2,99681.0,38,16,1762.0,0,2027,7,3,46-55,54,Low Usage,0.021554169030062395,0.41025641025641024,45.17948717948718,18.0,55.762,35.95918367346939,2034.3061224489795,0.04081632653061224,2.235294117647059,Very Low
Airtel,M,32,Tripura,Chennai,1,112079.0,91,44,6466.0,0,2027,7,3,26-35,135,Medium Usage,0.014071439616514613,0.4782608695652174,70.28260869565217,45.0,141.466,195.93939393939394,3396.3333333333335,0.030303030303030304,2.022222222222222,Medium
Airtel,M,45,Tamil Nadu,Kolkata,3,64599.0,12,41,890.0,0,2027,7,3,36-45,53,Low Usage,0.013468013468013467,3.1538461538461537,68.46153846153847,17.666666666666668,53.89,19.347826086956523,1404.3260869565217,0.06521739130434782,0.2857142857142857,Very Low
Airtel,M,37,Rajasthan,Chennai,2,120298.0,2,39,2843.0,1,2027,7,3,36-45,41,Low Usage,0.0007032348804500703,13.0,947.6666666666666,13.666666666666666,43.843,74.8157894736842,3165.7368421052633,0.05263157894736842,0.05,Very Low
Airtel,M,33,Arunachal Pradesh,Kolkata,1,61042.0,30,18,5649.0,0,2027,7,3,26-35,48,Medium Usage,0.005309734513274336,0.5806451612903226,182.2258064516129,16.0,53.649,166.14705882352942,1795.3529411764705,0.029411764705882353,1.5789473684210527,Low
Airtel,M,67,West Bengal,Bangalore,0,90391.0,20,34,947.0,0,2027,7,3,56+,54,Low Usage,0.02109704641350211,1.619047619047619,45.095238095238095,18.0,54.947,13.926470588235293,1329.2794117647059,0.0,0.5714285714285714,Very Low
BSNL,M,55,Odisha,Mumbai,3,131836.0,90,5,8013.0,0,2027,8,3,46-55,95,High Usage,0.01123034689293736,0.054945054945054944,88.05494505494505,31.666666666666668,103.013,143.08928571428572,2354.214285714286,0.05357142857142857,15.0,Medium
Airtel,M,26,Chhattisgarh,Mumbai,3,44176.0,31,10,8259.0,0,2027,8,3,26-35,41,High Usage,0.0037530266343825665,0.3125,258.09375,13.666666666666666,49.259,305.8888888888889,1636.148148148148,0.1111111111111111,2.8181818181818183,Medium
Reliance Jio,F,23,Sikkim,Delhi,0,71761.0,91,34,4825.0,0,2027,8,3,18-25,125,Medium Usage,0.018856195607128055,0.3695652173913043,52.44565217391305,41.666666666666664,129.825,201.04166666666666,2990.0416666666665,0.0,2.6,Low
Airtel,M,35,Chhattisgarh,Bangalore,3,116319.0,7,42,7150.0,0,2027,8,3,26-35,49,High Usage,0.0009788840721577402,5.25,893.75,16.333333333333332,56.15,198.61111111111111,3231.0833333333335,0.08333333333333333,0.16279069767441862,Medium
Airtel,F,63,West Bengal,Chennai,1,34991.0,87,24,1788.0,0,2027,8,3,56+,111,Low Usage,0.048630519843487985,0.2727272727272727,20.318181818181817,37.0,112.788,27.9375,546.734375,0.015625,3.48,Very Low
Reliance Jio,M,32,Manipur,Chennai,4,20509.0,68,9,678.0,0,2027,8,3,26-35,77,Low Usage,0.10014727540500737,0.13043478260869565,9.826086956521738,25.666666666666668,77.678,20.545454545454547,621.4848484848485,0.12121212121212122,6.8,Very Low
BSNL,M,37,Goa,Delhi,2,41228.0,37,43,7858.0,1,2027,8,3,36-45,80,High Usage,0.004707978114263901,1.131578947368421,206.78947368421052,26.666666666666668,87.858,206.78947368421052,1084.9473684210527,0.05263157894736842,0.8409090909090909,Medium
Reliance Jio,F,59,Madhya Pradesh,Hyderabad,3,80058.0,18,31,9961.0,0,2027,8,3,56+,49,High Usage,0.0018068660911463562,1.631578947368421,524.2631578947369,16.333333333333332,58.961,166.01666666666668,1334.3,0.05,0.5625,High
Reliance Jio,F,41,Jharkhand,Delhi,2,38670.0,53,26,9282.0,0,2027,8,3,36-45,79,High Usage,0.005709361197888614,0.48148148148148145,171.88888888888889,26.333333333333332,88.282,221.0,920.7142857142857,0.047619047619047616,1.962962962962963,High
Reliance Jio,M,62,Assam,Chennai,2,79013.0,25,16,4591.0,1,2027,8,3,56+,41,Medium Usage,0.00544425087108014,0.6153846153846154,176.57692307692307,13.666666666666666,45.591,72.87301587301587,1254.1746031746031,0.031746031746031744,1.4705882352941178,Low
Reliance Jio,M,74,Meghalaya,Hyderabad,0,77342.0,55,44,4342.0,0,2027,8,3,56+,99,Medium Usage,0.012664057103384757,0.7857142857142857,77.53571428571429,33.0,103.342,57.89333333333333,1031.2266666666667,0.0,1.2222222222222223,Low
Reliance Jio,M,61,Kerala,Mumbai,0,34792.0,29,35,5482.0,0,2027,8,3,56+,64,Medium Usage,0.005289075323727886,1.1666666666666667,182.73333333333332,21.333333333333332,69.482,88.41935483870968,561.1612903225806,0.0,0.8055555555555556,Low
BSNL,F,55,Kerala,Delhi,4,103341.0,15,33,8298.0,0,2027,8,3,46-55,48,High Usage,0.0018074466803229305,2.0625,518.625,16.0,56.298,148.17857142857142,1845.375,0.07142857142857142,0.4411764705882353,Medium
Airtel,M,22,Kerala,Delhi,4,47471.0,57,20,5654.0,0,2027,8,3,18-25,77,Medium Usage,0.010079575596816976,0.3448275862068966,97.48275862068965,25.666666666666668,82.654,245.82608695652175,2063.9565217391305,0.17391304347826086,2.7142857142857144,Low
BSNL,M,26,Telangana,Chennai,0,95878.0,29,3,7460.0,1,2027,8,3,26-35,32,High Usage,0.003886878434526203,0.1,248.66666666666666,10.666666666666666,39.46,276.2962962962963,3551.037037037037,0.0,7.25,Medium
Vodafone,F,38,Karnataka,Mumbai,3,144039.0,45,19,7758.0,0,2027,8,3,36-45,64,High Usage,0.005799716458306483,0.41304347826086957,168.65217391304347,21.333333333333332,71.758,198.92307692307693,3693.3076923076924,0.07692307692307693,2.25,Medium
Reliance Jio,M,49,Maharashtra,Bangalore,2,29972.0,18,9,2771.0,0,2027,8,3,46-55,27,Low Usage,0.006493506493506494,0.47368421052631576,145.8421052631579,9.0,29.771,55.42,599.44,0.04,1.8,Very Low
BSNL,M,45,Gujarat,Hyderabad,2,27320.0,57,12,10632.0,0,2027,8,3,36-45,69,High Usage,0.005360669613467507,0.20689655172413793,183.31034482758622,23.0,79.632,231.1304347826087,593.9130434782609,0.043478260869565216,4.384615384615385,High
Airtel,M,54,Rajasthan,Hyderabad,0,99094.0,77,24,1135.0,0,2027,8,3,46-55,101,Low Usage,0.06778169014084508,0.3076923076923077,14.551282051282051,33.666666666666664,102.135,20.636363636363637,1801.709090909091,0.0,3.08,Very Low
Reliance Jio,M,46,Bihar,Delhi,3,102027.0,53,36,7632.0,0,2027,8,3,46-55,89,High Usage,0.006943534652168217,0.6666666666666666,141.33333333333334,29.666666666666668,96.632,162.38297872340425,2170.7872340425533,0.06382978723404255,1.4324324324324325,Medium
Vodafone,F,23,Tamil Nadu,Hyderabad,2,33430.0,93,13,8048.0,1,2027,8,3,18-25,106,High Usage,0.011554230339172567,0.13829787234042554,85.61702127659575,35.333333333333336,114.048,335.3333333333333,1392.9166666666667,0.08333333333333333,6.642857142857143,Medium
Reliance Jio,M,65,Punjab,Chennai,4,115723.0,105,4,7826.0,0,2027,8,3,56+,109,High Usage,0.013415101571483326,0.03773584905660377,73.83018867924528,36.333333333333336,116.826,118.57575757575758,1753.378787878788,0.06060606060606061,21.0,Medium
Reliance Jio,M,40,Himachal Pradesh,Chennai,3,26148.0,12,25,8298.0,0,2027,8,3,36-45,37,High Usage,0.0014459573442583444,1.9230769230769231,638.3076923076923,12.333333333333334,45.298,202.390243902439,637.7560975609756,0.07317073170731707,0.46153846153846156,Medium
BSNL,M,73,Odisha,Chennai,1,131638.0,17,29,1950.0,0,2027,8,3,56+,46,Low Usage,0.008713480266529985,1.6111111111111112,108.33333333333333,15.333333333333334,47.95,26.35135135135135,1778.8918918918919,0.013513513513513514,0.5666666666666667,Very Low
Vodafone,F,18,Tamil Nadu,Delhi,2,32492.0,88,12,1192.0,1,2027,8,3,18-25,100,Low Usage,0.07376362112321877,0.1348314606741573,13.393258426966293,33.333333333333336,101.192,62.73684210526316,1710.1052631578948,0.10526315789473684,6.769230769230769,Very Low
Airtel,M,64,Jharkhand,Kolkata,0,140672.0,55,4,7053.0,0,2027,8,3,56+,59,High Usage,0.00779699461298554,0.07142857142857142,125.94642857142857,19.666666666666668,66.053,108.50769230769231,2164.1846153846154,0.0,11.0,Medium
BSNL,M,40,Nagaland,Delhi,1,100573.0,70,12,6712.0,0,2027,8,3,36-45,82,High Usage,0.010427528675703858,0.16901408450704225,94.53521126760563,27.333333333333332,88.712,163.70731707317074,2453.0,0.024390243902439025,5.384615384615385,Medium
BSNL,M,28,Manipur,Kolkata,0,95569.0,42,29,2058.0,0,2027,8,3,26-35,71,Low Usage,0.020398251578436135,0.6744186046511628,47.86046511627907,23.666666666666668,73.05799999999999,70.96551724137932,3295.4827586206898,0.0,1.4,Very Low
Reliance Jio,F,63,Haryana,Hyderabad,2,78858.0,50,36,2799.0,0,2027,8,3,56+,86,Low Usage,0.017857142857142856,0.7058823529411765,54.88235294117647,28.666666666666668,88.799,43.734375,1232.15625,0.03125,1.3513513513513513,Very Low
BSNL,M,70,Madhya Pradesh,Bangalore,1,127557.0,61,32,1355.0,0,2027,8,3,56+,93,Low Usage,0.04498525073746313,0.5161290322580645,21.85483870967742,31.0,94.355,19.08450704225352,1796.5774647887324,0.014084507042253521,1.8484848484848484,Very Low
BSNL,M,69,Meghalaya,Kolkata,4,71203.0,5,46,2275.0,0,2027,8,3,56+,51,Low Usage,0.0021968365553602814,7.666666666666667,379.1666666666667,17.0,53.275,32.5,1017.1857142857143,0.05714285714285714,0.10638297872340426,Very Low
BSNL,F,49,Rajasthan,Kolkata,2,109351.0,47,31,6749.0,1,2027,9,3,46-55,78,High Usage,0.006962962962962963,0.6458333333333334,140.60416666666666,26.0,84.749,134.98,2187.02,0.04,1.46875,Medium
BSNL,F,63,Goa,Bangalore,2,119501.0,55,35,6743.0,0,2027,9,3,56+,90,High Usage,0.008155397390272835,0.625,120.41071428571429,30.0,96.743,105.359375,1867.203125,0.03125,1.5277777777777777,Medium
Vodafone,M,64,Odisha,Hyderabad,2,73030.0,47,47,7952.0,0,2027,9,3,56+,94,High Usage,0.00590971960266566,0.9791666666666666,165.66666666666666,31.333333333333332,101.952,122.33846153846154,1123.5384615384614,0.03076923076923077,0.9791666666666666,Medium
Airtel,M,24,Tamil Nadu,Delhi,0,35351.0,4,7,746.0,1,2027,9,3,18-25,11,Low Usage,0.00535475234270415,1.4,149.2,3.6666666666666665,11.746,29.84,1414.04,0.0,0.5,Very Low
Airtel,F,19,Haryana,Kolkata,0,127590.0,17,45,738.0,0,2027,9,3,18-25,62,Low Usage,0.023004059539918808,2.5,41.0,20.666666666666668,62.738,36.9,6379.5,0.0,0.3695652173913043,Very Low
BSNL,M,23,Maharashtra,Mumbai,2,57464.0,6,20,913.0,0,2027,9,3,18-25,26,Low Usage,0.006564551422319475,2.857142857142857,130.42857142857142,8.666666666666666,26.913,38.041666666666664,2394.3333333333335,0.08333333333333333,0.2857142857142857,Very Low
Reliance Jio,M,65,Gujarat,Delhi,0,64956.0,86,27,3837.0,0,2027,9,3,56+,113,Medium Usage,0.022407503908285567,0.3103448275862069,44.10344827586207,37.666666666666664,116.837,58.13636363636363,984.1818181818181,0.0,3.0714285714285716,Low
Reliance Jio,F,37,West Bengal,Mumbai,4,91652.0,97,41,3814.0,0,2027,9,3,36-45,138,Medium Usage,0.025425950196592398,0.41836734693877553,38.91836734693877,46.0,141.814,100.36842105263158,2411.8947368421054,0.10526315789473684,2.3095238095238093,Low
Vodafone,F,48,Telangana,Chennai,3,148331.0,12,10,1203.0,0,2027,9,3,46-55,22,Low Usage,0.009966777408637873,0.7692307692307693,92.53846153846153,7.333333333333333,23.203,24.551020408163264,3027.1632653061224,0.061224489795918366,1.0909090909090908,Very Low
Vodafone,F,22,Tripura,Delhi,0,74315.0,79,21,6175.0,0,2027,9,3,18-25,100,Medium Usage,0.012791450777202073,0.2625,77.1875,33.333333333333336,106.175,268.4782608695652,3231.086956521739,0.0,3.590909090909091,Medium
Reliance Jio,M,40,West Bengal,Hyderabad,0,49677.0,39,36,7924.0,0,2027,9,3,36-45,75,High Usage,0.004921135646687697,0.9,198.1,25.0,82.924,193.26829268292684,1211.6341463414635,0.0,1.054054054054054,Medium
BSNL,F,27,Odisha,Mumbai,3,105165.0,67,42,9388.0,1,2027,9,3,26-35,109,High Usage,0.007136010224731068,0.6176470588235294,138.05882352941177,36.333333333333336,118.388,335.2857142857143,3755.8928571428573,0.10714285714285714,1.558139534883721,High
Reliance Jio,F,27,Sikkim,Delhi,3,60099.0,35,0,5099.0,0,2027,9,3,26-35,35,Medium Usage,0.006862745098039216,0.0,141.63888888888889,11.666666666666666,40.099000000000004,182.10714285714286,2146.3928571428573,0.10714285714285714,35.0,Low
Airtel,F,71,Jharkhand,Mumbai,3,98598.0,2,42,7531.0,0,2027,9,3,56+,44,High Usage,0.0002655337227827934,14.0,2510.3333333333335,14.666666666666666,51.531,104.59722222222223,1369.4166666666667,0.041666666666666664,0.046511627906976744,Medium
Reliance Jio,F,59,Arunachal Pradesh,Bangalore,2,66046.0,16,48,9546.0,0,2027,9,3,56+,64,High Usage,0.0016759191369016444,2.823529411764706,561.5294117647059,21.333333333333332,73.54599999999999,159.1,1100.7666666666667,0.03333333333333333,0.32653061224489793,High
Vodafone,F,23,Mizoram,Mumbai,3,94480.0,38,9,5049.0,0,2027,9,3,18-25,47,Medium Usage,0.0075247524752475245,0.23076923076923078,129.46153846153845,15.666666666666666,52.049,210.375,3936.6666666666665,0.125,3.8,Low
Airtel,M,25,Telangana,Delhi,2,116561.0,24,42,8085.0,0,2027,9,3,18-25,66,High Usage,0.002968093000247341,1.68,323.4,22.0,74.08500000000001,310.96153846153845,4483.115384615385,0.07692307692307693,0.5581395348837209,Medium
Reliance Jio,M,44,Karnataka,Kolkata,1,29390.0,86,46,8080.0,0,2027,9,3,36-45,132,High Usage,0.010642247246627892,0.5287356321839081,92.8735632183908,44.0,140.08,179.55555555555554,653.1111111111111,0.022222222222222223,1.8297872340425532,Medium
Airtel,F,53,Jharkhand,Delhi,2,61319.0,67,29,837.0,1,2027,9,3,46-55,96,Low Usage,0.07995226730310262,0.4264705882352941,12.308823529411764,32.0,96.837,15.5,1135.537037037037,0.037037037037037035,2.2333333333333334,Very Low
BSNL,F,57,Tamil Nadu,Chennai,3,123185.0,44,44,5785.0,0,2027,9,3,56+,88,Medium Usage,0.0076045627376425855,0.9777777777777777,128.55555555555554,29.333333333333332,93.785,99.74137931034483,2123.8793103448274,0.05172413793103448,0.9777777777777777,Low
BSNL,F,39,Madhya Pradesh,Chennai,0,78871.0,95,11,4605.0,0,2027,9,3,36-45,106,Medium Usage,0.020625271385149805,0.11458333333333333,47.96875,35.333333333333336,110.605,115.125,1971.775,0.0,7.916666666666667,Low
Airtel,M,22,Odisha,Bangalore,1,48101.0,70,17,9308.0,1,2027,9,3,18-25,87,High Usage,0.007519604683639489,0.23943661971830985,131.09859154929578,29.0,96.30799999999999,404.69565217391306,2091.3478260869565,0.043478260869565216,3.888888888888889,High
BSNL,F,19,Tamil Nadu,Delhi,0,81532.0,29,36,3952.0,0,2027,9,3,18-25,65,Medium Usage,0.007336200354161397,1.2,131.73333333333332,21.666666666666668,68.952,197.6,4076.6,0.0,0.7837837837837838,Low
Airtel,M,38,Nagaland,Kolkata,4,127367.0,39,19,5328.0,0,2027,9,3,36-45,58,Medium Usage,0.007318446237568024,0.475,133.2,19.333333333333332,63.328,136.6153846153846,3265.8205128205127,0.10256410256410256,1.95,Low
Vodafone,M,18,Odisha,Chennai,1,120764.0,49,42,6260.0,1,2027,9,3,18-25,91,Medium Usage,0.00782622584251717,0.84,125.2,30.333333333333332,97.26,329.4736842105263,6356.0,0.05263157894736842,1.1395348837209303,Medium
Vodafone,M,64,Tripura,Delhi,1,95036.0,96,12,2262.0,0,2027,9,3,56+,108,Low Usage,0.04242156429518339,0.12371134020618557,23.31958762886598,36.0,110.262,34.8,1462.0923076923077,0.015384615384615385,7.384615384615385,Very Low
Reliance Jio,M,38,Himachal Pradesh,Bangalore,4,88151.0,29,25,5908.0,0,2027,9,3,36-45,54,Medium Usage,0.004907767811812489,0.8333333333333334,196.93333333333334,18.0,59.908,151.48717948717947,2260.2820512820513,0.10256410256410256,1.1153846153846154,Low
Airtel,F,38,Telangana,Kolkata,0,143847.0,42,41,6704.0,1,2027,9,3,36-45,83,High Usage,0.006263982102908278,0.9534883720930233,155.90697674418604,27.666666666666668,89.704,171.89743589743588,3688.3846153846152,0.0,1.0,Medium
BSNL,F,68,Tamil Nadu,Delhi,0,20855.0,37,41,9136.0,1,2027,9,3,56+,78,High Usage,0.004049469191200613,1.0789473684210527,240.42105263157896,26.0,87.136,132.40579710144928,302.2463768115942,0.0,0.8809523809523809,High
Reliance Jio,M,33,Haryana,Delhi,0,38092.0,50,11,476.0,0,2027,9,3,26-35,61,Low Usage,0.10482180293501048,0.21568627450980393,9.333333333333334,20.333333333333332,61.476,14.0,1120.3529411764705,0.0,4.166666666666667,Very Low
Reliance Jio,M,30,Tripura,Bangalore,4,46329.0,59,29,4680.0,0,2027,10,4,26-35,88,Medium Usage,0.012604144413586841,0.48333333333333334,78.0,29.333333333333332,92.68,150.96774193548387,1494.483870967742,0.12903225806451613,1.9666666666666666,Low
Reliance Jio,M,70,Bihar,Hyderabad,4,25821.0,72,45,1343.0,1,2027,10,4,56+,117,Low Usage,0.05357142857142857,0.6164383561643836,18.397260273972602,39.0,118.343,18.91549295774648,363.67605633802816,0.056338028169014086,1.565217391304348,Very Low
BSNL,M,55,Kerala,Mumbai,4,148349.0,3,24,7050.0,0,2027,10,4,46-55,27,High Usage,0.0004254715643171181,6.0,1762.5,9.0,34.05,125.89285714285714,2649.089285714286,0.07142857142857142,0.12,Medium
Airtel,M,57,West Bengal,Hyderabad,3,104354.0,38,12,1151.0,0,2027,10,4,56+,50,Low Usage,0.03298611111111111,0.3076923076923077,29.512820512820515,16.666666666666668,51.151,19.844827586206897,1799.2068965517242,0.05172413793103448,2.923076923076923,Very Low
Vodafone,F,63,Mizoram,Bangalore,4,23853.0,27,8,1348.0,0,2027,10,4,56+,35,Low Usage,0.02001482579688658,0.2857142857142857,48.142857142857146,11.666666666666666,36.348,21.0625,372.703125,0.0625,3.0,Very Low
BSNL,M,25,Manipur,Hyderabad,4,140771.0,60,18,7817.0,0,2027,10,4,18-25,78,High Usage,0.007674597083653108,0.29508196721311475,128.14754098360655,26.0,85.81700000000001,300.65384615384613,5414.2692307692305,0.15384615384615385,3.1578947368421053,Medium
Vodafone,M,31,Andhra Pradesh,Delhi,4,127291.0,36,33,5571.0,0,2027,10,4,26-35,69,Medium Usage,0.006460875807609476,0.8918918918918919,150.56756756756758,23.0,74.571,174.09375,3977.84375,0.125,1.0588235294117647,Low
Airtel,F,32,West Bengal,Kolkata,0,118491.0,46,31,8805.0,1,2027,10,4,26-35,77,High Usage,0.005223711106064047,0.6595744680851063,187.3404255319149,25.666666666666668,85.805,266.8181818181818,3590.6363636363635,0.0,1.4375,Medium
BSNL,M,22,Tamil Nadu,Kolkata,0,73298.0,26,0,8453.0,1,2027,10,4,18-25,26,High Usage,0.003075467234445233,0.0,313.0740740740741,8.666666666666666,34.453,367.5217391304348,3186.8695652173915,0.0,26.0,Medium
Vodafone,M,58,Tamil Nadu,Bangalore,1,31233.0,28,46,4056.0,0,2027,10,4,56+,74,Medium Usage,0.006901651466600937,1.5862068965517242,139.86206896551724,24.666666666666668,78.056,68.7457627118644,529.3728813559322,0.01694915254237288,0.5957446808510638,Low
BSNL,F,40,West Bengal,Bangalore,4,75611.0,3,21,7572.0,1,2027,10,4,36-45,24,High Usage,0.0003961441964875215,5.25,1893.0,8.0,31.572,184.6829268292683,1844.1707317073171,0.0975609756097561,0.13636363636363635,Medium
Reliance Jio,M,38,Tripura,Kolkata,3,67661.0,55,39,7768.0,0,2027,10,4,36-45,94,High Usage,0.00707941820054061,0.6964285714285714,138.71428571428572,31.333333333333332,101.768,199.17948717948718,1734.8974358974358,0.07692307692307693,1.375,Medium
BSNL,M,35,Karnataka,Chennai,3,111440.0,102,29,2056.0,0,2027,10,4,26-35,131,Low Usage,0.049586776859504134,0.2815533980582524,19.961165048543688,43.666666666666664,133.056,57.111111111111114,3095.5555555555557,0.08333333333333333,3.4,Very Low
Reliance Jio,M,40,Bihar,Kolkata,0,36514.0,29,21,4563.0,0,2027,10,4,36-45,50,Medium Usage,0.006354075372480281,0.7,152.1,16.666666666666668,54.563,111.29268292682927,890.5853658536586,0.0,1.3181818181818181,Low
Airtel,F,52,Meghalaya,Kolkata,3,75511.0,52,10,5049.0,0,2027,10,4,46-55,62,Medium Usage,0.010297029702970298,0.18867924528301888,95.26415094339623,20.666666666666668,67.049,95.26415094339623,1424.7358490566037,0.05660377358490566,4.7272727272727275,Low
Vodafone,M,20,Karnataka,Delhi,4,25345.0,50,5,7093.0,0,2027,10,4,18-25,55,High Usage,0.007048209754722301,0.09803921568627451,139.07843137254903,18.333333333333332,62.093,337.76190476190476,1206.904761904762,0.19047619047619047,8.333333333333334,Medium
BSNL,M,52,Manipur,Chennai,4,39019.0,13,22,4341.0,0,2027,10,4,46-55,35,Medium Usage,0.0029940119760479044,1.5714285714285714,310.07142857142856,11.666666666666666,39.341,81.90566037735849,736.2075471698113,0.07547169811320754,0.5652173913043478,Low
Vodafone,M,50,Goa,Chennai,2,81792.0,74,42,2037.0,0,2027,10,4,46-55,116,Low Usage,0.03631010794896958,0.56,27.16,38.666666666666664,118.037,39.94117647058823,1603.764705882353,0.0392156862745098,1.7209302325581395,Very Low
Airtel,F,37,Assam,Chennai,2,62563.0,24,28,5049.0,0,2027,10,4,36-45,52,Medium Usage,0.004752475247524752,1.12,201.96,17.333333333333332,57.049,132.8684210526316,1646.3947368421052,0.05263157894736842,0.8275862068965517,Low
Reliance Jio,F,50,Jharkhand,Mumbai,4,43304.0,13,18,9203.0,0,2027,10,4,46-55,31,High Usage,0.0014124293785310734,1.2857142857142858,657.3571428571429,10.333333333333334,40.203,180.45098039215685,849.0980392156863,0.0784313725490196,0.6842105263157895,High
Airtel,F,23,Manipur,Bangalore,1,141427.0,72,40,10552.0,0,2027,10,4,18-25,112,High Usage,0.006822704444233867,0.547945205479452,144.54794520547946,37.333333333333336,122.55199999999999,439.6666666666667,5892.791666666667,0.041666666666666664,1.7560975609756098,High
Reliance Jio,F,45,Madhya Pradesh,Mumbai,2,113371.0,49,40,5060.0,1,2027,10,4,36-45,89,Medium Usage,0.009681881051175657,0.8,101.2,29.666666666666668,94.06,110.0,2464.586956521739,0.043478260869565216,1.1951219512195121,Low
Airtel,F,38,Chhattisgarh,Kolkata,2,78986.0,35,12,1828.0,0,2027,10,4,36-45,47,Low Usage,0.01913613996719519,0.3333333333333333,50.77777777777778,15.666666666666666,48.828,46.87179487179487,2025.2820512820513,0.05128205128205128,2.6923076923076925,Very Low
Vodafone,M,64,Uttarakhand,Chennai,3,142054.0,68,31,7814.0,0,2027,10,4,56+,99,High Usage,0.008701215611004478,0.4492753623188406,113.2463768115942,33.0,106.814,120.21538461538462,2185.4461538461537,0.046153846153846156,2.125,Medium
Vodafone,M,53,Nagaland,Bangalore,4,69054.0,58,38,3318.0,0,2027,10,4,46-55,96,Low Usage,0.017475143115396205,0.6440677966101694,56.23728813559322,32.0,99.318,61.44444444444444,1278.7777777777778,0.07407407407407407,1.4871794871794872,Low
Airtel,M,29,Odisha,Kolkata,1,56312.0,20,36,5049.0,1,2027,10,4,26-35,56,Medium Usage,0.0039603960396039604,1.7142857142857142,240.42857142857142,18.666666666666668,61.049,168.3,1877.0666666666666,0.03333333333333333,0.5405405405405406,Low
Reliance Jio,M,48,Tamil Nadu,Mumbai,3,71549.0,98,16,7522.0,0,2027,10,4,46-55,114,High Usage,0.013026718064601888,0.16161616161616163,75.97979797979798,38.0,121.522,153.51020408163265,1460.1836734693877,0.061224489795918366,5.764705882352941,Medium
Reliance Jio,M,68,Tripura,Mumbai,0,94925.0,41,23,6348.0,0,2027,10,4,56+,64,Medium Usage,0.006457709875570956,0.5476190476190477,151.14285714285714,21.333333333333332,70.348,92.0,1375.7246376811595,0.0,1.7083333333333333,Medium
Airtel,M,58,Andhra Pradesh,Bangalore,4,129811.0,25,48,3952.0,0,2027,10,4,56+,73,Medium Usage,0.006324310650139135,1.8461538461538463,152.0,24.333333333333332,76.952,66.98305084745763,2200.186440677966,0.06779661016949153,0.5102040816326531,Low
Airtel,M,38,Telangana,Kolkata,0,143339.0,73,1,8910.0,0,2027,10,4,36-45,74,High Usage,0.00819212209628549,0.013513513513513514,120.4054054054054,24.666666666666668,82.91,228.46153846153845,3675.358974358974,0.0,36.5,Medium
Airtel,M,26,Manipur,Hyderabad,0,137115.0,3,40,5693.0,0,2027,10,4,26-35,43,Medium Usage,0.0005268703898840885,10.0,1423.25,14.333333333333334,48.693,210.85185185185185,5078.333333333333,0.0,0.07317073170731707,Low
Vodafone,M,31,Odisha,Bangalore,1,131357.0,73,44,4749.0,0,2027,11,4,26-35,117,Medium Usage,0.015368421052631578,0.5945945945945946,64.17567567567568,39.0,121.749,148.40625,4104.90625,0.03125,1.6222222222222222,Low
Vodafone,F,21,Himachal Pradesh,Chennai,1,122093.0,24,49,8003.0,0,2027,11,4,18-25,73,High Usage,0.0029985007496251873,1.96,320.12,24.333333333333332,81.003,363.77272727272725,5549.681818181818,0.045454545454545456,0.48,Medium
Airtel,M,33,Jharkhand,Hyderabad,2,49420.0,86,25,7310.0,0,2027,11,4,26-35,111,High Usage,0.01176309670359732,0.28735632183908044,84.02298850574712,37.0,118.31,215.0,1453.5294117647059,0.058823529411764705,3.3076923076923075,Medium
BSNL,F,28,Telangana,Bangalore,4,94852.0,91,44,2856.0,0,2027,11,4,26-35,135,Low Usage,0.03185159257962898,0.4782608695652174,31.043478260869566,45.0,137.856,98.48275862068965,3270.7586206896553,0.13793103448275862,2.022222222222222,Very Low
Vodafone,M,52,Odisha,Mumbai,2,106047.0,7,36,1393.0,1,2027,11,4,46-55,43,Low Usage,0.005021520803443328,4.5,174.125,14.333333333333334,44.393,26.28301886792453,2000.8867924528302,0.03773584905660377,0.1891891891891892,Very Low
BSNL,M,19,Arunachal Pradesh,Chennai,1,99554.0,32,26,4162.0,0,2027,11,4,18-25,58,Medium Usage,0.007686764352630314,0.7878787878787878,126.12121212121212,19.333333333333332,62.162,208.1,4977.7,0.05,1.1851851851851851,Low
Reliance Jio,M,71,Kerala,Kolkata,0,82351.0,24,24,5672.0,1,2027,11,4,56+,48,Medium Usage,0.004230565838180857,0.96,226.88,16.0,53.672,78.77777777777777,1143.763888888889,0.0,0.96,Low
Reliance Jio,F,42,Jharkhand,Mumbai,2,39056.0,44,2,6776.0,1,2027,11,4,36-45,46,High Usage,0.006492548325217648,0.044444444444444446,150.57777777777778,15.333333333333334,52.775999999999996,157.58139534883722,908.2790697674419,0.046511627906976744,14.666666666666666,Medium
Reliance Jio,F,74,Bihar,Kolkata,0,106118.0,44,6,6329.0,0,2027,11,4,56+,50,Medium Usage,0.0069510268562401265,0.13333333333333333,140.64444444444445,16.666666666666668,56.329,84.38666666666667,1414.9066666666668,0.0,6.285714285714286,Medium
Airtel,M,42,Himachal Pradesh,Delhi,1,86026.0,86,2,3517.0,1,2027,11,4,36-45,88,Low Usage,0.0244457077885162,0.022988505747126436,40.42528735632184,29.333333333333332,91.517,81.79069767441861,2000.6046511627908,0.023255813953488372,28.666666666666668,Low
Airtel,M,36,Manipur,Chennai,2,59118.0,84,46,7346.0,1,2027,11,4,36-45,130,High Usage,0.011433238056349531,0.5411764705882353,86.4235294117647,43.333333333333336,137.346,198.54054054054055,1597.7837837837837,0.05405405405405406,1.7872340425531914,Medium
BSNL,F,41,Manipur,Chennai,4,31909.0,99,49,1795.0,0,2027,11,4,36-45,148,Low Usage,0.05512249443207127,0.49,17.95,49.333333333333336,149.795,42.73809523809524,759.7380952380952,0.09523809523809523,1.98,Very Low
Vodafone,F,18,Tripura,Kolkata,4,68858.0,26,20,5716.0,0,2027,11,4,18-25,46,Medium Usage,0.00454783977610635,0.7407407407407407,211.7037037037037,15.333333333333334,51.716,300.8421052631579,3624.1052631578946,0.21052631578947367,1.2380952380952381,Low
Vodafone,F,28,Madhya Pradesh,Chennai,3,53675.0,13,6,783.0,1,2027,11,4,26-35,19,Low Usage,0.016581632653061226,0.42857142857142855,55.92857142857143,6.333333333333333,19.783,27.0,1850.8620689655172,0.10344827586206896,1.8571428571428572,Very Low
BSNL,M,24,Haryana,Kolkata,0,93585.0,23,18,7232.0,1,2027,11,4,18-25,41,High Usage,0.0031798700400940136,0.75,301.3333333333333,13.666666666666666,48.232,289.28,3743.4,0.0,1.2105263157894737,Medium
Airtel,M,64,Chhattisgarh,Delhi,4,80759.0,78,0,6722.0,0,2027,11,4,56+,78,High Usage,0.011601963409192326,0.0,85.0886075949367,26.0,84.722,103.41538461538461,1242.446153846154,0.06153846153846154,78.0,Medium
Airtel,F,65,Rajasthan,Hyderabad,4,111852.0,58,10,10084.0,0,2027,11,4,56+,68,High Usage,0.0057511155180961825,0.1694915254237288,170.91525423728814,22.666666666666668,78.084,152.78787878787878,1694.7272727272727,0.06060606060606061,5.2727272727272725,High
Reliance Jio,F,42,Karnataka,Hyderabad,0,117901.0,50,14,5892.0,0,2027,11,4,36-45,64,Medium Usage,0.008484642796538266,0.27450980392156865,115.52941176470588,21.333333333333332,69.892,137.02325581395348,2741.8837209302324,0.0,3.3333333333333335,Low
Vodafone,M,33,Haryana,Mumbai,0,75247.0,84,43,5049.0,0,2027,11,4,26-35,127,Medium Usage,0.016633663366336635,0.5058823529411764,59.4,42.333333333333336,132.049,148.5,2213.1470588235293,0.0,1.9090909090909092,Low
Airtel,M,43,Jharkhand,Delhi,0,85509.0,24,40,6781.0,0,2027,11,4,36-45,64,High Usage,0.003538779121203185,1.6,271.24,21.333333333333332,70.781,154.11363636363637,1943.3863636363637,0.0,0.5853658536585366,Medium
Reliance Jio,F,53,Manipur,Kolkata,1,129517.0,23,7,2185.0,0,2027,11,4,46-55,30,Low Usage,0.010521500457456541,0.2916666666666667,91.04166666666667,10.0,32.185,40.46296296296296,2398.462962962963,0.018518518518518517,2.875,Very Low
BSNL,M,50,Jharkhand,Chennai,2,40158.0,71,44,6252.0,1,2027,11,4,46-55,115,Medium Usage,0.011354549816088277,0.6111111111111112,86.83333333333333,38.333333333333336,121.252,122.58823529411765,787.4117647058823,0.0392156862745098,1.5777777777777777,Medium
BSNL,F,48,Uttar Pradesh,Delhi,2,93919.0,96,28,5162.0,0,2027,11,4,46-55,124,Medium Usage,0.018593840790238233,0.28865979381443296,53.21649484536083,41.333333333333336,129.162,105.34693877551021,1916.7142857142858,0.04081632653061224,3.310344827586207,Low
BSNL,F,30,Rajasthan,Mumbai,2,36765.0,31,25,6518.0,0,2027,11,4,26-35,56,Medium Usage,0.0047553305721736465,0.78125,203.6875,18.666666666666668,62.518,210.25806451612902,1185.967741935484,0.06451612903225806,1.1923076923076923,Medium
BSNL,M,30,Maharashtra,Chennai,2,21704.0,81,50,1649.0,0,2027,11,4,26-35,131,Low Usage,0.04909090909090909,0.6097560975609756,20.109756097560975,43.666666666666664,132.649,53.193548387096776,700.1290322580645,0.06451612903225806,1.588235294117647,Very Low
Vodafone,M,29,Sikkim,Kolkata,1,20502.0,26,10,3500.0,1,2027,11,4,26-35,36,Low Usage,0.007426449585832619,0.37037037037037035,129.62962962962962,12.0,39.5,116.66666666666667,683.4,0.03333333333333333,2.3636363636363638,Low
BSNL,M,61,Kerala,Bangalore,0,118104.0,32,44,6810.0,0,2027,11,4,56+,76,High Usage,0.004698282190574071,1.3333333333333333,206.36363636363637,25.333333333333332,82.81,109.83870967741936,1904.9032258064517,0.0,0.7111111111111111,Medium
BSNL,F,22,Andhra Pradesh,Kolkata,1,83933.0,81,30,658.0,1,2027,11,4,18-25,111,Low Usage,0.12291350531107739,0.36585365853658536,8.024390243902438,37.0,111.658,28.608695652173914,3649.2608695652175,0.043478260869565216,2.6129032258064515,Very Low
Vodafone,M,52,Rajasthan,Mumbai,1,147962.0,35,17,10407.0,0,2027,11,4,46-55,52,High Usage,0.0033627978478093772,0.4722222222222222,289.0833333333333,17.333333333333332,62.407,196.35849056603774,2791.735849056604,0.018867924528301886,1.9444444444444444,High
Airtel,F,71,Uttarakhand,Delhi,1,78267.0,93,28,1299.0,0,2027,11,4,56+,121,Low Usage,0.07153846153846154,0.2978723404255319,13.819148936170214,40.333333333333336,122.299,18.041666666666668,1087.0416666666667,0.013888888888888888,3.206896551724138,Very Low
Reliance Jio,F,35,Himachal Pradesh,Hyderabad,4,105916.0,53,45,2751.0,0,2027,12,4,26-35,98,Low Usage,0.019258720930232558,0.8333333333333334,50.94444444444444,32.666666666666664,100.751,76.41666666666667,2942.1111111111113,0.1111111111111111,1.1521739130434783,Very Low
Airtel,F,42,Assam,Bangalore,3,68468.0,36,11,7184.0,1,2027,12,4,36-45,47,High Usage,0.005010438413361169,0.2972972972972973,194.16216216216216,15.666666666666666,54.184,167.06976744186048,1592.2790697674418,0.06976744186046512,3.0,Medium
Reliance Jio,M,73,Rajasthan,Chennai,4,120023.0,34,26,2180.0,0,2027,12,4,56+,60,Low Usage,0.015589179275561669,0.7428571428571429,62.285714285714285,20.0,62.18,29.45945945945946,1621.9324324324325,0.05405405405405406,1.2592592592592593,Very Low
BSNL,F,34,Jharkhand,Bangalore,4,48516.0,35,36,4574.0,0,2027,12,4,26-35,71,Medium Usage,0.007650273224043716,1.0,127.05555555555556,23.666666666666668,75.574,130.68571428571428,1386.1714285714286,0.11428571428571428,0.9459459459459459,Low
Vodafone,M,27,Tripura,Mumbai,3,43011.0,9,5,4004.0,0,2027,12,4,26-35,14,Medium Usage,0.0022471910112359553,0.5,400.4,4.666666666666667,18.003999999999998,143.0,1536.107142857143,0.10714285714285714,1.5,Low
Airtel,F,27,Jharkhand,Kolkata,0,133738.0,40,13,4866.0,1,2027,12,4,26-35,53,Medium Usage,0.008218615163344977,0.3170731707317073,118.6829268292683,17.666666666666668,57.866,173.78571428571428,4776.357142857143,0.0,2.857142857142857,Low
BSNL,M,56,Meghalaya,Delhi,0,148351.0,98,13,7634.0,0,2027,12,4,56+,111,High Usage,0.01283562540929928,0.13131313131313133,77.11111111111111,37.0,118.634,133.9298245614035,2602.6491228070176,0.0,7.0,Medium
Reliance Jio,F,19,Andhra Pradesh,Bangalore,1,66857.0,63,42,6560.0,1,2027,12,4,18-25,105,Medium Usage,0.009602194787379973,0.65625,102.5,35.0,111.56,328.0,3342.85,0.05,1.4651162790697674,Medium
BSNL,M,27,Punjab,Bangalore,2,37557.0,21,7,7895.0,0,2027,12,4,26-35,28,High Usage,0.0026595744680851063,0.3181818181818182,358.8636363636364,9.333333333333334,35.894999999999996,281.9642857142857,1341.3214285714287,0.07142857142857142,2.625,Medium
BSNL,M,26,Maharashtra,Kolkata,0,97337.0,53,3,4587.0,1,2027,12,4,26-35,56,Medium Usage,0.011551874455100261,0.05555555555555555,84.94444444444444,18.666666666666668,60.587,169.88888888888889,3605.074074074074,0.0,13.25,Low
Vodafone,M,24,Goa,Hyderabad,4,140262.0,58,21,4539.0,1,2027,12,4,18-25,79,Medium Usage,0.01277533039647577,0.3559322033898305,76.9322033898305,26.333333333333332,83.539,181.56,5610.48,0.16,2.6363636363636362,Low
Vodafone,M,53,Meghalaya,Hyderabad,0,74098.0,73,22,4914.0,0,2027,12,4,46-55,95,Medium Usage,0.014852492370295015,0.2972972972972973,66.4054054054054,31.666666666666668,99.914,91.0,1372.1851851851852,0.0,3.1739130434782608,Low
Airtel,F,25,Gujarat,Kolkata,1,122893.0,29,11,5575.0,0,2027,12,4,18-25,40,Medium Usage,0.005200860832137733,0.36666666666666664,185.83333333333334,13.333333333333334,45.575,214.42307692307693,4726.653846153846,0.038461538461538464,2.4166666666666665,Low
Reliance Jio,F,28,West Bengal,Mumbai,0,58558.0,36,9,3724.0,0,2027,12,4,26-35,45,Medium Usage,0.009664429530201342,0.24324324324324326,100.64864864864865,15.0,48.724000000000004,128.41379310344828,2019.2413793103449,0.0,3.6,Low
Reliance Jio,M,25,Arunachal Pradesh,Kolkata,0,149051.0,35,38,3075.0,1,2027,12,4,18-25,73,Low Usage,0.011378413524057216,1.0555555555555556,85.41666666666667,24.333333333333332,76.075,118.26923076923077,5732.7307692307695,0.0,0.8974358974358975,Low
Reliance Jio,M,41,Andhra Pradesh,Bangalore,4,141229.0,96,34,7684.0,0,2027,12,4,36-45,130,High Usage,0.012491867273910214,0.35051546391752575,79.21649484536083,43.333333333333336,137.684,182.95238095238096,3362.595238095238,0.09523809523809523,2.742857142857143,Medium
Vodafone,F,30,Assam,Delhi,4,37217.0,33,12,4969.0,1,2027,12,4,26-35,45,Medium Usage,0.006639839034205231,0.35294117647058826,146.14705882352942,15.0,49.969,160.29032258064515,1200.5483870967741,0.12903225806451613,2.5384615384615383,Low
Reliance Jio,M,62,Madhya Pradesh,Mumbai,3,91297.0,50,7,1133.0,0,2027,12,4,56+,57,Low Usage,0.04409171075837742,0.13725490196078433,22.215686274509803,19.0,58.133,17.984126984126984,1449.1587301587301,0.047619047619047616,6.25,Very Low
Airtel,M,40,Punjab,Mumbai,2,111574.0,67,36,2224.0,0,2027,12,4,36-45,103,Low Usage,0.0301123595505618,0.5294117647058824,32.705882352941174,34.333333333333336,105.224,54.24390243902439,2721.317073170732,0.04878048780487805,1.8108108108108107,Very Low
Reliance Jio,M,20,West Bengal,Kolkata,4,60766.0,43,15,4583.0,0,2027,12,4,18-25,58,Medium Usage,0.009380453752181502,0.3409090909090909,104.1590909090909,19.333333333333332,62.583,218.23809523809524,2893.6190476190477,0.19047619047619047,2.6875,Low
Reliance Jio,M,37,Gujarat,Delhi,0,68672.0,15,31,977.0,1,2027,12,4,36-45,46,Low Usage,0.015337423312883436,1.9375,61.0625,15.333333333333334,46.977,25.710526315789473,1807.157894736842,0.0,0.46875,Very Low
Reliance Jio,M,49,Rajasthan,Bangalore,1,131451.0,73,19,6714.0,0,2027,12,4,46-55,92,High Usage,0.010871183916604616,0.25675675675675674,90.72972972972973,30.666666666666668,98.714,134.28,2629.02,0.02,3.65,Medium
Airtel,F,44,Jharkhand,Kolkata,1,27410.0,81,1,7015.0,1,2027,12,4,36-45,82,High Usage,0.011545039908779932,0.012195121951219513,85.54878048780488,27.333333333333332,89.015,155.88888888888889,609.1111111111111,0.022222222222222223,40.5,Medium
Reliance Jio,M,49,Telangana,Kolkata,2,145296.0,2,4,3939.0,0,2027,12,4,46-55,6,Medium Usage,0.0005076142131979696,1.3333333333333333,1313.0,2.0,9.939,78.78,2905.92,0.04,0.4,Low
Vodafone,F,44,Andhra Pradesh,Mumbai,0,122754.0,11,41,1605.0,1,2027,12,4,36-45,52,Low Usage,0.00684931506849315,3.4166666666666665,133.75,17.333333333333332,53.605,35.666666666666664,2727.866666666667,0.0,0.2619047619047619,Very Low
BSNL,F,22,Gujarat,Bangalore,3,140379.0,42,24,3936.0,0,2027,12,4,18-25,66,Medium Usage,0.010668021336042673,0.5581395348837209,91.53488372093024,22.0,69.936,171.1304347826087,6103.434782608696,0.13043478260869565,1.68,Low
Vodafone,M,70,Punjab,Chennai,3,75861.0,17,39,5049.0,0,2027,12,4,56+,56,Medium Usage,0.0033663366336633663,2.1666666666666665,280.5,18.666666666666668,61.049,71.11267605633803,1068.4647887323943,0.04225352112676056,0.425,Low
Airtel,M,29,Odisha,Kolkata,3,116980.0,58,48,1989.0,0,2027,12,4,26-35,106,Low Usage,0.02914572864321608,0.8135593220338984,33.71186440677966,35.333333333333336,107.989,66.3,3899.3333333333335,0.1,1.183673469387755,Very Low
Vodafone,M,19,West Bengal,Chennai,2,118676.0,41,41,5403.0,0,2027,12,4,18-25,82,Medium Usage,0.007586972612879349,0.9761904761904762,128.64285714285714,27.333333333333332,87.403,270.15,5933.8,0.1,0.9761904761904762,Low
Reliance Jio,M,71,Uttar Pradesh,Hyderabad,2,79577.0,59,33,2498.0,0,2027,12,4,56+,92,Low Usage,0.023609443777511004,0.55,41.63333333333333,30.666666666666668,94.498,34.69444444444444,1105.236111111111,0.027777777777777776,1.7352941176470589,Very Low
Vodafone,M,22,Punjab,Hyderabad,3,117855.0,81,26,310.0,0,2027,12,4,18-25,107,Low Usage,0.2604501607717042,0.3170731707317073,3.7804878048780486,35.666666666666664,107.31,13.478260869565217,5124.130434782609,0.13043478260869565,3.0,Very Low
Airtel,M,60,Mizoram,Bangalore,1,71344.0,3,37,1157.0,1,2028,1,1,56+,40,Low Usage,0.0025906735751295338,9.25,289.25,13.333333333333334,41.157,18.9672131147541,1169.5737704918033,0.01639344262295082,0.07894736842105263,Very Low
Vodafone,M,52,Tripura,Delhi,0,123398.0,79,28,8691.0,0,2028,1,1,46-55,107,High Usage,0.009088817303267372,0.35,108.6375,35.666666666666664,115.691,163.9811320754717,2328.264150943396,0.0,2.7241379310344827,Medium
Airtel,M,61,Assam,Delhi,1,143019.0,7,6,2291.0,0,2028,1,1,56+,13,Low Usage,0.0030541012216404886,0.75,286.375,4.333333333333333,15.291,36.95161290322581,2306.7580645161293,0.016129032258064516,1.0,Very Low
BSNL,M,60,Haryana,Bangalore,2,81440.0,72,40,6407.0,1,2028,1,1,56+,112,Medium Usage,0.011235955056179775,0.547945205479452,87.76712328767124,37.333333333333336,118.407,105.0327868852459,1335.0819672131147,0.03278688524590164,1.7560975609756098,Medium
Airtel,M,31,Uttar Pradesh,Bangalore,0,75483.0,62,26,7297.0,0,2028,1,1,26-35,88,High Usage,0.008495478213209099,0.4126984126984127,115.82539682539682,29.333333333333332,95.297,228.03125,2358.84375,0.0,2.2962962962962963,Medium
Airtel,M,32,Haryana,Kolkata,2,37519.0,50,26,7647.0,0,2028,1,1,26-35,76,High Usage,0.00653765690376569,0.5098039215686274,149.94117647058823,25.333333333333332,83.647,231.72727272727272,1136.939393939394,0.06060606060606061,1.8518518518518519,Medium
BSNL,M,38,Mizoram,Hyderabad,3,83005.0,50,34,7877.0,0,2028,1,1,36-45,84,High Usage,0.0063467885250063465,0.6666666666666666,154.45098039215685,28.0,91.877,201.97435897435898,2128.3333333333335,0.07692307692307693,1.4285714285714286,Medium
BSNL,M,27,Tripura,Hyderabad,4,121788.0,67,51,10373.0,0,2028,1,1,26-35,118,High Usage,0.00645845382687488,0.75,152.5441176470588,39.333333333333336,128.373,370.4642857142857,4349.571428571428,0.14285714285714285,1.2884615384615385,High
Vodafone,M,29,Himachal Pradesh,Chennai,0,134751.0,7,15,4029.0,0,2028,1,1,26-35,22,Medium Usage,0.0017369727047146402,1.875,503.625,7.333333333333333,26.029,134.3,4491.7,0.0,0.4375,Low
Reliance Jio,F,72,Uttar Pradesh,Chennai,2,53594.0,78,39,1343.0,0,2028,1,1,56+,117,Low Usage,0.05803571428571429,0.4936708860759494,17.0,39.0,118.343,18.397260273972602,734.1643835616438,0.0273972602739726,1.95,Very Low
Reliance Jio,M,55,Himachal Pradesh,Bangalore,0,81157.0,29,30,3474.0,0,2028,1,1,46-55,59,Low Usage,0.008345323741007195,1.0,115.8,19.666666666666668,62.474000000000004,62.035714285714285,1449.232142857143,0.0,0.9354838709677419,Low
Reliance Jio,M,64,Meghalaya,Kolkata,1,114664.0,22,13,6074.0,0,2028,1,1,56+,35,Medium Usage,0.0036213991769547325,0.5652173913043478,264.0869565217391,11.666666666666666,41.074,93.44615384615385,1764.0615384615385,0.015384615384615385,1.5714285714285714,Medium
Airtel,M,60,Sikkim,Delhi,0,33416.0,66,3,5969.0,0,2028,1,1,56+,69,Medium Usage,0.011055276381909548,0.04477611940298507,89.08955223880596,23.0,74.969,97.85245901639344,547.8032786885246,0.0,16.5,Low
Reliance Jio,M,25,Nagaland,Chennai,1,134351.0,60,7,2358.0,0,2028,1,1,18-25,67,Low Usage,0.02543450614667232,0.11475409836065574,38.65573770491803,22.333333333333332,69.358,90.6923076923077,5167.346153846154,0.038461538461538464,7.5,Very Low
Vodafone,F,49,Manipur,Bangalore,4,47405.0,8,37,8597.0,0,2028,1,1,46-55,45,High Usage,0.0009304489416143289,4.111111111111111,955.2222222222222,15.0,53.597,171.94,948.1,0.08,0.21052631578947367,Medium
Vodafone,M,63,Telangana,Hyderabad,0,143668.0,47,35,5049.0,1,2028,1,1,56+,82,Medium Usage,0.009306930693069307,0.7291666666666666,105.1875,27.333333333333332,87.049,78.890625,2244.8125,0.0,1.3055555555555556,Low
Reliance Jio,F,22,Tamil Nadu,Bangalore,3,58248.0,86,26,6319.0,0,2028,1,1,18-25,112,Medium Usage,0.01360759493670886,0.2988505747126437,72.63218390804597,37.333333333333336,118.319,274.7391304347826,2532.521739130435,0.13043478260869565,3.185185185185185,Medium
BSNL,M,61,Bihar,Delhi,4,45612.0,77,5,8459.0,0,2028,1,1,56+,82,High Usage,0.009101654846335697,0.0641025641025641,108.44871794871794,27.333333333333332,90.459,136.43548387096774,735.6774193548387,0.06451612903225806,12.833333333333334,Medium
BSNL,M,18,Chhattisgarh,Delhi,3,129279.0,18,49,3681.0,0,2028,1,1,18-25,67,Medium Usage,0.004888647474198805,2.5789473684210527,193.73684210526315,22.333333333333332,70.681,193.73684210526315,6804.1578947368425,0.15789473684210525,0.36,Low
Reliance Jio,M,25,Rajasthan,Kolkata,4,52220.0,18,44,3397.0,1,2028,1,1,18-25,62,Low Usage,0.00529723366686286,2.3157894736842106,178.78947368421052,20.666666666666668,65.397,130.65384615384616,2008.4615384615386,0.15384615384615385,0.4,Low
Reliance Jio,M,46,Tripura,Kolkata,1,98699.0,24,21,8743.0,1,2028,1,1,46-55,45,High Usage,0.0027447392497712718,0.84,349.72,15.0,53.743,186.0212765957447,2099.978723404255,0.02127659574468085,1.0909090909090908,Medium
Vodafone,M,58,Himachal Pradesh,Chennai,4,61462.0,37,22,3251.0,0,2028,1,1,56+,59,Low Usage,0.011377613776137762,0.5789473684210527,85.55263157894737,19.666666666666668,62.251,55.101694915254235,1041.7288135593221,0.06779661016949153,1.608695652173913,Low
Reliance Jio,M,60,Himachal Pradesh,Kolkata,4,93758.0,90,31,1244.0,1,2028,1,1,56+,121,Low Usage,0.07228915662650602,0.34065934065934067,13.67032967032967,40.333333333333336,122.244,20.39344262295082,1537.016393442623,0.06557377049180328,2.8125,Very Low
BSNL,M,52,Telangana,Kolkata,4,49472.0,35,16,6642.0,0,2028,1,1,46-55,51,High Usage,0.005268703898840885,0.4444444444444444,184.5,17.0,57.642,125.32075471698113,933.433962264151,0.07547169811320754,2.0588235294117645,Medium
BSNL,F,26,Gujarat,Bangalore,3,101698.0,50,37,6116.0,0,2028,1,1,26-35,87,Medium Usage,0.008173941474579042,0.7254901960784313,119.92156862745098,29.0,93.116,226.5185185185185,3766.5925925925926,0.1111111111111111,1.3157894736842106,Medium
BSNL,M,73,Uttarakhand,Bangalore,1,80220.0,70,26,9283.0,0,2028,1,1,56+,96,High Usage,0.0075398535114174926,0.36619718309859156,130.74647887323943,32.0,105.283,125.44594594594595,1084.054054054054,0.013513513513513514,2.5925925925925926,High
Reliance Jio,F,24,Jharkhand,Kolkata,3,49235.0,18,23,7375.0,0,2028,1,1,18-25,41,High Usage,0.002440347071583514,1.2105263157894737,388.1578947368421,13.666666666666666,48.375,295.0,1969.4,0.12,0.75,Medium
Reliance Jio,F,36,Manipur,Delhi,0,126789.0,58,28,5049.0,0,2028,1,1,36-45,86,Medium Usage,0.011485148514851485,0.4745762711864407,85.57627118644068,28.666666666666668,91.049,136.45945945945945,3426.7297297297296,0.0,2.0,Low
Airtel,M,53,Sikkim,Kolkata,3,27222.0,76,26,7093.0,1,2028,1,1,46-55,102,High Usage,0.010713278827177897,0.33766233766233766,92.11688311688312,34.0,109.093,131.35185185185185,504.1111111111111,0.05555555555555555,2.814814814814815,Medium
Airtel,M,70,Arunachal Pradesh,Kolkata,0,40966.0,55,6,7223.0,0,2028,1,1,56+,61,High Usage,0.007613510520487265,0.10714285714285714,128.98214285714286,20.333333333333332,68.223,101.73239436619718,576.9859154929577,0.0,7.857142857142857,Medium
Airtel,M,65,Uttar Pradesh,Mumbai,4,92998.0,55,14,1099.0,0,2028,1,1,56+,69,Low Usage,0.05,0.25,19.625,23.0,70.099,16.651515151515152,1409.060606060606,0.06060606060606061,3.6666666666666665,Very Low
Reliance Jio,F,72,Odisha,Hyderabad,0,25736.0,19,26,151.0,0,2028,2,1,56+,45,Low Usage,0.125,1.3,7.55,15.0,45.151,2.0684931506849313,352.54794520547944,0.0,0.7037037037037037,Very Low
Vodafone,M,70,Karnataka,Mumbai,1,40385.0,69,29,3468.0,0,2028,2,1,56+,98,Low Usage,0.01989045834534448,0.4142857142857143,49.542857142857144,32.666666666666664,101.468,48.84507042253521,568.8028169014085,0.014084507042253521,2.3,Low
BSNL,M,71,Odisha,Delhi,4,100833.0,81,15,6611.0,0,2028,2,1,56+,96,Medium Usage,0.012250453720508167,0.18292682926829268,80.6219512195122,32.0,102.611,91.81944444444444,1400.4583333333333,0.05555555555555555,5.0625,Medium
Reliance Jio,F,37,Assam,Delhi,3,67408.0,82,44,5708.0,0,2028,2,1,36-45,126,Medium Usage,0.014363286039586618,0.5301204819277109,68.7710843373494,42.0,131.708,150.21052631578948,1773.8947368421052,0.07894736842105263,1.8222222222222222,Low
Airtel,M,47,Karnataka,Mumbai,4,23026.0,93,16,406.0,0,2028,2,1,46-55,109,Low Usage,0.2285012285012285,0.1702127659574468,4.319148936170213,36.333333333333336,109.406,8.458333333333334,479.7083333333333,0.08333333333333333,5.470588235294118,Very Low
Reliance Jio,M,30,Assam,Mumbai,2,147379.0,48,37,9873.0,1,2028,2,1,26-35,85,High Usage,0.0048612517723313755,0.7551020408163265,201.48979591836735,28.333333333333332,94.873,318.48387096774195,4754.1612903225805,0.06451612903225806,1.263157894736842,High
BSNL,F,49,Mizoram,Hyderabad,3,96307.0,12,50,7601.0,1,2028,2,1,46-55,62,High Usage,0.0015785319652722968,3.8461538461538463,584.6923076923077,20.666666666666668,69.601,152.02,1926.14,0.06,0.23529411764705882,Medium
Vodafone,F,25,Goa,Kolkata,3,149053.0,28,42,4140.0,0,2028,2,1,18-25,70,Medium Usage,0.006761651774933591,1.4482758620689655,142.75862068965517,23.333333333333332,74.14,159.23076923076923,5732.807692307692,0.11538461538461539,0.6511627906976745,Low
BSNL,F,40,Meghalaya,Mumbai,2,71942.0,35,41,7963.0,0,2028,2,1,36-45,76,High Usage,0.004394776494224008,1.1388888888888888,221.19444444444446,25.333333333333332,83.963,194.21951219512195,1754.6829268292684,0.04878048780487805,0.8333333333333334,Medium
Vodafone,F,50,Goa,Bangalore,1,62595.0,28,3,4240.0,0,2028,2,1,46-55,31,Medium Usage,0.006602216458382457,0.10344827586206896,146.20689655172413,10.333333333333334,35.24,83.13725490196079,1227.3529411764705,0.0196078431372549,7.0,Low
BSNL,M,21,Tripura,Mumbai,3,71102.0,86,12,8310.0,1,2028,2,1,18-25,98,High Usage,0.010347731921549754,0.13793103448275862,95.51724137931035,32.666666666666664,106.31,377.72727272727275,3231.909090909091,0.13636363636363635,6.615384615384615,Medium
Reliance Jio,F,28,Punjab,Bangalore,0,40457.0,66,16,2668.0,1,2028,2,1,26-35,82,Low Usage,0.024728362682652678,0.23880597014925373,39.82089552238806,27.333333333333332,84.668,92.0,1395.0689655172414,0.0,3.8823529411764706,Very Low
BSNL,F,49,Nagaland,Kolkata,3,132026.0,92,45,8034.0,0,2028,2,1,46-55,137,High Usage,0.011449906658369632,0.4838709677419355,86.38709677419355,45.666666666666664,145.034,160.68,2640.52,0.06,2.0,Medium
Reliance Jio,F,62,Arunachal Pradesh,Mumbai,1,37564.0,76,0,7292.0,0,2028,2,1,56+,76,High Usage,0.010420951597422186,0.0,94.7012987012987,25.333333333333332,83.292,115.74603174603175,596.2539682539683,0.015873015873015872,76.0,Medium
BSNL,M,63,Madhya Pradesh,Chennai,4,120178.0,52,12,8731.0,0,2028,2,1,56+,64,High Usage,0.005955107650022904,0.22641509433962265,164.73584905660377,21.333333333333332,72.731,136.421875,1877.78125,0.0625,4.0,Medium
Reliance Jio,F,71,Mizoram,Bangalore,2,135526.0,20,12,2460.0,0,2028,2,1,56+,32,Low Usage,0.008126777732629013,0.5714285714285714,117.14285714285714,10.666666666666666,34.46,34.166666666666664,1882.3055555555557,0.027777777777777776,1.5384615384615385,Very Low
BSNL,M,35,Karnataka,Chennai,1,53122.0,50,0,1535.0,0,2028,2,1,26-35,50,Low Usage,0.032552083333333336,0.0,30.098039215686274,16.666666666666668,51.535,42.638888888888886,1475.611111111111,0.027777777777777776,50.0,Very Low
Airtel,M,38,Chhattisgarh,Bangalore,2,29864.0,37,20,2678.0,0,2028,2,1,36-45,57,Low Usage,0.013811123553564763,0.5263157894736842,70.47368421052632,19.0,59.678,68.66666666666667,765.7435897435897,0.05128205128205128,1.7619047619047619,Very Low
Airtel,F,34,Uttarakhand,Delhi,0,73986.0,30,26,3117.0,0,2028,2,1,26-35,56,Low Usage,0.009621552277100705,0.8387096774193549,100.54838709677419,18.666666666666668,59.117,89.05714285714286,2113.885714285714,0.0,1.1111111111111112,Low
BSNL,F,27,Madhya Pradesh,Kolkata,2,22016.0,63,27,6015.0,1,2028,2,1,26-35,90,Medium Usage,0.010472074468085107,0.421875,93.984375,30.0,96.015,214.82142857142858,786.2857142857143,0.07142857142857142,2.25,Medium
Reliance Jio,M,58,Meghalaya,Delhi,1,127705.0,74,48,3984.0,0,2028,2,1,56+,122,Medium Usage,0.018569636135508157,0.64,53.12,40.666666666666664,125.984,67.52542372881356,2164.491525423729,0.01694915254237288,1.510204081632653,Low
Reliance Jio,M,39,Madhya Pradesh,Mumbai,4,49751.0,59,19,3227.0,0,2028,2,1,36-45,78,Low Usage,0.018277571251548948,0.31666666666666665,53.78333333333333,26.0,81.227,80.675,1243.775,0.1,2.95,Low
Airtel,M,38,Tripura,Delhi,0,111068.0,75,18,6625.0,0,2028,2,1,36-45,93,Medium Usage,0.011319046181708422,0.23684210526315788,87.17105263157895,31.0,99.625,169.87179487179486,2847.897435897436,0.0,3.9473684210526314,Medium
BSNL,F,71,Bihar,Bangalore,3,146501.0,71,16,4028.0,1,2028,2,1,56+,87,Medium Usage,0.017622238768925293,0.2222222222222222,55.94444444444444,29.0,91.028,55.94444444444444,2034.736111111111,0.041666666666666664,4.176470588235294,Low
Airtel,M,60,Punjab,Delhi,1,21188.0,9,9,9397.0,0,2028,2,1,56+,18,High Usage,0.0009576505639497765,0.9,939.7,6.0,27.397,154.04918032786884,347.344262295082,0.01639344262295082,0.9,High
Vodafone,F,27,Telangana,Mumbai,3,104794.0,8,31,9740.0,0,2028,2,1,26-35,39,High Usage,0.0008212709167436608,3.4444444444444446,1082.2222222222222,13.0,48.74,347.85714285714283,3742.6428571428573,0.10714285714285714,0.25,High
Airtel,F,37,Himachal Pradesh,Mumbai,1,67256.0,32,7,6614.0,0,2028,2,1,36-45,39,Medium Usage,0.004837490551776266,0.21212121212121213,200.42424242424244,13.0,45.614,174.05263157894737,1769.8947368421052,0.02631578947368421,4.0,Medium
Reliance Jio,M,72,Tamil Nadu,Kolkata,1,69313.0,10,2,6276.0,0,2028,2,1,56+,12,Medium Usage,0.0015931177314003505,0.18181818181818182,570.5454545454545,4.0,18.276,85.97260273972603,949.4931506849315,0.0136986301369863,3.3333333333333335,Medium
Vodafone,F,49,Rajasthan,Bangalore,2,102101.0,0,11,6567.0,0,2028,2,1,46-55,11,Medium Usage,0.0,11.0,6567.0,3.6666666666666665,17.567,131.34,2042.02,0.04,0.0,Medium
Vodafone,M,18,Jharkhand,Delhi,3,90886.0,13,33,9405.0,1,2028,3,1,18-25,46,High Usage,0.0013820965341271529,2.357142857142857,671.7857142857143,15.333333333333334,55.405,495.0,4783.473684210527,0.15789473684210525,0.38235294117647056,High
BSNL,F,29,Odisha,Kolkata,3,80454.0,58,7,5059.0,0,2028,3,1,26-35,65,Medium Usage,0.011462450592885375,0.11864406779661017,85.7457627118644,21.666666666666668,70.059,168.63333333333333,2681.8,0.1,7.25,Low
BSNL,M,41,Telangana,Chennai,0,97100.0,72,49,8417.0,0,2028,3,1,36-45,121,High Usage,0.008553100498930863,0.6712328767123288,115.3013698630137,40.333333333333336,129.417,200.4047619047619,2311.904761904762,0.0,1.44,Medium
Reliance Jio,F,69,Sikkim,Hyderabad,4,99465.0,70,1,14.0,0,2028,3,1,56+,71,Low Usage,4.666666666666667,0.014084507042253521,0.19718309859154928,23.666666666666668,71.014,0.2,1420.9285714285713,0.05714285714285714,35.0,Very Low
Reliance Jio,F,64,Bihar,Chennai,1,123067.0,74,26,5331.0,1,2028,3,1,56+,100,Medium Usage,0.01387846961740435,0.3466666666666667,71.08,33.333333333333336,105.331,82.01538461538462,1893.3384615384616,0.015384615384615385,2.740740740740741,Low
Vodafone,M,37,Tripura,Chennai,0,133325.0,91,22,1644.0,0,2028,3,1,36-45,113,Low Usage,0.05531914893617021,0.2391304347826087,17.869565217391305,37.666666666666664,114.644,43.26315789473684,3508.5526315789475,0.0,3.9565217391304346,Very Low
Airtel,M,27,Meghalaya,Hyderabad,2,76162.0,14,16,4864.0,0,2028,3,1,26-35,30,Medium Usage,0.0028776978417266188,1.0666666666666667,324.26666666666665,10.0,34.864,173.71428571428572,2720.0714285714284,0.07142857142857142,0.8235294117647058,Low
BSNL,F,30,Goa,Delhi,0,122830.0,56,27,3465.0,0,2028,3,1,26-35,83,Low Usage,0.016156953260242354,0.47368421052631576,60.78947368421053,27.666666666666668,86.465,111.7741935483871,3962.2580645161293,0.0,2.0,Low
Airtel,F,51,Nagaland,Kolkata,1,144721.0,66,49,9522.0,0,2028,3,1,46-55,115,High Usage,0.006930589100073506,0.7313432835820896,142.11940298507463,38.333333333333336,124.522,183.1153846153846,2783.096153846154,0.019230769230769232,1.32,High
Reliance Jio,M,63,Nagaland,Bangalore,4,141392.0,22,29,8703.0,0,2028,3,1,56+,51,High Usage,0.002527573529411765,1.2608695652173914,378.39130434782606,17.0,59.703,135.984375,2209.25,0.0625,0.7333333333333333,Medium
Vodafone,M,62,Madhya Pradesh,Delhi,4,73656.0,50,35,5285.0,1,2028,3,1,56+,85,Medium Usage,0.009458948164964056,0.6862745098039216,103.62745098039215,28.333333333333332,90.285,83.88888888888889,1169.142857142857,0.06349206349206349,1.3888888888888888,Low
BSNL,M,18,Tamil Nadu,Mumbai,3,90821.0,50,30,1118.0,0,2028,3,1,18-25,80,Low Usage,0.044682752457551385,0.5882352941176471,21.92156862745098,26.666666666666668,81.118,58.8421052631579,4780.0526315789475,0.15789473684210525,1.6129032258064515,Very Low
Airtel,M,58,Karnataka,Kolkata,3,137832.0,37,24,2574.0,0,2028,3,1,56+,61,Low Usage,0.014368932038834952,0.631578947368421,67.73684210526316,20.333333333333332,63.574,43.6271186440678,2336.135593220339,0.05084745762711865,1.48,Very Low
BSNL,M,46,Haryana,Hyderabad,0,125847.0,46,13,7419.0,1,2028,3,1,46-55,59,High Usage,0.0061994609164420485,0.2765957446808511,157.85106382978722,19.666666666666668,66.419,157.85106382978722,2677.595744680851,0.0,3.2857142857142856,Medium
Vodafone,F,24,Punjab,Kolkata,1,123256.0,43,36,3888.0,0,2028,3,1,18-25,79,Medium Usage,0.01105682694780149,0.8181818181818182,88.36363636363636,26.333333333333332,82.888,155.52,4930.24,0.04,1.162162162162162,Low
Reliance Jio,M,43,Madhya Pradesh,Mumbai,3,148242.0,19,31,5738.0,0,2028,3,1,36-45,50,Medium Usage,0.003310681303362955,1.55,286.9,16.666666666666668,55.738,130.4090909090909,3369.1363636363635,0.06818181818181818,0.59375,Low
Vodafone,M,23,Himachal Pradesh,Mumbai,2,148903.0,87,36,6019.0,0,2028,3,1,18-25,123,Medium Usage,0.014451827242524917,0.4090909090909091,68.39772727272727,41.0,129.019,250.79166666666666,6204.291666666667,0.08333333333333333,2.3513513513513513,Medium
Vodafone,F,74,West Bengal,Kolkata,0,147774.0,84,26,8768.0,0,2028,3,1,56+,110,High Usage,0.009579199452617175,0.3058823529411765,103.15294117647059,36.666666666666664,118.768,116.90666666666667,1970.32,0.0,3.111111111111111,Medium
Airtel,M,56,Gujarat,Bangalore,1,73131.0,75,0,7010.0,0,2028,3,1,56+,75,High Usage,0.01069747539580659,0.0,92.23684210526316,25.0,82.01,122.98245614035088,1283.0,0.017543859649122806,75.0,Medium
BSNL,F,20,Madhya Pradesh,Hyderabad,1,20938.0,83,8,4722.0,1,2028,3,1,18-25,91,Medium Usage,0.017573576116874868,0.09523809523809523,56.214285714285715,30.333333333333332,95.722,224.85714285714286,997.047619047619,0.047619047619047616,9.222222222222221,Low
Reliance Jio,F,37,Meghalaya,Hyderabad,4,52444.0,59,21,1914.0,0,2028,3,1,36-45,80,Low Usage,0.03080939947780679,0.35,31.9,26.666666666666668,81.914,50.36842105263158,1380.1052631578948,0.10526315789473684,2.6818181818181817,Very Low
Reliance Jio,M,51,Punjab,Mumbai,3,54029.0,22,26,5170.0,0,2028,3,1,46-55,48,Medium Usage,0.0042544962289692515,1.1304347826086956,224.7826086956522,16.0,53.17,99.42307692307692,1039.0192307692307,0.057692307692307696,0.8148148148148148,Low
Reliance Jio,F,69,West Bengal,Hyderabad,4,65263.0,5,28,4899.0,1,2028,3,1,56+,33,Medium Usage,0.0010204081632653062,4.666666666666667,816.5,11.0,37.899,69.98571428571428,932.3285714285714,0.05714285714285714,0.1724137931034483,Low
Vodafone,F,69,Kerala,Chennai,0,79950.0,91,36,6130.0,0,2028,3,1,56+,127,Medium Usage,0.014842603164247268,0.391304347826087,66.6304347826087,42.333333333333336,133.13,87.57142857142857,1142.142857142857,0.0,2.4594594594594597,Medium
Airtel,F,68,Uttarakhand,Bangalore,0,93567.0,17,6,4100.0,0,2028,3,1,56+,23,Medium Usage,0.004145330407217752,0.3333333333333333,227.77777777777777,7.666666666666667,27.1,59.42028985507246,1356.0434782608695,0.0,2.4285714285714284,Low
Vodafone,M,36,Uttar Pradesh,Hyderabad,0,128847.0,46,49,169.0,0,2028,3,1,36-45,95,Low Usage,0.27058823529411763,1.0425531914893618,3.595744680851064,31.666666666666668,95.169,4.5675675675675675,3482.3513513513512,0.0,0.92,Very Low
Reliance Jio,M,56,Bihar,Delhi,4,80631.0,76,47,9079.0,0,2028,3,1,56+,123,High Usage,0.008370044052863436,0.6103896103896104,117.9090909090909,41.0,132.079,159.28070175438597,1414.578947368421,0.07017543859649122,1.5833333333333333,High
Vodafone,F,58,Arunachal Pradesh,Bangalore,0,145486.0,50,31,684.0,0,2028,3,1,56+,81,Low Usage,0.072992700729927,0.6078431372549019,13.411764705882353,27.0,81.684,11.59322033898305,2465.864406779661,0.0,1.5625,Very Low
Vodafone,F,70,Telangana,Chennai,4,28955.0,10,12,10051.0,0,2028,3,1,56+,22,High Usage,0.0009948269001193793,1.0909090909090908,913.7272727272727,7.333333333333333,32.051,141.56338028169014,407.8169014084507,0.056338028169014086,0.7692307692307693,High
Airtel,F,39,Meghalaya,Mumbai,3,101519.0,11,43,7839.0,0,2028,3,1,36-45,54,High Usage,0.0014030612244897958,3.5833333333333335,653.25,18.0,61.839,195.975,2537.975,0.075,0.25,Medium
Airtel,F,42,Chhattisgarh,Mumbai,2,114662.0,58,36,2238.0,0,2028,3,1,36-45,94,Low Usage,0.02590442161679321,0.6101694915254238,37.932203389830505,31.333333333333332,96.238,52.04651162790697,2666.5581395348836,0.046511627906976744,1.5675675675675675,Very Low
BSNL,M,22,Odisha,Chennai,1,35099.0,63,29,4582.0,0,2028,4,2,18-25,92,Medium Usage,0.013746454287584552,0.453125,71.59375,30.666666666666668,96.582,199.2173913043478,1526.0434782608695,0.043478260869565216,2.1,Low
BSNL,M,28,Karnataka,Hyderabad,2,107939.0,76,23,1428.0,0,2028,4,2,26-35,99,Low Usage,0.05318404478656403,0.2987012987012987,18.545454545454547,33.0,100.428,49.241379310344826,3722.0344827586205,0.06896551724137931,3.1666666666666665,Very Low
Airtel,M,20,Karnataka,Bangalore,3,94141.0,6,39,957.0,0,2028,4,2,18-25,45,Low Usage,0.006263048016701462,5.571428571428571,136.71428571428572,15.0,45.957,45.57142857142857,4482.9047619047615,0.14285714285714285,0.15,Very Low
BSNL,M,69,Telangana,Kolkata,2,143169.0,86,8,3591.0,0,2028,4,2,56+,94,Medium Usage,0.023942093541202674,0.09195402298850575,41.275862068965516,31.333333333333332,97.591,51.3,2045.2714285714285,0.02857142857142857,9.555555555555555,Low
Airtel,M,31,Madhya Pradesh,Chennai,0,114362.0,64,16,3612.0,0,2028,4,2,26-35,80,Medium Usage,0.017713811237199003,0.24615384615384617,55.56923076923077,26.666666666666668,83.612,112.875,3573.8125,0.0,3.764705882352941,Low
BSNL,F,56,Andhra Pradesh,Chennai,2,105913.0,53,35,10566.0,0,2028,4,2,56+,88,High Usage,0.005015614649380146,0.6481481481481481,195.66666666666666,29.333333333333332,98.566,185.3684210526316,1858.122807017544,0.03508771929824561,1.4722222222222223,High
Airtel,F,31,Karnataka,Delhi,3,44808.0,85,33,112.0,0,2028,4,2,26-35,118,Low Usage,0.7522123893805309,0.38372093023255816,1.302325581395349,39.333333333333336,118.112,3.5,1400.25,0.09375,2.5,Very Low
Vodafone,F,55,Odisha,Mumbai,0,129128.0,73,44,6212.0,0,2028,4,2,46-55,117,Medium Usage,0.01174955737968775,0.5945945945945946,83.94594594594595,39.0,123.212,110.92857142857143,2305.8571428571427,0.0,1.6222222222222222,Medium
Vodafone,F,44,Telangana,Chennai,4,142513.0,53,50,3563.0,0,2028,4,2,36-45,103,Medium Usage,0.014870931537598204,0.9259259259259259,65.98148148148148,34.333333333333336,106.563,79.17777777777778,3166.9555555555557,0.08888888888888889,1.0392156862745099,Low
Reliance Jio,M,20,Meghalaya,Delhi,0,99975.0,51,12,1473.0,0,2028,4,2,18-25,63,Low Usage,0.03459972862957938,0.23076923076923078,28.326923076923077,21.0,64.473,70.14285714285714,4760.714285714285,0.0,3.923076923076923,Very Low
Reliance Jio,F,42,Mizoram,Chennai,1,125747.0,22,3,8139.0,0,2028,4,2,36-45,25,High Usage,0.002702702702702703,0.13043478260869565,353.8695652173913,8.333333333333334,33.138999999999996,189.27906976744185,2924.3488372093025,0.023255813953488372,5.5,Medium
BSNL,M,74,Tripura,Delhi,3,97400.0,22,23,2458.0,1,2028,4,2,56+,45,Low Usage,0.008946726311508743,1.0,106.8695652173913,15.0,47.458,32.77333333333333,1298.6666666666667,0.04,0.9166666666666666,Very Low
Reliance Jio,M,34,Jharkhand,Chennai,2,41794.0,98,5,5607.0,0,2028,4,2,26-35,103,Medium Usage,0.01747503566333809,0.050505050505050504,56.63636363636363,34.333333333333336,108.607,160.2,1194.1142857142856,0.05714285714285714,16.333333333333332,Low
BSNL,F,57,Kerala,Delhi,1,26637.0,72,6,4705.0,0,2028,4,2,56+,78,Medium Usage,0.01529961750956226,0.0821917808219178,64.45205479452055,26.0,82.705,81.12068965517241,459.2586206896552,0.017241379310344827,10.285714285714286,Low
Airtel,F,25,Kerala,Bangalore,3,127659.0,34,20,6383.0,1,2028,4,2,18-25,54,Medium Usage,0.005325814536340852,0.5714285714285714,182.37142857142857,18.0,60.383,245.5,4909.961538461538,0.11538461538461539,1.619047619047619,Medium
Vodafone,M,54,West Bengal,Hyderabad,3,80913.0,23,19,4534.0,0,2028,4,2,46-55,42,Medium Usage,0.005071664829106946,0.7916666666666666,188.91666666666666,14.0,46.534,82.43636363636364,1471.1454545454546,0.05454545454545454,1.15,Low
Reliance Jio,F,59,Uttar Pradesh,Bangalore,0,129529.0,58,45,9301.0,0,2028,4,2,56+,103,High Usage,0.006235218232638142,0.7627118644067796,157.64406779661016,34.333333333333336,112.301,155.01666666666668,2158.8166666666666,0.0,1.2608695652173914,High
Vodafone,M,54,Chhattisgarh,Bangalore,2,70116.0,52,11,9488.0,1,2028,4,2,46-55,63,High Usage,0.005480029507851196,0.20754716981132076,179.0188679245283,21.0,72.488,172.5090909090909,1274.8363636363636,0.03636363636363636,4.333333333333333,High
Airtel,M,41,Haryana,Delhi,0,32883.0,20,23,6105.0,0,2028,4,2,36-45,43,Medium Usage,0.003275466754012447,1.0952380952380953,290.7142857142857,14.333333333333334,49.105000000000004,145.35714285714286,782.9285714285714,0.0,0.8333333333333334,Medium
BSNL,M,37,Bihar,Bangalore,3,21614.0,40,14,9023.0,1,2028,4,2,36-45,54,High Usage,0.004432624113475178,0.34146341463414637,220.0731707317073,18.0,63.022999999999996,237.44736842105263,568.7894736842105,0.07894736842105263,2.6666666666666665,High
Airtel,F,25,Kerala,Hyderabad,1,82176.0,4,17,909.0,0,2028,4,2,18-25,21,Low Usage,0.004395604395604396,3.4,181.8,7.0,21.909,34.96153846153846,3160.6153846153848,0.038461538461538464,0.2222222222222222,Very Low
Airtel,F,39,Gujarat,Bangalore,0,70668.0,83,27,3569.0,0,2028,4,2,36-45,110,Medium Usage,0.023249299719887956,0.32142857142857145,42.48809523809524,36.666666666666664,113.569,89.225,1766.7,0.0,2.9642857142857144,Low
Airtel,M,46,Arunachal Pradesh,Bangalore,0,131487.0,93,8,5773.0,0,2028,4,2,46-55,101,Medium Usage,0.016106685140284033,0.0851063829787234,61.41489361702128,33.666666666666664,106.773,122.82978723404256,2797.595744680851,0.0,10.333333333333334,Low
Vodafone,F,49,Gujarat,Delhi,3,44753.0,76,36,9142.0,0,2028,4,2,46-55,112,High Usage,0.008312370119216888,0.4675324675324675,118.72727272727273,37.333333333333336,121.142,182.84,895.06,0.06,2.054054054054054,High
Reliance Jio,F,45,Rajasthan,Delhi,1,142868.0,34,0,8283.0,0,2028,4,2,36-45,34,High Usage,0.004104297440849831,0.0,236.65714285714284,11.333333333333334,42.283,180.06521739130434,3105.8260869565215,0.021739130434782608,34.0,Medium
Airtel,M,50,Mizoram,Delhi,4,35307.0,66,43,863.0,0,2028,4,2,46-55,109,Low Usage,0.0763888888888889,0.6417910447761194,12.880597014925373,36.333333333333336,109.863,16.92156862745098,692.2941176470588,0.0784313725490196,1.5,Very Low
Reliance Jio,M,21,Nagaland,Kolkata,3,126584.0,14,46,5846.0,0,2028,4,2,18-25,60,Medium Usage,0.0023943902856165553,3.066666666666667,389.73333333333335,20.0,65.846,265.72727272727275,5753.818181818182,0.13636363636363635,0.2978723404255319,Low
Vodafone,F,72,Maharashtra,Hyderabad,3,111155.0,11,23,1923.0,0,2028,4,2,56+,34,Low Usage,0.005717255717255718,1.9166666666666667,160.25,11.333333333333334,35.923,26.34246575342466,1522.6712328767123,0.0410958904109589,0.4583333333333333,Very Low
BSNL,M,28,Telangana,Delhi,0,68758.0,52,19,5654.0,0,2028,4,2,26-35,71,Medium Usage,0.009195402298850575,0.3584905660377358,106.67924528301887,23.666666666666668,76.654,194.9655172413793,2370.9655172413795,0.0,2.6,Low
Airtel,M,38,Andhra Pradesh,Delhi,4,124146.0,36,8,3752.0,0,2028,4,2,36-45,44,Medium Usage,0.009592326139088728,0.21621621621621623,101.4054054054054,14.666666666666666,47.752,96.2051282051282,3183.230769230769,0.10256410256410256,4.0,Low
Reliance Jio,M,43,Arunachal Pradesh,Bangalore,3,20605.0,52,39,3015.0,1,2028,5,2,36-45,91,Low Usage,0.017241379310344827,0.7358490566037735,56.886792452830186,30.333333333333332,94.015,68.52272727272727,468.29545454545456,0.06818181818181818,1.3,Low
Airtel,M,19,Arunachal Pradesh,Hyderabad,3,46911.0,29,13,10256.0,0,2028,5,2,18-25,42,High Usage,0.0028273374280978845,0.43333333333333335,341.8666666666667,14.0,52.256,512.8,2345.55,0.15,2.0714285714285716,High
Airtel,M,31,Mizoram,Bangalore,3,78518.0,90,8,2308.0,0,2028,5,2,26-35,98,Low Usage,0.0389779125162408,0.08791208791208792,25.36263736263736,32.666666666666664,100.30799999999999,72.125,2453.6875,0.09375,10.0,Very Low
Airtel,M,65,Punjab,Kolkata,3,37512.0,12,0,2018.0,0,2028,5,2,56+,12,Low Usage,0.005943536404160475,0.0,155.23076923076923,4.0,14.018,30.575757575757574,568.3636363636364,0.045454545454545456,12.0,Very Low
Airtel,M,38,Goa,Bangalore,3,67743.0,78,0,5027.0,0,2028,5,2,36-45,78,Medium Usage,0.015513126491646777,0.0,63.63291139240506,26.0,83.027,128.89743589743588,1737.0,0.07692307692307693,78.0,Low
Reliance Jio,M,64,Haryana,Kolkata,2,75579.0,50,40,7838.0,0,2028,5,2,56+,90,High Usage,0.006378364587319811,0.7843137254901961,153.68627450980392,30.0,97.838,120.58461538461539,1162.753846153846,0.03076923076923077,1.2195121951219512,Medium
Airtel,M,40,Tamil Nadu,Delhi,1,51352.0,66,23,10061.0,0,2028,5,2,36-45,89,High Usage,0.00655933214072749,0.34328358208955223,150.16417910447763,29.666666666666668,99.061,245.390243902439,1252.4878048780488,0.024390243902439025,2.75,High
Reliance Jio,M,44,Uttarakhand,Chennai,4,98083.0,53,13,8826.0,0,2028,5,2,36-45,66,High Usage,0.006004304973377139,0.24074074074074073,163.44444444444446,22.0,74.826,196.13333333333333,2179.6222222222223,0.08888888888888889,3.7857142857142856,Medium
Vodafone,F,29,Punjab,Chennai,3,129174.0,76,30,5049.0,0,2028,5,2,26-35,106,Medium Usage,0.015049504950495049,0.38961038961038963,65.57142857142857,35.333333333333336,111.049,168.3,4305.8,0.1,2.4516129032258065,Low
BSNL,F,60,Madhya Pradesh,Hyderabad,4,110320.0,23,39,6401.0,1,2028,5,2,56+,62,Medium Usage,0.00359262730396751,1.625,266.7083333333333,20.666666666666668,68.401,104.93442622950819,1808.5245901639344,0.06557377049180328,0.575,Medium
Reliance Jio,M,49,Andhra Pradesh,Delhi,2,146866.0,72,17,5752.0,0,2028,5,2,46-55,89,Medium Usage,0.012515209455936033,0.2328767123287671,78.79452054794521,29.666666666666668,94.752,115.04,2937.32,0.04,4.0,Low
Vodafone,M,35,Odisha,Chennai,4,41689.0,72,6,2661.0,0,2028,5,2,26-35,78,Low Usage,0.027047332832456798,0.0821917808219178,36.45205479452055,26.0,80.661,73.91666666666667,1158.0277777777778,0.1111111111111111,10.285714285714286,Very Low
Reliance Jio,M,40,Arunachal Pradesh,Chennai,2,103988.0,74,29,989.0,0,2028,5,2,36-45,103,Low Usage,0.07474747474747474,0.38666666666666666,13.186666666666667,34.333333333333336,103.989,24.121951219512194,2536.2926829268295,0.04878048780487805,2.466666666666667,Very Low
Vodafone,M,37,Tripura,Chennai,3,71102.0,43,8,658.0,0,2028,5,2,36-45,51,Low Usage,0.06525037936267071,0.18181818181818182,14.954545454545455,17.0,51.658,17.31578947368421,1871.1052631578948,0.07894736842105263,4.777777777777778,Very Low
BSNL,M,39,Madhya Pradesh,Kolkata,4,28016.0,55,3,8138.0,0,2028,5,2,36-45,58,High Usage,0.006757586927140926,0.05357142857142857,145.32142857142858,19.333333333333332,66.138,203.45,700.4,0.1,13.75,Medium
BSNL,M,26,Uttarakhand,Bangalore,1,108634.0,2,39,3686.0,0,2028,5,2,26-35,41,Medium Usage,0.0005424464334147003,13.0,1228.6666666666667,13.666666666666666,44.686,136.5185185185185,4023.4814814814813,0.037037037037037035,0.05,Low
Vodafone,M,33,Haryana,Kolkata,0,142278.0,63,25,8893.0,0,2028,5,2,26-35,88,High Usage,0.007083427029458062,0.390625,138.953125,29.333333333333332,96.893,261.55882352941177,4184.64705882353,0.0,2.423076923076923,Medium
BSNL,F,56,Nagaland,Kolkata,2,145277.0,7,32,8502.0,0,2028,5,2,56+,39,High Usage,0.0008232388568740445,4.0,1062.75,13.0,47.502,149.1578947368421,2548.719298245614,0.03508771929824561,0.21212121212121213,Medium
Airtel,M,34,Gujarat,Mumbai,1,85620.0,39,21,7788.0,0,2028,5,2,26-35,60,High Usage,0.005007061240210553,0.525,194.7,20.0,67.788,222.5142857142857,2446.285714285714,0.02857142857142857,1.7727272727272727,Medium
Vodafone,F,53,Punjab,Chennai,4,148308.0,82,8,9478.0,0,2028,5,2,46-55,90,High Usage,0.008650701550796497,0.0963855421686747,114.19277108433735,30.0,99.478,175.5185185185185,2746.4444444444443,0.07407407407407407,9.11111111111111,High
BSNL,M,53,Madhya Pradesh,Mumbai,3,84599.0,11,44,4446.0,1,2028,5,2,46-55,55,Medium Usage,0.002473577692826625,3.6666666666666665,370.5,18.333333333333332,59.446,82.33333333333333,1566.648148148148,0.05555555555555555,0.24444444444444444,Low
Reliance Jio,M,58,Bihar,Bangalore,0,100163.0,69,46,6031.0,1,2028,5,2,56+,115,Medium Usage,0.011438992042440319,0.6571428571428571,86.15714285714286,38.333333333333336,121.031,102.22033898305085,1697.677966101695,0.0,1.4680851063829787,Medium
BSNL,F,56,Jharkhand,Bangalore,3,62636.0,67,26,5645.0,1,2028,5,2,56+,93,Medium Usage,0.011866808359900815,0.38235294117647056,83.01470588235294,31.0,98.645,99.03508771929825,1098.877192982456,0.05263157894736842,2.4814814814814814,Low
BSNL,M,45,Bihar,Delhi,0,78929.0,80,25,4200.0,0,2028,5,2,36-45,105,Medium Usage,0.01904308497976672,0.30864197530864196,51.851851851851855,35.0,109.2,91.30434782608695,1715.8478260869565,0.0,3.076923076923077,Low
Reliance Jio,M,63,Andhra Pradesh,Hyderabad,2,116420.0,11,39,7755.0,0,2028,5,2,56+,50,High Usage,0.0014182568334192883,3.25,646.25,16.666666666666668,57.755,121.171875,1819.0625,0.03125,0.275,Medium
BSNL,M,66,Chhattisgarh,Kolkata,1,70956.0,43,44,3394.0,0,2028,5,2,56+,87,Low Usage,0.012665684830633284,1.0,77.13636363636364,29.0,90.394,50.656716417910445,1059.044776119403,0.014925373134328358,0.9555555555555556,Low
BSNL,F,25,Tripura,Kolkata,3,108503.0,45,9,3832.0,0,2028,5,2,18-25,54,Medium Usage,0.01174015131750587,0.1956521739130435,83.30434782608695,18.0,57.832,147.3846153846154,4173.192307692308,0.11538461538461539,4.5,Low
BSNL,F,50,Himachal Pradesh,Hyderabad,0,125826.0,11,10,7133.0,1,2028,5,2,46-55,21,High Usage,0.0015419119708438463,0.8333333333333334,594.4166666666666,7.0,28.133,139.86274509803923,2467.176470588235,0.0,1.0,Medium
Airtel,F,32,Meghalaya,Hyderabad,0,85278.0,70,24,1030.0,0,2028,5,2,26-35,94,Low Usage,0.06789524733268672,0.3380281690140845,14.507042253521126,31.333333333333332,95.03,31.21212121212121,2584.181818181818,0.0,2.8,Very Low
Airtel,M,33,Manipur,Hyderabad,4,77867.0,63,38,1255.0,0,2028,5,2,26-35,101,Low Usage,0.05015923566878981,0.59375,19.609375,33.666666666666664,102.255,36.911764705882355,2290.205882352941,0.11764705882352941,1.6153846153846154,Very Low
Airtel,M,69,Karnataka,Hyderabad,3,129470.0,22,26,4138.0,0,2028,5,2,56+,48,Medium Usage,0.005315293549166465,1.1304347826086956,179.91304347826087,16.0,52.138,59.114285714285714,1849.5714285714287,0.04285714285714286,0.8148148148148148,Low
Reliance Jio,F,53,Arunachal Pradesh,Bangalore,0,89356.0,56,44,1819.0,0,2028,6,2,46-55,100,Low Usage,0.03076923076923077,0.7719298245614035,31.912280701754387,33.333333333333336,101.819,33.68518518518518,1654.7407407407406,0.0,1.2444444444444445,Very Low
Airtel,F,72,Nagaland,Bangalore,3,43163.0,15,9,1604.0,0,2028,6,2,56+,24,Low Usage,0.009345794392523364,0.5625,100.25,8.0,25.604,21.972602739726028,591.2739726027397,0.0410958904109589,1.5,Very Low
BSNL,F,37,Maharashtra,Bangalore,3,34000.0,59,21,8531.0,0,2028,6,2,36-45,80,High Usage,0.006915142991092358,0.35,142.18333333333334,26.666666666666668,88.531,224.5,894.7368421052631,0.07894736842105263,2.6818181818181817,Medium
BSNL,M,53,Nagaland,Bangalore,0,31220.0,60,13,5049.0,0,2028,6,2,46-55,73,Medium Usage,0.011881188118811881,0.21311475409836064,82.77049180327869,24.333333333333332,78.049,93.5,578.1481481481482,0.0,4.285714285714286,Low
Vodafone,F,28,Bihar,Delhi,3,92707.0,11,33,524.0,0,2028,6,2,26-35,44,Low Usage,0.02095238095238095,2.75,43.666666666666664,14.666666666666666,44.524,18.06896551724138,3196.793103448276,0.10344827586206896,0.3235294117647059,Very Low
BSNL,M,49,Telangana,Mumbai,4,88078.0,57,14,380.0,0,2028,6,2,46-55,71,Low Usage,0.14960629921259844,0.2413793103448276,6.551724137931035,23.666666666666668,71.38,7.6,1761.56,0.08,3.8,Very Low
Vodafone,F,42,Rajasthan,Kolkata,4,91317.0,32,32,5793.0,0,2028,6,2,36-45,64,Medium Usage,0.005522954780807732,0.9696969696969697,175.54545454545453,21.333333333333332,69.793,134.72093023255815,2123.6511627906975,0.09302325581395349,0.9696969696969697,Low
BSNL,M,64,Gujarat,Chennai,3,62667.0,65,4,6705.0,0,2028,6,2,56+,69,High Usage,0.00969281240679988,0.06060606060606061,101.5909090909091,23.0,75.705,103.15384615384616,964.1076923076923,0.046153846153846156,13.0,Medium
BSNL,M,52,Madhya Pradesh,Mumbai,4,78161.0,51,44,2764.0,0,2028,6,2,46-55,95,Low Usage,0.01844484629294756,0.8461538461538461,53.15384615384615,31.666666666666668,97.764,52.15094339622642,1474.7358490566037,0.07547169811320754,1.1333333333333333,Very Low
Airtel,M,61,Odisha,Kolkata,4,82784.0,72,21,8488.0,0,2028,6,2,56+,93,High Usage,0.008481564377429614,0.2876712328767123,116.27397260273973,31.0,101.488,136.90322580645162,1335.225806451613,0.06451612903225806,3.272727272727273,Medium
Reliance Jio,M,57,Uttar Pradesh,Bangalore,4,100242.0,76,8,4746.0,0,2028,6,2,56+,84,Medium Usage,0.016010111649462817,0.1038961038961039,61.63636363636363,28.0,88.746,81.82758620689656,1728.3103448275863,0.06896551724137931,8.444444444444445,Low
Vodafone,M,67,Maharashtra,Chennai,0,73622.0,36,13,5049.0,0,2028,6,2,56+,49,Medium Usage,0.007128712871287129,0.35135135135135137,136.45945945945945,16.333333333333332,54.049,74.25,1082.6764705882354,0.0,2.5714285714285716,Low
Reliance Jio,F,26,Manipur,Chennai,1,89005.0,45,45,1365.0,0,2028,6,2,26-35,90,Low Usage,0.03294289897510981,0.9782608695652174,29.67391304347826,30.0,91.365,50.55555555555556,3296.4814814814813,0.037037037037037035,0.9782608695652174,Very Low
Reliance Jio,M,63,Kerala,Chennai,4,120131.0,73,42,1418.0,0,2028,6,2,56+,115,Low Usage,0.05144467935165609,0.5675675675675675,19.16216216216216,38.333333333333336,116.418,22.15625,1877.046875,0.0625,1.697674418604651,Very Low
Reliance Jio,M,71,Uttarakhand,Kolkata,0,109638.0,76,22,8241.0,0,2028,6,2,56+,98,High Usage,0.0092210628488231,0.2857142857142857,107.02597402597402,32.666666666666664,106.241,114.45833333333333,1522.75,0.0,3.3043478260869565,Medium
Reliance Jio,M,26,Assam,Mumbai,4,94966.0,67,35,353.0,0,2028,6,2,26-35,102,Low Usage,0.18926553672316385,0.5147058823529411,5.1911764705882355,34.0,102.353,13.074074074074074,3517.259259259259,0.14814814814814814,1.8611111111111112,Very Low
Vodafone,M,58,Assam,Chennai,0,59812.0,57,27,1855.0,0,2028,6,2,56+,84,Low Usage,0.030711206896551723,0.46551724137931033,31.982758620689655,28.0,85.855,31.440677966101696,1013.7627118644068,0.0,2.0357142857142856,Very Low
Vodafone,M,70,Assam,Hyderabad,2,140716.0,59,52,8512.0,0,2028,6,2,56+,111,High Usage,0.006930576764947727,0.8666666666666667,141.86666666666667,37.0,119.512,119.88732394366197,1981.9154929577464,0.028169014084507043,1.1132075471698113,Medium
Vodafone,F,31,West Bengal,Kolkata,4,43332.0,79,46,3047.0,1,2028,6,2,26-35,125,Low Usage,0.025918635170603676,0.575,38.0875,41.666666666666664,128.047,95.21875,1354.125,0.125,1.6808510638297873,Low
Airtel,M,24,Uttarakhand,Mumbai,3,78593.0,57,13,1518.0,0,2028,6,2,18-25,70,Low Usage,0.037524687294272545,0.22413793103448276,26.17241379310345,23.333333333333332,71.518,60.72,3143.72,0.12,4.071428571428571,Very Low
Airtel,F,41,Telangana,Chennai,0,26831.0,64,30,7414.0,0,2028,6,2,36-45,94,High Usage,0.008631153068105192,0.46153846153846156,114.06153846153846,31.333333333333332,101.414,176.52380952380952,638.8333333333334,0.0,2.064516129032258,Medium
Airtel,M,63,Mizoram,Mumbai,2,71077.0,10,47,2469.0,0,2028,6,2,56+,57,Low Usage,0.004048582995951417,4.2727272727272725,224.45454545454547,19.0,59.469,38.578125,1110.578125,0.03125,0.20833333333333334,Very Low
BSNL,F,71,Odisha,Chennai,4,110074.0,44,36,4170.0,0,2028,6,2,56+,80,Medium Usage,0.010549029009829777,0.8,92.66666666666667,26.666666666666668,84.17,57.916666666666664,1528.8055555555557,0.05555555555555555,1.1891891891891893,Low
BSNL,F,72,Gujarat,Delhi,2,49244.0,63,26,8625.0,0,2028,6,2,56+,89,High Usage,0.007303501043357292,0.40625,134.765625,29.666666666666668,97.625,118.15068493150685,674.5753424657535,0.0273972602739726,2.3333333333333335,Medium
Vodafone,M,33,Haryana,Chennai,1,34240.0,68,43,8194.0,0,2028,6,2,26-35,111,High Usage,0.008297742525930445,0.6231884057971014,118.7536231884058,37.0,119.194,241.0,1007.0588235294117,0.029411764705882353,1.5454545454545454,Medium
Airtel,M,55,Odisha,Chennai,2,78976.0,49,22,5587.0,0,2028,6,2,46-55,71,Medium Usage,0.008768790264853258,0.44,111.74,23.666666666666668,76.587,99.76785714285714,1410.2857142857142,0.03571428571428571,2.130434782608696,Low
BSNL,M,68,Punjab,Kolkata,0,67230.0,90,5,6432.0,0,2028,6,2,56+,95,Medium Usage,0.01399036219493238,0.054945054945054944,70.68131868131869,31.666666666666668,101.432,93.21739130434783,974.3478260869565,0.0,15.0,Medium
BSNL,F,38,Mizoram,Chennai,1,123483.0,14,34,9711.0,0,2028,6,2,36-45,48,High Usage,0.001441515650741351,2.2666666666666666,647.4,16.0,57.711,249.0,3166.230769230769,0.02564102564102564,0.4,High
Airtel,M,53,Punjab,Mumbai,2,117161.0,31,38,3093.0,0,2028,6,2,46-55,69,Low Usage,0.01001939237233355,1.1875,96.65625,23.0,72.093,57.27777777777778,2169.6481481481483,0.037037037037037035,0.7948717948717948,Low
Reliance Jio,M,73,Tamil Nadu,Chennai,2,69523.0,56,1,7142.0,0,2028,6,2,56+,57,High Usage,0.007839843203135938,0.017543859649122806,125.29824561403508,19.0,64.142,96.51351351351352,939.5,0.02702702702702703,28.0,Medium
BSNL,M,63,Himachal Pradesh,Chennai,3,45910.0,26,48,5663.0,0,2028,7,3,56+,74,Medium Usage,0.004590395480225989,1.7777777777777777,209.74074074074073,24.666666666666668,79.663,88.484375,717.34375,0.046875,0.5306122448979592,Low
Vodafone,M,20,Sikkim,Delhi,4,118482.0,71,6,3640.0,0,2028,7,3,18-25,77,Medium Usage,0.019500137324910738,0.08333333333333333,50.55555555555556,25.666666666666668,80.64,173.33333333333334,5642.0,0.19047619047619047,10.142857142857142,Low
BSNL,M,61,Tripura,Delhi,2,30746.0,9,34,1924.0,0,2028,7,3,56+,43,Low Usage,0.004675324675324675,3.4,192.4,14.333333333333334,44.924,31.032258064516128,495.9032258064516,0.03225806451612903,0.2571428571428571,Very Low
Reliance Jio,F,51,Bihar,Bangalore,3,47948.0,79,4,4384.0,0,2028,7,3,46-55,83,Medium Usage,0.018015963511972634,0.05,54.8,27.666666666666668,87.384,84.3076923076923,922.0769230769231,0.057692307692307696,15.8,Low
Airtel,M,68,Uttarakhand,Hyderabad,3,141520.0,77,45,8471.0,0,2028,7,3,56+,122,High Usage,0.00908876298394712,0.5769230769230769,108.6025641025641,40.666666666666664,130.471,122.76811594202898,2051.014492753623,0.043478260869565216,1.673913043478261,Medium
Reliance Jio,F,60,Mizoram,Bangalore,2,69084.0,54,30,9280.0,0,2028,7,3,56+,84,High Usage,0.005818338541105484,0.5454545454545454,168.72727272727272,28.0,93.28,152.13114754098362,1132.5245901639344,0.03278688524590164,1.7419354838709677,High
Vodafone,M,55,Bihar,Mumbai,0,137597.0,20,32,3474.0,0,2028,7,3,46-55,52,Low Usage,0.0057553956834532375,1.5238095238095237,165.42857142857142,17.333333333333332,55.474000000000004,62.035714285714285,2457.089285714286,0.0,0.6060606060606061,Low
Airtel,F,31,Andhra Pradesh,Delhi,3,59318.0,11,9,3179.0,0,2028,7,3,26-35,20,Low Usage,0.003459119496855346,0.75,264.9166666666667,6.666666666666667,23.179,99.34375,1853.6875,0.09375,1.1,Low
Vodafone,F,63,Sikkim,Hyderabad,1,145938.0,41,18,1509.0,0,2028,7,3,56+,59,Low Usage,0.027152317880794703,0.42857142857142855,35.92857142857143,19.666666666666668,60.509,23.578125,2280.28125,0.015625,2.1578947368421053,Very Low
BSNL,M,71,Tripura,Kolkata,3,105874.0,13,44,8854.0,0,2028,7,3,56+,57,High Usage,0.0014680971202710334,3.142857142857143,632.4285714285714,19.0,65.854,122.97222222222223,1470.4722222222222,0.041666666666666664,0.28888888888888886,Medium
Airtel,F,37,Karnataka,Mumbai,4,135645.0,43,16,2660.0,0,2028,7,3,36-45,59,Low Usage,0.01615933859451334,0.36363636363636365,60.45454545454545,19.666666666666668,61.66,70.0,3569.6052631578946,0.10526315789473684,2.5294117647058822,Very Low
Reliance Jio,M,40,Chhattisgarh,Bangalore,1,82150.0,31,3,9348.0,1,2028,7,3,36-45,34,High Usage,0.003315862659107926,0.09375,292.125,11.333333333333334,43.348,228.0,2003.658536585366,0.024390243902439025,7.75,High
Vodafone,M,21,Gujarat,Chennai,4,76497.0,57,28,5897.0,0,2028,7,3,18-25,85,Medium Usage,0.009664292980671414,0.4827586206896552,101.67241379310344,28.333333333333332,90.897,268.04545454545456,3477.1363636363635,0.18181818181818182,1.9655172413793103,Low
Airtel,M,30,Rajasthan,Bangalore,2,81268.0,96,46,1299.0,0,2028,7,3,26-35,142,Low Usage,0.07384615384615385,0.4742268041237113,13.391752577319588,47.333333333333336,143.299,41.903225806451616,2621.548387096774,0.06451612903225806,2.0425531914893615,Very Low
Reliance Jio,M,29,Maharashtra,Delhi,4,141175.0,33,41,2756.0,0,2028,7,3,26-35,74,Low Usage,0.011969532100108813,1.2058823529411764,81.05882352941177,24.666666666666668,76.756,91.86666666666666,4705.833333333333,0.13333333333333333,0.7857142857142857,Very Low
Airtel,M,19,Maharashtra,Delhi,3,61738.0,26,8,34.0,0,2028,7,3,18-25,34,Low Usage,0.7428571428571429,0.2962962962962963,1.2592592592592593,11.333333333333334,34.034,1.7,3086.9,0.15,2.888888888888889,Very Low
Reliance Jio,M,38,Sikkim,Mumbai,2,49518.0,28,46,7062.0,0,2028,7,3,36-45,74,High Usage,0.003964321110009911,1.5862068965517242,243.51724137931035,24.666666666666668,81.062,181.07692307692307,1269.6923076923076,0.05128205128205128,0.5957446808510638,Medium
Vodafone,F,46,West Bengal,Delhi,1,52192.0,89,12,3504.0,0,2028,7,3,46-55,101,Low Usage,0.025392296718972897,0.13333333333333333,38.93333333333333,33.666666666666664,104.504,74.55319148936171,1110.468085106383,0.02127659574468085,6.846153846153846,Low
BSNL,M,53,Telangana,Chennai,2,72375.0,2,17,7759.0,0,2028,7,3,46-55,19,High Usage,0.0002577319587628866,5.666666666666667,2586.3333333333335,6.333333333333333,26.759,143.6851851851852,1340.2777777777778,0.037037037037037035,0.1111111111111111,Medium
Reliance Jio,M,33,Kerala,Hyderabad,3,76424.0,50,19,4526.0,0,2028,7,3,26-35,69,Medium Usage,0.01104484205875856,0.37254901960784315,88.74509803921569,23.0,73.526,133.11764705882354,2247.764705882353,0.08823529411764706,2.5,Low
Reliance Jio,M,71,Tripura,Delhi,3,68224.0,55,34,9944.0,0,2028,7,3,56+,89,High Usage,0.005530417295123178,0.6071428571428571,177.57142857142858,29.666666666666668,98.944,138.11111111111111,947.5555555555555,0.041666666666666664,1.5714285714285714,High
Reliance Jio,F,51,Meghalaya,Mumbai,3,84820.0,29,29,1281.0,1,2028,7,3,46-55,58,Low Usage,0.02262090483619345,0.9666666666666667,42.7,19.333333333333332,59.281,24.634615384615383,1631.1538461538462,0.057692307692307696,0.9666666666666667,Very Low
Airtel,F,53,Andhra Pradesh,Hyderabad,0,127573.0,31,8,9190.0,0,2028,7,3,46-55,39,High Usage,0.003372864759003373,0.25,287.1875,13.0,48.19,170.1851851851852,2362.462962962963,0.0,3.4444444444444446,High
BSNL,M,55,Bihar,Chennai,4,47149.0,50,24,8253.0,0,2028,7,3,46-55,74,High Usage,0.00605766900896535,0.47058823529411764,161.8235294117647,24.666666666666668,82.253,147.375,841.9464285714286,0.07142857142857142,2.0,Medium
Airtel,M,57,Assam,Delhi,1,88764.0,24,16,5456.0,0,2028,7,3,56+,40,Medium Usage,0.0043980208905992305,0.64,218.24,13.333333333333334,45.456,94.06896551724138,1530.4137931034484,0.017241379310344827,1.411764705882353,Low
BSNL,F,53,Rajasthan,Chennai,1,114869.0,26,8,7657.0,0,2028,7,3,46-55,34,High Usage,0.0033951423348132673,0.2962962962962963,283.5925925925926,11.333333333333334,41.657,141.7962962962963,2127.203703703704,0.018518518518518517,2.888888888888889,Medium
Reliance Jio,F,45,Rajasthan,Hyderabad,1,145195.0,24,43,7506.0,1,2028,7,3,36-45,67,High Usage,0.0031970161182895964,1.72,300.24,22.333333333333332,74.506,163.17391304347825,3156.413043478261,0.021739130434782608,0.5454545454545454,Medium
Reliance Jio,M,39,Odisha,Bangalore,1,100761.0,24,27,758.0,1,2028,7,3,36-45,51,Low Usage,0.03162055335968379,1.08,30.32,17.0,51.758,18.95,2519.025,0.025,0.8571428571428571,Very Low
BSNL,M,73,Gujarat,Mumbai,3,37276.0,36,26,8991.0,1,2028,7,3,56+,62,High Usage,0.00400355871886121,0.7027027027027027,243.0,20.666666666666668,70.991,121.5,503.72972972972974,0.04054054054054054,1.3333333333333333,Medium
BSNL,F,47,Manipur,Mumbai,3,87350.0,106,12,9725.0,0,2028,7,3,46-55,118,High Usage,0.01089862224964014,0.11214953271028037,90.88785046728972,39.333333333333336,127.725,202.60416666666666,1819.7916666666667,0.0625,8.153846153846153,High
Airtel,F,24,Telangana,Bangalore,2,140174.0,27,33,6391.0,0,2028,7,3,18-25,60,Medium Usage,0.004224030037546934,1.1785714285714286,228.25,20.0,66.391,255.64,5606.96,0.08,0.7941176470588235,Medium
Vodafone,F,65,Punjab,Delhi,1,74361.0,60,5,3215.0,1,2028,8,3,56+,65,Low Usage,0.018656716417910446,0.08196721311475409,52.704918032786885,21.666666666666668,68.215,48.71212121212121,1126.6818181818182,0.015151515151515152,10.0,Low
Reliance Jio,F,46,Tamil Nadu,Chennai,0,132745.0,0,32,8962.0,0,2028,8,3,46-55,32,High Usage,0.0,32.0,8962.0,10.666666666666666,40.962,190.68085106382978,2824.3617021276596,0.0,0.0,Medium
Reliance Jio,M,55,West Bengal,Bangalore,2,117425.0,78,15,1612.0,0,2028,8,3,46-55,93,Low Usage,0.04835709857408556,0.189873417721519,20.40506329113924,31.0,94.612,28.785714285714285,2096.875,0.03571428571428571,4.875,Very Low
Reliance Jio,F,36,Gujarat,Mumbai,1,90799.0,11,33,7559.0,0,2028,8,3,36-45,44,High Usage,0.001455026455026455,2.75,629.9166666666666,14.666666666666666,51.559,204.2972972972973,2454.027027027027,0.02702702702702703,0.3235294117647059,Medium
Reliance Jio,M,59,Rajasthan,Mumbai,4,62494.0,83,36,3114.0,0,2028,8,3,56+,119,Low Usage,0.026645264847512038,0.42857142857142855,37.07142857142857,39.666666666666664,122.114,51.9,1041.5666666666666,0.06666666666666667,2.2432432432432434,Low
Reliance Jio,M,41,Bihar,Kolkata,0,33502.0,61,5,10353.0,0,2028,8,3,36-45,66,High Usage,0.005891442920610392,0.08064516129032258,166.98387096774192,22.0,76.353,246.5,797.6666666666666,0.0,10.166666666666666,High
Airtel,F,20,Uttar Pradesh,Mumbai,3,87542.0,86,5,5307.0,0,2028,8,3,18-25,91,Medium Usage,0.016201959306706856,0.05747126436781609,61.0,30.333333333333332,96.307,252.71428571428572,4168.666666666667,0.14285714285714285,14.333333333333334,Low
Reliance Jio,M,74,Manipur,Chennai,1,100232.0,78,14,8928.0,1,2028,8,3,56+,92,High Usage,0.008735580692126777,0.17721518987341772,113.0126582278481,30.666666666666668,100.928,119.04,1336.4266666666667,0.013333333333333334,5.2,Medium
Vodafone,M,36,Jharkhand,Bangalore,1,120722.0,85,20,9472.0,0,2028,8,3,36-45,105,High Usage,0.008972870262852317,0.23255813953488372,110.13953488372093,35.0,114.472,256.0,3262.7567567567567,0.02702702702702703,4.0476190476190474,High
BSNL,M,29,Chhattisgarh,Kolkata,4,89087.0,31,40,8130.0,0,2028,8,3,26-35,71,High Usage,0.003812569179682696,1.25,254.0625,23.666666666666668,79.13,271.0,2969.5666666666666,0.13333333333333333,0.7560975609756098,Medium
Reliance Jio,M,44,Tripura,Chennai,2,45106.0,55,32,2750.0,0,2028,8,3,36-45,87,Low Usage,0.019992729916394038,0.5714285714285714,49.107142857142854,29.0,89.75,61.111111111111114,1002.3555555555556,0.044444444444444446,1.6666666666666667,Very Low
BSNL,M,62,Tripura,Kolkata,3,47312.0,75,29,779.0,0,2028,8,3,56+,104,Low Usage,0.09615384615384616,0.3815789473684211,10.25,34.666666666666664,104.779,12.365079365079366,750.984126984127,0.047619047619047616,2.5,Very Low
Airtel,M,60,Arunachal Pradesh,Kolkata,0,149015.0,92,37,7834.0,0,2028,8,3,56+,129,High Usage,0.011742182514358646,0.3978494623655914,84.23655913978494,43.0,136.834,128.4262295081967,2442.8688524590166,0.0,2.4210526315789473,Medium
Vodafone,F,58,Arunachal Pradesh,Mumbai,4,101415.0,4,29,9659.0,0,2028,8,3,56+,33,High Usage,0.00041407867494824016,5.8,1931.8,11.0,42.659,163.71186440677965,1718.8983050847457,0.06779661016949153,0.13333333333333333,High
Reliance Jio,M,22,Tripura,Chennai,4,111509.0,100,30,6339.0,1,2028,8,3,18-25,130,Medium Usage,0.015772870662460567,0.297029702970297,62.76237623762376,43.333333333333336,136.339,275.60869565217394,4848.217391304348,0.17391304347826086,3.225806451612903,Medium
Airtel,M,56,Kerala,Kolkata,3,86027.0,2,42,1539.0,1,2028,8,3,56+,44,Low Usage,0.0012987012987012987,14.0,513.0,14.666666666666666,45.539,27.0,1509.2456140350878,0.05263157894736842,0.046511627906976744,Very Low
Airtel,M,19,Maharashtra,Kolkata,2,128684.0,5,23,4131.0,0,2028,8,3,18-25,28,Medium Usage,0.0012100677637947724,3.8333333333333335,688.5,9.333333333333334,32.131,206.55,6434.2,0.1,0.20833333333333334,Low
Vodafone,M,71,Jharkhand,Bangalore,3,37930.0,44,3,5049.0,0,2028,8,3,56+,47,Medium Usage,0.008712871287128714,0.06666666666666667,112.2,15.666666666666666,52.049,70.125,526.8055555555555,0.041666666666666664,11.0,Low
Reliance Jio,M,22,Himachal Pradesh,Bangalore,4,55933.0,17,43,8919.0,0,2028,8,3,18-25,60,High Usage,0.001905829596412556,2.388888888888889,495.5,20.0,68.919,387.7826086956522,2431.8695652173915,0.17391304347826086,0.38636363636363635,Medium
Reliance Jio,F,46,Sikkim,Chennai,0,118388.0,85,35,4242.0,0,2028,8,3,46-55,120,Medium Usage,0.020032995522036294,0.4069767441860465,49.325581395348834,40.0,124.242,90.25531914893617,2518.8936170212764,0.0,2.361111111111111,Low
BSNL,M,29,Nagaland,Hyderabad,2,82888.0,42,12,4182.0,1,2028,8,3,26-35,54,Medium Usage,0.010040640688501076,0.27906976744186046,97.25581395348837,18.0,58.182,139.4,2762.9333333333334,0.06666666666666667,3.230769230769231,Low
Airtel,F,55,Chhattisgarh,Chennai,1,55468.0,33,7,6044.0,1,2028,8,3,46-55,40,Medium Usage,0.005459057071960298,0.20588235294117646,177.76470588235293,13.333333333333334,46.044,107.92857142857143,990.5,0.017857142857142856,4.125,Medium
Airtel,M,62,Meghalaya,Bangalore,2,143764.0,57,26,5018.0,0,2028,8,3,56+,83,Medium Usage,0.011356843992827256,0.4482758620689655,86.51724137931035,27.666666666666668,88.018,79.65079365079364,2281.968253968254,0.031746031746031744,2.111111111111111,Low
Vodafone,M,28,Assam,Hyderabad,3,72771.0,37,43,4000.0,0,2028,8,3,26-35,80,Medium Usage,0.009247688077980504,1.131578947368421,105.26315789473684,26.666666666666668,84.0,137.93103448275863,2509.344827586207,0.10344827586206896,0.8409090909090909,Low
BSNL,M,67,Haryana,Delhi,0,141304.0,27,34,2363.0,0,2028,8,3,56+,61,Low Usage,0.011421319796954314,1.2142857142857142,84.39285714285714,20.333333333333332,63.363,34.75,2078.0,0.0,0.7714285714285715,Very Low
Airtel,M,25,Rajasthan,Kolkata,0,30878.0,98,23,3958.0,1,2028,8,3,18-25,121,Medium Usage,0.02475372568830513,0.23232323232323232,39.97979797979798,40.333333333333336,124.958,152.23076923076923,1187.6153846153845,0.0,4.083333333333333,Low
Reliance Jio,M,58,Jharkhand,Chennai,3,37910.0,65,37,8828.0,0,2028,8,3,56+,102,High Usage,0.007362102163325405,0.5606060606060606,133.75757575757575,34.0,110.828,149.6271186440678,642.542372881356,0.05084745762711865,1.7105263157894737,Medium
BSNL,F,29,Arunachal Pradesh,Mumbai,2,124703.0,30,5,4124.0,0,2028,8,3,26-35,35,Medium Usage,0.007272727272727273,0.16129032258064516,133.03225806451613,11.666666666666666,39.124,137.46666666666667,4156.766666666666,0.06666666666666667,5.0,Low
Airtel,F,54,Meghalaya,Delhi,0,144327.0,57,31,7372.0,0,2028,8,3,46-55,88,High Usage,0.007730910077309101,0.5344827586206896,127.10344827586206,29.333333333333332,95.372,134.03636363636363,2624.1272727272726,0.0,1.78125,Medium
Vodafone,M,64,Bihar,Bangalore,3,50027.0,106,40,3947.0,0,2028,8,3,56+,146,Medium Usage,0.02684903748733536,0.37383177570093457,36.88785046728972,48.666666666666664,149.947,60.723076923076924,769.6461538461539,0.046153846153846156,2.5853658536585367,Low
Vodafone,F,36,Mizoram,Bangalore,4,130900.0,50,7,4787.0,0,2028,8,3,36-45,57,Medium Usage,0.010442773600668337,0.13725490196078433,93.86274509803921,19.0,61.787,129.3783783783784,3537.837837837838,0.10810810810810811,6.25,Low
BSNL,F,19,Manipur,Hyderabad,4,32033.0,36,29,5577.0,0,2028,9,3,18-25,65,Medium Usage,0.006453926138400861,0.7837837837837838,150.72972972972974,21.666666666666668,70.577,278.85,1601.65,0.2,1.2,Low
Vodafone,F,59,Himachal Pradesh,Hyderabad,2,61058.0,58,43,1409.0,0,2028,9,3,56+,101,Low Usage,0.04113475177304964,0.7288135593220338,23.88135593220339,33.666666666666664,102.409,23.483333333333334,1017.6333333333333,0.03333333333333333,1.3181818181818181,Very Low
Airtel,M,30,Uttarakhand,Chennai,4,139146.0,22,23,9158.0,1,2028,9,3,26-35,45,High Usage,0.002402008952942461,1.0,398.17391304347825,15.0,54.158,295.4193548387097,4488.580645161291,0.12903225806451613,0.9166666666666666,High
Airtel,M,32,Meghalaya,Hyderabad,1,38449.0,69,2,4096.0,0,2028,9,3,26-35,71,Medium Usage,0.01684159140834757,0.02857142857142857,58.51428571428571,23.666666666666668,75.096,124.12121212121212,1165.121212121212,0.030303030303030304,23.0,Low
BSNL,M,28,West Bengal,Hyderabad,4,142106.0,1,29,7340.0,1,2028,9,3,26-35,30,High Usage,0.00013622122326658494,14.5,3670.0,10.0,37.34,253.10344827586206,4900.206896551724,0.13793103448275862,0.03333333333333333,Medium
Reliance Jio,M,19,Bihar,Delhi,2,21851.0,11,36,8770.0,0,2028,9,3,18-25,47,High Usage,0.0012541329380914377,3.0,730.8333333333334,15.666666666666666,55.769999999999996,438.5,1092.55,0.1,0.2972972972972973,Medium
Vodafone,M,36,Punjab,Hyderabad,4,55718.0,80,41,4980.0,1,2028,9,3,36-45,121,Medium Usage,0.016061031921300945,0.5061728395061729,61.48148148148148,40.333333333333336,125.98,134.59459459459458,1505.8918918918919,0.10810810810810811,1.9047619047619047,Low
Airtel,M,52,West Bengal,Bangalore,2,23797.0,11,26,5006.0,0,2028,9,3,46-55,37,Medium Usage,0.00219692430597164,2.1666666666666665,417.1666666666667,12.333333333333334,42.006,94.45283018867924,449.0,0.03773584905660377,0.4074074074074074,Low
Reliance Jio,F,70,Assam,Delhi,1,137300.0,107,30,8354.0,0,2028,9,3,56+,137,High Usage,0.012806702573309396,0.2777777777777778,77.35185185185185,45.666666666666664,145.35399999999998,117.66197183098592,1933.8028169014085,0.014084507042253521,3.4516129032258065,Medium
BSNL,M,27,Gujarat,Hyderabad,0,138246.0,32,29,5191.0,1,2028,9,3,26-35,61,Medium Usage,0.0061633281972265025,0.8787878787878788,157.3030303030303,20.333333333333332,66.191,185.39285714285714,4937.357142857143,0.0,1.0666666666666667,Low
Reliance Jio,M,61,Chhattisgarh,Delhi,1,86819.0,73,31,5385.0,0,2028,9,3,56+,104,Medium Usage,0.013553657630894913,0.4189189189189189,72.77027027027027,34.666666666666664,109.385,86.85483870967742,1400.3064516129032,0.016129032258064516,2.28125,Low
Vodafone,M,29,Uttar Pradesh,Bangalore,4,103865.0,49,5,9939.0,0,2028,9,3,26-35,54,High Usage,0.004929577464788733,0.1,198.78,18.0,63.939,331.3,3462.1666666666665,0.13333333333333333,8.166666666666666,High
Reliance Jio,F,53,Rajasthan,Chennai,0,80480.0,34,41,7858.0,0,2028,9,3,46-55,75,High Usage,0.004326250159053315,1.1714285714285715,224.5142857142857,25.0,82.858,145.5185185185185,1490.3703703703704,0.0,0.8095238095238095,Medium
Reliance Jio,F,19,Madhya Pradesh,Delhi,1,124188.0,61,43,87.0,0,2028,9,3,18-25,104,Low Usage,0.6931818181818182,0.6935483870967742,1.403225806451613,34.666666666666664,104.087,4.35,6209.4,0.05,1.3863636363636365,Very Low
BSNL,F,20,Jharkhand,Chennai,3,24722.0,74,44,6315.0,0,2028,9,3,18-25,118,Medium Usage,0.011716276124129196,0.5866666666666667,84.2,39.333333333333336,124.315,300.7142857142857,1177.2380952380952,0.14285714285714285,1.6444444444444444,Medium
Airtel,M,26,Haryana,Bangalore,0,133983.0,73,16,3850.0,1,2028,9,3,26-35,89,Medium Usage,0.018956115294728643,0.21621621621621623,52.027027027027025,29.666666666666668,92.85,142.59259259259258,4962.333333333333,0.0,4.294117647058823,Low
Airtel,F,54,Manipur,Mumbai,2,96862.0,66,7,1087.0,1,2028,9,3,46-55,73,Low Usage,0.06066176470588235,0.1044776119402985,16.223880597014926,24.333333333333332,74.087,19.763636363636362,1761.1272727272728,0.03636363636363636,8.25,Very Low
Vodafone,F,70,Kerala,Mumbai,2,68853.0,3,34,648.0,0,2028,9,3,56+,37,Low Usage,0.004622496147919877,8.5,162.0,12.333333333333334,37.648,9.126760563380282,969.7605633802817,0.028169014084507043,0.08571428571428572,Very Low
BSNL,F,61,Sikkim,Mumbai,2,101384.0,9,37,4417.0,0,2028,9,3,56+,46,Medium Usage,0.002037120869171571,3.7,441.7,15.333333333333334,50.417,71.24193548387096,1635.225806451613,0.03225806451612903,0.23684210526315788,Low
Vodafone,M,74,Punjab,Hyderabad,4,43175.0,89,16,1448.0,0,2028,9,3,56+,105,Low Usage,0.06142167011732229,0.17777777777777778,16.08888888888889,35.0,106.448,19.30666666666667,575.6666666666666,0.05333333333333334,5.235294117647059,Very Low
BSNL,F,68,Chhattisgarh,Bangalore,0,144335.0,50,0,8216.0,0,2028,9,3,56+,50,High Usage,0.006084945843981989,0.0,161.09803921568627,16.666666666666668,58.216,119.07246376811594,2091.8115942028985,0.0,50.0,Medium
BSNL,F,71,Punjab,Bangalore,1,83282.0,0,26,7053.0,0,2028,9,3,56+,26,High Usage,0.0,26.0,7053.0,8.666666666666666,33.053,97.95833333333333,1156.6944444444443,0.013888888888888888,0.0,Medium
BSNL,F,49,Meghalaya,Hyderabad,1,121562.0,19,7,6480.0,0,2028,9,3,46-55,26,Medium Usage,0.002931646350871779,0.35,324.0,8.666666666666666,32.480000000000004,129.6,2431.24,0.02,2.375,Medium
Airtel,M,69,Maharashtra,Hyderabad,4,119913.0,66,1,1524.0,0,2028,9,3,56+,67,Low Usage,0.043278688524590166,0.014925373134328358,22.746268656716417,22.333333333333332,68.524,21.771428571428572,1713.0428571428572,0.05714285714285714,33.0,Very Low
Reliance Jio,M,50,Sikkim,Hyderabad,3,91062.0,30,35,1774.0,1,2028,9,3,46-55,65,Low Usage,0.016901408450704224,1.1290322580645162,57.225806451612904,21.666666666666668,66.774,34.78431372549019,1785.5294117647059,0.058823529411764705,0.8333333333333334,Very Low
BSNL,F,67,Telangana,Kolkata,3,114292.0,98,49,3558.0,0,2028,9,3,56+,147,Medium Usage,0.02753582466985108,0.494949494949495,35.93939393939394,49.0,150.558,52.3235294117647,1680.764705882353,0.04411764705882353,1.96,Low
Airtel,M,24,Tamil Nadu,Kolkata,3,90356.0,41,20,7549.0,0,2028,9,3,18-25,61,High Usage,0.005430463576158941,0.47619047619047616,179.73809523809524,20.333333333333332,68.549,301.96,3614.24,0.12,1.9523809523809523,Medium
Reliance Jio,F,31,Manipur,Kolkata,1,61325.0,13,46,1595.0,0,2028,9,3,26-35,59,Low Usage,0.008145363408521303,3.2857142857142856,113.92857142857143,19.666666666666668,60.595,49.84375,1916.40625,0.03125,0.2765957446808511,Very Low
BSNL,F,58,Haryana,Hyderabad,1,61074.0,68,15,6315.0,0,2028,9,3,56+,83,Medium Usage,0.010766307789740342,0.21739130434782608,91.52173913043478,27.666666666666668,89.315,107.03389830508475,1035.1525423728813,0.01694915254237288,4.25,Medium
Airtel,F,53,Jharkhand,Kolkata,1,127106.0,59,14,10680.0,0,2028,9,3,46-55,73,High Usage,0.005523827356989046,0.23333333333333334,178.0,24.333333333333332,83.68,197.77777777777777,2353.814814814815,0.018518518518518517,3.933333333333333,High
BSNL,M,40,Sikkim,Bangalore,4,30067.0,64,1,6656.0,0,2028,10,4,36-45,65,High Usage,0.009613940213309299,0.015384615384615385,102.4,21.666666666666668,71.656,162.34146341463415,733.3414634146342,0.0975609756097561,32.0,Medium
Airtel,F,46,Maharashtra,Hyderabad,3,132556.0,71,26,6174.0,0,2028,10,4,46-55,97,Medium Usage,0.011497975708502025,0.3611111111111111,85.75,32.333333333333336,103.174,131.36170212765958,2820.340425531915,0.06382978723404255,2.6296296296296298,Medium
Vodafone,M,40,Kerala,Kolkata,3,118920.0,63,52,10141.0,0,2028,10,4,36-45,115,High Usage,0.006211792545848945,0.8125,158.453125,38.333333333333336,125.141,247.34146341463415,2900.487804878049,0.07317073170731707,1.1886792452830188,High
Reliance Jio,M,57,Arunachal Pradesh,Kolkata,4,123858.0,38,3,6469.0,0,2028,10,4,56+,41,Medium Usage,0.005873261205564142,0.07692307692307693,165.87179487179486,13.666666666666666,47.469,111.53448275862068,2135.4827586206898,0.06896551724137931,9.5,Medium
Reliance Jio,F,27,Bihar,Delhi,1,93442.0,89,21,2317.0,1,2028,10,4,26-35,110,Low Usage,0.038395168248490076,0.23333333333333334,25.744444444444444,36.666666666666664,112.31700000000001,82.75,3337.214285714286,0.03571428571428571,4.045454545454546,Very Low
Reliance Jio,F,67,Assam,Bangalore,3,123987.0,93,16,4051.0,0,2028,10,4,56+,109,Medium Usage,0.02295162882527147,0.1702127659574468,43.09574468085106,36.333333333333336,113.051,59.5735294117647,1823.3382352941176,0.04411764705882353,5.470588235294118,Low
Airtel,F,73,Karnataka,Delhi,0,145298.0,85,2,5919.0,0,2028,10,4,56+,87,Medium Usage,0.014358108108108109,0.023255813953488372,68.82558139534883,29.0,92.919,79.98648648648648,1963.4864864864865,0.0,28.333333333333332,Low
Airtel,M,30,Gujarat,Delhi,3,67580.0,85,19,9646.0,0,2028,10,4,26-35,104,High Usage,0.008811029335544729,0.22093023255813954,112.16279069767442,34.666666666666664,113.646,311.16129032258067,2180.0,0.0967741935483871,4.25,High
Airtel,F,45,Meghalaya,Kolkata,1,148243.0,23,40,7442.0,0,2028,10,4,36-45,63,High Usage,0.0030901518205024856,1.6666666666666667,310.0833333333333,21.0,70.44200000000001,161.7826086956522,3222.6739130434785,0.021739130434782608,0.5609756097560976,Medium
Vodafone,M,22,Uttar Pradesh,Delhi,1,110766.0,7,37,8373.0,0,2028,10,4,18-25,44,High Usage,0.0008359207069500836,4.625,1046.625,14.666666666666666,52.373,364.04347826086956,4815.913043478261,0.043478260869565216,0.18421052631578946,Medium
Vodafone,M,55,Karnataka,Hyderabad,2,83844.0,32,49,7781.0,0,2028,10,4,46-55,81,High Usage,0.004112053456694937,1.4848484848484849,235.78787878787878,27.0,88.781,138.94642857142858,1497.2142857142858,0.03571428571428571,0.64,Medium
Airtel,F,68,Nagaland,Chennai,1,137412.0,41,27,6784.0,0,2028,10,4,56+,68,High Usage,0.00604274134119381,0.6428571428571429,161.52380952380952,22.666666666666668,74.784,98.31884057971014,1991.4782608695652,0.014492753623188406,1.4642857142857142,Medium
Vodafone,M,48,Tripura,Bangalore,3,91462.0,72,3,3472.0,1,2028,10,4,46-55,75,Low Usage,0.020731356176216527,0.0410958904109589,47.56164383561644,25.0,78.472,70.85714285714286,1866.5714285714287,0.061224489795918366,18.0,Low
Airtel,M,71,Goa,Mumbai,0,146522.0,5,29,8411.0,0,2028,10,4,56+,34,High Usage,0.0005943889681407513,4.833333333333333,1401.8333333333333,11.333333333333334,42.411,116.81944444444444,2035.0277777777778,0.0,0.16666666666666666,Medium
Airtel,M,69,Rajasthan,Chennai,1,56501.0,59,19,8941.0,0,2028,10,4,56+,78,High Usage,0.006598076492954596,0.31666666666666665,149.01666666666668,26.0,86.941,127.72857142857143,807.1571428571428,0.014285714285714285,2.95,Medium
Reliance Jio,M,59,Meghalaya,Bangalore,2,78183.0,45,21,8299.0,0,2028,10,4,56+,66,High Usage,0.005421686746987952,0.45652173913043476,180.41304347826087,22.0,74.299,138.31666666666666,1303.05,0.03333333333333333,2.0454545454545454,Medium
Vodafone,M,19,Arunachal Pradesh,Bangalore,3,144657.0,61,24,8931.0,1,2028,10,4,18-25,85,High Usage,0.006829377519032691,0.3870967741935484,144.0483870967742,28.333333333333332,93.931,446.55,7232.85,0.15,2.44,Medium
Reliance Jio,M,22,Punjab,Chennai,3,112134.0,44,41,9047.0,1,2028,10,4,18-25,85,High Usage,0.004862953138815208,0.9111111111111111,201.04444444444445,28.333333333333332,94.047,393.3478260869565,4875.391304347826,0.13043478260869565,1.0476190476190477,High
Vodafone,F,31,Chhattisgarh,Kolkata,4,112260.0,79,30,1055.0,0,2028,10,4,26-35,109,Low Usage,0.07481060606060606,0.375,13.1875,36.333333333333336,110.055,32.96875,3508.125,0.125,2.5483870967741935,Very Low
BSNL,M,29,Meghalaya,Bangalore,2,66442.0,52,5,7280.0,0,2028,10,4,26-35,57,High Usage,0.007141876115918143,0.09433962264150944,137.35849056603774,19.0,64.28,242.66666666666666,2214.733333333333,0.06666666666666667,8.666666666666666,Medium
Vodafone,F,73,Gujarat,Chennai,0,106842.0,71,10,5048.0,1,2028,10,4,56+,81,Medium Usage,0.014062190532778768,0.1388888888888889,70.11111111111111,27.0,86.048,68.21621621621621,1443.8108108108108,0.0,6.454545454545454,Low
Reliance Jio,M,27,Punjab,Bangalore,1,106167.0,49,11,6382.0,0,2028,10,4,26-35,60,Medium Usage,0.007676641077863074,0.22,127.64,20.0,66.382,227.92857142857142,3791.6785714285716,0.03571428571428571,4.083333333333333,Medium
Airtel,M,70,Andhra Pradesh,Kolkata,4,22161.0,91,29,6135.0,1,2028,10,4,56+,120,Medium Usage,0.014830508474576272,0.31521739130434784,66.68478260869566,40.0,126.135,86.40845070422536,312.1267605633803,0.056338028169014086,3.033333333333333,Medium
Airtel,F,61,Assam,Mumbai,1,116788.0,7,44,1152.0,0,2028,10,4,56+,51,Low Usage,0.006071118820468344,5.5,144.0,17.0,52.152,18.580645161290324,1883.6774193548388,0.016129032258064516,0.15555555555555556,Very Low
Airtel,M,27,Punjab,Mumbai,3,118307.0,92,12,8526.0,0,2028,10,4,26-35,104,High Usage,0.010789257652163715,0.12903225806451613,91.6774193548387,34.666666666666664,112.526,304.5,4225.25,0.10714285714285714,7.076923076923077,Medium
Airtel,F,40,Punjab,Mumbai,3,41101.0,7,5,8511.0,1,2028,10,4,36-45,12,High Usage,0.0008223684210526315,0.625,1063.875,4.0,20.511,207.58536585365854,1002.4634146341464,0.07317073170731707,1.1666666666666667,Medium
Airtel,M,49,Goa,Mumbai,1,36662.0,81,42,6035.0,0,2028,10,4,46-55,123,Medium Usage,0.01341948310139165,0.5121951219512195,73.59756097560975,41.0,129.035,120.7,733.24,0.02,1.8837209302325582,Medium
BSNL,F,71,Rajasthan,Mumbai,3,73732.0,36,28,3350.0,0,2028,10,4,56+,64,Low Usage,0.010743061772605193,0.7567567567567568,90.54054054054055,21.333333333333332,67.35,46.52777777777778,1024.0555555555557,0.041666666666666664,1.2413793103448276,Low
Reliance Jio,F,60,Himachal Pradesh,Bangalore,2,131410.0,88,36,1887.0,0,2028,10,4,56+,124,Low Usage,0.046610169491525424,0.4044943820224719,21.202247191011235,41.333333333333336,125.887,30.934426229508198,2154.2622950819673,0.03278688524590164,2.3783783783783785,Very Low
Vodafone,F,34,Goa,Kolkata,4,39452.0,83,6,9110.0,0,2028,10,4,26-35,89,High Usage,0.00910986719350236,0.07142857142857142,108.45238095238095,29.666666666666668,98.11,260.2857142857143,1127.2,0.11428571428571428,11.857142857142858,High
Airtel,F,27,Punjab,Chennai,0,76963.0,58,26,7207.0,0,2028,10,4,26-35,84,High Usage,0.00804661487236404,0.4406779661016949,122.15254237288136,28.0,91.207,257.39285714285717,2748.6785714285716,0.0,2.1481481481481484,Medium
Airtel,F,74,Arunachal Pradesh,Mumbai,4,21073.0,24,16,2504.0,0,2028,11,4,56+,40,Low Usage,0.009580838323353293,0.64,100.16,13.333333333333334,42.504,33.38666666666666,280.97333333333336,0.05333333333333334,1.411764705882353,Very Low
Vodafone,F,47,Jharkhand,Chennai,1,24199.0,20,37,7667.0,0,2028,11,4,46-55,57,High Usage,0.0026082420448617634,1.7619047619047619,365.0952380952381,19.0,64.667,159.72916666666666,504.1458333333333,0.020833333333333332,0.5263157894736842,Medium
BSNL,M,61,Uttarakhand,Chennai,1,104203.0,60,19,1851.0,0,2028,11,4,56+,79,Low Usage,0.032397408207343416,0.3114754098360656,30.34426229508197,26.333333333333332,80.851,29.85483870967742,1680.6935483870968,0.016129032258064516,3.0,Very Low
Vodafone,M,24,Assam,Mumbai,3,115722.0,89,39,2990.0,1,2028,11,4,18-25,128,Low Usage,0.0297559344700769,0.43333333333333335,33.22222222222222,42.666666666666664,130.99,119.6,4628.88,0.12,2.225,Very Low
BSNL,M,21,Andhra Pradesh,Delhi,2,88369.0,3,27,8120.0,1,2028,11,4,18-25,30,High Usage,0.0003694126339120798,6.75,2030.0,10.0,38.12,369.09090909090907,4016.7727272727275,0.09090909090909091,0.10714285714285714,Medium
Reliance Jio,F,63,Andhra Pradesh,Kolkata,4,107316.0,85,2,5509.0,0,2028,11,4,56+,87,Medium Usage,0.015426497277676952,0.023255813953488372,64.05813953488372,29.0,92.509,86.078125,1676.8125,0.0625,28.333333333333332,Low
Reliance Jio,M,33,Tripura,Kolkata,2,127876.0,77,8,2779.0,1,2028,11,4,26-35,85,Low Usage,0.027697841726618704,0.10256410256410256,35.62820512820513,28.333333333333332,87.779,81.73529411764706,3761.0588235294117,0.058823529411764705,8.555555555555555,Very Low
Airtel,M,66,Tripura,Hyderabad,3,23971.0,59,42,7432.0,1,2028,11,4,56+,101,High Usage,0.007937575676039284,0.7,123.86666666666666,33.666666666666664,108.432,110.92537313432835,357.7761194029851,0.04477611940298507,1.372093023255814,Medium
Airtel,M,22,West Bengal,Delhi,1,42267.0,100,21,1108.0,0,2028,11,4,18-25,121,Low Usage,0.09017132551848513,0.2079207920792079,10.970297029702971,40.333333333333336,122.108,48.17391304347826,1837.695652173913,0.043478260869565216,4.545454545454546,Very Low
BSNL,F,66,Uttarakhand,Chennai,0,97442.0,47,39,7817.0,0,2028,11,4,56+,86,High Usage,0.006011767715528268,0.8125,162.85416666666666,28.666666666666668,93.81700000000001,116.67164179104478,1454.358208955224,0.0,1.175,Medium
BSNL,M,60,Manipur,Chennai,2,51471.0,13,18,2106.0,0,2028,11,4,56+,31,Low Usage,0.006169909824394874,1.2857142857142858,150.42857142857142,10.333333333333334,33.106,34.52459016393443,843.7868852459017,0.03278688524590164,0.6842105263157895,Very Low
Vodafone,M,34,Uttarakhand,Hyderabad,3,58103.0,55,18,1275.0,0,2028,11,4,26-35,73,Low Usage,0.04310344827586207,0.32142857142857145,22.767857142857142,24.333333333333332,74.275,36.42857142857143,1660.0857142857142,0.08571428571428572,2.8947368421052633,Very Low
Vodafone,M,25,Mizoram,Bangalore,4,134455.0,58,19,3217.0,0,2028,11,4,18-25,77,Low Usage,0.018023617153511497,0.3220338983050847,54.52542372881356,25.666666666666668,80.217,123.73076923076923,5171.346153846154,0.15384615384615385,2.9,Low
Vodafone,F,38,Haryana,Chennai,3,147303.0,28,45,4318.0,0,2028,11,4,36-45,73,Medium Usage,0.006482982171799027,1.5517241379310345,148.89655172413794,24.333333333333332,77.318,110.71794871794872,3777.0,0.07692307692307693,0.6086956521739131,Low
Reliance Jio,M,18,Jharkhand,Hyderabad,2,125583.0,73,3,3349.0,0,2028,11,4,18-25,76,Low Usage,0.021791044776119404,0.04054054054054054,45.25675675675676,25.333333333333332,79.349,176.26315789473685,6609.631578947368,0.10526315789473684,18.25,Low
Vodafone,M,57,Bihar,Kolkata,2,110259.0,75,30,10155.0,0,2028,11,4,56+,105,High Usage,0.007384797164237889,0.39473684210526316,133.6184210526316,35.0,115.155,175.08620689655172,1901.0172413793102,0.034482758620689655,2.4193548387096775,High
Reliance Jio,F,18,Haryana,Hyderabad,3,137652.0,82,30,1064.0,0,2028,11,4,18-25,112,Low Usage,0.07699530516431925,0.3614457831325301,12.819277108433734,37.333333333333336,113.064,56.0,7244.8421052631575,0.15789473684210525,2.6451612903225805,Very Low
Vodafone,F,18,Sikkim,Chennai,4,31080.0,35,15,1349.0,1,2028,11,4,18-25,50,Low Usage,0.025925925925925925,0.4166666666666667,37.47222222222222,16.666666666666668,51.349,71.0,1635.7894736842106,0.21052631578947367,2.1875,Very Low
Vodafone,F,56,Tripura,Bangalore,2,20756.0,34,31,3719.0,1,2028,11,4,56+,65,Medium Usage,0.00913978494623656,0.8857142857142857,106.25714285714285,21.666666666666668,68.719,65.24561403508773,364.140350877193,0.03508771929824561,1.0625,Low
Airtel,M,19,Tamil Nadu,Kolkata,4,61670.0,10,44,2572.0,0,2028,11,4,18-25,54,Low Usage,0.00388651379712398,4.0,233.8181818181818,18.0,56.572,128.6,3083.5,0.2,0.2222222222222222,Very Low
BSNL,M,60,Telangana,Chennai,1,130768.0,62,10,4833.0,0,2028,11,4,56+,72,Medium Usage,0.012825817128671908,0.15873015873015872,76.71428571428571,24.0,76.833,79.22950819672131,2143.7377049180327,0.01639344262295082,5.636363636363637,Low
BSNL,M,20,Andhra Pradesh,Chennai,0,79477.0,90,34,1732.0,0,2028,11,4,18-25,124,Low Usage,0.05193306405077899,0.37362637362637363,19.032967032967033,41.333333333333336,125.732,82.47619047619048,3784.6190476190477,0.0,2.5714285714285716,Very Low
Airtel,F,67,Mizoram,Hyderabad,2,134899.0,22,38,7426.0,0,2028,11,4,56+,60,High Usage,0.0029621650733809074,1.6521739130434783,322.8695652173913,20.0,67.426,109.20588235294117,1983.8088235294117,0.029411764705882353,0.5641025641025641,Medium
Reliance Jio,M,68,Telangana,Chennai,0,26148.0,86,20,4385.0,0,2028,11,4,56+,106,Medium Usage,0.0196078431372549,0.22988505747126436,50.40229885057471,35.333333333333336,110.385,63.55072463768116,378.95652173913044,0.0,4.095238095238095,Low
Vodafone,M,24,Andhra Pradesh,Delhi,0,60020.0,85,42,2399.0,0,2028,11,4,18-25,127,Low Usage,0.035416666666666666,0.4883720930232558,27.8953488372093,42.333333333333336,129.399,95.96,2400.8,0.0,1.9767441860465116,Very Low
Reliance Jio,M,21,Chhattisgarh,Bangalore,3,47717.0,40,43,3765.0,0,2028,11,4,18-25,83,Medium Usage,0.010621348911311737,1.048780487804878,91.82926829268293,27.666666666666668,86.765,171.13636363636363,2168.9545454545455,0.13636363636363635,0.9090909090909091,Low
Airtel,M,58,Uttarakhand,Bangalore,1,44661.0,99,7,8502.0,0,2028,11,4,56+,106,High Usage,0.01164294954721863,0.07,85.02,35.333333333333336,114.502,144.10169491525423,756.9661016949152,0.01694915254237288,12.375,Medium
BSNL,M,51,Tripura,Hyderabad,3,80552.0,65,36,6011.0,0,2028,11,4,46-55,101,Medium Usage,0.01081170991350632,0.5454545454545454,91.07575757575758,33.666666666666664,107.011,115.59615384615384,1549.076923076923,0.057692307692307696,1.7567567567567568,Medium
Reliance Jio,F,26,Odisha,Hyderabad,4,54999.0,90,42,8342.0,0,2028,11,4,26-35,132,High Usage,0.010787486515641856,0.46153846153846156,91.67032967032966,44.0,140.342,308.962962962963,2037.0,0.14814814814814814,2.0930232558139537,Medium
Reliance Jio,M,46,Haryana,Mumbai,1,26661.0,82,40,8733.0,0,2028,11,4,46-55,122,High Usage,0.009388596290359515,0.4819277108433735,105.21686746987952,40.666666666666664,130.733,185.80851063829786,567.2553191489362,0.02127659574468085,2.0,Medium
Vodafone,M,62,Karnataka,Kolkata,1,62013.0,34,45,2945.0,0,2028,12,4,56+,79,Low Usage,0.011541072640868975,1.2857142857142858,84.14285714285714,26.333333333333332,81.945,46.74603174603175,984.3333333333334,0.015873015873015872,0.7391304347826086,Very Low
Reliance Jio,M,54,Uttar Pradesh,Bangalore,0,65860.0,74,26,6090.0,0,2028,12,4,46-55,100,Medium Usage,0.01214907240190445,0.3466666666666667,81.2,33.333333333333336,106.09,110.72727272727273,1197.4545454545455,0.0,2.740740740740741,Medium
Vodafone,M,43,Jharkhand,Hyderabad,0,143320.0,44,31,1211.0,0,2028,12,4,36-45,75,Low Usage,0.036303630363036306,0.6888888888888889,26.91111111111111,25.0,76.211,27.522727272727273,3257.2727272727275,0.0,1.375,Very Low
BSNL,M,56,Punjab,Delhi,2,143001.0,74,44,3631.0,0,2028,12,4,56+,118,Medium Usage,0.020374449339207047,0.5866666666666667,48.413333333333334,39.333333333333336,121.631,63.70175438596491,2508.7894736842104,0.03508771929824561,1.6444444444444444,Low
BSNL,M,19,Maharashtra,Hyderabad,3,87431.0,9,40,10390.0,0,2028,12,4,18-25,49,High Usage,0.000866134154556828,4.0,1039.0,16.333333333333332,59.39,519.5,4371.55,0.15,0.21951219512195122,High
BSNL,M,53,Meghalaya,Delhi,3,136654.0,32,26,2847.0,0,2028,12,4,46-55,58,Low Usage,0.011235955056179775,0.7878787878787878,86.27272727272727,19.333333333333332,60.847,52.72222222222222,2530.6296296296296,0.05555555555555555,1.1851851851851851,Very Low
BSNL,M,28,Bihar,Bangalore,4,23363.0,12,37,2185.0,0,2028,12,4,26-35,49,Low Usage,0.0054894784995425435,2.8461538461538463,168.07692307692307,16.333333333333332,51.185,75.34482758620689,805.6206896551724,0.13793103448275862,0.3157894736842105,Very Low
Vodafone,M,61,Arunachal Pradesh,Hyderabad,4,114090.0,32,26,1400.0,0,2028,12,4,56+,58,Low Usage,0.022840827980014276,0.7878787878787878,42.42424242424242,19.333333333333332,59.4,22.580645161290324,1840.1612903225807,0.06451612903225806,1.1851851851851851,Very Low
BSNL,M,55,Meghalaya,Bangalore,0,44450.0,86,26,1283.0,0,2028,12,4,46-55,112,Low Usage,0.06697819314641744,0.2988505747126437,14.74712643678161,37.333333333333336,113.283,22.910714285714285,793.75,0.0,3.185185185185185,Very Low
Reliance Jio,F,29,Chhattisgarh,Delhi,2,70221.0,105,47,6033.0,0,2028,12,4,26-35,152,Medium Usage,0.01740139211136891,0.44339622641509435,56.91509433962264,50.666666666666664,158.033,201.1,2340.7,0.06666666666666667,2.1875,Medium
BSNL,M,64,Mizoram,Delhi,4,35421.0,89,13,3549.0,0,2028,12,4,56+,102,Medium Usage,0.025070422535211266,0.14444444444444443,39.43333333333333,34.0,105.549,54.6,544.9384615384615,0.06153846153846154,6.357142857142857,Low
Airtel,M,53,Punjab,Bangalore,1,138349.0,100,44,1407.0,0,2028,12,4,46-55,144,Low Usage,0.07102272727272728,0.43564356435643564,13.930693069306932,48.0,145.407,26.055555555555557,2562.0185185185187,0.018518518518518517,2.2222222222222223,Very Low
BSNL,F,43,Gujarat,Bangalore,3,68939.0,4,9,8880.0,0,2028,12,4,36-45,13,High Usage,0.00045039972976016217,1.8,1776.0,4.333333333333333,21.880000000000003,201.8181818181818,1566.7954545454545,0.06818181818181818,0.4,Medium
BSNL,F,35,Karnataka,Bangalore,4,107620.0,50,38,2740.0,0,2028,12,4,26-35,88,Low Usage,0.018241517694272163,0.7450980392156863,53.72549019607843,29.333333333333332,90.74,76.11111111111111,2989.4444444444443,0.1111111111111111,1.2820512820512822,Very Low
Reliance Jio,M,66,Nagaland,Mumbai,0,69249.0,96,44,8230.0,0,2028,12,4,56+,140,High Usage,0.011663224395577694,0.4536082474226804,84.84536082474227,46.666666666666664,148.23,122.83582089552239,1033.5671641791046,0.0,2.1333333333333333,Medium
Reliance Jio,F,44,Andhra Pradesh,Hyderabad,4,84853.0,14,37,4106.0,0,2028,12,4,36-45,51,Medium Usage,0.0034088142196250304,2.466666666666667,273.73333333333335,17.0,55.106,91.24444444444444,1885.6222222222223,0.08888888888888889,0.3684210526315789,Low
BSNL,F,23,Jharkhand,Kolkata,2,105557.0,47,27,4963.0,1,2028,12,4,18-25,74,Medium Usage,0.009468170829975826,0.5625,103.39583333333333,24.666666666666668,78.963,206.79166666666666,4398.208333333333,0.08333333333333333,1.6785714285714286,Low
Reliance Jio,M,72,Mizoram,Bangalore,3,103617.0,37,46,4577.0,0,2028,12,4,56+,83,Medium Usage,0.008082131935342945,1.2105263157894737,120.44736842105263,27.666666666666668,87.577,62.6986301369863,1419.4109589041095,0.0410958904109589,0.7872340425531915,Low
Airtel,F,44,Arunachal Pradesh,Chennai,4,117665.0,77,8,1599.0,0,2028,12,4,36-45,85,Low Usage,0.048125,0.10256410256410256,20.5,28.333333333333332,86.599,35.53333333333333,2614.777777777778,0.08888888888888889,8.555555555555555,Very Low
Airtel,M,47,Jharkhand,Hyderabad,4,138998.0,42,1,1508.0,0,2028,12,4,46-55,43,Low Usage,0.027833001988071572,0.023255813953488372,35.06976744186046,14.333333333333334,44.508,31.416666666666668,2895.7916666666665,0.08333333333333333,21.0,Very Low
Airtel,M,18,Nagaland,Bangalore,2,116321.0,56,4,4956.0,1,2028,12,4,18-25,60,Medium Usage,0.011297155537623563,0.07017543859649122,86.94736842105263,20.0,64.956,260.8421052631579,6122.1578947368425,0.10526315789473684,11.2,Low
BSNL,F,72,Himachal Pradesh,Chennai,0,127858.0,32,31,1317.0,0,2028,12,4,56+,63,Low Usage,0.024279210925644917,0.9393939393939394,39.90909090909091,21.0,64.317,18.041095890410958,1751.4794520547946,0.0,1.0,Very Low
Vodafone,F,43,Manipur,Chennai,3,132471.0,81,44,8649.0,0,2028,12,4,36-45,125,High Usage,0.009364161849710983,0.5365853658536586,105.47560975609755,41.666666666666664,133.649,196.5681818181818,3010.7045454545455,0.06818181818181818,1.8,Medium
BSNL,M,51,Goa,Hyderabad,4,84565.0,28,10,4246.0,0,2028,12,4,46-55,38,Medium Usage,0.006592889098186955,0.3448275862068966,146.41379310344828,12.666666666666666,42.246,81.65384615384616,1626.25,0.07692307692307693,2.5454545454545454,Low
Vodafone,F,56,Madhya Pradesh,Mumbai,0,21797.0,42,25,6489.0,0,2028,12,4,56+,67,Medium Usage,0.0064714946070878274,0.5813953488372093,150.90697674418604,22.333333333333332,73.489,113.84210526315789,382.4035087719298,0.0,1.6153846153846154,Medium
Vodafone,M,47,Tamil Nadu,Hyderabad,0,143655.0,23,48,5924.0,0,2028,12,4,46-55,71,Medium Usage,0.003881856540084388,2.0,246.83333333333334,23.666666666666668,76.924,123.41666666666667,2992.8125,0.0,0.46938775510204084,Low
Vodafone,F,53,Rajasthan,Chennai,0,96427.0,8,25,1357.0,1,2028,12,4,46-55,33,Low Usage,0.005891016200294551,2.7777777777777777,150.77777777777777,11.0,34.357,25.12962962962963,1785.6851851851852,0.0,0.3076923076923077,Very Low
Reliance Jio,M,49,Odisha,Chennai,0,95021.0,69,5,4300.0,0,2028,12,4,46-55,74,Medium Usage,0.016042780748663103,0.07142857142857142,61.42857142857143,24.666666666666668,78.3,86.0,1900.42,0.0,11.5,Low
Vodafone,M,37,Arunachal Pradesh,Kolkata,2,43350.0,5,46,2822.0,0,2028,12,4,36-45,51,Low Usage,0.001771165426850868,7.666666666666667,470.3333333333333,17.0,53.822,74.26315789473684,1140.7894736842106,0.05263157894736842,0.10638297872340426,Very Low
Reliance Jio,M,70,Sikkim,Chennai,1,126769.0,42,7,6806.0,1,2028,12,4,56+,49,High Usage,0.00617011899515205,0.16279069767441862,158.27906976744185,16.333333333333332,55.806,95.85915492957747,1785.4788732394366,0.014084507042253521,5.25,Medium
Vodafone,M,21,Uttar Pradesh,Delhi,3,76064.0,57,50,8064.0,1,2028,12,4,18-25,107,High Usage,0.007067575945443274,0.8620689655172413,139.0344827586207,35.666666666666664,115.064,366.54545454545456,3457.4545454545455,0.13636363636363635,1.1176470588235294,Medium
BSNL,M,70,Odisha,Delhi,1,136917.0,4,26,2758.0,0,2029,1,1,56+,30,Low Usage,0.0014498006524102935,5.2,551.6,10.0,32.758,38.84507042253521,1928.4084507042253,0.014084507042253521,0.14814814814814814,Very Low
Reliance Jio,F,21,Bihar,Chennai,2,38493.0,10,31,5299.0,1,2029,1,1,18-25,41,Medium Usage,0.0018867924528301887,2.8181818181818183,481.72727272727275,13.666666666666666,46.299,240.86363636363637,1749.6818181818182,0.09090909090909091,0.3125,Low
Airtel,F,59,Bihar,Bangalore,4,66010.0,9,35,1021.0,0,2029,1,1,56+,44,Low Usage,0.008806262230919765,3.5,102.1,14.666666666666666,45.021,17.016666666666666,1100.1666666666667,0.06666666666666667,0.25,Very Low
Vodafone,M,38,Tamil Nadu,Mumbai,1,99836.0,97,27,7312.0,0,2029,1,1,36-45,124,High Usage,0.013264050321345549,0.2755102040816326,74.61224489795919,41.333333333333336,131.312,187.48717948717947,2559.897435897436,0.02564102564102564,3.4642857142857144,Medium
Vodafone,F,41,Odisha,Chennai,4,30377.0,3,21,5888.0,0,2029,1,1,36-45,24,Medium Usage,0.0005094243504839531,5.25,1472.0,8.0,29.887999999999998,140.1904761904762,723.2619047619048,0.09523809523809523,0.13636363636363635,Low
Airtel,M,65,Rajasthan,Hyderabad,0,98391.0,61,24,9917.0,0,2029,1,1,56+,85,High Usage,0.006150433555152248,0.3870967741935484,159.9516129032258,28.333333333333332,94.917,150.25757575757575,1490.7727272727273,0.0,2.44,High
Vodafone,M,25,Kerala,Chennai,2,38956.0,39,24,1530.0,0,2029,1,1,18-25,63,Low Usage,0.025473546701502287,0.6,38.25,21.0,64.53,58.84615384615385,1498.3076923076924,0.07692307692307693,1.56,Very Low
Vodafone,F,74,Himachal Pradesh,Bangalore,1,90398.0,77,41,661.0,0,2029,1,1,56+,118,Low Usage,0.1163141993957704,0.5256410256410257,8.474358974358974,39.333333333333336,118.661,8.813333333333333,1205.3066666666666,0.013333333333333334,1.8333333333333333,Very Low
Vodafone,F,73,Himachal Pradesh,Bangalore,1,55194.0,70,24,667.0,0,2029,1,1,56+,94,Low Usage,0.10479041916167664,0.3380281690140845,9.394366197183098,31.333333333333332,94.667,9.013513513513514,745.8648648648649,0.013513513513513514,2.8,Very Low
Airtel,F,64,Chhattisgarh,Kolkata,0,114485.0,20,47,5049.0,0,2029,1,1,56+,67,Medium Usage,0.0039603960396039604,2.238095238095238,240.42857142857142,22.333333333333332,72.049,77.67692307692307,1761.3076923076924,0.0,0.4166666666666667,Low
BSNL,M,57,Maharashtra,Mumbai,1,26299.0,1,15,3421.0,0,2029,1,1,56+,16,Low Usage,0.0002922267679719462,7.5,1710.5,5.333333333333333,19.421,58.98275862068966,453.4310344827586,0.017241379310344827,0.0625,Low
Vodafone,F,24,Nagaland,Chennai,2,42914.0,5,22,7130.0,0,2029,1,1,18-25,27,High Usage,0.0007011639321273314,3.6666666666666665,1188.3333333333333,9.0,34.13,285.2,1716.56,0.08,0.21739130434782608,Medium
Reliance Jio,M,45,Mizoram,Kolkata,1,37638.0,82,12,1816.0,0,2029,1,1,36-45,94,Low Usage,0.045129334067143645,0.14457831325301204,21.879518072289155,31.333333333333332,95.816,39.47826086956522,818.2173913043479,0.021739130434782608,6.3076923076923075,Very Low
BSNL,M,47,Mizoram,Bangalore,2,50743.0,65,41,5797.0,0,2029,1,1,46-55,106,Medium Usage,0.011210762331838564,0.6212121212121212,87.83333333333333,35.333333333333336,111.797,120.77083333333333,1057.1458333333333,0.041666666666666664,1.5476190476190477,Low
BSNL,M,57,Mizoram,Bangalore,0,108505.0,7,21,3207.0,0,2029,1,1,56+,28,Low Usage,0.0021820448877805485,2.625,400.875,9.333333333333334,31.207,55.293103448275865,1870.7758620689656,0.0,0.3181818181818182,Low
BSNL,M,23,Uttar Pradesh,Chennai,0,122956.0,58,24,4303.0,1,2029,1,1,18-25,82,Medium Usage,0.013475836431226766,0.4067796610169492,72.9322033898305,27.333333333333332,86.303,179.29166666666666,5123.166666666667,0.0,2.32,Low
Vodafone,F,42,Himachal Pradesh,Hyderabad,2,87743.0,24,3,2694.0,0,2029,1,1,36-45,27,Low Usage,0.008905380333951763,0.12,107.76,9.0,29.694,62.651162790697676,2040.5348837209303,0.046511627906976744,6.0,Very Low
Vodafone,M,27,Sikkim,Chennai,2,115682.0,80,1,7342.0,0,2029,1,1,26-35,81,High Usage,0.010894729674519951,0.012345679012345678,90.64197530864197,27.0,88.342,262.2142857142857,4131.5,0.07142857142857142,40.0,Medium
Reliance Jio,F,60,Meghalaya,Bangalore,3,29102.0,78,7,583.0,1,2029,1,1,56+,85,Low Usage,0.13356164383561644,0.08860759493670886,7.379746835443038,28.333333333333332,85.583,9.557377049180328,477.08196721311475,0.04918032786885246,9.75,Very Low
Vodafone,F,41,Haryana,Delhi,4,51344.0,52,19,7779.0,0,2029,1,1,36-45,71,High Usage,0.006683804627249357,0.3584905660377358,146.77358490566039,23.666666666666668,78.779,185.21428571428572,1222.4761904761904,0.09523809523809523,2.6,Medium
Airtel,F,37,Manipur,Chennai,2,63810.0,41,19,10240.0,0,2029,1,1,36-45,60,High Usage,0.00400351528171077,0.4523809523809524,243.8095238095238,20.0,70.24,269.4736842105263,1679.2105263157894,0.05263157894736842,2.05,High
Reliance Jio,M,18,Telangana,Bangalore,4,35780.0,50,35,6654.0,1,2029,1,1,18-25,85,High Usage,0.007513148009015778,0.6862745098039216,130.47058823529412,28.333333333333332,91.654,350.2105263157895,1883.157894736842,0.21052631578947367,1.3888888888888888,Medium
Airtel,M,64,Nagaland,Bangalore,2,75415.0,44,40,8645.0,1,2029,1,1,56+,84,High Usage,0.005089058524173028,0.8888888888888888,192.11111111111111,28.0,92.645,133.0,1160.2307692307693,0.03076923076923077,1.0731707317073171,Medium
Reliance Jio,M,52,Chhattisgarh,Delhi,1,40468.0,9,10,5573.0,0,2029,1,1,46-55,19,Medium Usage,0.0016146393972012918,1.0,557.3,6.333333333333333,24.573,105.15094339622641,763.5471698113207,0.018867924528301886,0.8181818181818182,Low
Vodafone,M,56,Tamil Nadu,Kolkata,4,61182.0,97,25,8688.0,0,2029,1,1,56+,122,High Usage,0.01116354010818276,0.25510204081632654,88.65306122448979,40.666666666666664,130.688,152.42105263157896,1073.3684210526317,0.07017543859649122,3.730769230769231,Medium
Reliance Jio,M,64,Manipur,Mumbai,0,112780.0,52,26,5695.0,0,2029,1,1,56+,78,Medium Usage,0.009129213483146067,0.49056603773584906,107.45283018867924,26.0,83.695,87.61538461538461,1735.076923076923,0.0,1.9259259259259258,Low
BSNL,M,33,Haryana,Mumbai,3,136175.0,45,13,9418.0,1,2029,1,1,26-35,58,High Usage,0.0047775772374986725,0.2826086956521739,204.7391304347826,19.333333333333332,67.418,277.0,4005.1470588235293,0.08823529411764706,3.2142857142857144,High
Reliance Jio,M,66,Haryana,Bangalore,0,70369.0,60,15,409.0,1,2029,1,1,56+,75,Low Usage,0.14634146341463414,0.2459016393442623,6.704918032786885,25.0,75.409,6.104477611940299,1050.2835820895523,0.0,3.75,Very Low
Vodafone,F,33,Haryana,Delhi,1,61938.0,35,3,1161.0,0,2029,1,1,26-35,38,Low Usage,0.030120481927710843,0.08333333333333333,32.25,12.666666666666666,39.161,34.14705882352941,1821.7058823529412,0.029411764705882353,8.75,Very Low
BSNL,M,64,Madhya Pradesh,Bangalore,1,145003.0,76,38,5049.0,1,2029,1,1,56+,114,Medium Usage,0.015049504950495049,0.4935064935064935,65.57142857142857,38.0,119.049,77.67692307692307,2230.8153846153846,0.015384615384615385,1.9487179487179487,Low
BSNL,M,64,Assam,Hyderabad,4,41981.0,23,33,9706.0,0,2029,1,1,56+,56,High Usage,0.0023694241269187183,1.375,404.4166666666667,18.666666666666668,65.706,149.3230769230769,645.8615384615384,0.06153846153846154,0.6764705882352942,High
Airtel,M,50,Haryana,Chennai,2,81124.0,9,25,9170.0,0,2029,2,1,46-55,34,High Usage,0.0009813542688910696,2.5,917.0,11.333333333333334,43.17,179.80392156862746,1590.6666666666667,0.0392156862745098,0.34615384615384615,High
Airtel,M,36,Jharkhand,Bangalore,1,108030.0,78,37,2379.0,0,2029,2,1,36-45,115,Low Usage,0.03277310924369748,0.46835443037974683,30.11392405063291,38.333333333333336,117.379,64.29729729729729,2919.7297297297296,0.02702702702702703,2.0526315789473686,Very Low
Reliance Jio,M,50,Gujarat,Mumbai,2,25697.0,70,28,9031.0,0,2029,2,1,46-55,98,High Usage,0.00775022143489814,0.39436619718309857,127.19718309859155,32.666666666666664,107.031,177.07843137254903,503.8627450980392,0.0392156862745098,2.413793103448276,High
Reliance Jio,F,20,Jharkhand,Kolkata,2,94078.0,93,30,3327.0,0,2029,2,1,18-25,123,Low Usage,0.02794471153846154,0.3191489361702128,35.3936170212766,41.0,126.327,158.42857142857142,4479.9047619047615,0.09523809523809523,3.0,Low
Airtel,F,37,Sikkim,Hyderabad,4,96842.0,2,1,3443.0,0,2029,2,1,36-45,3,Low Usage,0.0005807200929152149,0.3333333333333333,1147.6666666666667,1.0,6.443,90.60526315789474,2548.4736842105262,0.10526315789473684,1.0,Low
Vodafone,F,22,Uttarakhand,Kolkata,0,129905.0,80,5,6882.0,0,2029,2,1,18-25,85,High Usage,0.011622838878396049,0.06172839506172839,84.96296296296296,28.333333333333332,91.882,299.2173913043478,5648.04347826087,0.0,13.333333333333334,Medium
Airtel,F,44,Meghalaya,Mumbai,4,61176.0,79,6,2748.0,1,2029,2,1,36-45,85,Low Usage,0.028737722808293925,0.075,34.35,28.333333333333332,87.748,61.06666666666667,1359.4666666666667,0.08888888888888889,11.285714285714286,Very Low
Reliance Jio,M,47,Tripura,Bangalore,1,122787.0,31,21,3432.0,1,2029,2,1,46-55,52,Low Usage,0.009030002912904166,0.65625,107.25,17.333333333333332,55.432,71.5,2558.0625,0.020833333333333332,1.4090909090909092,Low
Airtel,M,70,Uttar Pradesh,Mumbai,1,40310.0,83,48,3923.0,0,2029,2,1,56+,131,Medium Usage,0.021151885830784912,0.5714285714285714,46.70238095238095,43.666666666666664,134.923,55.25352112676056,567.7464788732394,0.014084507042253521,1.6938775510204083,Low
Airtel,M,18,Uttarakhand,Bangalore,3,77381.0,46,21,2470.0,0,2029,2,1,18-25,67,Low Usage,0.018615944961554026,0.44680851063829785,52.5531914893617,22.333333333333332,69.47,130.0,4072.684210526316,0.15789473684210525,2.090909090909091,Very Low
Airtel,F,29,Karnataka,Delhi,4,41935.0,77,3,6300.0,0,2029,2,1,26-35,80,Medium Usage,0.012220282494842088,0.038461538461538464,80.76923076923077,26.666666666666668,86.3,210.0,1397.8333333333333,0.13333333333333333,19.25,Medium
BSNL,M,68,Meghalaya,Kolkata,2,35121.0,1,8,5869.0,0,2029,2,1,56+,9,Medium Usage,0.00017035775127768313,4.0,2934.5,3.0,14.869,85.05797101449275,509.0,0.028985507246376812,0.1111111111111111,Low
Reliance Jio,M,70,Tripura,Bangalore,4,99057.0,66,33,3140.0,0,2029,2,1,56+,99,Low Usage,0.021012416427889206,0.4925373134328358,46.865671641791046,33.0,102.14,44.225352112676056,1395.1690140845071,0.056338028169014086,1.9411764705882353,Low
Vodafone,F,61,Nagaland,Bangalore,1,100164.0,87,8,8192.0,0,2029,2,1,56+,95,High Usage,0.010618820944708897,0.09090909090909091,93.0909090909091,31.666666666666668,103.19200000000001,132.1290322580645,1615.5483870967741,0.016129032258064516,9.666666666666666,Medium
BSNL,F,72,Mizoram,Kolkata,3,148620.0,43,44,9451.0,1,2029,2,1,56+,87,High Usage,0.004549301735082522,1.0,214.79545454545453,29.0,96.451,129.46575342465752,2035.890410958904,0.0410958904109589,0.9555555555555556,High
Vodafone,M,35,Telangana,Delhi,3,21593.0,60,18,517.0,0,2029,2,1,26-35,78,Low Usage,0.11583011583011583,0.29508196721311475,8.475409836065573,26.0,78.517,14.36111111111111,599.8055555555555,0.08333333333333333,3.1578947368421053,Very Low
Vodafone,M,26,Kerala,Mumbai,0,92730.0,51,29,978.0,0,2029,2,1,26-35,80,Low Usage,0.05209397344228805,0.5576923076923077,18.807692307692307,26.666666666666668,80.978,36.22222222222222,3434.4444444444443,0.0,1.7,Very Low
Airtel,M,43,Manipur,Kolkata,1,144804.0,67,10,6557.0,1,2029,2,1,36-45,77,Medium Usage,0.010216529429704179,0.14705882352941177,96.42647058823529,25.666666666666668,83.557,149.02272727272728,3291.0,0.022727272727272728,6.090909090909091,Medium
Vodafone,F,32,Goa,Chennai,4,90907.0,40,8,7555.0,0,2029,2,1,26-35,48,High Usage,0.005293806246691371,0.1951219512195122,184.26829268292684,16.0,55.555,228.93939393939394,2754.757575757576,0.12121212121212122,4.444444444444445,Medium
Vodafone,F,42,Chhattisgarh,Bangalore,0,20658.0,79,31,2501.0,1,2029,2,1,36-45,110,Low Usage,0.03157474020783373,0.3875,31.2625,36.666666666666664,112.501,58.16279069767442,480.4186046511628,0.0,2.46875,Very Low
Reliance Jio,M,41,Mizoram,Bangalore,3,111103.0,4,21,1562.0,0,2029,2,1,36-45,25,Low Usage,0.0025591810620601407,4.2,312.4,8.333333333333334,26.562,37.19047619047619,2645.309523809524,0.07142857142857142,0.18181818181818182,Very Low
Airtel,M,31,Bihar,Delhi,2,88591.0,56,24,7354.0,1,2029,2,1,26-35,80,High Usage,0.007613868116927261,0.42105263157894735,129.01754385964912,26.666666666666668,87.354,229.8125,2768.46875,0.0625,2.24,Medium
BSNL,M,41,Haryana,Chennai,4,70402.0,88,32,3355.0,0,2029,2,1,36-45,120,Low Usage,0.026221692491060787,0.3595505617977528,37.69662921348315,40.0,123.355,79.88095238095238,1676.2380952380952,0.09523809523809523,2.6666666666666665,Low
Reliance Jio,F,30,Chhattisgarh,Hyderabad,1,59508.0,15,39,3757.0,1,2029,2,1,26-35,54,Medium Usage,0.003991484832357637,2.4375,234.8125,18.0,57.757,121.19354838709677,1919.6129032258063,0.03225806451612903,0.375,Low
Airtel,M,48,Sikkim,Mumbai,4,33550.0,92,19,158.0,0,2029,2,1,46-55,111,Low Usage,0.5786163522012578,0.20430107526881722,1.6989247311827957,37.0,111.158,3.2244897959183674,684.6938775510204,0.08163265306122448,4.6,Very Low
Reliance Jio,F,24,Tamil Nadu,Bangalore,4,123939.0,65,29,49.0,0,2029,2,1,18-25,94,Low Usage,1.3,0.4393939393939394,0.7424242424242424,31.333333333333332,94.049,1.96,4957.56,0.16,2.1666666666666665,Very Low
BSNL,F,24,Mizoram,Hyderabad,1,135597.0,19,26,8137.0,1,2029,2,1,18-25,45,High Usage,0.002334725976898501,1.3,406.85,15.0,53.137,325.48,5423.88,0.04,0.7037037037037037,Medium
Vodafone,M,32,Rajasthan,Delhi,4,44315.0,57,0,2852.0,0,2029,2,1,26-35,57,Low Usage,0.019978969505783387,0.0,49.172413793103445,19.0,59.852,86.42424242424242,1342.878787878788,0.12121212121212122,57.0,Very Low
Airtel,M,52,Maharashtra,Chennai,2,58619.0,61,10,4455.0,1,2029,3,1,46-55,71,Medium Usage,0.013689407540394972,0.16129032258064516,71.85483870967742,23.666666666666668,75.455,84.05660377358491,1106.0188679245282,0.03773584905660377,5.545454545454546,Low
BSNL,F,73,Tamil Nadu,Kolkata,0,56793.0,14,17,1428.0,0,2029,3,1,56+,31,Low Usage,0.00979706088173548,1.1333333333333333,95.2,10.333333333333334,32.428,19.2972972972973,767.472972972973,0.0,0.7777777777777778,Very Low
BSNL,F,72,Nagaland,Delhi,4,20014.0,48,39,9608.0,1,2029,3,1,56+,87,High Usage,0.004995316890415236,0.7959183673469388,196.08163265306123,29.0,96.608,131.6164383561644,274.16438356164383,0.0547945205479452,1.2,High
Reliance Jio,M,19,Tamil Nadu,Bangalore,2,141136.0,26,22,8192.0,0,2029,3,1,18-25,48,High Usage,0.003173440742096912,0.8148148148148148,303.4074074074074,16.0,56.192,409.6,7056.8,0.1,1.1304347826086956,Medium
Reliance Jio,M,43,Punjab,Hyderabad,0,97651.0,20,23,5109.0,0,2029,3,1,36-45,43,Medium Usage,0.003913894324853229,1.0952380952380953,243.28571428571428,14.333333333333334,48.109,116.11363636363636,2219.340909090909,0.0,0.8333333333333334,Low
Vodafone,M,39,Uttar Pradesh,Bangalore,1,81624.0,71,31,9633.0,0,2029,3,1,36-45,102,High Usage,0.007369732198463774,0.4305555555555556,133.79166666666666,34.0,111.633,240.825,2040.6,0.025,2.21875,High
Airtel,F,22,Goa,Bangalore,4,98794.0,90,26,1916.0,0,2029,3,1,18-25,116,Low Usage,0.046948356807511735,0.2857142857142857,21.054945054945055,38.666666666666664,117.916,83.30434782608695,4295.391304347826,0.17391304347826086,3.3333333333333335,Very Low
Airtel,F,74,Bihar,Delhi,0,47460.0,0,32,3658.0,0,2029,3,1,56+,32,Medium Usage,0.0,32.0,3658.0,10.666666666666666,35.658,48.77333333333333,632.8,0.0,0.0,Low
Vodafone,F,36,Andhra Pradesh,Bangalore,3,57123.0,68,35,4514.0,1,2029,3,1,36-45,103,Medium Usage,0.015060908084163898,0.5072463768115942,65.42028985507247,34.333333333333336,107.514,122.0,1543.8648648648648,0.08108108108108109,1.8888888888888888,Low
BSNL,M,66,Maharashtra,Hyderabad,4,90842.0,69,1,6117.0,0,2029,3,1,56+,70,Medium Usage,0.011278195488721804,0.014285714285714285,87.38571428571429,23.333333333333332,76.117,91.29850746268657,1355.8507462686566,0.05970149253731343,34.5,Medium
Reliance Jio,F,65,Tripura,Chennai,4,95467.0,89,12,3496.0,1,2029,3,1,56+,101,Low Usage,0.025450386045181583,0.13333333333333333,38.84444444444444,33.666666666666664,104.496,52.96969696969697,1446.469696969697,0.06060606060606061,6.846153846153846,Low
Reliance Jio,M,73,Jharkhand,Mumbai,1,66871.0,17,44,2886.0,1,2029,3,1,56+,61,Low Usage,0.005888465535157603,2.4444444444444446,160.33333333333334,20.333333333333332,63.886,39.0,903.6621621621622,0.013513513513513514,0.37777777777777777,Very Low
Vodafone,F,43,Maharashtra,Delhi,0,45224.0,11,43,5539.0,1,2029,3,1,36-45,54,Medium Usage,0.0019855595667870036,3.5833333333333335,461.5833333333333,18.0,59.539,125.88636363636364,1027.8181818181818,0.0,0.25,Low
Airtel,F,29,Punjab,Chennai,3,95757.0,22,23,5261.0,1,2029,3,1,26-35,45,Medium Usage,0.004180919802356519,1.0,228.7391304347826,15.0,50.261,175.36666666666667,3191.9,0.1,0.9166666666666666,Low
Airtel,M,45,Rajasthan,Delhi,2,25499.0,77,36,1027.0,1,2029,3,1,36-45,113,Low Usage,0.07490272373540856,0.46153846153846156,13.166666666666666,37.666666666666664,114.027,22.32608695652174,554.3260869565217,0.043478260869565216,2.081081081081081,Very Low
Vodafone,M,62,West Bengal,Chennai,2,133436.0,29,15,6183.0,0,2029,3,1,56+,44,Medium Usage,0.004689521345407503,0.5,206.1,14.666666666666666,50.183,98.14285714285714,2118.031746031746,0.031746031746031744,1.8125,Medium
Reliance Jio,F,25,Tamil Nadu,Mumbai,0,131078.0,40,48,5698.0,1,2029,3,1,18-25,88,Medium Usage,0.00701877522372346,1.170731707317073,138.97560975609755,29.333333333333332,93.69800000000001,219.15384615384616,5041.461538461538,0.0,0.8163265306122449,Low
BSNL,M,21,Goa,Chennai,3,126297.0,12,19,1193.0,0,2029,3,1,18-25,31,Low Usage,0.010050251256281407,1.4615384615384615,91.76923076923077,10.333333333333334,32.193,54.22727272727273,5740.772727272727,0.13636363636363635,0.6,Very Low
Vodafone,M,56,Assam,Mumbai,1,129251.0,46,24,1911.0,1,2029,3,1,56+,70,Low Usage,0.02405857740585774,0.5106382978723404,40.659574468085104,23.333333333333332,71.911,33.526315789473685,2267.561403508772,0.017543859649122806,1.84,Very Low
Reliance Jio,M,20,Telangana,Delhi,2,66744.0,17,7,41.0,0,2029,3,1,18-25,24,Low Usage,0.40476190476190477,0.3888888888888889,2.2777777777777777,8.0,24.041,1.9523809523809523,3178.285714285714,0.09523809523809523,2.125,Very Low
BSNL,F,50,Gujarat,Delhi,4,117002.0,18,3,8404.0,0,2029,3,1,46-55,21,High Usage,0.0021415823914336706,0.15789473684210525,442.3157894736842,7.0,29.404,164.7843137254902,2294.156862745098,0.0784313725490196,4.5,Medium
Vodafone,M,43,Assam,Delhi,3,123666.0,81,24,9524.0,0,2029,3,1,36-45,105,High Usage,0.008503937007874015,0.2926829268292683,116.14634146341463,35.0,114.524,216.45454545454547,2810.590909090909,0.06818181818181818,3.24,High
Vodafone,F,35,Bihar,Delhi,3,131328.0,54,24,215.0,1,2029,3,1,26-35,78,Low Usage,0.25,0.43636363636363634,3.909090909090909,26.0,78.215,5.972222222222222,3648.0,0.08333333333333333,2.16,Very Low
BSNL,F,38,Rajasthan,Delhi,1,97953.0,25,46,5586.0,0,2029,3,1,36-45,71,Medium Usage,0.004474673348845534,1.7692307692307692,214.84615384615384,23.666666666666668,76.586,143.23076923076923,2511.6153846153848,0.02564102564102564,0.5319148936170213,Low
Vodafone,M,29,Uttar Pradesh,Delhi,0,134980.0,73,26,7260.0,0,2029,3,1,26-35,99,High Usage,0.010053711609971079,0.35135135135135137,98.10810810810811,33.0,106.26,242.0,4499.333333333333,0.0,2.7037037037037037,Medium
Vodafone,M,23,Bihar,Chennai,4,52657.0,76,9,8450.0,0,2029,3,1,18-25,85,High Usage,0.008993018577683115,0.11688311688311688,109.74025974025975,28.333333333333332,93.45,352.0833333333333,2194.0416666666665,0.16666666666666666,7.6,Medium
Vodafone,F,30,Kerala,Delhi,3,103889.0,77,9,5353.0,0,2029,3,1,26-35,86,Medium Usage,0.014381770638774749,0.11538461538461539,68.62820512820512,28.666666666666668,91.353,172.67741935483872,3351.2580645161293,0.0967741935483871,7.7,Low
Vodafone,F,19,Sikkim,Hyderabad,4,136215.0,67,46,10041.0,0,2029,3,1,18-25,113,High Usage,0.006671977693686517,0.6764705882352942,147.66176470588235,37.666666666666664,123.041,502.05,6810.75,0.2,1.425531914893617,High
Airtel,F,34,Telangana,Kolkata,0,94110.0,32,5,4123.0,0,2029,3,1,26-35,37,Medium Usage,0.007759456838021339,0.15151515151515152,124.93939393939394,12.333333333333334,41.123,117.8,2688.8571428571427,0.0,5.333333333333333,Low
BSNL,M,70,Jharkhand,Kolkata,3,34808.0,16,28,5007.0,0,2029,3,1,56+,44,Medium Usage,0.003194888178913738,1.6470588235294117,294.52941176470586,14.666666666666666,49.007,70.52112676056338,490.2535211267606,0.04225352112676056,0.5517241379310345,Low
BSNL,F,46,Mizoram,Kolkata,2,58107.0,51,41,1231.0,0,2029,3,1,46-55,92,Low Usage,0.041396103896103896,0.7884615384615384,23.673076923076923,30.666666666666668,93.231,26.19148936170213,1236.3191489361702,0.0425531914893617,1.2142857142857142,Very Low
Airtel,M,37,Kerala,Bangalore,0,66369.0,52,49,1076.0,0,2029,4,2,36-45,101,Low Usage,0.04828226555246054,0.9245283018867925,20.30188679245283,33.666666666666664,102.076,28.31578947368421,1746.5526315789473,0.0,1.04,Very Low
Vodafone,M,36,Bihar,Hyderabad,3,111317.0,57,13,8713.0,0,2029,4,2,36-45,70,High Usage,0.0065411980720679365,0.22413793103448276,150.22413793103448,23.333333333333332,78.713,235.48648648648648,3008.5675675675675,0.08108108108108109,4.071428571428571,Medium
Reliance Jio,M,55,Kerala,Mumbai,0,61383.0,77,9,547.0,1,2029,4,2,46-55,86,Low Usage,0.14051094890510948,0.11538461538461539,7.012820512820513,28.666666666666668,86.547,9.767857142857142,1096.125,0.0,7.7,Very Low
Vodafone,F,30,Meghalaya,Bangalore,4,48530.0,81,26,7400.0,0,2029,4,2,26-35,107,High Usage,0.010944466963923795,0.3170731707317073,90.2439024390244,35.666666666666664,114.4,238.70967741935485,1565.483870967742,0.12903225806451613,3.0,Medium
Reliance Jio,M,68,Chhattisgarh,Hyderabad,3,76940.0,36,52,6647.0,0,2029,4,2,56+,88,High Usage,0.005415162454873646,1.4054054054054055,179.64864864864865,29.333333333333332,94.647,96.33333333333333,1115.072463768116,0.043478260869565216,0.6792452830188679,Medium
Airtel,M,38,Uttarakhand,Mumbai,0,28070.0,78,38,2043.0,0,2029,4,2,36-45,116,Low Usage,0.03816046966731898,0.4810126582278481,25.860759493670887,38.666666666666664,118.043,52.38461538461539,719.7435897435897,0.0,2.0,Very Low
BSNL,M,62,Manipur,Delhi,2,146257.0,49,2,6154.0,0,2029,4,2,56+,51,Medium Usage,0.007961007311129163,0.04,123.08,17.0,57.153999999999996,97.68253968253968,2321.5396825396824,0.031746031746031744,16.333333333333332,Medium
BSNL,M,35,Chhattisgarh,Mumbai,3,42945.0,32,42,5049.0,1,2029,4,2,26-35,74,Medium Usage,0.006336633663366337,1.2727272727272727,153.0,24.666666666666668,79.049,140.25,1192.9166666666667,0.08333333333333333,0.7441860465116279,Low
Airtel,F,43,Madhya Pradesh,Kolkata,3,135516.0,33,35,5811.0,0,2029,4,2,36-45,68,Medium Usage,0.0056779077770130765,1.0294117647058822,170.91176470588235,22.666666666666668,73.811,132.0681818181818,3079.909090909091,0.06818181818181818,0.9166666666666666,Low
Airtel,M,24,Andhra Pradesh,Chennai,1,34550.0,80,24,4445.0,0,2029,4,2,18-25,104,Medium Usage,0.01799370220422852,0.2962962962962963,54.876543209876544,34.666666666666664,108.445,177.8,1382.0,0.04,3.2,Low
Vodafone,M,71,Tamil Nadu,Hyderabad,1,103945.0,12,20,264.0,0,2029,4,2,56+,32,Low Usage,0.045283018867924525,1.5384615384615385,20.307692307692307,10.666666666666666,32.264,3.6666666666666665,1443.6805555555557,0.013888888888888888,0.5714285714285714,Very Low
Reliance Jio,M,29,Telangana,Kolkata,4,61502.0,47,33,1470.0,0,2029,4,2,26-35,80,Low Usage,0.03195105370496261,0.6875,30.625,26.666666666666668,81.47,49.0,2050.0666666666666,0.13333333333333333,1.3823529411764706,Very Low
Airtel,M,47,Kerala,Hyderabad,0,53410.0,7,25,10005.0,0,2029,4,2,46-55,32,High Usage,0.0006995802518488907,3.125,1250.625,10.666666666666666,42.005,208.4375,1112.7083333333333,0.0,0.2692307692307692,High
Reliance Jio,F,52,Himachal Pradesh,Chennai,0,91160.0,44,30,5996.0,1,2029,4,2,46-55,74,Medium Usage,0.007337001834250459,0.6666666666666666,133.24444444444444,24.666666666666668,79.996,113.13207547169812,1720.0,0.0,1.4193548387096775,Low
Airtel,F,61,Punjab,Chennai,0,109368.0,92,42,5134.0,0,2029,4,2,56+,134,Medium Usage,0.017916260954235638,0.45161290322580644,55.204301075268816,44.666666666666664,139.13400000000001,82.80645161290323,1764.0,0.0,2.13953488372093,Low
Vodafone,F,24,Jharkhand,Bangalore,2,63350.0,74,41,6817.0,1,2029,4,2,18-25,115,High Usage,0.010853622763273688,0.5466666666666666,90.89333333333333,38.333333333333336,121.81700000000001,272.68,2534.0,0.08,1.7619047619047619,Medium
Airtel,F,62,Tripura,Delhi,0,27749.0,27,6,9041.0,0,2029,4,2,56+,33,High Usage,0.0029860650298606504,0.21428571428571427,322.89285714285717,11.0,42.041,143.5079365079365,440.46031746031747,0.0,3.857142857142857,High
BSNL,F,62,Sikkim,Mumbai,4,71888.0,60,21,2186.0,0,2029,4,2,56+,81,Low Usage,0.027434842249657063,0.3442622950819672,35.83606557377049,27.0,83.186,34.698412698412696,1141.079365079365,0.06349206349206349,2.727272727272727,Very Low
Reliance Jio,M,65,Haryana,Delhi,1,100110.0,78,49,2052.0,0,2029,4,2,56+,127,Low Usage,0.03799318071115441,0.620253164556962,25.974683544303797,42.333333333333336,129.052,31.09090909090909,1516.8181818181818,0.015151515151515152,1.56,Very Low
Airtel,F,43,Meghalaya,Mumbai,1,139388.0,22,17,8814.0,0,2029,4,2,36-45,39,High Usage,0.002495745887691435,0.7391304347826086,383.2173913043478,13.0,47.814,200.3181818181818,3167.909090909091,0.022727272727272728,1.2222222222222223,Medium
BSNL,M,18,Jharkhand,Mumbai,3,65451.0,19,46,1393.0,0,2029,4,2,18-25,65,Low Usage,0.013629842180774749,2.3,69.65,21.666666666666668,66.393,73.3157894736842,3444.7894736842104,0.15789473684210525,0.40425531914893614,Very Low
BSNL,F,19,Odisha,Delhi,3,21741.0,74,42,7465.0,0,2029,4,2,18-25,116,High Usage,0.00991159924993303,0.56,99.53333333333333,38.666666666666664,123.465,373.25,1087.05,0.15,1.7209302325581395,Medium
Reliance Jio,M,51,Tripura,Mumbai,1,149073.0,69,24,7260.0,0,2029,4,2,46-55,93,High Usage,0.009502823302575403,0.34285714285714286,103.71428571428571,31.0,100.26,139.6153846153846,2866.7884615384614,0.019230769230769232,2.76,Medium
BSNL,M,72,Gujarat,Mumbai,1,65438.0,18,12,6891.0,1,2029,4,2,56+,30,High Usage,0.00261172373766686,0.631578947368421,362.6842105263158,10.0,36.891,94.3972602739726,896.4109589041096,0.0136986301369863,1.3846153846153846,Medium
Airtel,F,53,Manipur,Bangalore,0,111408.0,81,45,1654.0,0,2029,4,2,46-55,126,Low Usage,0.04894259818731118,0.5487804878048781,20.170731707317074,42.0,127.654,30.62962962962963,2063.1111111111113,0.0,1.7608695652173914,Very Low
BSNL,F,66,Uttarakhand,Kolkata,0,29573.0,9,28,1564.0,0,2029,4,2,56+,37,Low Usage,0.005750798722044728,2.8,156.4,12.333333333333334,38.564,23.34328358208955,441.3880597014925,0.0,0.3103448275862069,Very Low
Reliance Jio,M,27,West Bengal,Delhi,0,134564.0,49,41,5308.0,0,2029,4,2,26-35,90,Medium Usage,0.009229610096063288,0.82,106.16,30.0,95.30799999999999,189.57142857142858,4805.857142857143,0.0,1.1666666666666667,Low
Airtel,M,66,Meghalaya,Mumbai,1,23525.0,96,26,9076.0,0,2029,4,2,56+,122,High Usage,0.010576181557783408,0.26804123711340205,93.56701030927834,40.666666666666664,131.076,135.46268656716418,351.1194029850746,0.014925373134328358,3.5555555555555554,High
Reliance Jio,M,30,Maharashtra,Bangalore,1,23509.0,63,43,1068.0,0,2029,4,2,26-35,106,Low Usage,0.05893358278765201,0.671875,16.6875,35.333333333333336,107.068,34.45161290322581,758.3548387096774,0.03225806451612903,1.4318181818181819,Very Low
Airtel,M,59,Bihar,Bangalore,0,88326.0,59,5,5121.0,0,2029,4,2,56+,64,Medium Usage,0.011518937914877,0.08333333333333333,85.35,21.333333333333332,69.121,85.35,1472.1,0.0,9.833333333333334,Low
BSNL,F,31,Chhattisgarh,Hyderabad,4,136548.0,66,25,3799.0,0,2029,5,2,26-35,91,Medium Usage,0.017368421052631578,0.373134328358209,56.701492537313435,30.333333333333332,94.799,118.71875,4267.125,0.125,2.5384615384615383,Low
Airtel,M,41,Uttar Pradesh,Kolkata,3,66793.0,77,20,1655.0,0,2029,5,2,36-45,97,Low Usage,0.0464975845410628,0.2564102564102564,21.21794871794872,32.333333333333336,98.655,39.404761904761905,1590.3095238095239,0.07142857142857142,3.6666666666666665,Very Low
Reliance Jio,F,58,Telangana,Mumbai,3,30263.0,80,30,1150.0,1,2029,5,2,56+,110,Low Usage,0.06950477845351868,0.37037037037037035,14.197530864197532,36.666666666666664,111.15,19.491525423728813,512.9322033898305,0.05084745762711865,2.5806451612903225,Very Low
Vodafone,F,68,Goa,Kolkata,3,54191.0,81,30,1357.0,0,2029,5,2,56+,111,Low Usage,0.05964653902798233,0.36585365853658536,16.548780487804876,37.0,112.357,19.666666666666668,785.3768115942029,0.043478260869565216,2.6129032258064515,Very Low
Vodafone,F,21,Uttar Pradesh,Mumbai,2,32440.0,18,40,1673.0,0,2029,5,2,18-25,58,Low Usage,0.010752688172043012,2.1052631578947367,88.05263157894737,19.333333333333332,59.673,76.04545454545455,1474.5454545454545,0.09090909090909091,0.43902439024390244,Very Low
BSNL,M,30,Rajasthan,Kolkata,3,89507.0,66,7,9207.0,0,2029,5,2,26-35,73,High Usage,0.007167680278019114,0.1044776119402985,137.4179104477612,24.333333333333332,82.207,297.0,2887.3225806451615,0.0967741935483871,8.25,High
Airtel,M,67,Jharkhand,Chennai,0,104807.0,96,0,3275.0,0,2029,5,2,56+,96,Low Usage,0.029304029304029304,0.0,33.76288659793814,32.0,99.275,48.161764705882355,1541.2794117647059,0.0,96.0,Low
Reliance Jio,F,33,Uttarakhand,Bangalore,3,38493.0,30,1,2516.0,0,2029,5,2,26-35,31,Low Usage,0.011918951132300357,0.03225806451612903,81.16129032258064,10.333333333333334,33.516,74.0,1132.1470588235295,0.08823529411764706,15.0,Very Low
Reliance Jio,M,31,Odisha,Mumbai,0,114389.0,73,8,3078.0,0,2029,5,2,26-35,81,Low Usage,0.023708996427411498,0.10810810810810811,41.5945945945946,27.0,84.078,96.1875,3574.65625,0.0,8.11111111111111,Low
Vodafone,F,74,Jharkhand,Chennai,3,133557.0,44,41,3370.0,1,2029,5,2,56+,85,Low Usage,0.013052506674577276,0.9111111111111111,74.88888888888889,28.333333333333332,88.37,44.93333333333333,1780.76,0.04,1.0476190476190477,Low
BSNL,F,57,Assam,Mumbai,0,64687.0,15,19,7037.0,0,2029,5,2,56+,34,High Usage,0.002131287297527707,1.1875,439.8125,11.333333333333334,41.037,121.32758620689656,1115.2931034482758,0.0,0.75,Medium
Vodafone,F,49,Punjab,Bangalore,4,109873.0,43,8,1707.0,0,2029,5,2,46-55,51,Low Usage,0.025175644028103045,0.18181818181818182,38.79545454545455,17.0,52.707,34.14,2197.46,0.08,4.777777777777778,Very Low
BSNL,M,35,West Bengal,Mumbai,2,46364.0,20,19,1961.0,1,2029,5,2,26-35,39,Low Usage,0.010193679918450561,0.9047619047619048,93.38095238095238,13.0,40.961,54.47222222222222,1287.888888888889,0.05555555555555555,1.0,Very Low
Vodafone,M,63,Goa,Bangalore,4,48425.0,7,26,4094.0,1,2029,5,2,56+,33,Medium Usage,0.0017094017094017094,3.25,511.75,11.0,37.094,63.96875,756.640625,0.0625,0.25925925925925924,Low
Reliance Jio,M,61,Assam,Hyderabad,4,40953.0,64,43,5049.0,1,2029,5,2,56+,107,Medium Usage,0.012673267326732674,0.6615384615384615,77.67692307692307,35.666666666666664,112.049,81.43548387096774,660.5322580645161,0.06451612903225806,1.4545454545454546,Low
Airtel,F,44,Kerala,Kolkata,2,101489.0,104,38,8133.0,0,2029,5,2,36-45,142,High Usage,0.012785837226456848,0.3619047619047619,77.45714285714286,47.333333333333336,150.133,180.73333333333332,2255.311111111111,0.044444444444444446,2.6666666666666665,Medium
Airtel,M,56,Jharkhand,Bangalore,4,85040.0,17,23,2323.0,0,2029,5,2,56+,40,Low Usage,0.007314974182444062,1.2777777777777777,129.05555555555554,13.333333333333334,42.323,40.75438596491228,1491.9298245614036,0.07017543859649122,0.7083333333333334,Very Low
Airtel,M,25,Jharkhand,Chennai,1,133956.0,41,35,7877.0,0,2029,5,2,18-25,76,High Usage,0.005204366590505204,0.8333333333333334,187.54761904761904,25.333333333333332,83.877,302.96153846153845,5152.153846153846,0.038461538461538464,1.1388888888888888,Medium
Vodafone,F,62,Uttarakhand,Bangalore,4,41520.0,27,28,623.0,0,2029,5,2,56+,55,Low Usage,0.04326923076923077,1.0,22.25,18.333333333333332,55.623,9.88888888888889,659.047619047619,0.06349206349206349,0.9310344827586207,Very Low
Airtel,F,46,Sikkim,Delhi,1,84293.0,71,0,9581.0,0,2029,5,2,46-55,71,High Usage,0.007409726570653309,0.0,133.06944444444446,23.666666666666668,80.581,203.85106382978722,1793.468085106383,0.02127659574468085,71.0,High
BSNL,M,73,Goa,Chennai,0,84699.0,38,27,4088.0,0,2029,5,2,56+,65,Medium Usage,0.009293225727561751,0.6923076923076923,104.82051282051282,21.666666666666668,69.088,55.24324324324324,1144.581081081081,0.0,1.3571428571428572,Low
Reliance Jio,F,46,Meghalaya,Delhi,2,112795.0,17,11,3145.0,0,2029,5,2,46-55,28,Low Usage,0.00540368722186904,0.6111111111111112,174.72222222222223,9.333333333333334,31.145,66.91489361702128,2399.8936170212764,0.0425531914893617,1.4166666666666667,Low
BSNL,M,72,Tamil Nadu,Mumbai,3,27348.0,44,6,9994.0,0,2029,5,2,56+,50,High Usage,0.004402201100550275,0.13333333333333333,222.0888888888889,16.666666666666668,59.994,136.9041095890411,374.63013698630135,0.0410958904109589,6.285714285714286,High
Vodafone,M,18,Meghalaya,Bangalore,0,109243.0,48,20,6876.0,0,2029,5,2,18-25,68,High Usage,0.006979787698124182,0.40816326530612246,140.3265306122449,22.666666666666668,74.876,361.89473684210526,5749.631578947368,0.0,2.2857142857142856,Medium
BSNL,M,62,Jharkhand,Hyderabad,4,61855.0,90,19,9420.0,0,2029,5,2,56+,109,High Usage,0.009553125995117292,0.2087912087912088,103.51648351648352,36.333333333333336,118.42,149.52380952380952,981.8253968253969,0.06349206349206349,4.5,High
Airtel,M,64,Bihar,Chennai,0,68322.0,51,26,9132.0,0,2029,5,2,56+,77,High Usage,0.00558414540676667,0.5,175.6153846153846,25.666666666666668,86.132,140.4923076923077,1051.1076923076923,0.0,1.8888888888888888,High
Airtel,F,37,Tripura,Mumbai,2,26758.0,33,29,1802.0,0,2029,5,2,36-45,62,Low Usage,0.018302828618968387,0.8529411764705882,53.0,20.666666666666668,63.802,47.421052631578945,704.1578947368421,0.05263157894736842,1.1,Very Low
Vodafone,M,50,Chhattisgarh,Hyderabad,3,54535.0,45,25,367.0,1,2029,5,2,46-55,70,Low Usage,0.12228260869565218,0.5434782608695652,7.978260869565218,23.333333333333332,70.367,7.196078431372549,1069.313725490196,0.058823529411764705,1.7307692307692308,Very Low
Airtel,M,26,Goa,Chennai,1,53192.0,81,28,9909.0,1,2029,5,2,26-35,109,High Usage,0.008173562058526741,0.34146341463414637,120.84146341463415,36.333333333333336,118.909,367.0,1970.0740740740741,0.037037037037037035,2.793103448275862,High
Airtel,M,24,Chhattisgarh,Kolkata,1,126809.0,60,28,3845.0,0,2029,5,2,18-25,88,Medium Usage,0.015600624024960999,0.45901639344262296,63.032786885245905,29.333333333333332,91.845,153.8,5072.36,0.04,2.0689655172413794,Low
Reliance Jio,F,38,Telangana,Chennai,2,58060.0,46,5,2261.0,0,2029,5,2,36-45,51,Low Usage,0.020335985853227233,0.10638297872340426,48.1063829787234,17.0,53.261,57.97435897435897,1488.7179487179487,0.05128205128205128,7.666666666666667,Very Low
BSNL,F,70,Uttarakhand,Bangalore,0,105304.0,43,44,6992.0,0,2029,6,2,56+,87,High Usage,0.006149006149006149,1.0,158.9090909090909,29.0,93.992,98.47887323943662,1483.1549295774648,0.0,0.9555555555555556,Medium
Reliance Jio,F,55,Sikkim,Kolkata,1,133302.0,71,9,7035.0,0,2029,6,2,46-55,80,High Usage,0.010090960773166572,0.125,97.70833333333333,26.666666666666668,87.035,125.625,2380.3928571428573,0.017857142857142856,7.1,Medium
Airtel,M,45,Telangana,Hyderabad,0,86561.0,60,18,6725.0,0,2029,6,2,36-45,78,High Usage,0.008920606601248885,0.29508196721311475,110.24590163934427,26.0,84.725,146.19565217391303,1881.7608695652175,0.0,3.1578947368421053,Medium
BSNL,M,69,Bihar,Hyderabad,4,32777.0,68,40,6569.0,1,2029,6,2,56+,108,Medium Usage,0.010350076103500762,0.5797101449275363,95.20289855072464,36.0,114.569,93.84285714285714,468.24285714285713,0.05714285714285714,1.6585365853658536,Medium
Reliance Jio,F,55,Andhra Pradesh,Mumbai,0,38763.0,28,13,2987.0,0,2029,6,2,46-55,41,Low Usage,0.009370816599732263,0.4482758620689655,103.0,13.666666666666666,43.987,53.339285714285715,692.1964285714286,0.0,2.0,Very Low
Airtel,F,23,Tripura,Mumbai,4,137709.0,42,9,7344.0,0,2029,6,2,18-25,51,High Usage,0.0057181756296800544,0.20930232558139536,170.7906976744186,17.0,58.344,306.0,5737.875,0.16666666666666666,4.2,Medium
Vodafone,F,60,Gujarat,Mumbai,1,112852.0,75,6,3328.0,1,2029,6,2,56+,81,Low Usage,0.022529288074496844,0.07894736842105263,43.78947368421053,27.0,84.328,54.557377049180324,1850.032786885246,0.01639344262295082,10.714285714285714,Low
BSNL,F,35,Odisha,Chennai,4,54719.0,44,11,2804.0,0,2029,6,2,26-35,55,Low Usage,0.01568627450980392,0.24444444444444444,62.31111111111111,18.333333333333332,57.804,77.88888888888889,1519.9722222222222,0.1111111111111111,3.6666666666666665,Very Low
Airtel,M,31,Punjab,Delhi,4,36779.0,19,1,3710.0,0,2029,6,2,26-35,20,Medium Usage,0.005119913769873349,0.05,185.5,6.666666666666667,23.71,115.9375,1149.34375,0.125,9.5,Low
Reliance Jio,M,41,Nagaland,Bangalore,2,94352.0,42,18,4081.0,0,2029,6,2,36-45,60,Medium Usage,0.0102890739833415,0.4186046511627907,94.90697674418605,20.0,64.081,97.16666666666667,2246.4761904761904,0.047619047619047616,2.210526315789474,Low
BSNL,M,23,Jharkhand,Hyderabad,0,94346.0,57,19,8503.0,0,2029,6,2,18-25,76,High Usage,0.006702728127939793,0.3275862068965517,146.60344827586206,25.333333333333332,84.503,354.2916666666667,3931.0833333333335,0.0,2.85,Medium
Airtel,M,37,Nagaland,Mumbai,2,116916.0,44,2,1128.0,1,2029,6,2,36-45,46,Low Usage,0.03897254207263064,0.044444444444444446,25.066666666666666,15.333333333333334,47.128,29.68421052631579,3076.7368421052633,0.05263157894736842,14.666666666666666,Very Low
Reliance Jio,M,64,Rajasthan,Mumbai,3,82578.0,44,40,3250.0,0,2029,6,2,56+,84,Low Usage,0.01353429713934174,0.8888888888888888,72.22222222222223,28.0,87.25,50.0,1270.4307692307693,0.046153846153846156,1.0731707317073171,Low
Vodafone,M,41,Maharashtra,Bangalore,1,112165.0,41,22,5679.0,0,2029,6,2,36-45,63,Medium Usage,0.0072183098591549295,0.5238095238095238,135.21428571428572,21.0,68.679,135.21428571428572,2670.595238095238,0.023809523809523808,1.7826086956521738,Low
Vodafone,F,55,Jharkhand,Kolkata,4,108713.0,90,50,9952.0,1,2029,6,2,46-55,140,High Usage,0.009042499748819452,0.5494505494505495,109.36263736263736,46.666666666666664,149.952,177.71428571428572,1941.3035714285713,0.07142857142857142,1.7647058823529411,High
Vodafone,F,62,Jharkhand,Hyderabad,1,137675.0,4,6,4783.0,1,2029,6,2,56+,10,Medium Usage,0.0008361204013377926,1.2,956.6,3.3333333333333335,14.783000000000001,75.92063492063492,2185.3174603174602,0.015873015873015872,0.5714285714285714,Low
BSNL,M,69,Punjab,Bangalore,2,90098.0,94,48,3375.0,0,2029,6,2,56+,142,Low Usage,0.027843601895734597,0.5052631578947369,35.526315789473685,47.333333333333336,145.375,48.214285714285715,1287.1142857142856,0.02857142857142857,1.9183673469387754,Low
Reliance Jio,M,35,Chhattisgarh,Mumbai,3,119440.0,70,18,2444.0,0,2029,6,2,26-35,88,Low Usage,0.028629856850715747,0.2535211267605634,34.42253521126761,29.333333333333332,90.444,67.88888888888889,3317.777777777778,0.08333333333333333,3.6842105263157894,Very Low
Airtel,M,70,Bihar,Mumbai,0,115525.0,13,27,4533.0,0,2029,6,2,56+,40,Medium Usage,0.002867225408028231,1.9285714285714286,323.7857142857143,13.333333333333334,44.533,63.84507042253521,1627.112676056338,0.0,0.4642857142857143,Low
BSNL,F,34,Andhra Pradesh,Delhi,4,59349.0,50,16,8958.0,0,2029,6,2,26-35,66,High Usage,0.005580980020091528,0.3137254901960784,175.64705882352942,22.0,74.958,255.94285714285715,1695.6857142857143,0.11428571428571428,2.9411764705882355,Medium
Vodafone,F,41,Haryana,Mumbai,4,149129.0,50,36,8825.0,1,2029,6,2,36-45,86,High Usage,0.0056650804441423066,0.7058823529411765,173.0392156862745,28.666666666666668,94.825,210.11904761904762,3550.690476190476,0.09523809523809523,1.3513513513513513,Medium
Airtel,M,65,Maharashtra,Mumbai,2,41880.0,17,11,7700.0,0,2029,6,2,56+,28,High Usage,0.002207505518763797,0.6111111111111112,427.77777777777777,9.333333333333334,35.7,116.66666666666667,634.5454545454545,0.030303030303030304,1.4166666666666667,Medium
Reliance Jio,F,61,Himachal Pradesh,Hyderabad,2,139506.0,17,23,1892.0,1,2029,6,2,56+,40,Low Usage,0.008980454305335447,1.2777777777777777,105.11111111111111,13.333333333333334,41.892,30.516129032258064,2250.0967741935483,0.03225806451612903,0.7083333333333334,Very Low
Vodafone,F,40,Mizoram,Chennai,4,143259.0,59,29,8744.0,1,2029,6,2,36-45,88,High Usage,0.006746712407089766,0.48333333333333334,145.73333333333332,29.333333333333332,96.744,213.26829268292684,3494.121951219512,0.0975609756097561,1.9666666666666666,Medium
BSNL,M,45,Madhya Pradesh,Mumbai,0,67238.0,32,3,3965.0,0,2029,6,2,36-45,35,Medium Usage,0.008068582955118508,0.09090909090909091,120.15151515151516,11.666666666666666,38.965,86.19565217391305,1461.695652173913,0.0,8.0,Low
Vodafone,F,68,Meghalaya,Hyderabad,1,21307.0,93,44,8113.0,0,2029,6,2,56+,137,High Usage,0.011461671185605126,0.46808510638297873,86.30851063829788,45.666666666666664,145.113,117.57971014492753,308.7971014492754,0.014492753623188406,2.066666666666667,Medium
Reliance Jio,F,66,Madhya Pradesh,Kolkata,4,93714.0,18,24,2318.0,0,2029,6,2,56+,42,Low Usage,0.007761966364812419,1.263157894736842,122.0,14.0,44.318,34.59701492537314,1398.7164179104477,0.05970149253731343,0.72,Very Low
Airtel,F,22,Maharashtra,Chennai,2,104488.0,13,25,1964.0,0,2029,6,2,18-25,38,Low Usage,0.0066157760814249365,1.7857142857142858,140.28571428571428,12.666666666666666,39.964,85.3913043478261,4542.95652173913,0.08695652173913043,0.5,Very Low
Vodafone,M,66,Chhattisgarh,Kolkata,0,97948.0,25,47,1212.0,0,2029,6,2,56+,72,Low Usage,0.020610057708161583,1.8076923076923077,46.61538461538461,24.0,73.212,18.08955223880597,1461.910447761194,0.0,0.5208333333333334,Very Low
Airtel,F,68,Arunachal Pradesh,Kolkata,2,83197.0,83,36,8413.0,0,2029,6,2,56+,119,High Usage,0.00986451152840504,0.42857142857142855,100.1547619047619,39.666666666666664,127.413,121.92753623188406,1205.7536231884058,0.028985507246376812,2.2432432432432434,Medium
BSNL,F,43,Sikkim,Bangalore,3,66237.0,77,14,4358.0,1,2029,7,3,36-45,91,Medium Usage,0.017664601972929572,0.1794871794871795,55.87179487179487,30.333333333333332,95.358,99.04545454545455,1505.3863636363637,0.06818181818181818,5.133333333333334,Low
Vodafone,M,43,West Bengal,Mumbai,1,24626.0,45,33,5049.0,0,2029,7,3,36-45,78,Medium Usage,0.00891089108910891,0.717391304347826,109.76086956521739,26.0,83.049,114.75,559.6818181818181,0.022727272727272728,1.3235294117647058,Low
Vodafone,M,27,Jharkhand,Kolkata,4,140551.0,100,11,7941.0,0,2029,7,3,26-35,111,High Usage,0.012591286829513977,0.10891089108910891,78.62376237623762,37.0,118.941,283.60714285714283,5019.678571428572,0.14285714285714285,8.333333333333334,Medium
Vodafone,M,37,Himachal Pradesh,Delhi,1,41244.0,59,21,3408.0,0,2029,7,3,36-45,80,Low Usage,0.017307128190085067,0.35,56.8,26.666666666666668,83.408,89.6842105263158,1085.3684210526317,0.02631578947368421,2.6818181818181817,Low
Reliance Jio,M,37,Meghalaya,Kolkata,2,101590.0,72,48,10065.0,0,2029,7,3,36-45,120,High Usage,0.007152791575601033,0.6575342465753424,137.87671232876713,40.0,130.065,264.86842105263156,2673.4210526315787,0.05263157894736842,1.469387755102041,High
Airtel,M,61,Madhya Pradesh,Delhi,1,91392.0,100,44,4985.0,0,2029,7,3,56+,144,Medium Usage,0.020056157240272765,0.43564356435643564,49.35643564356435,48.0,148.985,80.40322580645162,1474.0645161290322,0.016129032258064516,2.2222222222222223,Low
Vodafone,M,18,Chhattisgarh,Hyderabad,3,26339.0,62,6,5049.0,0,2029,7,3,18-25,68,Medium Usage,0.012277227722772278,0.09523809523809523,80.14285714285714,22.666666666666668,73.049,265.7368421052632,1386.2631578947369,0.15789473684210525,8.857142857142858,Low
Vodafone,F,58,Chhattisgarh,Hyderabad,0,141552.0,84,18,9738.0,0,2029,7,3,56+,102,High Usage,0.008625115514939932,0.21176470588235294,114.56470588235294,34.0,111.738,165.05084745762713,2399.186440677966,0.0,4.421052631578948,High
Airtel,M,69,Uttarakhand,Bangalore,3,105119.0,51,37,8957.0,0,2029,7,3,56+,88,High Usage,0.0056932350971198925,0.7115384615384616,172.25,29.333333333333332,96.957,127.95714285714286,1501.7,0.04285714285714286,1.3421052631578947,Medium
Vodafone,M,24,Meghalaya,Bangalore,2,110039.0,15,44,6355.0,0,2029,7,3,18-25,59,Medium Usage,0.0023599748269351795,2.75,397.1875,19.666666666666668,65.355,254.2,4401.56,0.08,0.3333333333333333,Medium
Reliance Jio,M,24,West Bengal,Mumbai,2,117061.0,20,52,7825.0,0,2029,7,3,18-25,72,High Usage,0.002555583950932788,2.4761904761904763,372.6190476190476,24.0,79.825,313.0,4682.44,0.08,0.37735849056603776,Medium
Reliance Jio,M,32,West Bengal,Kolkata,1,51054.0,38,12,6311.0,0,2029,7,3,26-35,50,Medium Usage,0.006020278833967047,0.3076923076923077,161.82051282051282,16.666666666666668,56.311,191.24242424242425,1547.090909090909,0.030303030303030304,2.923076923076923,Medium
Vodafone,M,49,Uttar Pradesh,Chennai,1,134831.0,30,34,429.0,0,2029,7,3,46-55,64,Low Usage,0.06976744186046512,1.096774193548387,13.838709677419354,21.333333333333332,64.429,8.58,2696.62,0.02,0.8571428571428571,Very Low
Airtel,M,67,Chhattisgarh,Kolkata,2,21310.0,87,4,3668.0,1,2029,7,3,56+,91,Medium Usage,0.023712183156173343,0.045454545454545456,41.68181818181818,30.333333333333332,94.668,53.94117647058823,313.38235294117646,0.029411764705882353,17.4,Low
Airtel,M,64,Tripura,Delhi,2,89259.0,31,1,4539.0,0,2029,7,3,56+,32,Medium Usage,0.006828193832599119,0.03125,141.84375,10.666666666666666,36.539,69.83076923076923,1373.2153846153847,0.03076923076923077,15.5,Low
Reliance Jio,F,47,Goa,Hyderabad,0,129727.0,35,20,7985.0,1,2029,7,3,46-55,55,High Usage,0.0043826696719258705,0.5555555555555556,221.80555555555554,18.333333333333332,62.985,166.35416666666666,2702.6458333333335,0.0,1.6666666666666667,Medium
BSNL,M,34,Odisha,Bangalore,0,34407.0,52,26,5953.0,0,2029,7,3,26-35,78,Medium Usage,0.008733624454148471,0.49056603773584906,112.32075471698113,26.0,83.953,170.0857142857143,983.0571428571428,0.0,1.9259259259259258,Low
Reliance Jio,M,42,Himachal Pradesh,Bangalore,1,97739.0,51,20,7967.0,0,2029,7,3,36-45,71,High Usage,0.006400602409638554,0.38461538461538464,153.21153846153845,23.666666666666668,78.967,185.27906976744185,2273.0,0.023255813953488372,2.4285714285714284,Medium
Vodafone,F,27,Tripura,Hyderabad,0,134902.0,17,33,7027.0,1,2029,7,3,26-35,50,High Usage,0.002418895845190666,1.8333333333333333,390.3888888888889,16.666666666666668,57.027,250.96428571428572,4817.928571428572,0.0,0.5,Medium
BSNL,M,73,Telangana,Delhi,1,128382.0,69,24,6975.0,0,2029,7,3,56+,93,High Usage,0.00989105504587156,0.34285714285714286,99.64285714285714,31.0,99.975,94.25675675675676,1734.8918918918919,0.013513513513513514,2.76,Medium
Airtel,M,68,Manipur,Kolkata,0,83981.0,40,43,6038.0,0,2029,7,3,56+,83,Medium Usage,0.00662361318099023,1.048780487804878,147.26829268292684,27.666666666666668,89.038,87.5072463768116,1217.1159420289855,0.0,0.9090909090909091,Medium
Airtel,M,24,Uttarakhand,Hyderabad,4,31136.0,5,37,5005.0,1,2029,7,3,18-25,42,Medium Usage,0.000998801438274071,6.166666666666667,834.1666666666666,14.0,47.005,200.2,1245.44,0.16,0.13157894736842105,Low
Reliance Jio,F,50,Gujarat,Bangalore,4,52384.0,98,0,8448.0,0,2029,7,3,46-55,98,High Usage,0.0115990057995029,0.0,85.33333333333333,32.666666666666664,106.44800000000001,165.64705882352942,1027.137254901961,0.0784313725490196,98.0,Medium
Airtel,F,32,Karnataka,Chennai,3,146862.0,40,33,7345.0,0,2029,7,3,26-35,73,High Usage,0.005445140212360468,0.8048780487804879,179.14634146341464,24.333333333333332,80.345,222.57575757575756,4450.363636363636,0.09090909090909091,1.1764705882352942,Medium
Airtel,M,65,West Bengal,Mumbai,2,117023.0,84,20,7392.0,1,2029,7,3,56+,104,High Usage,0.01136209928310564,0.23529411764705882,86.96470588235294,34.666666666666664,111.392,112.0,1773.0757575757575,0.030303030303030304,4.0,Medium
BSNL,M,30,Mizoram,Bangalore,4,74928.0,53,46,789.0,0,2029,7,3,26-35,99,Low Usage,0.0670886075949367,0.8518518518518519,14.61111111111111,33.0,99.789,25.451612903225808,2417.032258064516,0.12903225806451613,1.127659574468085,Very Low
Reliance Jio,F,25,Tamil Nadu,Delhi,2,121531.0,13,50,6364.0,0,2029,7,3,18-25,63,Medium Usage,0.00204241948153967,3.5714285714285716,454.57142857142856,21.0,69.364,244.76923076923077,4674.2692307692305,0.07692307692307693,0.2549019607843137,Medium
BSNL,F,52,Manipur,Hyderabad,1,99320.0,15,30,1701.0,0,2029,7,3,46-55,45,Low Usage,0.00881316098707403,1.875,106.3125,15.0,46.701,32.094339622641506,1873.9622641509434,0.018867924528301886,0.4838709677419355,Very Low
BSNL,M,49,Jharkhand,Mumbai,2,146934.0,24,13,8431.0,1,2029,7,3,46-55,37,High Usage,0.0028462998102466793,0.52,337.24,12.333333333333334,45.431,168.62,2938.68,0.04,1.7142857142857142,Medium
Vodafone,M,49,Rajasthan,Mumbai,4,138689.0,93,24,698.0,0,2029,7,3,46-55,117,Low Usage,0.13304721030042918,0.2553191489361702,7.425531914893617,39.0,117.698,13.96,2773.78,0.08,3.72,Very Low
Airtel,M,53,Gujarat,Hyderabad,3,93665.0,98,15,1633.0,1,2029,7,3,46-55,113,Low Usage,0.05997552019583843,0.15151515151515152,16.494949494949495,37.666666666666664,114.633,30.24074074074074,1734.537037037037,0.05555555555555555,6.125,Very Low
Reliance Jio,F,61,Madhya Pradesh,Hyderabad,1,28278.0,75,5,6388.0,0,2029,8,3,56+,80,Medium Usage,0.011738926279542964,0.06578947368421052,84.05263157894737,26.666666666666668,86.388,103.03225806451613,456.0967741935484,0.016129032258064516,12.5,Medium
Vodafone,M,69,Goa,Bangalore,3,83704.0,70,24,5095.0,0,2029,8,3,56+,94,Medium Usage,0.013736263736263736,0.3380281690140845,71.7605633802817,31.333333333333332,99.095,72.78571428571429,1195.7714285714285,0.04285714285714286,2.8,Low
Reliance Jio,M,73,Assam,Bangalore,4,20736.0,39,11,2696.0,0,2029,8,3,56+,50,Low Usage,0.014460511679644048,0.275,67.4,16.666666666666668,52.696,36.432432432432435,280.2162162162162,0.05405405405405406,3.25,Very Low
Reliance Jio,M,21,Andhra Pradesh,Hyderabad,3,32018.0,14,22,1231.0,0,2029,8,3,18-25,36,Low Usage,0.011363636363636364,1.4666666666666666,82.06666666666666,12.0,37.231,55.95454545454545,1455.3636363636363,0.13636363636363635,0.6086956521739131,Very Low
Airtel,F,19,Kerala,Bangalore,1,42777.0,29,14,2962.0,0,2029,8,3,18-25,43,Low Usage,0.009787377657779277,0.4666666666666667,98.73333333333333,14.333333333333334,45.962,148.1,2138.85,0.05,1.9333333333333333,Very Low
Airtel,M,69,Odisha,Delhi,0,58446.0,73,22,5342.0,0,2029,8,3,56+,95,Medium Usage,0.013662736290473517,0.2972972972972973,72.1891891891892,31.666666666666668,100.342,76.31428571428572,834.9428571428572,0.0,3.1739130434782608,Low
Reliance Jio,M,45,Punjab,Delhi,3,116867.0,50,18,8006.0,1,2029,8,3,36-45,68,High Usage,0.006244536030972899,0.35294117647058826,156.98039215686273,22.666666666666668,76.006,174.04347826086956,2540.586956521739,0.06521739130434782,2.6315789473684212,Medium
Airtel,M,56,Telangana,Hyderabad,1,30029.0,7,28,7094.0,0,2029,8,3,56+,35,High Usage,0.0009866102889358704,3.5,886.75,11.666666666666666,42.094,124.45614035087719,526.8245614035088,0.017543859649122806,0.2413793103448276,Medium
Vodafone,F,29,Punjab,Chennai,4,139204.0,56,9,7117.0,1,2029,8,3,26-35,65,High Usage,0.007867378477100308,0.15789473684210525,124.85964912280701,21.666666666666668,72.117,237.23333333333332,4640.133333333333,0.13333333333333333,5.6,Medium
Airtel,F,66,Arunachal Pradesh,Hyderabad,3,102002.0,53,38,6923.0,0,2029,8,3,56+,91,High Usage,0.007654534950895436,0.7037037037037037,128.2037037037037,30.333333333333332,97.923,103.32835820895522,1522.4179104477612,0.04477611940298507,1.358974358974359,Medium
BSNL,M,56,Odisha,Kolkata,4,145660.0,58,33,3402.0,0,2029,8,3,56+,91,Low Usage,0.017043784895680283,0.559322033898305,57.66101694915254,30.333333333333332,94.402,59.68421052631579,2555.438596491228,0.07017543859649122,1.7058823529411764,Low
Reliance Jio,M,25,Nagaland,Delhi,2,50487.0,38,39,9009.0,0,2029,8,3,18-25,77,High Usage,0.004217536071032186,1.0,231.0,25.666666666666668,86.009,346.5,1941.8076923076924,0.07692307692307693,0.95,High
BSNL,F,51,Karnataka,Chennai,0,93616.0,39,25,1130.0,0,2029,8,3,46-55,64,Low Usage,0.034482758620689655,0.625,28.25,21.333333333333332,65.13,21.73076923076923,1800.3076923076924,0.0,1.5,Very Low
Reliance Jio,M,39,Karnataka,Bangalore,0,54462.0,4,21,3461.0,0,2029,8,3,36-45,25,Low Usage,0.0011554015020219526,4.2,692.2,8.333333333333334,28.461,86.525,1361.55,0.0,0.18181818181818182,Low
Vodafone,M,47,Gujarat,Bangalore,4,77497.0,4,44,7005.0,1,2029,8,3,46-55,48,High Usage,0.0005709391949757351,8.8,1401.0,16.0,55.005,145.9375,1614.5208333333333,0.08333333333333333,0.08888888888888889,Medium
Reliance Jio,M,55,Madhya Pradesh,Hyderabad,1,148200.0,34,20,2493.0,0,2029,8,3,46-55,54,Low Usage,0.0136327185244587,0.5714285714285714,71.22857142857143,18.0,56.493,44.517857142857146,2646.4285714285716,0.017857142857142856,1.619047619047619,Very Low
Reliance Jio,M,63,Jharkhand,Mumbai,3,103535.0,76,25,1843.0,0,2029,8,3,56+,101,Low Usage,0.04121475054229935,0.3246753246753247,23.935064935064936,33.666666666666664,102.843,28.796875,1617.734375,0.046875,2.923076923076923,Very Low
BSNL,M,44,West Bengal,Bangalore,2,49777.0,7,26,5502.0,0,2029,8,3,36-45,33,Medium Usage,0.0012720334363074686,3.25,687.75,11.0,38.502,122.26666666666667,1106.1555555555556,0.044444444444444446,0.25925925925925924,Low
Vodafone,M,47,Assam,Kolkata,4,88939.0,62,27,6884.0,0,2029,8,3,46-55,89,High Usage,0.009005083514887437,0.42857142857142855,109.26984126984127,29.666666666666668,95.884,143.41666666666666,1852.8958333333333,0.08333333333333333,2.2142857142857144,Medium
Airtel,F,65,Tripura,Kolkata,1,115970.0,49,28,1414.0,0,2029,8,3,56+,77,Low Usage,0.03462897526501767,0.56,28.28,25.666666666666668,78.414,21.424242424242426,1757.121212121212,0.015151515151515152,1.6896551724137931,Very Low
Reliance Jio,M,43,Sikkim,Hyderabad,2,42761.0,5,26,9722.0,0,2029,8,3,36-45,31,High Usage,0.0005142445747197367,4.333333333333333,1620.3333333333333,10.333333333333334,40.722,220.95454545454547,971.8409090909091,0.045454545454545456,0.18518518518518517,High
Airtel,F,57,Jharkhand,Hyderabad,1,79885.0,45,31,4414.0,0,2029,8,3,56+,76,Medium Usage,0.010192525481313703,0.6739130434782609,95.95652173913044,25.333333333333332,80.414,76.10344827586206,1377.3275862068965,0.017241379310344827,1.40625,Low
Reliance Jio,F,24,Arunachal Pradesh,Bangalore,4,49210.0,11,17,3819.0,1,2029,8,3,18-25,28,Medium Usage,0.0028795811518324606,1.4166666666666667,318.25,9.333333333333334,31.819,152.76,1968.4,0.16,0.6111111111111112,Low
Reliance Jio,M,70,Madhya Pradesh,Bangalore,2,27939.0,30,46,7218.0,1,2029,8,3,56+,76,High Usage,0.00415570023548968,1.4838709677419355,232.83870967741936,25.333333333333332,83.218,101.66197183098592,393.50704225352115,0.028169014084507043,0.6382978723404256,Medium
Reliance Jio,F,40,Madhya Pradesh,Bangalore,1,66344.0,14,33,2048.0,0,2029,8,3,36-45,47,Low Usage,0.006832601268911664,2.2,136.53333333333333,15.666666666666666,49.048,49.951219512195124,1618.1463414634147,0.024390243902439025,0.4117647058823529,Very Low
Airtel,F,45,Telangana,Bangalore,4,79977.0,91,11,6524.0,0,2029,8,3,36-45,102,Medium Usage,0.013946360153256706,0.11956521739130435,70.91304347826087,34.0,108.524,141.82608695652175,1738.6304347826087,0.08695652173913043,7.583333333333333,Medium
Reliance Jio,M,70,Haryana,Chennai,0,58937.0,45,4,7922.0,0,2029,8,3,56+,49,High Usage,0.005679666792881484,0.08695652173913043,172.2173913043478,16.333333333333332,56.922,111.5774647887324,830.0985915492957,0.0,9.0,Medium
Vodafone,F,35,Kerala,Hyderabad,0,20680.0,99,18,1665.0,1,2029,8,3,26-35,117,Low Usage,0.05942376950780312,0.18,16.65,39.0,118.665,46.25,574.4444444444445,0.0,5.2105263157894735,Very Low
Vodafone,M,55,Jharkhand,Bangalore,4,70219.0,78,24,2678.0,0,2029,8,3,46-55,102,Low Usage,0.029115341545352745,0.3037974683544304,33.89873417721519,34.0,104.678,47.82142857142857,1253.9107142857142,0.07142857142857142,3.12,Very Low
Vodafone,M,36,Bihar,Mumbai,2,49644.0,78,37,8455.0,0,2029,8,3,36-45,115,High Usage,0.009224219489120151,0.46835443037974683,107.0253164556962,38.333333333333336,123.455,228.51351351351352,1341.7297297297298,0.05405405405405406,2.0526315789473686,Medium
Vodafone,M,38,Bihar,Delhi,0,120963.0,91,12,4931.0,0,2029,8,3,36-45,103,Medium Usage,0.018450932684509327,0.13043478260869565,53.59782608695652,34.333333333333336,107.931,126.43589743589743,3101.6153846153848,0.0,7.0,Low
BSNL,M,73,Bihar,Chennai,4,23960.0,65,37,7831.0,0,2029,9,3,56+,102,High Usage,0.008299284984678242,0.5606060606060606,118.65151515151516,34.0,109.831,105.82432432432432,323.7837837837838,0.05405405405405406,1.7105263157894737,Medium
Airtel,M,34,Assam,Hyderabad,1,55788.0,10,34,5049.0,0,2029,9,3,26-35,44,Medium Usage,0.0019801980198019802,3.090909090909091,459.0,14.666666666666666,49.049,144.25714285714287,1593.942857142857,0.02857142857142857,0.2857142857142857,Low
Reliance Jio,M,47,Goa,Kolkata,0,103621.0,94,40,105.0,0,2029,9,3,46-55,134,Low Usage,0.8867924528301887,0.42105263157894735,1.105263157894737,44.666666666666664,134.105,2.1875,2158.7708333333335,0.0,2.292682926829268,Very Low
Airtel,M,59,Kerala,Chennai,3,100463.0,39,44,7020.0,0,2029,9,3,56+,83,High Usage,0.005554764278592793,1.1,175.5,27.666666666666668,90.02,117.0,1674.3833333333334,0.05,0.8666666666666667,Medium
Airtel,M,59,Jharkhand,Delhi,3,148308.0,44,38,8344.0,0,2029,9,3,56+,82,High Usage,0.005272618334331935,0.8444444444444444,185.42222222222222,27.333333333333332,90.344,139.06666666666666,2471.8,0.05,1.1282051282051282,Medium
Airtel,M,71,Punjab,Delhi,2,101996.0,50,20,1543.0,0,2029,9,3,56+,70,Low Usage,0.03238341968911917,0.39215686274509803,30.254901960784313,23.333333333333332,71.543,21.430555555555557,1416.611111111111,0.027777777777777776,2.380952380952381,Very Low
Vodafone,F,34,Kerala,Kolkata,3,94609.0,43,33,3044.0,0,2029,9,3,26-35,76,Low Usage,0.014121510673234812,0.75,69.18181818181819,25.333333333333332,79.044,86.97142857142858,2703.114285714286,0.08571428571428572,1.2647058823529411,Low
Airtel,M,30,West Bengal,Mumbai,1,20974.0,86,7,4307.0,0,2029,9,3,26-35,93,Medium Usage,0.019962859795728878,0.08045977011494253,49.50574712643678,31.0,97.307,138.93548387096774,676.5806451612904,0.03225806451612903,10.75,Low
Reliance Jio,M,25,Arunachal Pradesh,Chennai,0,32637.0,32,11,1229.0,0,2029,9,3,18-25,43,Low Usage,0.026016260162601626,0.3333333333333333,37.24242424242424,14.333333333333334,44.229,47.26923076923077,1255.2692307692307,0.0,2.6666666666666665,Very Low
Airtel,F,51,Karnataka,Bangalore,4,41512.0,36,14,4015.0,0,2029,9,3,46-55,50,Medium Usage,0.008964143426294821,0.3783783783783784,108.51351351351352,16.666666666666668,54.015,77.21153846153847,798.3076923076923,0.07692307692307693,2.4,Low
Reliance Jio,F,66,Manipur,Hyderabad,4,81772.0,59,29,3782.0,1,2029,9,3,56+,88,Medium Usage,0.015596087761036215,0.48333333333333334,63.03333333333333,29.333333333333332,91.782,56.44776119402985,1220.4776119402984,0.05970149253731343,1.9666666666666666,Low
Reliance Jio,M,74,Maharashtra,Mumbai,1,72225.0,29,22,8994.0,0,2029,9,3,56+,51,High Usage,0.003224013340744858,0.7333333333333333,299.8,17.0,59.994,119.92,963.0,0.013333333333333334,1.2608695652173914,Medium
Vodafone,F,42,Punjab,Delhi,0,50336.0,1,31,7031.0,0,2029,9,3,36-45,32,High Usage,0.0001422070534698521,15.5,3515.5,10.666666666666666,39.031,163.51162790697674,1170.6046511627908,0.0,0.03125,Medium
Vodafone,F,50,Tamil Nadu,Chennai,3,146327.0,59,30,6042.0,0,2029,9,3,46-55,89,Medium Usage,0.009763362568260797,0.5,100.7,29.666666666666668,95.042,118.47058823529412,2869.156862745098,0.058823529411764705,1.903225806451613,Medium
Vodafone,F,67,Sikkim,Chennai,4,64890.0,81,31,3833.0,0,2029,9,3,56+,112,Medium Usage,0.02112676056338028,0.3780487804878049,46.74390243902439,37.333333333333336,115.833,56.36764705882353,954.2647058823529,0.058823529411764705,2.53125,Low
Airtel,M,31,Maharashtra,Bangalore,3,98391.0,9,2,55.0,0,2029,9,3,26-35,11,Low Usage,0.16071428571428573,0.2,5.5,3.6666666666666665,11.055,1.71875,3074.71875,0.09375,3.0,Very Low
BSNL,M,37,Meghalaya,Hyderabad,3,35474.0,37,42,5486.0,0,2029,9,3,36-45,79,Medium Usage,0.006743211226535447,1.105263157894737,144.3684210526316,26.333333333333332,84.486,144.3684210526316,933.5263157894736,0.07894736842105263,0.8604651162790697,Low
Reliance Jio,M,52,Rajasthan,Kolkata,1,88896.0,58,26,408.0,1,2029,9,3,46-55,84,Low Usage,0.14180929095354522,0.4406779661016949,6.915254237288136,28.0,84.408,7.69811320754717,1677.2830188679245,0.018867924528301886,2.1481481481481484,Very Low
Reliance Jio,M,28,Chhattisgarh,Hyderabad,2,129378.0,56,40,7012.0,0,2029,9,3,26-35,96,High Usage,0.007985170397832596,0.7017543859649122,123.01754385964912,32.0,103.012,241.79310344827587,4461.310344827586,0.06896551724137931,1.3658536585365855,Medium
BSNL,M,44,Odisha,Hyderabad,3,141540.0,43,13,1013.0,0,2029,9,3,36-45,56,Low Usage,0.04240631163708087,0.29545454545454547,23.022727272727273,18.666666666666668,57.013,22.511111111111113,3145.3333333333335,0.06666666666666667,3.0714285714285716,Very Low
Airtel,M,67,Haryana,Mumbai,4,22516.0,73,34,2954.0,1,2029,9,3,56+,107,Low Usage,0.024703891708967852,0.4594594594594595,39.91891891891892,35.666666666666664,109.954,43.44117647058823,331.11764705882354,0.058823529411764705,2.085714285714286,Very Low
Airtel,M,38,Telangana,Bangalore,4,146140.0,22,32,8527.0,0,2029,9,3,36-45,54,High Usage,0.0025797373358348967,1.391304347826087,370.7391304347826,18.0,62.527,218.64102564102564,3747.1794871794873,0.10256410256410256,0.6666666666666666,Medium
Reliance Jio,F,18,Karnataka,Bangalore,1,48629.0,50,30,4489.0,0,2029,9,3,18-25,80,Medium Usage,0.011135857461024499,0.5882352941176471,88.01960784313725,26.666666666666668,84.489,236.26315789473685,2559.4210526315787,0.05263157894736842,1.6129032258064515,Low
Vodafone,M,19,Nagaland,Kolkata,2,144792.0,55,35,29.0,0,2029,9,3,18-25,90,Low Usage,1.8333333333333333,0.625,0.5178571428571429,30.0,90.029,1.45,7239.6,0.1,1.5277777777777777,Very Low
Vodafone,M,33,Telangana,Mumbai,0,141288.0,25,41,3411.0,1,2029,9,3,26-35,66,Low Usage,0.007327080890973036,1.5769230769230769,131.19230769230768,22.0,69.411,100.32352941176471,4155.529411764706,0.0,0.5952380952380952,Low
Airtel,F,61,Mizoram,Delhi,0,25944.0,19,32,7224.0,0,2029,9,3,56+,51,High Usage,0.002629757785467128,1.6,361.2,17.0,58.224000000000004,116.51612903225806,418.4516129032258,0.0,0.5757575757575758,Medium
Vodafone,F,37,Uttar Pradesh,Hyderabad,1,138702.0,39,30,482.0,1,2029,9,3,36-45,69,Low Usage,0.08074534161490683,0.75,12.05,23.0,69.482,12.68421052631579,3650.0526315789475,0.02631578947368421,1.2580645161290323,Very Low
Vodafone,F,59,Arunachal Pradesh,Kolkata,0,59230.0,89,10,4495.0,1,2029,9,3,56+,99,Medium Usage,0.019795373665480426,0.1111111111111111,49.94444444444444,33.0,103.495,74.91666666666667,987.1666666666666,0.0,8.090909090909092,Low
Vodafone,M,45,Chhattisgarh,Kolkata,2,45289.0,48,10,8354.0,0,2029,9,3,36-45,58,High Usage,0.005745062836624776,0.20408163265306123,170.48979591836735,19.333333333333332,66.354,181.6086956521739,984.5434782608696,0.043478260869565216,4.363636363636363,Medium
Vodafone,M,55,Goa,Kolkata,4,73917.0,87,33,355.0,0,2029,9,3,46-55,120,Low Usage,0.2443820224719101,0.375,4.034090909090909,40.0,120.355,6.339285714285714,1319.9464285714287,0.07142857142857142,2.5588235294117645,Very Low
Airtel,F,27,Gujarat,Delhi,2,109879.0,69,36,1742.0,0,2029,10,4,26-35,105,Low Usage,0.039586919104991396,0.5142857142857142,24.885714285714286,35.0,106.742,62.214285714285715,3924.25,0.07142857142857142,1.864864864864865,Very Low
BSNL,M,65,Madhya Pradesh,Kolkata,2,86540.0,50,3,1993.0,1,2029,10,4,56+,53,Low Usage,0.025075225677031094,0.058823529411764705,39.07843137254902,17.666666666666668,54.993,30.196969696969695,1311.2121212121212,0.030303030303030304,12.5,Very Low
Airtel,F,48,Gujarat,Mumbai,3,117908.0,41,12,7582.0,0,2029,10,4,46-55,53,High Usage,0.0054068310694975604,0.2857142857142857,180.52380952380952,17.666666666666668,60.582,154.73469387755102,2406.285714285714,0.061224489795918366,3.1538461538461537,Medium
Vodafone,M,55,Uttar Pradesh,Chennai,1,21310.0,7,10,2191.0,1,2029,10,4,46-55,17,Low Usage,0.0031934306569343066,1.25,273.875,5.666666666666667,19.191,39.125,380.5357142857143,0.017857142857142856,0.6363636363636364,Very Low
Reliance Jio,F,23,Meghalaya,Hyderabad,4,80778.0,85,41,9843.0,0,2029,10,4,18-25,126,High Usage,0.008634701340918326,0.47674418604651164,114.45348837209302,42.0,135.843,410.125,3365.75,0.16666666666666666,2.0238095238095237,High
BSNL,M,48,Assam,Chennai,0,81491.0,48,4,2701.0,0,2029,10,4,46-55,52,Low Usage,0.01776461880088823,0.08163265306122448,55.12244897959184,17.333333333333332,54.701,55.12244897959184,1663.0816326530612,0.0,9.6,Very Low
BSNL,M,48,Meghalaya,Chennai,2,59229.0,60,21,8189.0,0,2029,10,4,46-55,81,High Usage,0.007326007326007326,0.3442622950819672,134.24590163934425,27.0,89.189,167.12244897959184,1208.7551020408164,0.04081632653061224,2.727272727272727,Medium
Airtel,M,69,Goa,Chennai,3,53423.0,29,22,8163.0,0,2029,10,4,56+,51,High Usage,0.0035521803037726605,0.7333333333333333,272.1,17.0,59.163,116.61428571428571,763.1857142857143,0.04285714285714286,1.2608695652173914,Medium
Airtel,M,33,Nagaland,Mumbai,2,103559.0,86,28,8956.0,0,2029,10,4,26-35,114,High Usage,0.009601429049905102,0.3218390804597701,102.94252873563218,38.0,122.956,263.4117647058824,3045.8529411764707,0.058823529411764705,2.9655172413793105,Medium
Vodafone,F,21,Nagaland,Chennai,0,74607.0,14,10,9614.0,0,2029,10,4,18-25,24,High Usage,0.0014560582423296933,0.6666666666666666,640.9333333333333,8.0,33.614000000000004,437.0,3391.2272727272725,0.0,1.2727272727272727,High
Airtel,M,53,Maharashtra,Chennai,0,105087.0,65,23,8297.0,0,2029,10,4,46-55,88,High Usage,0.007833212822366835,0.3484848484848485,125.71212121212122,29.333333333333332,96.297,153.64814814814815,1946.0555555555557,0.0,2.7083333333333335,Medium
Vodafone,M,73,Himachal Pradesh,Bangalore,4,23380.0,84,30,10508.0,0,2029,10,4,56+,114,High Usage,0.00799314872966029,0.35294117647058826,123.62352941176471,38.0,124.508,142.0,315.94594594594594,0.05405405405405406,2.7096774193548385,High
BSNL,F,56,Karnataka,Delhi,2,67840.0,85,23,9108.0,0,2029,10,4,56+,108,High Usage,0.009331430453397738,0.26744186046511625,105.90697674418605,36.0,117.108,159.78947368421052,1190.1754385964912,0.03508771929824561,3.5416666666666665,High
BSNL,M,42,Manipur,Bangalore,0,123689.0,15,35,9555.0,0,2029,10,4,36-45,50,High Usage,0.0015696944328170784,2.1875,597.1875,16.666666666666668,59.555,222.2093023255814,2876.4883720930234,0.0,0.4166666666666667,High
Reliance Jio,F,37,Arunachal Pradesh,Hyderabad,1,86745.0,50,26,582.0,0,2029,10,4,36-45,76,Low Usage,0.08576329331046312,0.5098039215686274,11.411764705882353,25.333333333333332,76.582,15.31578947368421,2282.7631578947367,0.02631578947368421,1.8518518518518519,Very Low
Vodafone,M,23,Sikkim,Chennai,2,109985.0,91,45,9361.0,0,2029,10,4,18-25,136,High Usage,0.009720145268105105,0.4891304347826087,101.75,45.333333333333336,145.361,390.0416666666667,4582.708333333333,0.08333333333333333,1.9782608695652173,High
Airtel,M,41,Chhattisgarh,Mumbai,3,86563.0,30,39,2101.0,0,2029,10,4,36-45,69,Low Usage,0.014272121788772598,1.2580645161290323,67.7741935483871,23.0,71.101,50.023809523809526,2061.0238095238096,0.07142857142857142,0.75,Very Low
BSNL,M,41,Haryana,Hyderabad,0,69228.0,50,49,3316.0,0,2029,10,4,36-45,99,Low Usage,0.015073861923424782,0.9607843137254902,65.01960784313725,33.0,102.316,78.95238095238095,1648.2857142857142,0.0,1.0,Low
Airtel,M,49,Tripura,Bangalore,4,43120.0,11,15,92.0,0,2029,10,4,46-55,26,Low Usage,0.11827956989247312,1.25,7.666666666666667,8.666666666666666,26.092,1.84,862.4,0.08,0.6875,Very Low
Airtel,M,59,Haryana,Mumbai,1,62747.0,38,7,5067.0,0,2029,10,4,56+,45,Medium Usage,0.00749802683504341,0.1794871794871795,129.92307692307693,15.0,50.067,84.45,1045.7833333333333,0.016666666666666666,4.75,Low
Vodafone,M,23,Uttarakhand,Chennai,4,50376.0,66,17,315.0,0,2029,10,4,18-25,83,Low Usage,0.2088607594936709,0.2537313432835821,4.701492537313433,27.666666666666668,83.315,13.125,2099.0,0.16666666666666666,3.6666666666666665,Very Low
BSNL,M,28,Assam,Bangalore,4,70549.0,62,26,9050.0,0,2029,10,4,26-35,88,High Usage,0.006850071815269031,0.4126984126984127,143.65079365079364,29.333333333333332,97.05,312.0689655172414,2432.7241379310344,0.13793103448275862,2.2962962962962963,High
Reliance Jio,M,47,Himachal Pradesh,Hyderabad,3,132524.0,90,21,9694.0,0,2029,10,4,46-55,111,High Usage,0.009283135636926251,0.23076923076923078,106.52747252747253,37.0,120.694,201.95833333333334,2760.9166666666665,0.0625,4.090909090909091,High
Airtel,M,45,Goa,Kolkata,4,98701.0,18,51,9349.0,0,2029,10,4,36-45,69,High Usage,0.0019251336898395723,2.6842105263157894,492.05263157894734,23.0,78.349,203.2391304347826,2145.6739130434785,0.08695652173913043,0.34615384615384615,High
Reliance Jio,M,34,Jharkhand,Mumbai,3,22416.0,69,31,2207.0,0,2029,10,4,26-35,100,Low Usage,0.03125,0.44285714285714284,31.52857142857143,33.333333333333336,102.207,63.05714285714286,640.4571428571429,0.08571428571428572,2.15625,Very Low
Airtel,F,55,Himachal Pradesh,Bangalore,1,102586.0,101,35,5779.0,0,2029,10,4,46-55,136,Medium Usage,0.017474048442906575,0.3431372549019608,56.65686274509804,45.333333333333336,141.779,103.19642857142857,1831.892857142857,0.017857142857142856,2.8055555555555554,Low
Airtel,F,24,Punjab,Bangalore,3,50216.0,65,39,1896.0,0,2029,10,4,18-25,104,Low Usage,0.03426462836056932,0.5909090909090909,28.727272727272727,34.666666666666664,105.896,75.84,2008.64,0.12,1.625,Very Low
Airtel,M,69,Bihar,Delhi,2,44649.0,74,26,7248.0,0,2029,10,4,56+,100,High Usage,0.010208304593737068,0.3466666666666667,96.64,33.333333333333336,107.248,103.54285714285714,637.8428571428572,0.02857142857142857,2.740740740740741,Medium
Airtel,M,66,Tripura,Bangalore,3,60360.0,45,38,6081.0,0,2029,10,4,56+,83,Medium Usage,0.00739888194672805,0.8260869565217391,132.19565217391303,27.666666666666668,89.081,90.76119402985074,900.8955223880597,0.04477611940298507,1.1538461538461537,Medium
Reliance Jio,M,27,Himachal Pradesh,Mumbai,1,147541.0,7,12,3810.0,0,2029,10,4,26-35,19,Medium Usage,0.0018367882445552348,1.5,476.25,6.333333333333333,22.81,136.07142857142858,5269.321428571428,0.03571428571428571,0.5384615384615384,Low
Reliance Jio,F,47,Chhattisgarh,Kolkata,3,97639.0,87,44,8622.0,0,2029,10,4,46-55,131,High Usage,0.010089296068653601,0.5,97.97727272727273,43.666666666666664,139.622,179.625,2034.1458333333333,0.0625,1.9333333333333333,Medium
BSNL,F,33,Telangana,Hyderabad,4,141685.0,72,39,2730.0,0,2029,11,4,26-35,111,Low Usage,0.026363969242035885,0.5342465753424658,37.397260273972606,37.0,113.73,80.29411764705883,4167.205882352941,0.11764705882352941,1.8,Very Low
Reliance Jio,M,64,Chhattisgarh,Bangalore,3,84943.0,9,42,8721.0,0,2029,11,4,56+,51,High Usage,0.0010318734235267141,4.2,872.1,17.0,59.721000000000004,134.16923076923078,1306.8153846153846,0.046153846153846156,0.20930232558139536,Medium
BSNL,M,60,Uttarakhand,Bangalore,3,103438.0,78,20,9340.0,0,2029,11,4,56+,98,High Usage,0.00835028369553581,0.25316455696202533,118.22784810126582,32.666666666666664,107.34,153.11475409836066,1695.704918032787,0.04918032786885246,3.7142857142857144,High
Reliance Jio,F,60,Rajasthan,Hyderabad,0,72495.0,86,6,7342.0,0,2029,11,4,56+,92,High Usage,0.011711834400108947,0.06896551724137931,84.39080459770115,30.666666666666668,99.342,120.36065573770492,1188.4426229508197,0.0,12.285714285714286,Medium
Airtel,M,63,Haryana,Hyderabad,0,52683.0,18,10,3069.0,0,2029,11,4,56+,28,Low Usage,0.005863192182410423,0.5263157894736842,161.52631578947367,9.333333333333334,31.069,47.953125,823.171875,0.0,1.6363636363636365,Low
BSNL,M,63,West Bengal,Hyderabad,3,120788.0,21,21,8316.0,0,2029,11,4,56+,42,High Usage,0.0025249488998436934,0.9545454545454546,378.0,14.0,50.316,129.9375,1887.3125,0.046875,0.9545454545454546,Medium
Airtel,M,29,Arunachal Pradesh,Chennai,2,66061.0,54,1,8176.0,0,2029,11,4,26-35,55,High Usage,0.006603888956830133,0.01818181818181818,148.65454545454546,18.333333333333332,63.176,272.53333333333336,2202.0333333333333,0.06666666666666667,27.0,Medium
BSNL,F,38,Mizoram,Kolkata,3,98314.0,37,43,4711.0,0,2029,11,4,36-45,80,Medium Usage,0.007852292020373514,1.131578947368421,123.97368421052632,26.666666666666668,84.711,120.7948717948718,2520.871794871795,0.07692307692307693,0.8409090909090909,Low
Airtel,F,56,Manipur,Bangalore,3,20914.0,39,37,5375.0,1,2029,11,4,56+,76,Medium Usage,0.007254464285714286,0.925,134.375,25.333333333333332,81.375,94.29824561403508,366.9122807017544,0.05263157894736842,1.0263157894736843,Low
BSNL,M,43,Manipur,Bangalore,2,127619.0,70,9,4347.0,1,2029,11,4,36-45,79,Medium Usage,0.01609935602575897,0.1267605633802817,61.225352112676056,26.333333333333332,83.347,98.79545454545455,2900.431818181818,0.045454545454545456,7.0,Low
BSNL,M,63,Tripura,Hyderabad,3,100631.0,97,9,3451.0,0,2029,11,4,56+,106,Low Usage,0.02809965237543453,0.09183673469387756,35.214285714285715,35.333333333333336,109.451,53.921875,1572.359375,0.046875,9.7,Low
Airtel,M,59,Gujarat,Mumbai,0,63047.0,0,39,7111.0,0,2029,11,4,56+,39,High Usage,0.0,39.0,7111.0,13.0,46.111,118.51666666666667,1050.7833333333333,0.0,0.0,Medium
Reliance Jio,M,70,Telangana,Mumbai,1,92695.0,78,39,1579.0,0,2029,11,4,56+,117,Low Usage,0.049367088607594936,0.4936708860759494,19.9873417721519,39.0,118.579,22.239436619718308,1305.5633802816901,0.014084507042253521,1.95,Very Low
Reliance Jio,F,69,Haryana,Delhi,4,52815.0,50,28,5049.0,1,2029,11,4,56+,78,Medium Usage,0.009900990099009901,0.5490196078431373,99.0,26.0,83.049,72.12857142857143,754.5,0.05714285714285714,1.7241379310344827,Low
BSNL,F,70,Tripura,Kolkata,4,137267.0,50,37,8207.0,0,2029,11,4,56+,87,High Usage,0.0060916179337231965,0.7254901960784313,160.92156862745097,29.0,95.207,115.59154929577464,1933.338028169014,0.056338028169014086,1.3157894736842106,Medium
Reliance Jio,M,35,Tripura,Kolkata,1,78588.0,51,48,1481.0,0,2029,11,4,26-35,99,Low Usage,0.03441295546558704,0.9230769230769231,28.48076923076923,33.0,100.481,41.138888888888886,2183.0,0.027777777777777776,1.0408163265306123,Very Low
BSNL,M,38,Bihar,Hyderabad,2,141130.0,61,21,6765.0,0,2029,11,4,36-45,82,High Usage,0.009015666568134791,0.3387096774193548,109.11290322580645,27.333333333333332,88.765,173.46153846153845,3618.7179487179487,0.05128205128205128,2.772727272727273,Medium
Reliance Jio,F,47,Telangana,Chennai,2,108081.0,92,43,3043.0,0,2029,11,4,46-55,135,Low Usage,0.030223390275952694,0.46236559139784944,32.72043010752688,45.0,138.043,63.395833333333336,2251.6875,0.041666666666666664,2.090909090909091,Low
Vodafone,M,20,Uttar Pradesh,Bangalore,1,90461.0,14,53,9163.0,1,2029,11,4,18-25,67,High Usage,0.0015277171540811873,3.533333333333333,610.8666666666667,22.333333333333332,76.163,436.3333333333333,4307.666666666667,0.047619047619047616,0.25925925925925924,High
Airtel,M,21,Bihar,Chennai,1,78578.0,10,10,10487.0,0,2029,11,4,18-25,20,High Usage,0.0009534706331045003,0.9090909090909091,953.3636363636364,6.666666666666667,30.487000000000002,476.6818181818182,3571.7272727272725,0.045454545454545456,0.9090909090909091,High
Reliance Jio,F,36,Tamil Nadu,Bangalore,4,34574.0,11,2,924.0,1,2029,11,4,36-45,13,Low Usage,0.011891891891891892,0.16666666666666666,77.0,4.333333333333333,13.924,24.972972972972972,934.4324324324324,0.10810810810810811,3.6666666666666665,Very Low
Airtel,F,23,Rajasthan,Hyderabad,2,108425.0,90,23,1619.0,0,2029,11,4,18-25,113,Low Usage,0.05555555555555555,0.25274725274725274,17.791208791208792,37.666666666666664,114.619,67.45833333333333,4517.708333333333,0.08333333333333333,3.75,Very Low
Airtel,M,73,Uttar Pradesh,Mumbai,2,80209.0,81,26,9015.0,0,2029,11,4,56+,107,High Usage,0.008984028393966283,0.3170731707317073,109.9390243902439,35.666666666666664,116.015,121.82432432432432,1083.9054054054054,0.02702702702702703,3.0,High
Vodafone,M,29,Jharkhand,Kolkata,2,42210.0,0,12,914.0,0,2029,11,4,26-35,12,Low Usage,0.0,12.0,914.0,4.0,12.914,30.466666666666665,1407.0,0.06666666666666667,0.0,Very Low
Vodafone,M,18,Haryana,Chennai,4,38185.0,85,10,10093.0,0,2029,11,4,18-25,95,High Usage,0.008420844065781653,0.11627906976744186,117.36046511627907,31.666666666666668,105.093,531.2105263157895,2009.7368421052631,0.21052631578947367,7.7272727272727275,High
BSNL,F,47,Haryana,Chennai,4,31500.0,79,49,5107.0,0,2029,11,4,46-55,128,Medium Usage,0.015465935787000782,0.6125,63.8375,42.666666666666664,133.107,106.39583333333333,656.25,0.08333333333333333,1.58,Low
BSNL,F,66,Sikkim,Bangalore,0,130690.0,54,30,6811.0,1,2029,11,4,56+,84,High Usage,0.007927187316500293,0.5454545454545454,123.83636363636364,28.0,90.811,101.65671641791045,1950.597014925373,0.0,1.7419354838709677,Medium
Reliance Jio,M,29,Jharkhand,Mumbai,1,120981.0,28,50,8954.0,0,2029,11,4,26-35,78,High Usage,0.0031267448352875486,1.7241379310344827,308.7586206896552,26.0,86.95400000000001,298.46666666666664,4032.7,0.03333333333333333,0.5490196078431373,Medium
Reliance Jio,M,74,Gujarat,Delhi,1,28234.0,60,15,405.0,0,2029,11,4,56+,75,Low Usage,0.1477832512315271,0.2459016393442623,6.639344262295082,25.0,75.405,5.4,376.4533333333333,0.013333333333333334,3.75,Very Low
Airtel,M,37,Odisha,Delhi,0,34446.0,47,14,1248.0,0,2029,11,4,36-45,61,Low Usage,0.03763010408326661,0.2916666666666667,26.0,20.333333333333332,62.248,32.8421052631579,906.4736842105264,0.0,3.1333333333333333,Very Low
Reliance Jio,M,42,Himachal Pradesh,Kolkata,4,138760.0,8,38,3850.0,0,2029,12,4,36-45,46,Medium Usage,0.002077382498052454,4.222222222222222,427.77777777777777,15.333333333333334,49.85,89.53488372093024,3226.9767441860463,0.09302325581395349,0.20512820512820512,Low
Airtel,M,58,Tamil Nadu,Mumbai,2,73778.0,50,37,3913.0,0,2029,12,4,56+,87,Medium Usage,0.012774655084312723,0.7254901960784313,76.72549019607843,29.0,90.913,66.32203389830508,1250.4745762711864,0.03389830508474576,1.3157894736842106,Low
BSNL,M,35,Rajasthan,Bangalore,0,33292.0,51,52,5049.0,0,2029,12,4,26-35,103,Medium Usage,0.0100990099009901,1.0,97.09615384615384,34.333333333333336,108.049,140.25,924.7777777777778,0.0,0.9622641509433962,Low
Vodafone,F,31,Meghalaya,Kolkata,0,93279.0,48,44,131.0,1,2029,12,4,26-35,92,Low Usage,0.36363636363636365,0.8979591836734694,2.673469387755102,30.666666666666668,92.131,4.09375,2914.96875,0.0,1.0666666666666667,Very Low
Airtel,M,31,Uttar Pradesh,Delhi,4,24379.0,4,9,8864.0,0,2029,12,4,26-35,13,High Usage,0.0004512126339537507,1.8,1772.8,4.333333333333333,21.864,277.0,761.84375,0.125,0.4,Medium
Vodafone,M,64,West Bengal,Delhi,4,135259.0,41,41,1217.0,1,2029,12,4,56+,82,Low Usage,0.03366174055829228,0.9761904761904762,28.976190476190474,27.333333333333332,83.217,18.723076923076924,2080.9076923076923,0.06153846153846154,0.9761904761904762,Very Low
Reliance Jio,M,36,Jharkhand,Bangalore,3,89028.0,88,36,8333.0,1,2029,12,4,36-45,124,High Usage,0.010559155267578594,0.4044943820224719,93.62921348314607,41.333333333333336,132.333,225.21621621621622,2406.162162162162,0.08108108108108109,2.3783783783783785,Medium
Vodafone,M,18,West Bengal,Bangalore,0,127134.0,0,26,7384.0,0,2029,12,4,18-25,26,High Usage,0.0,26.0,7384.0,8.666666666666666,33.384,388.63157894736844,6691.263157894737,0.0,0.0,Medium
Reliance Jio,F,27,Sikkim,Delhi,3,136562.0,85,8,7544.0,0,2029,12,4,26-35,93,High Usage,0.01126573889993373,0.09302325581395349,87.72093023255815,31.0,100.544,269.42857142857144,4877.214285714285,0.10714285714285714,9.444444444444445,Medium
Vodafone,M,28,Manipur,Hyderabad,4,104141.0,80,23,4963.0,0,2029,12,4,26-35,103,Medium Usage,0.016116035455278,0.2839506172839506,61.27160493827161,34.333333333333336,107.963,171.13793103448276,3591.0689655172414,0.13793103448275862,3.3333333333333335,Low
BSNL,F,25,Karnataka,Hyderabad,4,28337.0,76,41,1505.0,0,2029,12,4,18-25,117,Low Usage,0.05046480743691899,0.5324675324675324,19.545454545454547,39.0,118.505,57.88461538461539,1089.8846153846155,0.15384615384615385,1.8095238095238095,Very Low
BSNL,F,63,Nagaland,Chennai,0,130655.0,92,44,7402.0,0,2029,12,4,56+,136,High Usage,0.012427394299608267,0.4731182795698925,79.59139784946237,45.333333333333336,143.402,115.65625,2041.484375,0.0,2.0444444444444443,Medium
Vodafone,M,26,Andhra Pradesh,Kolkata,2,47992.0,24,36,2072.0,0,2029,12,4,26-35,60,Low Usage,0.011577424023154847,1.44,82.88,20.0,62.072,76.74074074074075,1777.4814814814815,0.07407407407407407,0.6486486486486487,Very Low
BSNL,F,33,Arunachal Pradesh,Mumbai,1,82545.0,56,38,10405.0,0,2029,12,4,26-35,94,High Usage,0.005381510666922929,0.6666666666666666,182.5438596491228,31.333333333333332,104.405,306.02941176470586,2427.794117647059,0.029411764705882353,1.435897435897436,High
Reliance Jio,M,73,Haryana,Bangalore,0,116094.0,69,30,8674.0,0,2029,12,4,56+,99,High Usage,0.007953890489913545,0.42857142857142855,123.91428571428571,33.0,107.674,117.21621621621621,1568.837837837838,0.0,2.225806451612903,Medium
Airtel,F,71,Nagaland,Chennai,2,116175.0,58,12,5137.0,0,2029,12,4,56+,70,Medium Usage,0.011288439081354613,0.2033898305084746,87.0677966101695,23.333333333333332,75.137,71.34722222222223,1613.5416666666667,0.027777777777777776,4.461538461538462,Low
Airtel,M,35,Kerala,Kolkata,0,107317.0,12,8,4122.0,0,2029,12,4,26-35,20,Medium Usage,0.002910502061605627,0.6153846153846154,317.0769230769231,6.666666666666667,24.122,114.5,2981.027777777778,0.0,1.3333333333333333,Low
Airtel,F,32,Haryana,Delhi,0,48517.0,45,34,8640.0,0,2029,12,4,26-35,79,High Usage,0.005207730586737646,0.7391304347826086,187.82608695652175,26.333333333333332,87.64,261.8181818181818,1470.2121212121212,0.0,1.2857142857142858,Medium
Reliance Jio,F,74,Rajasthan,Mumbai,2,56587.0,38,45,1525.0,1,2029,12,4,56+,83,Low Usage,0.02490170380078637,1.1538461538461537,39.1025641025641,27.666666666666668,84.525,20.333333333333332,754.4933333333333,0.02666666666666667,0.8260869565217391,Very Low
Reliance Jio,M,30,West Bengal,Hyderabad,1,34063.0,59,41,5241.0,0,2029,12,4,26-35,100,Medium Usage,0.011255246089278902,0.6833333333333333,87.35,33.333333333333336,105.241,169.06451612903226,1098.8064516129032,0.03225806451612903,1.4047619047619047,Low
Airtel,F,27,Telangana,Delhi,1,85810.0,44,26,2556.0,0,2029,12,4,26-35,70,Low Usage,0.017207665232694565,0.5777777777777777,56.8,23.333333333333332,72.556,91.28571428571429,3064.6428571428573,0.03571428571428571,1.6296296296296295,Very Low
Vodafone,M,22,Telangana,Delhi,2,58937.0,41,12,8628.0,0,2029,12,4,18-25,53,High Usage,0.004751419631475258,0.2857142857142857,205.42857142857142,17.666666666666668,61.628,375.1304347826087,2562.478260869565,0.08695652173913043,3.1538461538461537,Medium
Reliance Jio,F,28,Haryana,Hyderabad,4,65093.0,32,26,4147.0,0,2029,12,4,26-35,58,Medium Usage,0.007714561234329798,0.7878787878787878,125.66666666666667,19.333333333333332,62.147,143.0,2244.5862068965516,0.13793103448275862,1.1851851851851851,Low
Reliance Jio,F,51,Meghalaya,Delhi,2,96708.0,46,16,5049.0,0,2029,12,4,46-55,62,Medium Usage,0.009108910891089108,0.3404255319148936,107.42553191489361,20.666666666666668,67.049,97.09615384615384,1859.7692307692307,0.038461538461538464,2.7058823529411766,Low
Vodafone,M,22,Kerala,Bangalore,1,40874.0,19,1,1343.0,0,2029,12,4,18-25,20,Low Usage,0.014136904761904762,0.05,67.15,6.666666666666667,21.343,58.391304347826086,1777.1304347826087,0.043478260869565216,9.5,Very Low
Airtel,M,51,Sikkim,Mumbai,1,76994.0,88,29,6922.0,0,2029,12,4,46-55,117,High Usage,0.012711252347248302,0.3258426966292135,77.7752808988764,39.0,123.922,133.1153846153846,1480.6538461538462,0.019230769230769232,2.933333333333333,Medium
BSNL,F,33,Assam,Mumbai,0,115406.0,17,9,1991.0,0,2029,12,4,26-35,26,Low Usage,0.00853413654618474,0.5,110.61111111111111,8.666666666666666,27.991,58.55882352941177,3394.294117647059,0.0,1.7,Very Low
Reliance Jio,M,66,Telangana,Kolkata,3,66415.0,96,40,7839.0,0,2029,12,4,56+,136,High Usage,0.012244897959183673,0.41237113402061853,80.81443298969072,45.333333333333336,143.839,117.0,991.2686567164179,0.04477611940298507,2.341463414634146,Medium
Airtel,M,25,Chhattisgarh,Mumbai,2,38273.0,36,31,8536.0,0,2029,12,4,18-25,67,High Usage,0.004216938034438327,0.8378378378378378,230.7027027027027,22.333333333333332,75.536,328.3076923076923,1472.0384615384614,0.07692307692307693,1.125,Medium
Airtel,F,56,Manipur,Hyderabad,1,49247.0,50,31,6168.0,1,2029,12,4,56+,81,Medium Usage,0.008105041335710812,0.6078431372549019,120.94117647058823,27.0,87.168,108.21052631578948,863.9824561403509,0.017543859649122806,1.5625,Medium
Reliance Jio,M,62,Chhattisgarh,Hyderabad,0,95429.0,13,18,6222.0,0,2029,12,4,56+,31,Medium Usage,0.0020890245862124376,1.2857142857142858,444.42857142857144,10.333333333333334,37.222,98.76190476190476,1514.7460317460318,0.0,0.6842105263157895,Medium
BSNL,M,53,Uttar Pradesh,Delhi,3,132288.0,50,20,1269.0,0,2030,1,1,46-55,70,Low Usage,0.03937007874015748,0.39215686274509803,24.88235294117647,23.333333333333332,71.269,23.5,2449.777777777778,0.05555555555555555,2.380952380952381,Very Low
Vodafone,M,71,Bihar,Bangalore,2,47816.0,81,13,10265.0,0,2030,1,1,56+,94,High Usage,0.007890122735242549,0.15853658536585366,125.1829268292683,31.333333333333332,104.265,142.56944444444446,664.1111111111111,0.027777777777777776,5.785714285714286,High
Reliance Jio,M,52,Karnataka,Chennai,2,45831.0,43,17,9043.0,1,2030,1,1,46-55,60,High Usage,0.00475453339230429,0.38636363636363635,205.52272727272728,20.0,69.043,170.62264150943398,864.7358490566038,0.03773584905660377,2.388888888888889,High
Vodafone,F,58,West Bengal,Kolkata,0,106257.0,19,26,8382.0,1,2030,1,1,56+,45,High Usage,0.002266491709411905,1.3,419.1,15.0,53.382,142.0677966101695,1800.9661016949153,0.0,0.7037037037037037,Medium
BSNL,M,52,Kerala,Kolkata,3,96100.0,74,20,1082.0,1,2030,1,1,46-55,94,Low Usage,0.06832871652816251,0.26666666666666666,14.426666666666666,31.333333333333332,95.082,20.41509433962264,1813.2075471698113,0.05660377358490566,3.5238095238095237,Very Low
BSNL,F,68,Maharashtra,Hyderabad,3,21612.0,28,27,7981.0,1,2030,1,1,56+,55,High Usage,0.003507892758707091,0.9310344827586207,275.2068965517241,18.333333333333332,62.981,115.66666666666667,313.2173913043478,0.043478260869565216,1.0,Medium
Vodafone,F,53,Telangana,Chennai,3,103469.0,79,42,1822.0,0,2030,1,1,46-55,121,Low Usage,0.04333516182117389,0.525,22.775,40.333333333333336,122.822,33.74074074074074,1916.0925925925926,0.05555555555555555,1.8372093023255813,Very Low
Airtel,F,28,Uttarakhand,Chennai,0,149083.0,99,18,2818.0,0,2030,1,1,26-35,117,Low Usage,0.03511883646683221,0.18,28.18,39.0,119.818,97.17241379310344,5140.793103448276,0.0,5.2105263157894735,Very Low
Airtel,F,66,Sikkim,Mumbai,2,141170.0,21,27,8029.0,0,2030,1,1,56+,48,High Usage,0.00261519302615193,1.2272727272727273,364.95454545454544,16.0,56.028999999999996,119.83582089552239,2107.0149253731342,0.029850746268656716,0.75,Medium
Airtel,M,43,Bihar,Bangalore,1,135675.0,84,25,5630.0,0,2030,1,1,36-45,109,Medium Usage,0.014917421417155035,0.29411764705882354,66.23529411764706,36.333333333333336,114.63,127.95454545454545,3083.5227272727275,0.022727272727272728,3.230769230769231,Low
Airtel,M,25,Rajasthan,Bangalore,1,125909.0,83,29,3597.0,1,2030,1,1,18-25,112,Medium Usage,0.023068371317398556,0.34523809523809523,42.82142857142857,37.333333333333336,115.597,138.34615384615384,4842.653846153846,0.038461538461538464,2.7666666666666666,Low
Airtel,F,20,Chhattisgarh,Bangalore,0,120501.0,65,43,2389.0,1,2030,1,1,18-25,108,Low Usage,0.027196652719665274,0.6515151515151515,36.196969696969695,36.0,110.389,113.76190476190476,5738.142857142857,0.0,1.4772727272727273,Very Low
Reliance Jio,F,41,Tamil Nadu,Mumbai,2,93119.0,16,13,6296.0,0,2030,1,1,36-45,29,Medium Usage,0.002540892488486581,0.7647058823529411,370.3529411764706,9.666666666666666,35.296,149.9047619047619,2217.1190476190477,0.047619047619047616,1.1428571428571428,Medium
Airtel,F,70,Chhattisgarh,Kolkata,4,40358.0,95,44,3045.0,0,2030,1,1,56+,139,Low Usage,0.03118844386080105,0.4583333333333333,31.71875,46.333333333333336,142.045,42.88732394366197,568.4225352112676,0.056338028169014086,2.111111111111111,Low
Airtel,F,37,Manipur,Kolkata,0,24617.0,65,32,6392.0,0,2030,1,1,36-45,97,Medium Usage,0.010167370561551698,0.48484848484848486,96.84848484848484,32.333333333333336,103.392,168.21052631578948,647.8157894736842,0.0,1.9696969696969697,Medium
Vodafone,M,35,Punjab,Kolkata,0,125916.0,20,30,6245.0,1,2030,1,1,26-35,50,Medium Usage,0.003202049311559398,1.4285714285714286,297.3809523809524,16.666666666666668,56.245,173.47222222222223,3497.6666666666665,0.0,0.6451612903225806,Medium
Vodafone,F,31,Assam,Bangalore,0,66393.0,23,26,6896.0,0,2030,1,1,26-35,49,High Usage,0.003334783239089459,1.0833333333333333,287.3333333333333,16.333333333333332,55.896,215.5,2074.78125,0.0,0.8518518518518519,Medium
Airtel,F,36,Goa,Mumbai,2,39071.0,63,36,7530.0,0,2030,1,1,36-45,99,High Usage,0.008365422918603108,0.5625,117.65625,33.0,106.53,203.51351351351352,1055.972972972973,0.05405405405405406,1.7027027027027026,Medium
Vodafone,F,53,Assam,Chennai,2,46324.0,38,38,4232.0,0,2030,1,1,46-55,76,Medium Usage,0.008977084809827545,0.9743589743589743,108.51282051282051,25.333333333333332,80.232,78.37037037037037,857.8518518518518,0.037037037037037035,0.9743589743589743,Low
Airtel,M,70,Bihar,Mumbai,0,108903.0,83,14,7610.0,0,2030,1,1,56+,97,High Usage,0.01090526869005387,0.16666666666666666,90.5952380952381,32.333333333333336,104.61,107.1830985915493,1533.8450704225352,0.0,5.533333333333333,Medium
Airtel,M,18,Meghalaya,Kolkata,2,110486.0,47,30,3123.0,0,2030,1,1,18-25,77,Low Usage,0.015044814340588988,0.625,65.0625,25.666666666666668,80.123,164.3684210526316,5815.0526315789475,0.10526315789473684,1.5161290322580645,Low
BSNL,F,35,Haryana,Bangalore,3,97701.0,68,31,3295.0,0,2030,1,1,26-35,99,Low Usage,0.02063106796116505,0.4492753623188406,47.7536231884058,33.0,102.295,91.52777777777777,2713.9166666666665,0.08333333333333333,2.125,Low
Vodafone,F,70,Tamil Nadu,Delhi,0,119220.0,5,27,1951.0,0,2030,1,1,56+,32,Low Usage,0.0025614754098360654,4.5,325.1666666666667,10.666666666666666,33.951,27.47887323943662,1679.1549295774648,0.0,0.17857142857142858,Very Low
BSNL,M,40,Himachal Pradesh,Mumbai,1,50406.0,106,3,6170.0,1,2030,1,1,36-45,109,Medium Usage,0.017177118781396855,0.028037383177570093,57.66355140186916,36.333333333333336,115.17,150.4878048780488,1229.4146341463415,0.024390243902439025,26.5,Medium
Reliance Jio,M,19,Tamil Nadu,Kolkata,3,34816.0,33,31,4611.0,0,2030,1,1,18-25,64,Medium Usage,0.0071552471812662615,0.9117647058823529,135.61764705882354,21.333333333333332,68.611,230.55,1740.8,0.15,1.03125,Low
Vodafone,M,52,Uttar Pradesh,Mumbai,2,112504.0,83,34,7940.0,0,2030,1,1,46-55,117,High Usage,0.01045208412038786,0.40476190476190477,94.52380952380952,39.0,124.94,149.81132075471697,2122.7169811320755,0.03773584905660377,2.3714285714285714,Medium
BSNL,M,36,Haryana,Hyderabad,0,80020.0,51,0,3688.0,0,2030,1,1,36-45,51,Medium Usage,0.013824884792626729,0.0,70.92307692307692,17.0,54.688,99.67567567567568,2162.7027027027025,0.0,51.0,Low
BSNL,M,36,Madhya Pradesh,Chennai,2,77483.0,21,28,7470.0,1,2030,1,1,36-45,49,High Usage,0.002810868692276804,1.2727272727272727,339.54545454545456,16.333333333333332,56.47,201.8918918918919,2094.135135135135,0.05405405405405406,0.7241379310344828,Medium
Airtel,F,38,Himachal Pradesh,Chennai,2,111016.0,52,31,2924.0,1,2030,1,1,36-45,83,Low Usage,0.017777777777777778,0.5849056603773585,55.16981132075472,27.666666666666668,85.924,74.97435897435898,2846.5641025641025,0.05128205128205128,1.625,Very Low
Vodafone,M,51,Uttarakhand,Bangalore,0,41811.0,41,41,4672.0,0,2030,1,1,46-55,82,Medium Usage,0.008773806976246523,0.9761904761904762,111.23809523809524,27.333333333333332,86.672,89.84615384615384,804.0576923076923,0.0,0.9761904761904762,Low
Vodafone,M,39,Gujarat,Bangalore,2,116274.0,77,44,2903.0,0,2030,1,1,36-45,121,Low Usage,0.026515151515151516,0.5641025641025641,37.217948717948715,40.333333333333336,123.903,72.575,2906.85,0.05,1.711111111111111,Very Low
BSNL,M,55,Madhya Pradesh,Bangalore,3,26123.0,37,32,365.0,0,2030,2,1,46-55,69,Low Usage,0.10109289617486339,0.8421052631578947,9.605263157894736,23.0,69.365,6.517857142857143,466.48214285714283,0.05357142857142857,1.121212121212121,Very Low
Vodafone,F,42,Meghalaya,Chennai,2,116800.0,60,46,3277.0,0,2030,2,1,36-45,106,Low Usage,0.018303843807199512,0.7540983606557377,53.721311475409834,35.333333333333336,109.277,76.20930232558139,2716.279069767442,0.046511627906976744,1.2765957446808511,Low
BSNL,M,38,Assam,Chennai,0,47743.0,105,27,6246.0,1,2030,2,1,36-45,132,Medium Usage,0.01680806787257884,0.25471698113207547,58.924528301886795,44.0,138.246,160.15384615384616,1224.179487179487,0.0,3.75,Medium
Reliance Jio,M,28,Andhra Pradesh,Delhi,2,47276.0,83,12,7359.0,0,2030,2,1,26-35,95,High Usage,0.011277173913043479,0.14285714285714285,87.60714285714286,31.666666666666668,102.359,253.75862068965517,1630.2068965517242,0.06896551724137931,6.384615384615385,Medium
Reliance Jio,F,18,Jharkhand,Hyderabad,0,36901.0,24,28,10301.0,0,2030,2,1,18-25,52,High Usage,0.0023296447291788003,1.12,412.04,17.333333333333332,62.301,542.1578947368421,1942.157894736842,0.0,0.8275862068965517,High
BSNL,F,37,Uttar Pradesh,Bangalore,2,113286.0,74,6,3797.0,0,2030,2,1,36-45,80,Medium Usage,0.019483938915218536,0.08,50.626666666666665,26.666666666666668,83.797,99.92105263157895,2981.2105263157896,0.05263157894736842,10.571428571428571,Low
BSNL,F,30,Goa,Bangalore,3,33820.0,39,46,4114.0,0,2030,2,1,26-35,85,Medium Usage,0.009477521263669502,1.15,102.85,28.333333333333332,89.114,132.70967741935485,1090.967741935484,0.0967741935483871,0.8297872340425532,Low
Vodafone,M,73,Nagaland,Hyderabad,1,113637.0,91,30,3956.0,0,2030,2,1,56+,121,Medium Usage,0.022997220116249686,0.32608695652173914,43.0,40.333333333333336,124.956,53.45945945945946,1535.6351351351352,0.013513513513513514,2.935483870967742,Low
Airtel,M,21,Karnataka,Bangalore,4,71362.0,52,47,5049.0,0,2030,2,1,18-25,99,Medium Usage,0.010297029702970298,0.8867924528301887,95.26415094339623,33.0,104.049,229.5,3243.7272727272725,0.18181818181818182,1.0833333333333333,Low
Airtel,M,74,Gujarat,Hyderabad,0,138991.0,22,16,7972.0,0,2030,2,1,56+,38,High Usage,0.002759312680295999,0.6956521739130435,346.60869565217394,12.666666666666666,45.972,106.29333333333334,1853.2133333333334,0.0,1.2941176470588236,Medium
Airtel,F,51,Madhya Pradesh,Bangalore,1,50693.0,88,29,3465.0,0,2030,2,1,46-55,117,Low Usage,0.025389497980380843,0.3258426966292135,38.93258426966292,39.0,120.465,66.63461538461539,974.8653846153846,0.019230769230769232,2.933333333333333,Low
Airtel,M,58,Tripura,Hyderabad,1,32959.0,36,25,6660.0,0,2030,2,1,56+,61,High Usage,0.0054045939048190965,0.6756756756756757,180.0,20.333333333333332,67.66,112.88135593220339,558.6271186440678,0.01694915254237288,1.3846153846153846,Medium
Airtel,M,54,Madhya Pradesh,Mumbai,0,96935.0,101,28,1211.0,0,2030,2,1,46-55,129,Low Usage,0.08333333333333333,0.27450980392156865,11.872549019607844,43.0,130.211,22.01818181818182,1762.4545454545455,0.0,3.4827586206896552,Very Low
BSNL,F,44,Nagaland,Chennai,4,147656.0,79,4,1831.0,0,2030,2,1,36-45,83,Low Usage,0.04312227074235808,0.05,22.8875,27.666666666666668,84.831,40.68888888888889,3281.2444444444445,0.08888888888888889,15.8,Very Low
Airtel,M,69,Uttarakhand,Delhi,3,72349.0,108,25,5509.0,0,2030,2,1,56+,133,Medium Usage,0.019600725952813067,0.22935779816513763,50.54128440366973,44.333333333333336,138.50900000000001,78.7,1033.557142857143,0.04285714285714286,4.153846153846154,Low
BSNL,M,45,Himachal Pradesh,Mumbai,0,112174.0,40,32,4922.0,1,2030,2,1,36-45,72,Medium Usage,0.008125126955108674,0.7804878048780488,120.04878048780488,24.0,76.922,107.0,2438.5652173913045,0.0,1.2121212121212122,Low
Reliance Jio,M,56,Uttarakhand,Delhi,1,117980.0,86,1,7675.0,0,2030,2,1,56+,87,High Usage,0.011203751954142784,0.011494252873563218,88.2183908045977,29.0,94.675,134.64912280701753,2069.8245614035086,0.017543859649122806,43.0,Medium
Vodafone,F,30,Telangana,Hyderabad,3,147457.0,54,48,1486.0,0,2030,2,1,26-35,102,Low Usage,0.0363147276395427,0.8727272727272727,27.01818181818182,34.0,103.486,47.935483870967744,4756.677419354839,0.0967741935483871,1.1020408163265305,Very Low
Vodafone,F,74,Sikkim,Chennai,2,113074.0,38,42,894.0,0,2030,2,1,56+,80,Low Usage,0.042458100558659215,1.0769230769230769,22.923076923076923,26.666666666666668,80.894,11.92,1507.6533333333334,0.02666666666666667,0.8837209302325582,Very Low
BSNL,M,59,Bihar,Mumbai,3,72573.0,75,18,1877.0,1,2030,2,1,56+,93,Low Usage,0.039936102236421724,0.23684210526315788,24.69736842105263,31.0,94.877,31.283333333333335,1209.55,0.05,3.9473684210526314,Very Low
Vodafone,M,44,Rajasthan,Kolkata,0,40094.0,90,10,662.0,0,2030,2,1,36-45,100,Low Usage,0.13574660633484162,0.10989010989010989,7.274725274725275,33.333333333333336,100.662,14.71111111111111,890.9777777777778,0.0,8.181818181818182,Very Low
Airtel,M,20,Odisha,Delhi,0,102745.0,26,12,10425.0,0,2030,2,1,18-25,38,High Usage,0.0024937655860349127,0.4444444444444444,386.1111111111111,12.666666666666666,48.425,496.42857142857144,4892.619047619048,0.0,2.0,High
Reliance Jio,M,40,Andhra Pradesh,Bangalore,4,57398.0,86,39,128.0,1,2030,2,1,36-45,125,Low Usage,0.6666666666666666,0.4482758620689655,1.471264367816092,41.666666666666664,125.128,3.1219512195121952,1399.9512195121952,0.0975609756097561,2.15,Very Low
BSNL,F,70,Goa,Mumbai,2,57616.0,29,26,8516.0,0,2030,2,1,56+,55,High Usage,0.0034049547962897732,0.8666666666666667,283.8666666666667,18.333333333333332,63.516,119.94366197183099,811.4929577464789,0.028169014084507043,1.0740740740740742,Medium
Airtel,M,46,West Bengal,Hyderabad,1,122503.0,89,41,6416.0,0,2030,2,1,46-55,130,Medium Usage,0.01386940938133084,0.45555555555555555,71.28888888888889,43.333333333333336,136.416,136.51063829787233,2606.446808510638,0.02127659574468085,2.119047619047619,Medium
Reliance Jio,F,48,Maharashtra,Delhi,1,39107.0,3,39,5049.0,0,2030,2,1,46-55,42,Medium Usage,0.000594059405940594,9.75,1262.25,14.0,47.049,103.04081632653062,798.1020408163265,0.02040816326530612,0.075,Low
Vodafone,M,68,Meghalaya,Hyderabad,3,46274.0,68,9,7764.0,0,2030,2,1,56+,77,High Usage,0.00875724404378622,0.13043478260869565,112.52173913043478,25.666666666666668,84.764,112.52173913043478,670.6376811594203,0.043478260869565216,6.8,Medium
Airtel,M,22,Karnataka,Chennai,2,103869.0,82,21,2145.0,1,2030,2,1,18-25,103,Low Usage,0.03821062441752097,0.25301204819277107,25.843373493975903,34.333333333333336,105.145,93.26086956521739,4516.04347826087,0.08695652173913043,3.727272727272727,Very Low
BSNL,M,18,Himachal Pradesh,Delhi,1,32280.0,4,26,1591.0,0,2030,3,1,18-25,30,Low Usage,0.002512562814070352,5.2,318.2,10.0,31.591,83.73684210526316,1698.9473684210527,0.05263157894736842,0.14814814814814814,Very Low
BSNL,M,42,Meghalaya,Kolkata,4,86508.0,39,11,4738.0,0,2030,3,1,36-45,50,Medium Usage,0.008229584300485334,0.275,118.45,16.666666666666668,54.738,110.18604651162791,2011.8139534883721,0.09302325581395349,3.25,Low
Reliance Jio,F,21,Jharkhand,Kolkata,0,75449.0,50,19,7250.0,0,2030,3,1,18-25,69,High Usage,0.006895600606812853,0.37254901960784315,142.15686274509804,23.0,76.25,329.54545454545456,3429.5,0.0,2.5,Medium
BSNL,M,24,Telangana,Delhi,3,89739.0,31,26,8200.0,0,2030,3,1,18-25,57,High Usage,0.0037800268259968297,0.8125,256.25,19.0,65.2,328.0,3589.56,0.12,1.1481481481481481,Medium
BSNL,M,47,Haryana,Bangalore,4,45528.0,75,25,7079.0,0,2030,3,1,46-55,100,High Usage,0.01059322033898305,0.32894736842105265,93.14473684210526,33.333333333333336,107.079,147.47916666666666,948.5,0.08333333333333333,2.8846153846153846,Medium
Vodafone,F,71,Madhya Pradesh,Chennai,0,102871.0,24,21,786.0,0,2030,3,1,56+,45,Low Usage,0.030495552731893267,0.84,31.44,15.0,45.786,10.916666666666666,1428.763888888889,0.0,1.0909090909090908,Very Low
BSNL,F,72,Punjab,Bangalore,2,53394.0,57,29,9108.0,1,2030,3,1,56+,86,High Usage,0.006257547480513778,0.5,157.0344827586207,28.666666666666668,95.108,124.76712328767124,731.4246575342465,0.0273972602739726,1.9,High
BSNL,F,38,Sikkim,Hyderabad,3,47717.0,86,38,5277.0,0,2030,3,1,36-45,124,Medium Usage,0.0162940507768094,0.4367816091954023,60.6551724137931,41.333333333333336,129.277,135.30769230769232,1223.5128205128206,0.07692307692307693,2.2051282051282053,Low
BSNL,M,54,Maharashtra,Chennai,2,48833.0,47,15,377.0,0,2030,3,1,46-55,62,Low Usage,0.12433862433862433,0.3125,7.854166666666667,20.666666666666668,62.377,6.8545454545454545,887.8727272727273,0.03636363636363636,2.9375,Very Low
BSNL,F,35,Meghalaya,Bangalore,2,112654.0,66,0,3173.0,0,2030,3,1,26-35,66,Low Usage,0.020793950850661626,0.0,47.35820895522388,22.0,69.173,88.13888888888889,3129.277777777778,0.05555555555555555,66.0,Low
Vodafone,F,22,Tripura,Delhi,4,80792.0,2,49,5158.0,0,2030,3,1,18-25,51,Medium Usage,0.0003876720294630742,16.333333333333332,1719.3333333333333,17.0,56.158,224.2608695652174,3512.695652173913,0.17391304347826086,0.04,Low
Reliance Jio,M,47,Gujarat,Bangalore,2,131268.0,23,16,8355.0,0,2030,3,1,46-55,39,High Usage,0.002752513164193394,0.6666666666666666,348.125,13.0,47.355000000000004,174.0625,2734.75,0.041666666666666664,1.3529411764705883,Medium
Reliance Jio,M,68,Andhra Pradesh,Bangalore,3,86050.0,78,43,1517.0,0,2030,3,1,56+,121,Low Usage,0.05138339920948617,0.5443037974683544,19.20253164556962,40.333333333333336,122.517,21.985507246376812,1247.1014492753623,0.043478260869565216,1.7727272727272727,Very Low
Vodafone,F,56,Nagaland,Hyderabad,2,21390.0,31,16,128.0,1,2030,3,1,56+,47,Low Usage,0.24031007751937986,0.5,4.0,15.666666666666666,47.128,2.245614035087719,375.2631578947368,0.03508771929824561,1.8235294117647058,Very Low
Airtel,F,51,Bihar,Chennai,2,141815.0,51,27,10138.0,0,2030,3,1,46-55,78,High Usage,0.005030081862116579,0.5192307692307693,194.96153846153845,26.0,88.138,194.96153846153845,2727.2115384615386,0.038461538461538464,1.8214285714285714,High
Reliance Jio,M,45,Himachal Pradesh,Hyderabad,1,28958.0,71,26,9392.0,0,2030,3,1,36-45,97,High Usage,0.007558820398168849,0.3611111111111111,130.44444444444446,32.333333333333336,106.392,204.17391304347825,629.5217391304348,0.021739130434782608,2.6296296296296298,High
BSNL,F,60,Tamil Nadu,Mumbai,1,91464.0,68,34,10.0,0,2030,3,1,56+,102,Low Usage,6.181818181818182,0.4927536231884058,0.14492753623188406,34.0,102.01,0.16393442622950818,1499.4098360655737,0.01639344262295082,1.9428571428571428,Very Low
Reliance Jio,M,65,Kerala,Hyderabad,0,32208.0,43,5,3501.0,0,2030,3,1,56+,48,Low Usage,0.012278697886921758,0.11363636363636363,79.56818181818181,16.0,51.501,53.04545454545455,488.0,0.0,7.166666666666667,Low
BSNL,M,71,Nagaland,Bangalore,0,26018.0,58,30,3924.0,0,2030,3,1,56+,88,Medium Usage,0.014777070063694267,0.5084745762711864,66.50847457627118,29.333333333333332,91.924,54.5,361.3611111111111,0.0,1.8709677419354838,Low
Reliance Jio,M,48,Manipur,Hyderabad,2,120689.0,57,44,8993.0,0,2030,3,1,46-55,101,High Usage,0.0063375583722481655,0.7586206896551724,155.05172413793105,33.666666666666664,109.993,183.53061224489795,2463.0408163265306,0.04081632653061224,1.2666666666666666,Medium
Vodafone,F,50,Madhya Pradesh,Mumbai,4,22815.0,40,42,8272.0,0,2030,3,1,46-55,82,High Usage,0.004835005439381119,1.024390243902439,201.7560975609756,27.333333333333332,90.272,162.19607843137254,447.3529411764706,0.0784313725490196,0.9302325581395349,Medium
Reliance Jio,F,27,Tripura,Hyderabad,2,104200.0,45,3,5939.0,0,2030,3,1,26-35,48,Medium Usage,0.007575757575757576,0.06521739130434782,129.1086956521739,16.0,53.939,212.10714285714286,3721.4285714285716,0.07142857142857142,11.25,Low
Reliance Jio,M,28,Uttar Pradesh,Chennai,0,43082.0,16,32,7501.0,0,2030,3,1,26-35,48,High Usage,0.0021327645961077045,1.8823529411764706,441.2352941176471,16.0,55.501,258.6551724137931,1485.5862068965516,0.0,0.48484848484848486,Medium
Vodafone,F,69,Uttar Pradesh,Kolkata,1,56862.0,41,30,4874.0,0,2030,3,1,56+,71,Medium Usage,0.00841025641025641,0.7142857142857143,116.04761904761905,23.666666666666668,75.874,69.62857142857143,812.3142857142857,0.014285714285714285,1.3225806451612903,Low
Airtel,M,45,Telangana,Chennai,4,110129.0,91,44,8163.0,1,2030,3,1,36-45,135,High Usage,0.011146496815286623,0.4782608695652174,88.72826086956522,45.0,143.163,177.45652173913044,2394.108695652174,0.08695652173913043,2.022222222222222,Medium
Vodafone,F,45,Jharkhand,Hyderabad,1,145180.0,54,10,2303.0,1,2030,3,1,36-45,64,Low Usage,0.0234375,0.18181818181818182,41.872727272727275,21.333333333333332,66.303,50.06521739130435,3156.086956521739,0.021739130434782608,4.909090909090909,Very Low
Vodafone,F,28,Uttarakhand,Mumbai,0,88858.0,82,44,4951.0,0,2030,3,1,26-35,126,Medium Usage,0.016558966074313407,0.5301204819277109,59.65060240963855,42.0,130.951,170.72413793103448,3064.0689655172414,0.0,1.8222222222222222,Low
Vodafone,M,26,Sikkim,Delhi,0,82040.0,45,1,6660.0,1,2030,3,1,26-35,46,High Usage,0.00675574238102387,0.021739130434782608,144.7826086956522,15.333333333333334,52.66,246.66666666666666,3038.5185185185187,0.0,22.5,Medium
Reliance Jio,M,61,Himachal Pradesh,Bangalore,3,129554.0,71,38,755.0,0,2030,3,1,56+,109,Low Usage,0.09391534391534391,0.5277777777777778,10.48611111111111,36.333333333333336,109.755,12.17741935483871,2089.5806451612902,0.04838709677419355,1.8205128205128205,Very Low
Reliance Jio,F,53,Arunachal Pradesh,Kolkata,3,56172.0,28,38,4506.0,0,2030,3,1,46-55,66,Medium Usage,0.006212558242733526,1.3103448275862069,155.3793103448276,22.0,70.506,83.44444444444444,1040.2222222222222,0.05555555555555555,0.717948717948718,Low
Airtel,M,39,Arunachal Pradesh,Mumbai,1,86599.0,68,37,2916.0,0,2030,3,1,36-45,105,Low Usage,0.023311621528968117,0.5362318840579711,42.26086956521739,35.0,107.916,72.9,2164.975,0.025,1.7894736842105263,Very Low
BSNL,M,53,Andhra Pradesh,Chennai,3,144266.0,50,17,8939.0,0,2030,4,2,46-55,67,High Usage,0.005592841163310962,0.3333333333333333,175.27450980392157,22.333333333333332,75.939,165.53703703703704,2671.5925925925926,0.05555555555555555,2.7777777777777777,Medium
Reliance Jio,F,68,Maharashtra,Chennai,0,121470.0,28,15,5302.0,0,2030,4,2,56+,43,Medium Usage,0.005280030171600981,0.5172413793103449,182.82758620689654,14.333333333333334,48.302,76.84057971014492,1760.4347826086957,0.0,1.75,Low
Airtel,F,25,Sikkim,Chennai,2,83998.0,16,8,6071.0,0,2030,4,2,18-25,24,Medium Usage,0.002635046113306983,0.47058823529411764,357.11764705882354,8.0,30.070999999999998,233.5,3230.6923076923076,0.07692307692307693,1.7777777777777777,Medium
Reliance Jio,M,18,Tamil Nadu,Hyderabad,1,44499.0,13,46,9355.0,0,2030,4,2,18-25,59,High Usage,0.0013894826849080804,3.2857142857142856,668.2142857142857,19.666666666666668,68.355,492.36842105263156,2342.0526315789475,0.05263157894736842,0.2765957446808511,High
Vodafone,M,25,Punjab,Bangalore,1,79685.0,35,1,6654.0,0,2030,4,2,18-25,36,High Usage,0.005259203606311044,0.027777777777777776,184.83333333333334,12.0,42.653999999999996,255.92307692307693,3064.8076923076924,0.038461538461538464,17.5,Medium
Reliance Jio,M,49,Telangana,Mumbai,1,92683.0,9,28,4840.0,0,2030,4,2,46-55,37,Medium Usage,0.0018591200165255113,2.8,484.0,12.333333333333334,41.84,96.8,1853.66,0.02,0.3103448275862069,Low
Reliance Jio,M,56,Arunachal Pradesh,Hyderabad,2,140105.0,85,11,1715.0,0,2030,4,2,56+,96,Low Usage,0.049533799533799536,0.12790697674418605,19.941860465116278,32.0,97.715,30.087719298245613,2457.9824561403507,0.03508771929824561,7.083333333333333,Very Low
Airtel,M,24,Madhya Pradesh,Delhi,3,70218.0,87,35,5307.0,0,2030,4,2,18-25,122,Medium Usage,0.01639035418236624,0.3977272727272727,60.30681818181818,40.666666666666664,127.307,212.28,2808.72,0.12,2.4166666666666665,Low
BSNL,F,61,Tripura,Hyderabad,3,55337.0,54,48,9123.0,1,2030,4,2,56+,102,High Usage,0.005918456817185445,0.8727272727272727,165.87272727272727,34.0,111.123,147.1451612903226,892.5322580645161,0.04838709677419355,1.1020408163265305,High
Vodafone,M,73,Tripura,Mumbai,2,26301.0,104,5,1731.0,0,2030,4,2,56+,109,Low Usage,0.06004618937644342,0.047619047619047616,16.485714285714284,36.333333333333336,110.731,23.39189189189189,355.4189189189189,0.02702702702702703,17.333333333333332,Very Low
BSNL,F,73,Tripura,Chennai,2,25197.0,60,26,5319.0,0,2030,4,2,56+,86,Medium Usage,0.011278195488721804,0.4262295081967213,87.19672131147541,28.666666666666668,91.319,71.87837837837837,340.5,0.02702702702702703,2.2222222222222223,Low
Vodafone,F,70,Nagaland,Mumbai,3,104916.0,35,46,3839.0,0,2030,4,2,56+,81,Medium Usage,0.009114583333333334,1.2777777777777777,106.63888888888889,27.0,84.839,54.070422535211264,1477.6901408450703,0.04225352112676056,0.7446808510638298,Low
Vodafone,M,57,Kerala,Kolkata,0,68033.0,51,16,3379.0,0,2030,4,2,56+,67,Low Usage,0.015088757396449704,0.3076923076923077,64.98076923076923,22.333333333333332,70.379,58.258620689655174,1172.9827586206898,0.0,3.0,Low
Airtel,M,43,Odisha,Bangalore,3,84130.0,29,17,2253.0,1,2030,4,2,36-45,46,Low Usage,0.012866015971606033,0.5666666666666667,75.1,15.333333333333334,48.253,51.20454545454545,1912.0454545454545,0.06818181818181818,1.6111111111111112,Very Low
Vodafone,F,21,Odisha,Mumbai,4,81209.0,20,40,5410.0,0,2030,4,2,18-25,60,Medium Usage,0.0036961744594344852,1.9047619047619047,257.6190476190476,20.0,65.41,245.9090909090909,3691.318181818182,0.18181818181818182,0.4878048780487805,Low
BSNL,F,19,Telangana,Hyderabad,3,55624.0,60,15,7122.0,0,2030,4,2,18-25,75,High Usage,0.008423417099536711,0.2459016393442623,116.75409836065573,25.0,82.122,356.1,2781.2,0.15,3.75,Medium
Airtel,M,39,Maharashtra,Mumbai,4,38804.0,79,22,8679.0,0,2030,4,2,36-45,101,High Usage,0.009101382488479262,0.275,108.4875,33.666666666666664,109.679,216.975,970.1,0.1,3.4347826086956523,Medium
Vodafone,F,40,Gujarat,Chennai,1,70946.0,73,20,705.0,0,2030,4,2,36-45,93,Low Usage,0.10339943342776203,0.2702702702702703,9.527027027027026,31.0,93.705,17.195121951219512,1730.3902439024391,0.024390243902439025,3.4761904761904763,Very Low
Vodafone,M,50,Sikkim,Hyderabad,0,80414.0,6,42,5995.0,0,2030,4,2,46-55,48,Medium Usage,0.0010006671114076052,6.0,856.4285714285714,16.0,53.995,117.54901960784314,1576.7450980392157,0.0,0.13953488372093023,Low
Vodafone,M,73,Mizoram,Bangalore,2,99327.0,99,5,4445.0,0,2030,4,2,56+,104,Medium Usage,0.022267206477732792,0.05,44.45,34.666666666666664,108.445,60.067567567567565,1342.2567567567567,0.02702702702702703,16.5,Low
Vodafone,M,20,Odisha,Delhi,2,64490.0,81,32,4252.0,0,2030,4,2,18-25,113,Medium Usage,0.019045379731953915,0.3902439024390244,51.853658536585364,37.666666666666664,117.252,202.47619047619048,3070.9523809523807,0.09523809523809523,2.4545454545454546,Low
Vodafone,M,69,Tamil Nadu,Mumbai,4,71845.0,29,6,1804.0,0,2030,4,2,56+,35,Low Usage,0.016066481994459834,0.2,60.13333333333333,11.666666666666666,36.804,25.771428571428572,1026.357142857143,0.05714285714285714,4.142857142857143,Very Low
Airtel,M,27,Jharkhand,Chennai,1,83902.0,25,14,8292.0,0,2030,4,2,26-35,39,High Usage,0.0030145906185939948,0.5384615384615384,318.9230769230769,13.0,47.292,296.14285714285717,2996.5,0.03571428571428571,1.6666666666666667,Medium
BSNL,F,43,Punjab,Bangalore,3,115919.0,38,52,7173.0,1,2030,4,2,36-45,90,High Usage,0.005296905492054642,1.3333333333333333,183.92307692307693,30.0,97.173,163.02272727272728,2634.5227272727275,0.06818181818181818,0.7169811320754716,Medium
Airtel,F,26,Haryana,Kolkata,1,116168.0,90,48,7715.0,0,2030,4,2,26-35,138,High Usage,0.01166407465007776,0.5274725274725275,84.78021978021978,46.0,145.715,285.74074074074076,4302.518518518518,0.037037037037037035,1.836734693877551,Medium
Vodafone,M,28,Tripura,Mumbai,3,110814.0,50,3,878.0,0,2030,4,2,26-35,53,Low Usage,0.05688282138794084,0.058823529411764705,17.215686274509803,17.666666666666668,53.878,30.275862068965516,3821.1724137931033,0.10344827586206896,12.5,Very Low
BSNL,M,30,Jharkhand,Bangalore,3,144501.0,96,34,6042.0,0,2030,4,2,26-35,130,Medium Usage,0.015886149263610788,0.35051546391752575,62.28865979381443,43.333333333333336,136.042,194.90322580645162,4661.322580645161,0.0967741935483871,2.742857142857143,Medium
Airtel,F,26,Tripura,Chennai,1,130018.0,2,1,6499.0,0,2030,4,2,26-35,3,Medium Usage,0.0003076923076923077,0.3333333333333333,2166.3333333333335,1.0,9.498999999999999,240.7037037037037,4815.481481481482,0.037037037037037035,1.0,Medium
Vodafone,F,64,Goa,Chennai,2,64876.0,52,42,7836.0,0,2030,4,2,56+,94,High Usage,0.006635192037769555,0.7924528301886793,147.8490566037736,31.333333333333332,101.836,120.55384615384615,998.0923076923077,0.03076923076923077,1.2093023255813953,Medium
BSNL,M,66,Arunachal Pradesh,Mumbai,4,51353.0,46,12,6546.0,0,2030,4,2,56+,58,Medium Usage,0.0070261188330533065,0.2553191489361702,139.27659574468086,19.333333333333332,64.546,97.70149253731343,766.4626865671642,0.05970149253731343,3.5384615384615383,Medium
Vodafone,F,66,Assam,Kolkata,3,65285.0,70,48,9140.0,0,2030,5,2,56+,118,High Usage,0.00765780549174051,0.676056338028169,128.73239436619718,39.333333333333336,127.14,136.4179104477612,974.4029850746268,0.04477611940298507,1.4285714285714286,High
Reliance Jio,M,74,Andhra Pradesh,Hyderabad,4,32582.0,38,17,4957.0,0,2030,5,2,56+,55,Medium Usage,0.007664380798709157,0.4358974358974359,127.1025641025641,18.333333333333332,59.957,66.09333333333333,434.4266666666667,0.05333333333333334,2.111111111111111,Low
Vodafone,M,31,Sikkim,Delhi,2,123297.0,50,39,1995.0,0,2030,5,2,26-35,89,Low Usage,0.025050100200400802,0.7647058823529411,39.11764705882353,29.666666666666668,90.995,62.34375,3853.03125,0.0625,1.25,Very Low
BSNL,M,36,Uttar Pradesh,Delhi,1,62169.0,28,35,10648.0,1,2030,5,2,36-45,63,High Usage,0.002629354869001784,1.206896551724138,367.17241379310343,21.0,73.648,287.7837837837838,1680.2432432432433,0.02702702702702703,0.7777777777777778,High
Vodafone,M,46,West Bengal,Bangalore,3,69211.0,64,17,10225.0,0,2030,5,2,46-55,81,High Usage,0.006258556620379425,0.26153846153846155,157.30769230769232,27.0,91.225,217.5531914893617,1472.5744680851064,0.06382978723404255,3.5555555555555554,High
BSNL,F,19,Tripura,Delhi,1,64656.0,10,9,7911.0,1,2030,5,2,18-25,19,High Usage,0.0012639029322548028,0.8181818181818182,719.1818181818181,6.333333333333333,26.911,395.55,3232.8,0.05,1.0,Medium
BSNL,F,73,Rajasthan,Delhi,2,44639.0,60,18,7504.0,0,2030,5,2,56+,78,High Usage,0.007994670219853431,0.29508196721311475,123.01639344262296,26.0,85.504,101.4054054054054,603.2297297297297,0.02702702702702703,3.1578947368421053,Medium
BSNL,M,48,Uttarakhand,Hyderabad,0,30360.0,71,9,6466.0,0,2030,5,2,46-55,80,Medium Usage,0.01097881552497294,0.125,89.80555555555556,26.666666666666668,86.466,131.9591836734694,619.5918367346939,0.0,7.1,Medium
Vodafone,M,56,Madhya Pradesh,Hyderabad,2,129797.0,27,16,6148.0,0,2030,5,2,56+,43,Medium Usage,0.004390957879329973,0.5714285714285714,219.57142857142858,14.333333333333334,49.147999999999996,107.85964912280701,2277.1403508771928,0.03508771929824561,1.588235294117647,Medium
Vodafone,F,63,Andhra Pradesh,Bangalore,1,70706.0,56,45,8481.0,0,2030,5,2,56+,101,High Usage,0.006602216458382457,0.7894736842105263,148.78947368421052,33.666666666666664,109.481,132.515625,1104.78125,0.015625,1.2173913043478262,Medium
Reliance Jio,F,44,Telangana,Chennai,3,51568.0,55,13,10566.0,0,2030,5,2,36-45,68,High Usage,0.0052048831267152455,0.23214285714285715,188.67857142857142,22.666666666666668,78.566,234.8,1145.9555555555555,0.06666666666666667,3.9285714285714284,High
Vodafone,M,22,Arunachal Pradesh,Kolkata,1,64667.0,79,18,3679.0,1,2030,5,2,18-25,97,Medium Usage,0.021467391304347827,0.225,45.9875,32.333333333333336,100.679,159.95652173913044,2811.608695652174,0.043478260869565216,4.157894736842105,Low
Vodafone,F,33,Jharkhand,Mumbai,3,137576.0,73,4,2162.0,0,2030,5,2,26-35,77,Low Usage,0.03374942209893666,0.05405405405405406,29.216216216216218,25.666666666666668,79.162,63.588235294117645,4046.3529411764707,0.08823529411764706,14.6,Very Low
Reliance Jio,F,47,Haryana,Kolkata,2,76701.0,90,22,7381.0,1,2030,5,2,46-55,112,High Usage,0.01219181793551883,0.24175824175824176,81.10989010989012,37.333333333333336,119.381,153.77083333333334,1597.9375,0.041666666666666664,3.9130434782608696,Medium
Airtel,F,49,Goa,Delhi,3,77004.0,22,28,8535.0,0,2030,5,2,46-55,50,High Usage,0.002577319587628866,1.2173913043478262,371.0869565217391,16.666666666666668,58.535,170.7,1540.08,0.06,0.7586206896551724,Medium
BSNL,F,20,Tamil Nadu,Kolkata,0,89342.0,83,15,6705.0,0,2030,5,2,18-25,98,High Usage,0.012376975842529078,0.17857142857142858,79.82142857142857,32.666666666666664,104.705,319.2857142857143,4254.380952380952,0.0,5.1875,Medium
BSNL,M,30,Uttarakhand,Kolkata,0,105619.0,55,49,3282.0,0,2030,5,2,26-35,104,Low Usage,0.01675296984465428,0.875,58.607142857142854,34.666666666666664,107.282,105.87096774193549,3407.064516129032,0.0,1.1,Low
Vodafone,M,71,Arunachal Pradesh,Chennai,1,50871.0,19,20,3414.0,0,2030,5,2,56+,39,Low Usage,0.005563689604685213,1.0,170.7,13.0,42.414,47.416666666666664,706.5416666666666,0.013888888888888888,0.9047619047619048,Low
Vodafone,M,41,Maharashtra,Mumbai,4,93860.0,59,10,6732.0,0,2030,5,2,36-45,69,High Usage,0.008762810040100995,0.16666666666666666,112.2,23.0,75.732,160.28571428571428,2234.7619047619046,0.09523809523809523,5.363636363636363,Medium
Airtel,M,44,Madhya Pradesh,Bangalore,2,148772.0,4,3,4717.0,0,2030,5,2,36-45,7,Medium Usage,0.000847816871555744,0.6,943.4,2.3333333333333335,11.716999999999999,104.82222222222222,3306.0444444444443,0.044444444444444446,1.0,Low
BSNL,F,39,Punjab,Kolkata,0,106354.0,7,28,8199.0,0,2030,5,2,36-45,35,High Usage,0.0008536585365853659,3.5,1024.875,11.666666666666666,43.199,204.975,2658.85,0.0,0.2413793103448276,Medium
Reliance Jio,F,71,Mizoram,Delhi,1,61670.0,10,35,7396.0,0,2030,5,2,56+,45,High Usage,0.00135189941868325,3.1818181818181817,672.3636363636364,15.0,52.396,102.72222222222223,856.5277777777778,0.013888888888888888,0.2777777777777778,Medium
Reliance Jio,F,69,Sikkim,Hyderabad,3,94543.0,16,19,1829.0,1,2030,5,2,56+,35,Low Usage,0.008743169398907104,1.1176470588235294,107.58823529411765,11.666666666666666,36.829,26.12857142857143,1350.6142857142856,0.04285714285714286,0.8,Very Low
BSNL,F,34,Telangana,Hyderabad,3,142687.0,30,15,7487.0,0,2030,5,2,26-35,45,High Usage,0.004006410256410256,0.4838709677419355,241.51612903225808,15.0,52.487,213.9142857142857,4076.7714285714287,0.08571428571428572,1.875,Medium
Reliance Jio,M,65,Manipur,Chennai,0,50815.0,60,51,1129.0,0,2030,5,2,56+,111,Low Usage,0.05309734513274336,0.8360655737704918,18.508196721311474,37.0,112.129,17.106060606060606,769.9242424242424,0.0,1.1538461538461537,Very Low
Vodafone,F,20,Sikkim,Mumbai,0,135674.0,84,14,484.0,0,2030,5,2,18-25,98,Low Usage,0.1731958762886598,0.16470588235294117,5.694117647058824,32.666666666666664,98.484,23.047619047619047,6460.666666666667,0.0,5.6,Very Low
BSNL,M,63,Himachal Pradesh,Chennai,1,100825.0,51,30,9713.0,1,2030,5,2,56+,81,High Usage,0.005250154416306362,0.5769230769230769,186.78846153846155,27.0,90.713,151.765625,1575.390625,0.015625,1.6451612903225807,High
Reliance Jio,F,73,Uttar Pradesh,Chennai,4,139149.0,57,41,8865.0,0,2030,5,2,56+,98,High Usage,0.006429054816151591,0.7068965517241379,152.8448275862069,32.666666666666664,106.865,119.79729729729729,1880.3918918918919,0.05405405405405406,1.3571428571428572,Medium
Airtel,F,38,Manipur,Mumbai,3,62604.0,12,29,3136.0,0,2030,5,2,36-45,41,Low Usage,0.003825310806503028,2.230769230769231,241.23076923076923,13.666666666666666,44.136,80.41025641025641,1605.2307692307693,0.07692307692307693,0.4,Low
Airtel,F,51,Assam,Kolkata,3,96281.0,52,16,8894.0,0,2030,5,2,46-55,68,High Usage,0.005845980888139404,0.3018867924528302,167.81132075471697,22.666666666666668,76.894,171.03846153846155,1851.5576923076924,0.057692307692307696,3.0588235294117645,Medium
BSNL,M,52,Uttar Pradesh,Kolkata,4,148649.0,67,19,8431.0,0,2030,5,2,46-55,86,High Usage,0.007945920303605313,0.27941176470588236,123.98529411764706,28.666666666666668,94.431,159.0754716981132,2804.698113207547,0.07547169811320754,3.35,Medium
BSNL,M,61,Kerala,Hyderabad,2,120004.0,61,26,4036.0,0,2030,6,2,56+,87,Medium Usage,0.015110230369085955,0.41935483870967744,65.09677419354838,29.0,91.036,65.09677419354838,1935.5483870967741,0.03225806451612903,2.259259259259259,Low
BSNL,F,32,Himachal Pradesh,Chennai,2,108181.0,36,44,928.0,0,2030,6,2,26-35,80,Low Usage,0.038751345532831,1.1891891891891893,25.08108108108108,26.666666666666668,80.928,28.12121212121212,3278.212121212121,0.06060606060606061,0.8,Very Low
Vodafone,M,35,Maharashtra,Kolkata,3,23918.0,62,14,6708.0,0,2030,6,2,26-35,76,High Usage,0.009241317633030257,0.2222222222222222,106.47619047619048,25.333333333333332,82.708,186.33333333333334,664.3888888888889,0.08333333333333333,4.133333333333334,Medium
Vodafone,M,35,Karnataka,Hyderabad,0,60908.0,41,29,8806.0,0,2030,6,2,26-35,70,High Usage,0.0046553877597365735,0.6904761904761905,209.66666666666666,23.333333333333332,78.806,244.61111111111111,1691.888888888889,0.0,1.3666666666666667,Medium
Vodafone,F,23,Telangana,Delhi,4,62924.0,50,23,8988.0,0,2030,6,2,18-25,73,High Usage,0.00556235398820781,0.45098039215686275,176.23529411764707,24.333333333333332,81.988,374.5,2621.8333333333335,0.16666666666666666,2.0833333333333335,Medium
Vodafone,F,58,Sikkim,Mumbai,0,118698.0,9,40,4992.0,0,2030,6,2,56+,49,Medium Usage,0.0018025235329461246,4.0,499.2,16.333333333333332,53.992,84.61016949152543,2011.8305084745762,0.0,0.21951219512195122,Low
Airtel,M,60,Bihar,Delhi,2,77272.0,38,38,991.0,0,2030,6,2,56+,76,Low Usage,0.038306451612903226,0.9743589743589743,25.41025641025641,25.333333333333332,76.991,16.24590163934426,1266.7540983606557,0.03278688524590164,0.9743589743589743,Very Low
BSNL,F,37,Uttar Pradesh,Kolkata,1,30992.0,14,46,4322.0,1,2030,6,2,36-45,60,Medium Usage,0.003238491788110109,3.066666666666667,288.1333333333333,20.0,64.322,113.73684210526316,815.578947368421,0.02631578947368421,0.2978723404255319,Low
Reliance Jio,M,29,Tamil Nadu,Hyderabad,2,127276.0,61,7,2951.0,0,2030,6,2,26-35,68,Low Usage,0.020663956639566397,0.11290322580645161,47.596774193548384,22.666666666666668,70.951,98.36666666666666,4242.533333333334,0.06666666666666667,7.625,Very Low
Vodafone,M,34,West Bengal,Kolkata,2,103621.0,8,5,200.0,0,2030,6,2,26-35,13,Low Usage,0.03980099502487562,0.5555555555555556,22.22222222222222,4.333333333333333,13.2,5.714285714285714,2960.6,0.05714285714285714,1.3333333333333333,Very Low
Vodafone,F,70,Uttar Pradesh,Kolkata,0,114345.0,18,7,7835.0,0,2030,6,2,56+,25,High Usage,0.002297090352220521,0.3684210526315789,412.36842105263156,8.333333333333334,32.835,110.35211267605634,1610.4929577464789,0.0,2.25,Medium
Reliance Jio,M,64,Sikkim,Chennai,3,94315.0,13,10,6184.0,1,2030,6,2,56+,23,Medium Usage,0.0021018593371059015,0.7142857142857143,441.7142857142857,7.666666666666667,29.184,95.13846153846154,1451.0,0.046153846153846156,1.1818181818181819,Medium
Reliance Jio,M,58,Goa,Hyderabad,3,101106.0,67,8,7661.0,0,2030,6,2,56+,75,High Usage,0.008744453145392848,0.11764705882352941,112.66176470588235,25.0,82.661,129.84745762711864,1713.6610169491526,0.05084745762711865,7.444444444444445,Medium
BSNL,M,41,Manipur,Kolkata,3,23033.0,102,43,5722.0,0,2030,6,2,36-45,145,Medium Usage,0.017822820199196225,0.4174757281553398,55.55339805825243,48.333333333333336,150.722,136.23809523809524,548.4047619047619,0.07142857142857142,2.3181818181818183,Low
BSNL,F,56,Tripura,Delhi,0,89499.0,89,20,6312.0,0,2030,6,2,56+,109,Medium Usage,0.014097893236179312,0.2222222222222222,70.13333333333334,36.333333333333336,115.312,110.73684210526316,1570.157894736842,0.0,4.238095238095238,Medium
Airtel,M,47,Arunachal Pradesh,Mumbai,3,65190.0,67,45,4548.0,0,2030,6,2,46-55,112,Medium Usage,0.014728511760826556,0.6617647058823529,66.88235294117646,37.333333333333336,116.548,94.75,1358.125,0.0625,1.4565217391304348,Low
Reliance Jio,F,54,Punjab,Hyderabad,4,87997.0,5,17,9129.0,0,2030,6,2,46-55,22,High Usage,0.000547645125958379,2.8333333333333335,1521.5,7.333333333333333,31.128999999999998,165.98181818181817,1599.9454545454546,0.07272727272727272,0.2777777777777778,High
BSNL,F,50,Meghalaya,Mumbai,1,131919.0,23,31,9276.0,0,2030,6,2,46-55,54,High Usage,0.0024792497574646975,1.2916666666666667,386.5,18.0,63.275999999999996,181.88235294117646,2586.6470588235293,0.0196078431372549,0.71875,High
BSNL,M,63,Sikkim,Bangalore,4,61767.0,52,8,6849.0,1,2030,6,2,56+,60,High Usage,0.0075912408759124085,0.1509433962264151,129.22641509433961,20.0,66.849,107.015625,965.109375,0.0625,5.777777777777778,Medium
Vodafone,F,43,Uttarakhand,Kolkata,3,91850.0,34,11,10016.0,0,2030,6,2,36-45,45,High Usage,0.003394229809324149,0.3142857142857143,286.1714285714286,15.0,55.016,227.63636363636363,2087.5,0.06818181818181818,2.8333333333333335,High
Airtel,F,52,Sikkim,Chennai,0,37767.0,45,17,108.0,0,2030,6,2,46-55,62,Low Usage,0.41284403669724773,0.3695652173913043,2.347826086956522,20.666666666666668,62.108,2.0377358490566038,712.5849056603773,0.0,2.5,Very Low
BSNL,F,25,Tamil Nadu,Hyderabad,0,81818.0,53,5,702.0,0,2030,6,2,18-25,58,Low Usage,0.07539118065433854,0.09259259259259259,13.0,19.333333333333332,58.702,27.0,3146.846153846154,0.0,8.833333333333334,Very Low
BSNL,M,22,Arunachal Pradesh,Bangalore,4,72913.0,87,35,5830.0,0,2030,6,2,18-25,122,Medium Usage,0.014920253815812039,0.3977272727272727,66.25,40.666666666666664,127.83,253.47826086956522,3170.1304347826085,0.17391304347826086,2.4166666666666665,Low
Airtel,F,60,Bihar,Delhi,3,25768.0,63,26,10097.0,1,2030,6,2,56+,89,High Usage,0.006238859180035651,0.40625,157.765625,29.666666666666668,99.097,165.52459016393442,422.42622950819674,0.04918032786885246,2.3333333333333335,High
Vodafone,F,33,Tamil Nadu,Hyderabad,3,118877.0,47,25,3616.0,0,2030,6,2,26-35,72,Medium Usage,0.01299419408349461,0.5208333333333334,75.33333333333333,24.0,75.616,106.3529411764706,3496.3823529411766,0.08823529411764706,1.8076923076923077,Low
BSNL,M,31,Odisha,Chennai,0,36864.0,89,42,6304.0,0,2030,6,2,26-35,131,Medium Usage,0.014115781126090405,0.4666666666666667,70.04444444444445,43.666666666666664,137.304,197.0,1152.0,0.0,2.0697674418604652,Medium
BSNL,F,52,Uttar Pradesh,Chennai,1,66600.0,94,1,5840.0,0,2030,6,2,46-55,95,Medium Usage,0.016093134737202534,0.010526315789473684,61.473684210526315,31.666666666666668,100.84,110.18867924528301,1256.6037735849056,0.018867924528301886,47.0,Low
Vodafone,M,50,Uttarakhand,Delhi,1,61055.0,41,27,8963.0,0,2030,6,2,46-55,68,High Usage,0.004573850959393128,0.6428571428571429,213.4047619047619,22.666666666666668,76.963,175.7450980392157,1197.1568627450981,0.0196078431372549,1.4642857142857142,Medium
BSNL,F,22,Gujarat,Bangalore,0,75879.0,100,11,5049.0,1,2030,6,2,18-25,111,Medium Usage,0.019801980198019802,0.10891089108910891,49.99009900990099,37.0,116.049,219.52173913043478,3299.086956521739,0.0,8.333333333333334,Low
Vodafone,F,47,Bihar,Mumbai,1,88258.0,6,41,10044.0,0,2030,6,2,46-55,47,High Usage,0.0005973120955699353,5.857142857142857,1434.857142857143,15.666666666666666,57.044,209.25,1838.7083333333333,0.020833333333333332,0.14285714285714285,High
Reliance Jio,M,57,Nagaland,Delhi,0,87316.0,80,37,1219.0,0,2030,7,3,56+,117,Low Usage,0.06557377049180328,0.4567901234567901,15.049382716049383,39.0,118.219,21.017241379310345,1505.448275862069,0.0,2.1052631578947367,Very Low
BSNL,M,36,Bihar,Hyderabad,1,147354.0,68,3,811.0,0,2030,7,3,36-45,71,Low Usage,0.08374384236453201,0.043478260869565216,11.753623188405797,23.666666666666668,71.811,21.91891891891892,3982.5405405405404,0.02702702702702703,17.0,Very Low
Vodafone,F,19,Jharkhand,Kolkata,4,47689.0,45,8,946.0,1,2030,7,3,18-25,53,Low Usage,0.04751847940865892,0.17391304347826086,20.565217391304348,17.666666666666668,53.946,47.3,2384.45,0.2,5.0,Very Low
Vodafone,M,18,Mizoram,Chennai,1,114088.0,14,13,580.0,0,2030,7,3,18-25,27,Low Usage,0.024096385542168676,0.8666666666666667,38.666666666666664,9.0,27.58,30.526315789473685,6004.631578947368,0.05263157894736842,1.0,Very Low
Reliance Jio,F,58,Gujarat,Hyderabad,2,133830.0,98,48,10760.0,0,2030,7,3,56+,146,High Usage,0.009106960319672893,0.48484848484848486,108.68686868686869,48.666666666666664,156.76,182.3728813559322,2268.3050847457625,0.03389830508474576,2.0,High
Airtel,M,26,Uttarakhand,Delhi,4,115425.0,18,49,7613.0,0,2030,7,3,26-35,67,High Usage,0.002364066193853428,2.5789473684210527,400.6842105263158,22.333333333333332,74.613,281.962962962963,4275.0,0.14814814814814814,0.36,Medium
Reliance Jio,F,42,Jharkhand,Hyderabad,1,146831.0,93,27,6147.0,0,2030,7,3,36-45,120,Medium Usage,0.01512687052700065,0.2872340425531915,65.3936170212766,40.0,126.147,142.95348837209303,3414.6744186046512,0.023255813953488372,3.3214285714285716,Medium
Airtel,M,74,Odisha,Kolkata,4,125776.0,27,38,1498.0,0,2030,7,3,56+,65,Low Usage,0.01801200800533689,1.3571428571428572,53.5,21.666666666666668,66.498,19.973333333333333,1677.0133333333333,0.05333333333333334,0.6923076923076923,Very Low
Airtel,F,63,Manipur,Bangalore,4,51407.0,17,52,9605.0,0,2030,7,3,56+,69,High Usage,0.0017697272537997085,2.888888888888889,533.6111111111111,23.0,78.605,150.078125,803.234375,0.0625,0.32075471698113206,High
Airtel,M,46,Manipur,Mumbai,1,47668.0,53,29,2560.0,0,2030,7,3,46-55,82,Low Usage,0.02069504099960953,0.5370370370370371,47.407407407407405,27.333333333333332,84.56,54.46808510638298,1014.2127659574468,0.02127659574468085,1.7666666666666666,Very Low
Airtel,F,71,Gujarat,Kolkata,0,141793.0,41,43,6203.0,0,2030,7,3,56+,84,Medium Usage,0.006608639587362992,1.0238095238095237,147.6904761904762,28.0,90.203,86.15277777777777,1969.3472222222222,0.0,0.9318181818181818,Medium
BSNL,F,28,Odisha,Chennai,4,41009.0,86,34,6959.0,0,2030,7,3,26-35,120,High Usage,0.01235632183908046,0.39080459770114945,79.98850574712644,40.0,126.959,239.9655172413793,1414.103448275862,0.13793103448275862,2.4571428571428573,Medium
Vodafone,M,38,Nagaland,Mumbai,4,106360.0,49,26,2164.0,0,2030,7,3,36-45,75,Low Usage,0.022632794457274827,0.52,43.28,25.0,77.164,55.48717948717949,2727.1794871794873,0.10256410256410256,1.8148148148148149,Very Low
BSNL,M,44,Himachal Pradesh,Mumbai,3,136429.0,49,15,6512.0,1,2030,7,3,36-45,64,Medium Usage,0.0075234147090434515,0.3,130.24,21.333333333333332,70.512,144.7111111111111,3031.7555555555555,0.06666666666666667,3.0625,Medium
Reliance Jio,M,33,West Bengal,Hyderabad,1,53651.0,61,26,1950.0,1,2030,7,3,26-35,87,Low Usage,0.031266017426960536,0.41935483870967744,31.451612903225808,29.0,88.95,57.35294117647059,1577.9705882352941,0.029411764705882353,2.259259259259259,Very Low
Airtel,M,74,Bihar,Chennai,0,126393.0,55,28,2708.0,1,2030,7,3,56+,83,Low Usage,0.020302694721299374,0.5,48.357142857142854,27.666666666666668,85.708,36.10666666666667,1685.24,0.0,1.896551724137931,Very Low
Vodafone,F,20,Tripura,Delhi,4,125870.0,47,7,7268.0,1,2030,7,3,18-25,54,High Usage,0.006465813729536387,0.14583333333333334,151.41666666666666,18.0,61.268,346.0952380952381,5993.809523809524,0.19047619047619047,5.875,Medium
Reliance Jio,F,57,Goa,Mumbai,2,99487.0,60,26,5049.0,0,2030,7,3,56+,86,Medium Usage,0.011881188118811881,0.4262295081967213,82.77049180327869,28.666666666666668,91.049,87.05172413793103,1715.2931034482758,0.034482758620689655,2.2222222222222223,Low
Vodafone,M,24,Uttarakhand,Chennai,1,91147.0,12,16,2743.0,0,2030,7,3,18-25,28,Low Usage,0.004373177842565598,1.2307692307692308,211.0,9.333333333333334,30.743,109.72,3645.88,0.04,0.7058823529411765,Very Low
