telecom_partner,gender,age,state,city,num_dependents,estimated_salary,calls_made,sms_sent,data_used,churn,registration_year,registration_month,registration_quarter,age_group,total_communication,usage_segment,calls_per_data,sms_per_call,data_per_call,avg_communication,communication_intensity,usage_per_age,salary_per_age,dependents_per_age,calls_sms_ratio,data_usage_level
Reliance Jio,F,25,Karnataka,Kolkata,4,124962.0,44,45,5049.0,0,2025,1,1,18-25,89,Medium Usage,0.008714596949891068,1.0227272727272727,114.75,44.5,139.49,201.96,4998.48,0.16,0.9777777777777777,Medium Data Usage
Reliance Jio,F,55,Mizoram,Mumbai,2,130556.0,62,39,5973.0,0,2025,1,1,46-55,101,Medium Usage,0.0103800435292148,0.6290322580645161,96.33870967741936,50.5,160.73,108.6,2373.7454545454543,0.03636363636363636,1.5897435897435896,Medium Data Usage
Vodafone,F,57,Arunachal Pradesh,Delhi,0,148828.0,49,24,193.0,1,2025,1,1,56+,73,Low Usage,0.2538860103626943,0.4897959183673469,3.938775510204082,36.5,74.93,3.3859649122807016,2611.0175438596493,0.0,2.0416666666666665,Low Data Usage
BSNL,M,46,Tamil Nadu,Kolkata,1,38722.0,80,25,9377.0,1,2025,1,1,46-55,105,High Usage,0.008531513277167538,0.3125,117.2125,52.5,198.76999999999998,203.84782608695653,841.7826086956521,0.021739130434782608,3.2,High Data Usage
BSNL,F,26,Tripura,Delhi,2,55098.0,78,15,1393.0,0,2025,1,1,26-35,93,Low Usage,0.05599425699928212,0.19230769230769232,17.858974358974358,46.5,106.93,53.57692307692308,2119.153846153846,0.07692307692307693,5.2,Low Data Usage
Vodafone,M,36,Uttarakhand,Chennai,1,73452.0,91,24,8109.0,0,2025,1,1,36-45,115,High Usage,0.011222098902454063,0.26373626373626374,89.10989010989012,57.5,196.09,225.25,2040.3333333333333,0.027777777777777776,3.7916666666666665,High Data Usage
BSNL,F,60,Karnataka,Delhi,1,110035.0,36,13,8512.0,0,2025,1,1,56+,49,High Usage,0.0042293233082706765,0.3611111111111111,236.44444444444446,24.5,134.12,141.86666666666667,1833.9166666666667,0.016666666666666666,2.769230769230769,High Data Usage
BSNL,M,46,Arunachal Pradesh,Kolkata,4,104541.0,87,40,2245.0,1,2025,1,1,46-55,127,Low Usage,0.03875278396436525,0.45977011494252873,25.804597701149426,63.5,149.45,48.80434782608695,2272.6304347826085,0.08695652173913043,2.175,Low Data Usage
Reliance Jio,F,53,Himachal Pradesh,Mumbai,2,79439.0,34,12,10039.0,0,2025,1,1,46-55,46,High Usage,0.003386791513098914,0.35294117647058826,295.2647058823529,23.0,146.39,189.41509433962264,1498.8490566037735,0.03773584905660377,2.8333333333333335,High Data Usage
BSNL,F,57,Rajasthan,Mumbai,0,126422.0,61,33,567.0,0,2025,1,1,56+,94,Low Usage,0.10758377425044091,0.5409836065573771,9.295081967213115,47.0,99.67,9.947368421052632,2217.9298245614036,0.0,1.8484848484848484,Low Data Usage
Airtel,M,44,Uttarakhand,Chennai,0,133288.0,7,7,1275.0,1,2025,1,1,36-45,14,Low Usage,0.005490196078431373,1.0,182.14285714285714,7.0,26.75,28.977272727272727,3029.2727272727275,0.0,1.0,Low Data Usage
Airtel,M,56,Odisha,Mumbai,4,135129.0,39,51,7644.0,0,2025,1,1,56+,90,High Usage,0.00510204081632653,1.3076923076923077,196.0,45.0,166.44,136.5,2413.0178571428573,0.07142857142857142,0.7647058823529411,High Data Usage
Vodafone,F,64,Uttar Pradesh,Hyderabad,4,136967.0,40,4,1911.0,0,2025,1,1,56+,44,Low Usage,0.020931449502878074,0.1,47.775,22.0,63.11,29.859375,2140.109375,0.0625,10.0,Low Data Usage
Vodafone,F,70,Chhattisgarh,Kolkata,0,140219.0,50,17,7727.0,0,2025,1,1,56+,67,High Usage,0.006470816617057073,0.34,154.54,33.5,144.26999999999998,110.38571428571429,2003.1285714285714,0.0,2.9411764705882355,High Data Usage
Vodafone,F,38,Uttar Pradesh,Delhi,1,147805.0,86,20,8058.0,0,2025,1,1,36-45,106,High Usage,0.010672623479771656,0.23255813953488372,93.69767441860465,53.0,186.57999999999998,212.05263157894737,3889.6052631578946,0.02631578947368421,4.3,High Data Usage
BSNL,M,22,Tamil Nadu,Mumbai,3,100340.0,88,40,6303.0,0,2025,1,1,18-25,128,Medium Usage,0.013961605584642234,0.45454545454545453,71.625,64.0,191.03,286.5,4560.909090909091,0.13636363636363635,2.2,Medium Data Usage
Vodafone,M,61,Himachal Pradesh,Hyderabad,2,59723.0,16,42,8157.0,1,2025,1,1,56+,58,High Usage,0.001961505455437048,2.625,509.8125,29.0,139.57,133.72131147540983,979.0655737704918,0.03278688524590164,0.38095238095238093,High Data Usage
Reliance Jio,M,59,Madhya Pradesh,Hyderabad,1,101694.0,80,20,2605.0,0,2025,1,1,56+,100,Low Usage,0.030710172744721688,0.25,32.5625,50.0,126.05,44.152542372881356,1723.6271186440679,0.01694915254237288,4.0,Low Data Usage
Airtel,F,47,Manipur,Delhi,1,138037.0,60,28,1432.0,0,2025,1,1,46-55,88,Low Usage,0.04189944134078212,0.4666666666666667,23.866666666666667,44.0,102.32,30.46808510638298,2936.9574468085107,0.02127659574468085,2.142857142857143,Low Data Usage
Vodafone,M,26,Uttar Pradesh,Hyderabad,1,109753.0,95,26,9993.0,0,2025,1,1,26-35,121,High Usage,0.009506654658260782,0.2736842105263158,105.18947368421053,60.5,220.93,384.34615384615387,4221.2692307692305,0.038461538461538464,3.6538461538461537,High Data Usage
Vodafone,F,58,Goa,Bangalore,1,118578.0,94,50,2214.0,0,2025,1,1,56+,144,Low Usage,0.04245709123757904,0.5319148936170213,23.5531914893617,72.0,166.14,38.172413793103445,2044.448275862069,0.017241379310344827,1.88,Low Data Usage
Vodafone,M,66,West Bengal,Bangalore,2,64468.0,57,10,8141.0,0,2025,1,1,56+,67,High Usage,0.007001596855423167,0.17543859649122806,142.82456140350877,33.5,148.41,123.34848484848484,976.7878787878788,0.030303030303030304,5.7,High Data Usage
BSNL,F,26,Arunachal Pradesh,Chennai,0,65263.0,79,0,4426.0,0,2025,1,1,26-35,79,Medium Usage,0.017849073655671035,0.0,56.0253164556962,39.5,123.25999999999999,170.23076923076923,2510.1153846153848,0.0,79.0,Medium Data Usage
Reliance Jio,F,71,Gujarat,Bangalore,1,110373.0,25,24,2533.0,0,2025,1,1,56+,49,Low Usage,0.00986971969996052,0.96,101.32,24.5,74.33,35.67605633802817,1554.5492957746478,0.014084507042253521,1.0416666666666667,Low Data Usage
Reliance Jio,M,48,Telangana,Delhi,2,114923.0,43,8,5994.0,0,2025,1,1,46-55,51,Medium Usage,0.00717384050717384,0.18604651162790697,139.3953488372093,25.5,110.94,124.875,2394.2291666666665,0.041666666666666664,5.375,Medium Data Usage
Airtel,F,48,Mizoram,Chennai,0,94683.0,28,48,6434.0,1,2025,1,1,46-55,76,Medium Usage,0.004351880634131178,1.7142857142857142,229.78571428571428,38.0,140.34,134.04166666666666,1972.5625,0.0,0.5833333333333334,Medium Data Usage
Vodafone,M,58,Himachal Pradesh,Delhi,3,50853.0,36,5,5604.0,0,2025,1,1,56+,41,Medium Usage,0.006423982869379015,0.1388888888888889,155.66666666666666,20.5,97.03999999999999,96.62068965517241,876.7758620689655,0.05172413793103448,7.2,Medium Data Usage
BSNL,M,20,Karnataka,Delhi,2,133235.0,99,4,5044.0,0,2025,1,1,18-25,103,Medium Usage,0.019627279936558287,0.04040404040404041,50.94949494949495,51.5,153.44,252.2,6661.75,0.1,24.75,Medium Data Usage
Airtel,M,64,Gujarat,Kolkata,2,103868.0,20,39,8314.0,0,2025,1,1,56+,59,High Usage,0.0024055809477988932,1.95,415.7,29.5,142.14,129.90625,1622.9375,0.03125,0.5128205128205128,High Data Usage
Reliance Jio,M,53,Maharashtra,Kolkata,4,61335.0,4,45,7268.0,0,2025,1,1,46-55,49,High Usage,0.000550357732526142,11.25,1817.0,24.5,121.68,137.1320754716981,1157.2641509433963,0.07547169811320754,0.08888888888888889,High Data Usage
Vodafone,M,29,Chhattisgarh,Kolkata,2,86124.0,65,22,7592.0,0,2025,1,1,26-35,87,High Usage,0.008561643835616438,0.3384615384615385,116.8,43.5,162.92000000000002,261.7931034482759,2969.793103448276,0.06896551724137931,2.9545454545454546,High Data Usage
Airtel,M,73,Gujarat,Chennai,4,61329.0,25,29,1479.0,1,2025,2,1,56+,54,Low Usage,0.016903313049357674,1.16,59.16,27.0,68.78999999999999,20.26027397260274,840.1232876712329,0.0547945205479452,0.8620689655172413,Low Data Usage
BSNL,F,66,Telangana,Mumbai,3,104227.0,93,6,837.0,0,2025,2,1,56+,99,Low Usage,0.1111111111111111,0.06451612903225806,9.0,49.5,107.37,12.681818181818182,1579.1969696969697,0.045454545454545456,15.5,Low Data Usage
BSNL,F,31,Haryana,Bangalore,2,106097.0,89,26,3927.0,0,2025,2,1,26-35,115,Medium Usage,0.022663610898905017,0.29213483146067415,44.12359550561798,57.5,154.27,126.6774193548387,3422.483870967742,0.06451612903225806,3.423076923076923,Medium Data Usage
Vodafone,M,58,West Bengal,Kolkata,2,104291.0,51,8,8662.0,0,2025,2,1,56+,59,High Usage,0.005887785730778111,0.1568627450980392,169.84313725490196,29.5,145.62,149.3448275862069,1798.1206896551723,0.034482758620689655,6.375,High Data Usage
Reliance Jio,F,62,Madhya Pradesh,Delhi,0,90788.0,46,29,4532.0,0,2025,2,1,56+,75,Medium Usage,0.010150044130626656,0.6304347826086957,98.52173913043478,37.5,120.32,73.09677419354838,1464.3225806451612,0.0,1.5862068965517242,Medium Data Usage
BSNL,M,73,Andhra Pradesh,Bangalore,1,40437.0,77,6,4239.0,0,2025,2,1,56+,83,Medium Usage,0.018164661476763388,0.07792207792207792,55.05194805194805,41.5,125.39,58.06849315068493,553.931506849315,0.0136986301369863,12.833333333333334,Medium Data Usage
BSNL,M,52,Telangana,Bangalore,2,69301.0,69,44,528.0,1,2025,2,1,46-55,113,Low Usage,0.13068181818181818,0.6376811594202898,7.6521739130434785,56.5,118.28,10.153846153846153,1332.7115384615386,0.038461538461538464,1.5681818181818181,Low Data Usage
Reliance Jio,M,69,Gujarat,Chennai,1,87166.0,92,15,5049.0,0,2025,2,1,56+,107,Medium Usage,0.018221429986135868,0.16304347826086957,54.880434782608695,53.5,157.49,73.17391304347827,1263.2753623188405,0.014492753623188406,6.133333333333334,Medium Data Usage
BSNL,F,26,Sikkim,Mumbai,4,104164.0,62,39,8305.0,0,2025,2,1,26-35,101,High Usage,0.007465382299819386,0.6290322580645161,133.9516129032258,50.5,184.05,319.4230769230769,4006.3076923076924,0.15384615384615385,1.5897435897435896,High Data Usage
Reliance Jio,M,26,Madhya Pradesh,Hyderabad,3,71542.0,16,27,1660.0,1,2025,2,1,26-35,43,Low Usage,0.00963855421686747,1.6875,103.75,21.5,59.6,63.84615384615385,2751.6153846153848,0.11538461538461539,0.5925925925925926,Low Data Usage
Reliance Jio,M,33,Rajasthan,Mumbai,0,119789.0,102,51,8639.0,0,2025,2,1,26-35,153,High Usage,0.011806922097464985,0.5,84.69607843137256,76.5,239.39,261.7878787878788,3629.969696969697,0.0,2.0,High Data Usage
Airtel,M,48,Odisha,Chennai,2,126147.0,0,24,3310.0,0,2025,2,1,46-55,24,Low Usage,0.0,24.0,3310.0,12.0,57.1,68.95833333333333,2628.0625,0.041666666666666664,0.0,Medium Data Usage
Airtel,F,42,Gujarat,Bangalore,3,71532.0,75,16,2998.0,0,2025,2,1,36-45,91,Low Usage,0.025016677785190126,0.21333333333333335,39.973333333333336,45.5,120.98,71.38095238095238,1703.142857142857,0.07142857142857142,4.6875,Low Data Usage
BSNL,F,53,Assam,Kolkata,0,45828.0,87,30,4939.0,0,2025,2,1,46-55,117,Medium Usage,0.017614901801984207,0.3448275862068966,56.770114942528735,58.5,166.39,93.18867924528301,864.6792452830189,0.0,2.9,Medium Data Usage
Airtel,F,55,Himachal Pradesh,Hyderabad,2,132122.0,96,31,3183.0,0,2025,2,1,46-55,127,Low Usage,0.030160226201696512,0.3229166666666667,33.15625,63.5,158.82999999999998,57.872727272727275,2402.2181818181816,0.03636363636363636,3.096774193548387,Medium Data Usage
Vodafone,M,33,West Bengal,Chennai,4,115283.0,77,36,3491.0,0,2025,2,1,26-35,113,Low Usage,0.02205671727298768,0.4675324675324675,45.33766233766234,56.5,147.91,105.78787878787878,3493.4242424242425,0.12121212121212122,2.138888888888889,Medium Data Usage
BSNL,M,52,West Bengal,Bangalore,0,75578.0,46,42,4853.0,0,2025,2,1,46-55,88,Medium Usage,0.009478672985781991,0.9130434782608695,105.5,44.0,136.53,93.32692307692308,1453.423076923077,0.0,1.0952380952380953,Medium Data Usage
Vodafone,F,26,Mizoram,Chennai,0,145508.0,88,51,8790.0,0,2025,2,1,26-35,139,High Usage,0.010011376564277589,0.5795454545454546,99.88636363636364,69.5,226.9,338.0769230769231,5596.461538461538,0.0,1.7254901960784315,High Data Usage
Vodafone,F,40,Sikkim,Hyderabad,3,102431.0,56,12,754.0,0,2025,2,1,36-45,68,Low Usage,0.07427055702917772,0.21428571428571427,13.464285714285714,34.0,75.54,18.85,2560.775,0.075,4.666666666666667,Low Data Usage
BSNL,F,30,Tripura,Hyderabad,3,86402.0,16,27,4865.0,1,2025,2,1,26-35,43,Medium Usage,0.00328879753340185,1.6875,304.0625,21.5,91.65,162.16666666666666,2880.0666666666666,0.1,0.5925925925925926,Medium Data Usage
Reliance Jio,F,35,Mizoram,Delhi,4,47529.0,51,8,7563.0,0,2025,2,1,26-35,59,High Usage,0.006743355811186037,0.1568627450980392,148.2941176470588,29.5,134.63,216.0857142857143,1357.9714285714285,0.11428571428571428,6.375,High Data Usage
Reliance Jio,M,28,Madhya Pradesh,Mumbai,3,87586.0,31,19,10131.0,0,2025,2,1,26-35,50,High Usage,0.003059915112032376,0.6129032258064516,326.80645161290323,25.0,151.31,361.82142857142856,3128.0714285714284,0.10714285714285714,1.631578947368421,High Data Usage
Vodafone,M,70,Uttar Pradesh,Chennai,2,104134.0,66,20,1477.0,0,2025,2,1,56+,86,Low Usage,0.04468517264725796,0.30303030303030304,22.37878787878788,43.0,100.77,21.1,1487.6285714285714,0.02857142857142857,3.3,Low Data Usage
BSNL,F,49,Jharkhand,Chennai,3,25655.0,32,0,2756.0,0,2025,2,1,46-55,32,Low Usage,0.011611030478955007,0.0,86.125,16.0,59.56,56.244897959183675,523.5714285714286,0.061224489795918366,32.0,Low Data Usage
Reliance Jio,M,43,Telangana,Mumbai,3,131771.0,92,27,3903.0,0,2025,2,1,36-45,119,Medium Usage,0.023571611580835254,0.29347826086956524,42.42391304347826,59.5,158.03,90.76744186046511,3064.4418604651164,0.06976744186046512,3.4074074074074074,Medium Data Usage
BSNL,M,30,Kerala,Hyderabad,2,21510.0,70,38,1141.0,0,2025,2,1,26-35,108,Low Usage,0.06134969325153374,0.5428571428571428,16.3,54.0,119.41,38.03333333333333,717.0,0.06666666666666667,1.8421052631578947,Low Data Usage
Vodafone,F,59,Arunachal Pradesh,Kolkata,0,54488.0,20,17,9285.0,1,2025,2,1,56+,37,High Usage,0.002154011847065159,0.85,464.25,18.5,129.85,157.3728813559322,923.5254237288135,0.0,1.1764705882352942,High Data Usage
BSNL,F,35,Uttar Pradesh,Bangalore,3,73419.0,61,29,5040.0,0,2025,2,1,26-35,90,Medium Usage,0.012103174603174604,0.47540983606557374,82.62295081967213,45.0,140.4,144.0,2097.6857142857143,0.08571428571428572,2.103448275862069,Medium Data Usage
Reliance Jio,M,18,Chhattisgarh,Bangalore,0,59727.0,80,16,1683.0,0,2025,3,1,18-25,96,Low Usage,0.047534165181224004,0.2,21.0375,48.0,112.83,93.5,3318.1666666666665,0.0,5.0,Low Data Usage
Vodafone,F,42,Karnataka,Kolkata,2,119872.0,3,17,3451.0,0,2025,3,1,36-45,20,Low Usage,0.0008693132425383947,5.666666666666667,1150.3333333333333,10.0,54.51,82.16666666666667,2854.095238095238,0.047619047619047616,0.17647058823529413,Medium Data Usage
Reliance Jio,F,71,Uttarakhand,Hyderabad,3,136576.0,14,48,5372.0,0,2025,3,1,56+,62,Medium Usage,0.0026061057334326137,3.4285714285714284,383.7142857142857,31.0,115.72,75.66197183098592,1923.605633802817,0.04225352112676056,0.2916666666666667,Medium Data Usage
BSNL,F,25,Mizoram,Hyderabad,1,119513.0,33,19,6143.0,0,2025,3,1,18-25,52,Medium Usage,0.005371968093765262,0.5757575757575758,186.15151515151516,26.0,113.43,245.72,4780.52,0.04,1.736842105263158,Medium Data Usage
Airtel,M,40,West Bengal,Kolkata,1,88703.0,30,48,484.0,1,2025,3,1,36-45,78,Low Usage,0.06198347107438017,1.6,16.133333333333333,39.0,82.84,12.1,2217.575,0.025,0.625,Low Data Usage
Vodafone,F,44,Mizoram,Kolkata,1,95271.0,40,9,2542.0,0,2025,3,1,36-45,49,Low Usage,0.015735641227380016,0.225,63.55,24.5,74.42,57.77272727272727,2165.25,0.022727272727272728,4.444444444444445,Low Data Usage
BSNL,F,47,Himachal Pradesh,Hyderabad,0,37927.0,42,31,6702.0,0,2025,3,1,46-55,73,High Usage,0.006266786034019696,0.7380952380952381,159.57142857142858,36.5,140.01999999999998,142.59574468085106,806.9574468085107,0.0,1.3548387096774193,Medium Data Usage
Vodafone,F,53,Mizoram,Mumbai,3,138704.0,83,49,8023.0,0,2025,3,1,46-55,132,High Usage,0.010345257385018073,0.5903614457831325,96.66265060240964,66.0,212.23000000000002,151.37735849056602,2617.056603773585,0.05660377358490566,1.6938775510204083,High Data Usage
Vodafone,F,72,Punjab,Kolkata,1,124607.0,25,38,4867.0,0,2025,3,1,56+,63,Medium Usage,0.00513663447709061,1.52,194.68,31.5,111.67,67.59722222222223,1730.6527777777778,0.013888888888888888,0.6578947368421053,Medium Data Usage
Airtel,M,39,Kerala,Mumbai,2,121809.0,50,13,8728.0,0,2025,3,1,36-45,63,High Usage,0.0057286892758936754,0.26,174.56,31.5,150.28,223.7948717948718,3123.3076923076924,0.05128205128205128,3.8461538461538463,High Data Usage
Reliance Jio,M,28,Kerala,Chennai,2,34463.0,36,6,5049.0,0,2025,3,1,26-35,42,Medium Usage,0.0071301247771836,0.16666666666666666,140.25,21.0,92.49000000000001,180.32142857142858,1230.8214285714287,0.07142857142857142,6.0,Medium Data Usage
BSNL,M,50,West Bengal,Delhi,4,83907.0,29,11,8198.0,0,2025,3,1,46-55,40,High Usage,0.0035374481580873383,0.3793103448275862,282.6896551724138,20.0,121.98,163.96,1678.14,0.08,2.6363636363636362,High Data Usage
Vodafone,F,31,Tamil Nadu,Chennai,1,54302.0,105,15,166.0,0,2025,3,1,26-35,120,Low Usage,0.6325301204819277,0.14285714285714285,1.5809523809523809,60.0,121.66,5.354838709677419,1751.6774193548388,0.03225806451612903,7.0,Low Data Usage
BSNL,F,43,Uttarakhand,Delhi,4,101224.0,33,44,5049.0,0,2025,3,1,36-45,77,Medium Usage,0.006535947712418301,1.3333333333333333,153.0,38.5,127.49000000000001,117.4186046511628,2354.046511627907,0.09302325581395349,0.75,Medium Data Usage
Vodafone,F,59,Maharashtra,Mumbai,4,63041.0,45,45,4405.0,0,2025,3,1,56+,90,Medium Usage,0.01021566401816118,1.0,97.88888888888889,45.0,134.05,74.66101694915254,1068.4915254237287,0.06779661016949153,1.0,Medium Data Usage
Airtel,M,61,Manipur,Kolkata,4,98314.0,78,29,1369.0,0,2025,3,1,56+,107,Low Usage,0.05697589481373265,0.3717948717948718,17.55128205128205,53.5,120.69,22.442622950819672,1611.704918032787,0.06557377049180328,2.689655172413793,Low Data Usage
BSNL,M,34,Kerala,Chennai,0,127804.0,59,16,3488.0,0,2025,3,1,26-35,75,Low Usage,0.0169151376146789,0.2711864406779661,59.11864406779661,37.5,109.88,102.58823529411765,3758.9411764705883,0.0,3.6875,Medium Data Usage
BSNL,M,44,Mizoram,Bangalore,1,147453.0,20,35,5049.0,0,2025,3,1,36-45,55,Medium Usage,0.003961180431768667,1.75,252.45,27.5,105.49000000000001,114.75,3351.2045454545455,0.022727272727272728,0.5714285714285714,Medium Data Usage
Vodafone,M,24,Assam,Kolkata,4,86828.0,57,29,7743.0,0,2025,3,1,18-25,86,High Usage,0.007361487795428129,0.5087719298245614,135.8421052631579,43.0,163.43,322.625,3617.8333333333335,0.16666666666666666,1.9655172413793103,High Data Usage
Reliance Jio,M,61,Jharkhand,Chennai,0,43619.0,39,35,9625.0,1,2025,3,1,56+,74,High Usage,0.004051948051948052,0.8974358974358975,246.7948717948718,37.0,170.25,157.78688524590163,715.0655737704918,0.0,1.1142857142857143,High Data Usage
BSNL,F,64,Sikkim,Mumbai,2,113686.0,91,19,1682.0,0,2025,3,1,56+,110,Low Usage,0.054102259215219974,0.2087912087912088,18.483516483516482,55.0,126.82,26.28125,1776.34375,0.03125,4.7894736842105265,Low Data Usage
Vodafone,M,25,Mizoram,Bangalore,2,131010.0,27,42,8155.0,1,2025,3,1,18-25,69,High Usage,0.0033108522378908645,1.5555555555555556,302.037037037037,34.5,150.55,326.2,5240.4,0.08,0.6428571428571429,High Data Usage
Reliance Jio,M,42,Nagaland,Kolkata,4,135489.0,66,10,5821.0,1,2025,3,1,36-45,76,Medium Usage,0.011338258031266105,0.15151515151515152,88.1969696969697,38.0,134.21,138.5952380952381,3225.9285714285716,0.09523809523809523,6.6,Medium Data Usage
Vodafone,F,55,Arunachal Pradesh,Chennai,2,71817.0,3,18,3096.0,0,2025,3,1,46-55,21,Low Usage,0.0009689922480620155,6.0,1032.0,10.5,51.96,56.29090909090909,1305.7636363636364,0.03636363636363636,0.16666666666666666,Medium Data Usage
Reliance Jio,F,22,Assam,Hyderabad,2,47235.0,102,26,7785.0,0,2025,3,1,18-25,128,High Usage,0.013102119460500963,0.2549019607843137,76.32352941176471,64.0,205.85,353.8636363636364,2147.0454545454545,0.09090909090909091,3.923076923076923,High Data Usage
Reliance Jio,M,31,Goa,Bangalore,4,92068.0,70,39,10269.0,0,2025,3,1,26-35,109,High Usage,0.006816632583503749,0.5571428571428572,146.7,54.5,211.69,331.258064516129,2969.935483870968,0.12903225806451613,1.794871794871795,High Data Usage
Airtel,F,35,Assam,Hyderabad,4,72035.0,80,36,3496.0,0,2025,3,1,26-35,116,Low Usage,0.02288329519450801,0.45,43.7,58.0,150.96,99.88571428571429,2058.1428571428573,0.11428571428571428,2.2222222222222223,Medium Data Usage
Vodafone,F,55,Mizoram,Mumbai,3,111216.0,56,30,3507.0,0,2025,3,1,46-55,86,Low Usage,0.015968063872255488,0.5357142857142857,62.625,43.0,121.07,63.763636363636365,2022.1090909090908,0.05454545454545454,1.8666666666666667,Medium Data Usage
Airtel,F,33,Himachal Pradesh,Kolkata,0,122987.0,78,4,5049.0,1,2025,3,1,26-35,82,Medium Usage,0.015448603683897801,0.05128205128205128,64.73076923076923,41.0,132.49,153.0,3726.878787878788,0.0,19.5,Medium Data Usage
BSNL,M,74,Manipur,Chennai,2,71227.0,55,0,1337.0,0,2025,3,1,56+,55,Low Usage,0.04113687359760658,0.0,24.30909090909091,27.5,68.37,18.06756756756757,962.527027027027,0.02702702702702703,55.0,Low Data Usage
BSNL,M,39,Uttar Pradesh,Chennai,3,118200.0,22,8,10449.0,0,2025,3,1,36-45,30,High Usage,0.0021054646377643795,0.36363636363636365,474.95454545454544,15.0,134.49,267.9230769230769,3030.769230769231,0.07692307692307693,2.75,High Data Usage
BSNL,M,28,Bihar,Bangalore,0,31297.0,36,26,2695.0,0,2025,4,2,26-35,62,Low Usage,0.013358070500927645,0.7222222222222222,74.86111111111111,31.0,88.95,96.25,1117.75,0.0,1.3846153846153846,Low Data Usage
BSNL,F,22,Uttarakhand,Bangalore,1,118100.0,25,5,1467.0,0,2025,4,2,18-25,30,Low Usage,0.017041581458759374,0.2,58.68,15.0,44.67,66.68181818181819,5368.181818181818,0.045454545454545456,5.0,Low Data Usage
Reliance Jio,F,62,Maharashtra,Chennai,2,20720.0,90,29,2963.0,0,2025,4,2,56+,119,Low Usage,0.030374620317246033,0.32222222222222224,32.922222222222224,59.5,148.63,47.79032258064516,334.19354838709677,0.03225806451612903,3.103448275862069,Low Data Usage
Vodafone,F,52,Haryana,Hyderabad,1,100048.0,39,43,907.0,0,2025,4,2,46-55,82,Low Usage,0.04299889746416759,1.1025641025641026,23.256410256410255,41.0,91.07,17.442307692307693,1924.0,0.019230769230769232,0.9069767441860465,Low Data Usage
BSNL,M,42,Uttarakhand,Hyderabad,2,23948.0,29,43,359.0,0,2025,4,2,36-45,72,Low Usage,0.0807799442896936,1.4827586206896552,12.379310344827585,36.0,75.59,8.547619047619047,570.1904761904761,0.047619047619047616,0.6744186046511628,Low Data Usage
Vodafone,M,62,Maharashtra,Mumbai,3,30472.0,76,36,5671.0,0,2025,4,2,56+,112,Medium Usage,0.013401516487391994,0.47368421052631576,74.61842105263158,56.0,168.71,91.46774193548387,491.48387096774195,0.04838709677419355,2.111111111111111,Medium Data Usage
BSNL,M,22,Uttar Pradesh,Delhi,3,145001.0,71,43,9224.0,0,2025,4,2,18-25,114,High Usage,0.007697311361665221,0.6056338028169014,129.91549295774647,57.0,206.24,419.27272727272725,6590.954545454545,0.13636363636363635,1.6511627906976745,High Data Usage
Reliance Jio,M,32,Uttar Pradesh,Kolkata,3,108307.0,14,35,1889.0,0,2025,4,2,26-35,49,Low Usage,0.007411328745367919,2.5,134.92857142857142,24.5,67.89,59.03125,3384.59375,0.09375,0.4,Low Data Usage
Vodafone,F,40,Rajasthan,Chennai,1,54706.0,101,5,3771.0,0,2025,4,2,36-45,106,Medium Usage,0.026783346592415803,0.04950495049504951,37.336633663366335,53.0,143.71,94.275,1367.65,0.025,20.2,Medium Data Usage
Airtel,M,59,Manipur,Hyderabad,2,144251.0,42,5,3497.0,1,2025,4,2,56+,47,Low Usage,0.012010294538175578,0.11904761904761904,83.26190476190476,23.5,81.97,59.271186440677965,2444.9322033898306,0.03389830508474576,8.4,Medium Data Usage
Vodafone,M,44,Meghalaya,Mumbai,2,113584.0,42,41,729.0,0,2025,4,2,36-45,83,Low Usage,0.05761316872427984,0.9761904761904762,17.357142857142858,41.5,90.29,16.568181818181817,2581.4545454545455,0.045454545454545456,1.024390243902439,Low Data Usage
Reliance Jio,M,68,Haryana,Hyderabad,0,96198.0,21,40,5271.0,0,2025,4,2,56+,61,Medium Usage,0.00398406374501992,1.9047619047619047,251.0,30.5,113.71000000000001,77.51470588235294,1414.6764705882354,0.0,0.525,Medium Data Usage
BSNL,M,31,Madhya Pradesh,Delhi,1,73367.0,69,44,4943.0,0,2025,4,2,26-35,113,Medium Usage,0.013959134129071415,0.6376811594202898,71.6376811594203,56.5,162.43,159.4516129032258,2366.6774193548385,0.03225806451612903,1.5681818181818181,Medium Data Usage
Vodafone,F,61,Uttar Pradesh,Hyderabad,2,103051.0,15,22,8993.0,0,2025,4,2,56+,37,High Usage,0.0016679639719782053,1.4666666666666666,599.5333333333333,18.5,126.93,147.4262295081967,1689.360655737705,0.03278688524590164,0.6818181818181818,High Data Usage
Vodafone,M,59,Uttar Pradesh,Delhi,1,82246.0,74,12,8560.0,0,2025,4,2,56+,86,High Usage,0.008644859813084112,0.16216216216216217,115.67567567567568,43.0,171.6,145.08474576271186,1394.0,0.01694915254237288,6.166666666666667,High Data Usage
Vodafone,M,70,Himachal Pradesh,Mumbai,3,28513.0,87,4,5021.0,1,2025,4,2,56+,91,Medium Usage,0.017327225652260504,0.04597701149425287,57.71264367816092,45.5,141.21,71.72857142857143,407.3285714285714,0.04285714285714286,21.75,Medium Data Usage
Vodafone,F,58,Assam,Delhi,2,58870.0,98,40,7367.0,0,2025,4,2,56+,138,High Usage,0.013302565494773991,0.40816326530612246,75.1734693877551,69.0,211.67000000000002,127.01724137931035,1015.0,0.034482758620689655,2.45,High Data Usage
Airtel,F,30,Punjab,Delhi,1,93546.0,13,26,5049.0,0,2025,4,2,26-35,39,Medium Usage,0.0025747672806496337,2.0,388.38461538461536,19.5,89.49000000000001,168.3,3118.2,0.03333333333333333,0.5,Medium Data Usage
Vodafone,M,27,Karnataka,Chennai,4,104285.0,52,25,1868.0,1,2025,4,2,26-35,77,Low Usage,0.027837259100642397,0.4807692307692308,35.92307692307692,38.5,95.68,69.18518518518519,3862.4074074074074,0.14814814814814814,2.08,Low Data Usage
BSNL,M,36,Chhattisgarh,Delhi,3,53001.0,50,24,3695.0,0,2025,4,2,36-45,74,Medium Usage,0.013531799729364006,0.48,73.9,37.0,110.95,102.63888888888889,1472.25,0.08333333333333333,2.0833333333333335,Medium Data Usage
Airtel,F,44,Maharashtra,Bangalore,4,107123.0,38,26,3529.0,0,2025,4,2,36-45,64,Low Usage,0.010767922924341174,0.6842105263157895,92.86842105263158,32.0,99.28999999999999,80.20454545454545,2434.6136363636365,0.09090909090909091,1.4615384615384615,Medium Data Usage
BSNL,F,24,Nagaland,Mumbai,4,22814.0,96,30,9049.0,0,2025,4,2,18-25,126,High Usage,0.010608907061553763,0.3125,94.26041666666667,63.0,216.49,377.0416666666667,950.5833333333334,0.16666666666666666,3.2,High Data Usage
Reliance Jio,M,28,Bihar,Kolkata,0,54634.0,20,45,8572.0,0,2025,4,2,26-35,65,High Usage,0.0023331777881474567,2.25,428.6,32.5,150.72,306.14285714285717,1951.2142857142858,0.0,0.4444444444444444,High Data Usage
Vodafone,M,65,Madhya Pradesh,Bangalore,4,102036.0,75,19,5169.0,0,2025,4,2,56+,94,Medium Usage,0.014509576320371444,0.25333333333333335,68.92,47.0,145.69,79.52307692307693,1569.7846153846153,0.06153846153846154,3.9473684210526314,Medium Data Usage
Vodafone,F,60,Nagaland,Chennai,1,29859.0,25,26,3163.0,0,2025,4,2,56+,51,Low Usage,0.007903888713246918,1.04,126.52,25.5,82.63,52.71666666666667,497.65,0.016666666666666666,0.9615384615384616,Medium Data Usage
BSNL,M,68,Nagaland,Hyderabad,1,45577.0,44,9,3931.0,0,2025,4,2,56+,53,Medium Usage,0.011193080641058254,0.20454545454545456,89.3409090909091,26.5,92.31,57.80882352941177,670.25,0.014705882352941176,4.888888888888889,Medium Data Usage
Reliance Jio,F,40,Nagaland,Chennai,1,85856.0,98,52,1781.0,0,2025,4,2,36-45,150,Low Usage,0.055025266704098824,0.5306122448979592,18.1734693877551,75.0,167.81,44.525,2146.4,0.025,1.8846153846153846,Low Data Usage
Reliance Jio,M,24,Chhattisgarh,Chennai,1,66198.0,78,36,4517.0,0,2025,4,2,18-25,114,Medium Usage,0.017268098295328757,0.46153846153846156,57.91025641025641,57.0,159.17000000000002,188.20833333333334,2758.25,0.041666666666666664,2.1666666666666665,Medium Data Usage
Vodafone,F,72,Maharashtra,Kolkata,2,92886.0,79,23,3167.0,0,2025,4,2,56+,102,Low Usage,0.02494474265866751,0.2911392405063291,40.08860759493671,51.0,133.67000000000002,43.986111111111114,1290.0833333333333,0.027777777777777776,3.4347826086956523,Medium Data Usage
BSNL,M,18,Andhra Pradesh,Hyderabad,4,96992.0,93,3,5049.0,1,2025,4,2,18-25,96,Medium Usage,0.0184194890077243,0.03225806451612903,54.29032258064516,48.0,146.49,280.5,5388.444444444444,0.2222222222222222,31.0,Medium Data Usage
Vodafone,M,65,Chhattisgarh,Delhi,0,55114.0,65,33,214.0,0,2025,5,2,56+,98,Low Usage,0.3037383177570093,0.5076923076923077,3.292307692307692,49.0,100.14,3.292307692307692,847.9076923076923,0.0,1.9696969696969697,Low Data Usage
Reliance Jio,M,23,Arunachal Pradesh,Mumbai,2,149464.0,73,22,5723.0,0,2025,5,2,18-25,95,Medium Usage,0.012755547789620828,0.3013698630136986,78.3972602739726,47.5,152.23,248.82608695652175,6498.434782608696,0.08695652173913043,3.3181818181818183,Medium Data Usage
Vodafone,M,55,Kerala,Bangalore,3,126483.0,32,28,6919.0,0,2025,5,2,46-55,60,High Usage,0.00462494580141639,0.875,216.21875,30.0,129.19,125.8,2299.690909090909,0.05454545454545454,1.1428571428571428,Medium Data Usage
Vodafone,F,64,Odisha,Mumbai,4,32570.0,53,25,6534.0,0,2025,5,2,56+,78,Medium Usage,0.008111417202326294,0.4716981132075472,123.28301886792453,39.0,143.34,102.09375,508.90625,0.0625,2.12,Medium Data Usage
Vodafone,M,35,Manipur,Mumbai,3,35375.0,77,7,4195.0,0,2025,5,2,26-35,84,Medium Usage,0.01835518474374255,0.09090909090909091,54.48051948051948,42.0,125.95,119.85714285714286,1010.7142857142857,0.08571428571428572,11.0,Medium Data Usage
Airtel,M,39,Mizoram,Kolkata,3,33619.0,25,52,3001.0,0,2025,5,2,36-45,77,Low Usage,0.008330556481172943,2.08,120.04,38.5,107.01,76.94871794871794,862.025641025641,0.07692307692307693,0.4807692307692308,Medium Data Usage
Reliance Jio,M,62,Punjab,Mumbai,3,56168.0,90,18,5658.0,0,2025,5,2,56+,108,Medium Usage,0.015906680805938492,0.2,62.86666666666667,54.0,164.57999999999998,91.25806451612904,905.9354838709677,0.04838709677419355,5.0,Medium Data Usage
BSNL,F,35,Uttar Pradesh,Hyderabad,0,22346.0,95,18,3927.0,0,2025,5,2,26-35,113,Medium Usage,0.024191494779730073,0.18947368421052632,41.33684210526316,56.5,152.27,112.2,638.4571428571429,0.0,5.277777777777778,Medium Data Usage
Airtel,M,22,Andhra Pradesh,Mumbai,0,132796.0,68,23,2644.0,0,2025,5,2,18-25,91,Low Usage,0.025718608169440244,0.3382352941176471,38.88235294117647,45.5,117.44,120.18181818181819,6036.181818181818,0.0,2.9565217391304346,Low Data Usage
Vodafone,M,34,Haryana,Hyderabad,0,132240.0,57,42,7082.0,0,2025,5,2,26-35,99,High Usage,0.008048573849195143,0.7368421052631579,124.24561403508773,49.5,169.82,208.2941176470588,3889.4117647058824,0.0,1.3571428571428572,High Data Usage
BSNL,F,53,Karnataka,Mumbai,1,107295.0,8,17,10401.0,0,2025,5,2,46-55,25,High Usage,0.0007691568118450149,2.125,1300.125,12.5,129.01,196.24528301886792,2024.433962264151,0.018867924528301886,0.47058823529411764,High Data Usage
Vodafone,M,35,Haryana,Mumbai,4,91207.0,43,31,7942.0,0,2025,5,2,26-35,74,High Usage,0.00541425333669101,0.7209302325581395,184.69767441860466,37.0,153.42000000000002,226.9142857142857,2605.9142857142856,0.11428571428571428,1.3870967741935485,High Data Usage
BSNL,M,53,Madhya Pradesh,Kolkata,3,93214.0,83,23,4015.0,0,2025,5,2,46-55,106,Medium Usage,0.02067247820672478,0.27710843373493976,48.373493975903614,53.0,146.15,75.75471698113208,1758.754716981132,0.05660377358490566,3.608695652173913,Medium Data Usage
Reliance Jio,M,37,Odisha,Bangalore,3,64145.0,10,26,5049.0,0,2025,5,2,36-45,36,Medium Usage,0.0019805902158843334,2.6,504.9,18.0,86.49000000000001,136.45945945945945,1733.6486486486488,0.08108108108108109,0.38461538461538464,Medium Data Usage
Airtel,F,63,Manipur,Kolkata,4,88523.0,22,9,6211.0,0,2025,5,2,56+,31,Medium Usage,0.003542102720978908,0.4090909090909091,282.3181818181818,15.5,93.11,98.58730158730158,1405.126984126984,0.06349206349206349,2.4444444444444446,Medium Data Usage
BSNL,M,65,Bihar,Mumbai,0,54114.0,37,39,2594.0,1,2025,5,2,56+,76,Low Usage,0.014263685427910563,1.054054054054054,70.10810810810811,38.0,101.94,39.90769230769231,832.5230769230769,0.0,0.9487179487179487,Low Data Usage
BSNL,M,19,Haryana,Bangalore,0,21407.0,85,21,5561.0,0,2025,5,2,18-25,106,Medium Usage,0.015285020679733861,0.24705882352941178,65.4235294117647,53.0,161.61,292.6842105263158,1126.6842105263158,0.0,4.0476190476190474,Medium Data Usage
Reliance Jio,M,64,Himachal Pradesh,Chennai,3,56741.0,22,1,4821.0,1,2025,5,2,56+,23,Medium Usage,0.0045633685957270275,0.045454545454545456,219.13636363636363,11.5,71.21000000000001,75.328125,886.578125,0.046875,22.0,Medium Data Usage
Airtel,F,66,Karnataka,Delhi,4,43605.0,81,33,6244.0,0,2025,5,2,56+,114,Medium Usage,0.012972453555413196,0.4074074074074074,77.08641975308642,57.0,176.44,94.60606060606061,660.6818181818181,0.06060606060606061,2.4545454545454546,Medium Data Usage
Reliance Jio,M,68,Tamil Nadu,Bangalore,2,28548.0,98,33,1919.0,1,2025,5,2,56+,131,Low Usage,0.05106826472120896,0.336734693877551,19.581632653061224,65.5,150.19,28.220588235294116,419.8235294117647,0.029411764705882353,2.9696969696969697,Low Data Usage
BSNL,M,48,Bihar,Chennai,4,145661.0,25,37,4236.0,0,2025,5,2,46-55,62,Medium Usage,0.005901794145420208,1.48,169.44,31.0,104.36,88.25,3034.6041666666665,0.08333333333333333,0.6756756756756757,Medium Data Usage
Airtel,M,65,Jharkhand,Kolkata,4,106064.0,60,27,5329.0,0,2025,5,2,56+,87,Medium Usage,0.01125914805779696,0.45,88.81666666666666,43.5,140.29,81.98461538461538,1631.753846153846,0.06153846153846154,2.2222222222222223,Medium Data Usage
Airtel,M,58,Kerala,Bangalore,2,102742.0,25,19,7841.0,1,2025,5,2,56+,44,High Usage,0.003188368830506313,0.76,313.64,22.0,122.41,135.18965517241378,1771.4137931034484,0.034482758620689655,1.3157894736842106,High Data Usage
Reliance Jio,M,49,Uttar Pradesh,Bangalore,0,145743.0,62,47,6075.0,0,2025,5,2,46-55,109,Medium Usage,0.010205761316872428,0.7580645161290323,97.98387096774194,54.5,169.75,123.9795918367347,2974.3469387755104,0.0,1.3191489361702127,Medium Data Usage
Airtel,F,43,Manipur,Chennai,2,121818.0,43,27,7217.0,0,2025,5,2,36-45,70,High Usage,0.005958154357766385,0.627906976744186,167.8372093023256,35.0,142.17000000000002,167.8372093023256,2832.9767441860463,0.046511627906976744,1.5925925925925926,High Data Usage
Vodafone,M,35,Tripura,Kolkata,2,24791.0,15,26,8421.0,0,2025,5,2,26-35,41,High Usage,0.0017812611328820805,1.7333333333333334,561.4,20.5,125.21,240.6,708.3142857142857,0.05714285714285714,0.5769230769230769,High Data Usage
Vodafone,M,44,Himachal Pradesh,Hyderabad,4,59042.0,15,34,4801.0,0,2025,5,2,36-45,49,Medium Usage,0.003124349093938763,2.2666666666666666,320.06666666666666,24.5,97.00999999999999,109.11363636363636,1341.8636363636363,0.09090909090909091,0.4411764705882353,Medium Data Usage
Reliance Jio,M,59,Uttarakhand,Kolkata,2,133539.0,30,8,2799.0,0,2025,5,2,56+,38,Low Usage,0.010718113612004287,0.26666666666666666,93.3,19.0,65.99,47.440677966101696,2263.3728813559323,0.03389830508474576,3.75,Low Data Usage
BSNL,F,50,Himachal Pradesh,Kolkata,0,128273.0,29,11,711.0,0,2025,5,2,46-55,40,Low Usage,0.040787623066104076,0.3793103448275862,24.517241379310345,20.0,47.11,14.22,2565.46,0.0,2.6363636363636362,Low Data Usage
Reliance Jio,M,56,Telangana,Delhi,3,50807.0,41,26,5820.0,0,2025,5,2,56+,67,Medium Usage,0.0070446735395189005,0.6341463414634146,141.9512195121951,33.5,125.2,103.92857142857143,907.2678571428571,0.05357142857142857,1.5769230769230769,Medium Data Usage
Reliance Jio,M,21,Rajasthan,Delhi,2,125880.0,56,42,3559.0,1,2025,5,2,18-25,98,Medium Usage,0.015734756954200617,0.75,63.55357142857143,49.0,133.59,169.47619047619048,5994.285714285715,0.09523809523809523,1.3333333333333333,Medium Data Usage
Reliance Jio,M,67,Assam,Bangalore,3,28846.0,18,49,10200.0,0,2025,6,2,56+,67,High Usage,0.0017647058823529412,2.7222222222222223,566.6666666666666,33.5,169.0,152.23880597014926,430.53731343283584,0.04477611940298507,0.3673469387755102,High Data Usage
Vodafone,F,22,Sikkim,Hyderabad,2,42843.0,34,44,4217.0,0,2025,6,2,18-25,78,Medium Usage,0.008062603746739389,1.2941176470588236,124.02941176470588,39.0,120.17,191.6818181818182,1947.409090909091,0.09090909090909091,0.7727272727272727,Medium Data Usage
Airtel,M,23,Haryana,Chennai,0,69382.0,85,19,5049.0,0,2025,6,2,18-25,104,Medium Usage,0.016835016835016835,0.2235294117647059,59.4,52.0,154.49,219.52173913043478,3016.608695652174,0.0,4.473684210526316,Medium Data Usage
Reliance Jio,M,70,Arunachal Pradesh,Kolkata,0,53865.0,50,42,9856.0,0,2025,6,2,56+,92,High Usage,0.005073051948051948,0.84,197.12,46.0,190.56,140.8,769.5,0.0,1.1904761904761905,High Data Usage
Reliance Jio,M,23,Karnataka,Bangalore,4,27209.0,85,49,2101.0,0,2025,6,2,18-25,134,Low Usage,0.0404569252736792,0.5764705882352941,24.71764705882353,67.0,155.01,91.34782608695652,1183.0,0.17391304347826086,1.7346938775510203,Low Data Usage
Vodafone,F,72,Meghalaya,Bangalore,0,62577.0,13,24,5525.0,0,2025,6,2,56+,37,Medium Usage,0.002352941176470588,1.8461538461538463,425.0,18.5,92.25,76.73611111111111,869.125,0.0,0.5416666666666666,Medium Data Usage
Airtel,F,47,Bihar,Hyderabad,4,126629.0,18,46,8353.0,0,2025,6,2,46-55,64,High Usage,0.0021549144020112532,2.5555555555555554,464.05555555555554,32.0,147.53,177.72340425531914,2694.2340425531916,0.0851063829787234,0.391304347826087,High Data Usage
Reliance Jio,M,38,Karnataka,Mumbai,3,140257.0,93,40,156.0,1,2025,6,2,36-45,133,Low Usage,0.5961538461538461,0.43010752688172044,1.6774193548387097,66.5,134.56,4.105263157894737,3690.9736842105262,0.07894736842105263,2.325,Low Data Usage
Airtel,M,72,Punjab,Mumbai,4,31235.0,55,5,312.0,0,2025,6,2,56+,60,Low Usage,0.1762820512820513,0.09090909090909091,5.672727272727273,30.0,63.12,4.333333333333333,433.81944444444446,0.05555555555555555,11.0,Low Data Usage
Airtel,M,43,Haryana,Bangalore,2,113024.0,30,50,4057.0,0,2025,6,2,36-45,80,Medium Usage,0.007394626571358146,1.6666666666666667,135.23333333333332,40.0,120.57,94.34883720930233,2628.4651162790697,0.046511627906976744,0.6,Medium Data Usage
Airtel,F,27,Goa,Mumbai,1,36886.0,89,11,168.0,0,2025,6,2,26-35,100,Low Usage,0.5297619047619048,0.12359550561797752,1.8876404494382022,50.0,101.68,6.222222222222222,1366.148148148148,0.037037037037037035,8.090909090909092,Low Data Usage
BSNL,F,38,Meghalaya,Mumbai,0,99383.0,91,18,8555.0,0,2025,6,2,36-45,109,High Usage,0.010637054354178842,0.1978021978021978,94.01098901098901,54.5,194.55,225.1315789473684,2615.342105263158,0.0,5.055555555555555,High Data Usage
Vodafone,F,68,Bihar,Delhi,0,113555.0,29,29,3274.0,0,2025,6,2,56+,58,Low Usage,0.00885766646304215,1.0,112.89655172413794,29.0,90.74000000000001,48.14705882352941,1669.9264705882354,0.0,1.0,Medium Data Usage
Vodafone,F,30,Uttarakhand,Mumbai,3,26351.0,49,5,3285.0,0,2025,6,2,26-35,54,Low Usage,0.014916286149162862,0.10204081632653061,67.04081632653062,27.0,86.85,109.5,878.3666666666667,0.1,9.8,Medium Data Usage
Reliance Jio,M,39,Kerala,Chennai,2,128969.0,95,26,2378.0,0,2025,6,2,36-45,121,Low Usage,0.03994953742640875,0.2736842105263158,25.03157894736842,60.5,144.78,60.97435897435897,3306.897435897436,0.05128205128205128,3.6538461538461537,Low Data Usage
Vodafone,M,27,Assam,Mumbai,0,39965.0,102,18,4990.0,0,2025,6,2,26-35,120,Medium Usage,0.020440881763527055,0.17647058823529413,48.92156862745098,60.0,169.9,184.8148148148148,1480.1851851851852,0.0,5.666666666666667,Medium Data Usage
Vodafone,M,34,Jharkhand,Bangalore,2,65287.0,69,18,9227.0,0,2025,6,2,26-35,87,High Usage,0.0074780535385282326,0.2608695652173913,133.7246376811594,43.5,179.26999999999998,271.38235294117646,1920.2058823529412,0.058823529411764705,3.8333333333333335,High Data Usage
Airtel,M,55,Sikkim,Chennai,0,93934.0,85,4,5625.0,0,2025,6,2,46-55,89,Medium Usage,0.015111111111111112,0.047058823529411764,66.17647058823529,44.5,145.25,102.27272727272727,1707.8909090909092,0.0,21.25,Medium Data Usage
Reliance Jio,M,60,Meghalaya,Bangalore,0,94281.0,62,40,4428.0,0,2025,6,2,56+,102,Medium Usage,0.014001806684733513,0.6451612903225806,71.41935483870968,51.0,146.28,73.8,1571.35,0.0,1.55,Medium Data Usage
BSNL,M,47,Uttarakhand,Bangalore,1,80198.0,28,26,4942.0,1,2025,6,2,46-55,54,Medium Usage,0.0056657223796034,0.9285714285714286,176.5,27.0,103.42,105.14893617021276,1706.340425531915,0.02127659574468085,1.0769230769230769,Medium Data Usage
Reliance Jio,M,40,Odisha,Kolkata,2,91609.0,76,40,8171.0,0,2025,6,2,36-45,116,High Usage,0.009301187125198875,0.5263157894736842,107.51315789473684,58.0,197.70999999999998,204.275,2290.225,0.05,1.9,High Data Usage
Reliance Jio,M,18,Tamil Nadu,Kolkata,3,100163.0,12,40,722.0,1,2025,6,2,18-25,52,Low Usage,0.01662049861495845,3.3333333333333335,60.166666666666664,26.0,59.22,40.111111111111114,5564.611111111111,0.16666666666666666,0.3,Low Data Usage
BSNL,F,53,Punjab,Delhi,2,118459.0,60,21,9746.0,0,2025,6,2,46-55,81,High Usage,0.00615637184485943,0.35,162.43333333333334,40.5,178.45999999999998,183.88679245283018,2235.0754716981132,0.03773584905660377,2.857142857142857,High Data Usage
Reliance Jio,M,29,Kerala,Delhi,4,122685.0,76,19,1813.0,0,2025,6,2,26-35,95,Low Usage,0.041919470490899065,0.25,23.855263157894736,47.5,113.13,62.51724137931034,4230.517241379311,0.13793103448275862,4.0,Low Data Usage
Vodafone,M,26,Himachal Pradesh,Hyderabad,0,47767.0,17,47,4537.0,0,2025,6,2,26-35,64,Medium Usage,0.0037469693630152083,2.764705882352941,266.88235294117646,32.0,109.37,174.5,1837.1923076923076,0.0,0.3617021276595745,Medium Data Usage
BSNL,M,19,Himachal Pradesh,Hyderabad,0,98573.0,80,27,1288.0,0,2025,6,2,18-25,107,Low Usage,0.062111801242236024,0.3375,16.1,53.5,119.88,67.78947368421052,5188.0526315789475,0.0,2.962962962962963,Low Data Usage
Airtel,M,36,Nagaland,Mumbai,0,130932.0,57,0,3824.0,0,2025,6,2,36-45,57,Medium Usage,0.014905857740585775,0.0,67.08771929824562,28.5,95.24000000000001,106.22222222222223,3637.0,0.0,57.0,Medium Data Usage
Airtel,M,22,Meghalaya,Mumbai,1,61756.0,78,41,4519.0,0,2025,6,2,18-25,119,Medium Usage,0.01726045585306484,0.5256410256410257,57.93589743589744,59.5,164.19,205.4090909090909,2807.090909090909,0.045454545454545456,1.9024390243902438,Medium Data Usage
Airtel,M,46,Chhattisgarh,Mumbai,2,44681.0,0,45,3747.0,0,2025,6,2,46-55,45,Medium Usage,0.0,45.0,3747.0,22.5,82.47,81.45652173913044,971.3260869565217,0.043478260869565216,0.0,Medium Data Usage
Reliance Jio,F,55,Maharashtra,Mumbai,0,121888.0,50,9,8344.0,0,2025,6,2,46-55,59,High Usage,0.005992329817833174,0.18,166.88,29.5,142.44,151.70909090909092,2216.1454545454544,0.0,5.555555555555555,High Data Usage
Airtel,M,34,West Bengal,Bangalore,2,110008.0,68,19,4361.0,0,2025,7,3,26-35,87,Medium Usage,0.01559275395551479,0.27941176470588236,64.13235294117646,43.5,130.61,128.26470588235293,3235.529411764706,0.058823529411764705,3.5789473684210527,Medium Data Usage
Vodafone,M,59,Maharashtra,Mumbai,1,113606.0,47,12,5049.0,1,2025,7,3,56+,59,Medium Usage,0.009308774014656367,0.2553191489361702,107.42553191489361,29.5,109.49000000000001,85.57627118644068,1925.5254237288136,0.01694915254237288,3.9166666666666665,Medium Data Usage
Reliance Jio,F,36,Telangana,Mumbai,4,65770.0,26,19,8990.0,0,2025,7,3,36-45,45,High Usage,0.0028921023359288096,0.7307692307692307,345.7692307692308,22.5,134.9,249.72222222222223,1826.9444444444443,0.1111111111111111,1.368421052631579,High Data Usage
Reliance Jio,F,40,Arunachal Pradesh,Delhi,3,96844.0,51,9,896.0,1,2025,7,3,36-45,60,Low Usage,0.056919642857142856,0.17647058823529413,17.568627450980394,30.0,68.96000000000001,22.4,2421.1,0.075,5.666666666666667,Low Data Usage
Reliance Jio,F,67,Himachal Pradesh,Kolkata,3,115361.0,24,10,6744.0,0,2025,7,3,56+,34,High Usage,0.0035587188612099642,0.4166666666666667,281.0,17.0,101.44,100.65671641791045,1721.8059701492537,0.04477611940298507,2.4,Medium Data Usage
Reliance Jio,M,51,Manipur,Bangalore,1,47430.0,49,34,566.0,0,2025,7,3,46-55,83,Low Usage,0.08657243816254417,0.6938775510204082,11.551020408163266,41.5,88.66,11.098039215686274,930.0,0.0196078431372549,1.4411764705882353,Low Data Usage
BSNL,M,58,Tripura,Bangalore,2,101004.0,78,32,3938.0,0,2025,7,3,56+,110,Medium Usage,0.019807008633824275,0.41025641025641024,50.48717948717949,55.0,149.38,67.89655172413794,1741.448275862069,0.034482758620689655,2.4375,Medium Data Usage
Reliance Jio,F,48,Arunachal Pradesh,Bangalore,2,63598.0,46,36,4300.0,0,2025,7,3,46-55,82,Medium Usage,0.010697674418604652,0.782608695652174,93.47826086956522,41.0,125.0,89.58333333333333,1324.9583333333333,0.041666666666666664,1.2777777777777777,Medium Data Usage
BSNL,M,49,Gujarat,Hyderabad,3,96938.0,68,33,5265.0,0,2025,7,3,46-55,101,Medium Usage,0.012915479582146248,0.4852941176470588,77.42647058823529,50.5,153.65,107.44897959183673,1978.3265306122448,0.061224489795918366,2.0606060606060606,Medium Data Usage
Reliance Jio,M,66,Kerala,Chennai,0,99159.0,50,26,3838.0,1,2025,7,3,56+,76,Medium Usage,0.013027618551328817,0.52,76.76,38.0,114.38,58.15151515151515,1502.409090909091,0.0,1.9230769230769231,Medium Data Usage
Vodafone,M,29,Nagaland,Kolkata,3,57925.0,70,41,5774.0,0,2025,7,3,26-35,111,Medium Usage,0.012123311395912712,0.5857142857142857,82.48571428571428,55.5,168.74,199.10344827586206,1997.4137931034484,0.10344827586206896,1.7073170731707317,Medium Data Usage
Airtel,M,21,Andhra Pradesh,Kolkata,1,89133.0,22,6,5990.0,0,2025,7,3,18-25,28,Medium Usage,0.003672787979966611,0.2727272727272727,272.27272727272725,14.0,87.9,285.23809523809524,4244.428571428572,0.047619047619047616,3.6666666666666665,Medium Data Usage
Airtel,M,30,Uttar Pradesh,Chennai,1,120001.0,65,11,6249.0,1,2025,7,3,26-35,76,Medium Usage,0.010401664266282605,0.16923076923076924,96.13846153846154,38.0,138.49,208.3,4000.0333333333333,0.03333333333333333,5.909090909090909,Medium Data Usage
Vodafone,M,39,Manipur,Mumbai,2,36810.0,71,11,8988.0,0,2025,7,3,36-45,82,High Usage,0.00789942145082332,0.15492957746478872,126.59154929577464,41.0,171.88,230.46153846153845,943.8461538461538,0.05128205128205128,6.454545454545454,High Data Usage
Vodafone,M,30,Assam,Bangalore,1,109615.0,0,7,2956.0,0,2025,7,3,26-35,7,Low Usage,0.0,7.0,2956.0,3.5,36.56,98.53333333333333,3653.8333333333335,0.03333333333333333,0.0,Low Data Usage
Airtel,F,73,Karnataka,Chennai,2,122350.0,49,35,6638.0,1,2025,7,3,56+,84,High Usage,0.0073817414884001205,0.7142857142857143,135.46938775510205,42.0,150.38,90.93150684931507,1676.027397260274,0.0273972602739726,1.4,Medium Data Usage
Reliance Jio,F,25,Tripura,Kolkata,0,25329.0,38,9,3095.0,0,2025,7,3,18-25,47,Low Usage,0.012277867528271405,0.23684210526315788,81.44736842105263,23.5,77.95,123.8,1013.16,0.0,4.222222222222222,Medium Data Usage
BSNL,M,57,Mizoram,Mumbai,1,93731.0,88,32,8342.0,0,2025,7,3,56+,120,High Usage,0.010549029009829777,0.36363636363636365,94.79545454545455,60.0,203.42000000000002,146.35087719298247,1644.4035087719299,0.017543859649122806,2.75,High Data Usage
Reliance Jio,F,48,Manipur,Kolkata,2,114548.0,27,20,1075.0,1,2025,7,3,46-55,47,Low Usage,0.025116279069767444,0.7407407407407407,39.81481481481482,23.5,57.75,22.395833333333332,2386.4166666666665,0.041666666666666664,1.35,Low Data Usage
Vodafone,M,67,Gujarat,Delhi,0,41206.0,22,44,8467.0,0,2025,7,3,56+,66,High Usage,0.002598322900673202,2.0,384.8636363636364,33.0,150.67000000000002,126.3731343283582,615.0149253731344,0.0,0.5,High Data Usage
Vodafone,M,70,Assam,Delhi,2,27518.0,62,16,5487.0,0,2025,7,3,56+,78,Medium Usage,0.011299435028248588,0.25806451612903225,88.5,39.0,132.87,78.38571428571429,393.1142857142857,0.02857142857142857,3.875,Medium Data Usage
Airtel,M,33,Goa,Bangalore,3,128299.0,83,44,5391.0,0,2025,7,3,26-35,127,Medium Usage,0.015396030421072158,0.5301204819277109,64.95180722891567,63.5,180.91,163.36363636363637,3887.848484848485,0.09090909090909091,1.8863636363636365,Medium Data Usage
Vodafone,M,59,Gujarat,Bangalore,3,47975.0,30,33,6477.0,0,2025,7,3,56+,63,Medium Usage,0.004631773969430292,1.1,215.9,31.5,127.77,109.77966101694915,813.1355932203389,0.05084745762711865,0.9090909090909091,Medium Data Usage
Vodafone,M,55,Himachal Pradesh,Hyderabad,3,42952.0,17,43,1848.0,0,2025,7,3,46-55,60,Low Usage,0.0091991341991342,2.5294117647058822,108.70588235294117,30.0,78.48,33.6,780.9454545454546,0.05454545454545454,0.3953488372093023,Low Data Usage
Reliance Jio,F,21,Arunachal Pradesh,Bangalore,4,45341.0,45,34,2067.0,0,2025,7,3,18-25,79,Low Usage,0.02177068214804064,0.7555555555555555,45.93333333333333,39.5,99.67,98.42857142857143,2159.095238095238,0.19047619047619047,1.3235294117647058,Low Data Usage
BSNL,F,57,Punjab,Hyderabad,4,87831.0,93,38,4264.0,1,2025,7,3,56+,131,Medium Usage,0.02181050656660413,0.40860215053763443,45.8494623655914,65.5,173.64,74.80701754385964,1540.8947368421052,0.07017543859649122,2.4473684210526314,Medium Data Usage
BSNL,F,60,Nagaland,Hyderabad,3,75974.0,68,49,2262.0,0,2025,7,3,56+,117,Low Usage,0.030061892130857647,0.7205882352941176,33.26470588235294,58.5,139.62,37.7,1266.2333333333333,0.05,1.3877551020408163,Low Data Usage
Reliance Jio,M,44,Punjab,Delhi,4,33029.0,37,34,1516.0,0,2025,7,3,36-45,71,Low Usage,0.024406332453825858,0.918918918918919,40.972972972972975,35.5,86.16,34.45454545454545,750.6590909090909,0.09090909090909091,1.088235294117647,Low Data Usage
Airtel,F,36,Uttar Pradesh,Hyderabad,1,84307.0,85,29,5370.0,0,2025,7,3,36-45,114,Medium Usage,0.015828677839851025,0.3411764705882353,63.1764705882353,57.0,167.7,149.16666666666666,2341.8611111111113,0.027777777777777776,2.9310344827586206,Medium Data Usage
Vodafone,M,72,Telangana,Mumbai,0,39983.0,33,12,8597.0,0,2025,7,3,56+,45,High Usage,0.003838548330813074,0.36363636363636365,260.5151515151515,22.5,130.97,119.40277777777777,555.3194444444445,0.0,2.75,High Data Usage
Airtel,F,44,Punjab,Bangalore,3,70935.0,33,7,9960.0,0,2025,7,3,36-45,40,High Usage,0.0033132530120481927,0.21212121212121213,301.8181818181818,20.0,139.6,226.36363636363637,1612.159090909091,0.06818181818181818,4.714285714285714,High Data Usage
BSNL,M,42,Maharashtra,Bangalore,0,112535.0,50,21,9798.0,1,2025,8,3,36-45,71,High Usage,0.005103082261686058,0.42,195.96,35.5,168.98000000000002,233.28571428571428,2679.404761904762,0.0,2.380952380952381,High Data Usage
Reliance Jio,M,39,Bihar,Mumbai,1,137015.0,5,11,6982.0,1,2025,8,3,36-45,16,High Usage,0.0007161271841879118,2.2,1396.4,8.0,85.82,179.02564102564102,3513.2051282051284,0.02564102564102564,0.45454545454545453,Medium Data Usage
Vodafone,M,34,Andhra Pradesh,Hyderabad,4,51329.0,24,4,9512.0,1,2025,8,3,26-35,28,High Usage,0.002523128679562658,0.16666666666666666,396.3333333333333,14.0,123.12,279.7647058823529,1509.6764705882354,0.11764705882352941,6.0,High Data Usage
Airtel,M,52,Tamil Nadu,Mumbai,1,41115.0,11,43,3439.0,0,2025,8,3,46-55,54,Low Usage,0.00319860424542018,3.909090909090909,312.6363636363636,27.0,88.39,66.13461538461539,790.6730769230769,0.019230769230769232,0.2558139534883721,Medium Data Usage
Vodafone,F,43,Manipur,Delhi,0,69505.0,50,12,5243.0,0,2025,8,3,36-45,62,Medium Usage,0.009536524890329964,0.24,104.86,31.0,114.43,121.93023255813954,1616.3953488372092,0.0,4.166666666666667,Medium Data Usage
Vodafone,F,27,Chhattisgarh,Delhi,0,73418.0,33,38,5314.0,0,2025,8,3,26-35,71,Medium Usage,0.0062100112909296195,1.1515151515151516,161.03030303030303,35.5,124.14,196.8148148148148,2719.185185185185,0.0,0.868421052631579,Medium Data Usage
Airtel,F,43,Tripura,Chennai,2,61692.0,61,2,1335.0,0,2025,8,3,36-45,63,Low Usage,0.045692883895131084,0.03278688524590164,21.885245901639344,31.5,76.35,31.046511627906977,1434.6976744186047,0.046511627906976744,30.5,Low Data Usage
Vodafone,M,74,Himachal Pradesh,Chennai,2,125262.0,42,12,3329.0,0,2025,8,3,56+,54,Low Usage,0.012616401321718233,0.2857142857142857,79.26190476190476,27.0,87.28999999999999,44.986486486486484,1692.7297297297298,0.02702702702702703,3.5,Medium Data Usage
Vodafone,M,73,Nagaland,Hyderabad,3,50810.0,75,47,2957.0,0,2025,8,3,56+,122,Low Usage,0.02536354413256679,0.6266666666666667,39.42666666666667,61.0,151.57,40.50684931506849,696.027397260274,0.0410958904109589,1.5957446808510638,Low Data Usage
Reliance Jio,F,41,Arunachal Pradesh,Chennai,0,143064.0,19,13,4788.0,0,2025,8,3,36-45,32,Medium Usage,0.003968253968253968,0.6842105263157895,252.0,16.0,79.88,116.78048780487805,3489.3658536585367,0.0,1.4615384615384615,Medium Data Usage
Vodafone,M,28,Mizoram,Mumbai,2,85780.0,33,17,6230.0,0,2025,8,3,26-35,50,Medium Usage,0.005296950240770465,0.5151515151515151,188.78787878787878,25.0,112.3,222.5,3063.5714285714284,0.07142857142857142,1.9411764705882353,Medium Data Usage
Vodafone,F,32,Karnataka,Delhi,3,76706.0,55,12,2210.0,0,2025,8,3,26-35,67,Low Usage,0.024886877828054297,0.21818181818181817,40.18181818181818,33.5,89.1,69.0625,2397.0625,0.09375,4.583333333333333,Low Data Usage
BSNL,M,42,Nagaland,Mumbai,3,74845.0,21,8,6660.0,0,2025,8,3,36-45,29,High Usage,0.003153153153153153,0.38095238095238093,317.14285714285717,14.5,95.6,158.57142857142858,1782.0238095238096,0.07142857142857142,2.625,Medium Data Usage
Reliance Jio,M,31,Manipur,Kolkata,0,78215.0,65,5,74.0,0,2025,8,3,26-35,70,Low Usage,0.8783783783783784,0.07692307692307693,1.1384615384615384,35.0,70.74,2.3870967741935485,2523.064516129032,0.0,13.0,Low Data Usage
Airtel,M,29,Haryana,Hyderabad,1,86004.0,8,43,1102.0,0,2025,8,3,26-35,51,Low Usage,0.007259528130671506,5.375,137.75,25.5,62.019999999999996,38.0,2965.655172413793,0.034482758620689655,0.18604651162790697,Low Data Usage
Reliance Jio,M,42,Haryana,Bangalore,3,127407.0,10,2,6557.0,0,2025,8,3,36-45,12,Medium Usage,0.0015250876925423213,0.2,655.7,6.0,77.57,156.11904761904762,3033.5,0.07142857142857142,5.0,Medium Data Usage
Airtel,M,30,Gujarat,Hyderabad,0,149438.0,78,9,737.0,0,2025,8,3,26-35,87,Low Usage,0.10583446404341927,0.11538461538461539,9.448717948717949,43.5,94.37,24.566666666666666,4981.266666666666,0.0,8.666666666666666,Low Data Usage
BSNL,M,20,Punjab,Hyderabad,2,128667.0,82,29,1937.0,0,2025,8,3,18-25,111,Low Usage,0.042333505420753745,0.35365853658536583,23.621951219512194,55.5,130.37,96.85,6433.35,0.1,2.8275862068965516,Low Data Usage
Reliance Jio,M,61,Karnataka,Chennai,0,65026.0,53,32,215.0,0,2025,8,3,56+,85,Low Usage,0.24651162790697675,0.6037735849056604,4.056603773584905,42.5,87.15,3.5245901639344264,1066.0,0.0,1.65625,Low Data Usage
Vodafone,F,45,Arunachal Pradesh,Hyderabad,1,132579.0,71,38,6403.0,1,2025,8,3,36-45,109,Medium Usage,0.011088552241136968,0.5352112676056338,90.1830985915493,54.5,173.03,142.2888888888889,2946.2,0.022222222222222223,1.868421052631579,Medium Data Usage
Vodafone,M,58,Chhattisgarh,Bangalore,2,50540.0,73,23,2200.0,0,2025,8,3,56+,96,Low Usage,0.03318181818181818,0.3150684931506849,30.136986301369863,48.0,118.0,37.93103448275862,871.3793103448276,0.034482758620689655,3.1739130434782608,Low Data Usage
Vodafone,M,32,Karnataka,Kolkata,1,110639.0,40,32,5049.0,0,2025,8,3,26-35,72,Medium Usage,0.007922360863537333,0.8,126.225,36.0,122.49000000000001,157.78125,3457.46875,0.03125,1.25,Medium Data Usage
BSNL,M,56,Karnataka,Kolkata,3,98653.0,5,30,7760.0,1,2025,8,3,56+,35,High Usage,0.0006443298969072165,6.0,1552.0,17.5,112.6,138.57142857142858,1761.6607142857142,0.05357142857142857,0.16666666666666666,High Data Usage
Vodafone,F,26,Odisha,Delhi,4,89208.0,2,30,2680.0,0,2025,8,3,26-35,32,Low Usage,0.0007462686567164179,15.0,1340.0,16.0,58.8,103.07692307692308,3431.076923076923,0.15384615384615385,0.06666666666666667,Low Data Usage
Vodafone,M,32,Arunachal Pradesh,Chennai,0,116280.0,81,8,9252.0,0,2025,8,3,26-35,89,High Usage,0.008754863813229572,0.09876543209876543,114.22222222222223,44.5,181.51999999999998,289.125,3633.75,0.0,10.125,High Data Usage
Airtel,F,35,Tamil Nadu,Kolkata,1,28168.0,103,20,10155.0,0,2025,8,3,26-35,123,High Usage,0.010142786804529789,0.1941747572815534,98.59223300970874,61.5,224.55,290.14285714285717,804.8,0.02857142857142857,5.15,High Data Usage
Reliance Jio,M,66,Tamil Nadu,Mumbai,2,38426.0,88,25,9296.0,1,2025,8,3,56+,113,High Usage,0.00946643717728055,0.2840909090909091,105.63636363636364,56.5,205.95999999999998,140.84848484848484,582.2121212121212,0.030303030303030304,3.52,High Data Usage
Airtel,M,33,Uttar Pradesh,Mumbai,3,38322.0,38,29,8081.0,1,2025,8,3,26-35,67,High Usage,0.004702388318277441,0.7631578947368421,212.6578947368421,33.5,147.81,244.87878787878788,1161.2727272727273,0.09090909090909091,1.3103448275862069,High Data Usage
Reliance Jio,F,69,Haryana,Delhi,0,33654.0,21,12,6522.0,0,2025,8,3,56+,33,Medium Usage,0.003219871205151794,0.5714285714285714,310.57142857142856,16.5,98.22,94.52173913043478,487.7391304347826,0.0,1.75,Medium Data Usage
Reliance Jio,F,22,Uttarakhand,Kolkata,2,47542.0,51,48,5049.0,0,2025,8,3,18-25,99,Medium Usage,0.010101010101010102,0.9411764705882353,99.0,49.5,149.49,229.5,2161.0,0.09090909090909091,1.0625,Medium Data Usage
Vodafone,F,33,Arunachal Pradesh,Kolkata,0,75395.0,29,46,4116.0,0,2025,8,3,26-35,75,Medium Usage,0.007045675413022352,1.5862068965517242,141.93103448275863,37.5,116.16,124.72727272727273,2284.6969696969695,0.0,0.6304347826086957,Medium Data Usage
Vodafone,F,31,Himachal Pradesh,Chennai,1,84898.0,50,20,5952.0,0,2025,9,3,26-35,70,Medium Usage,0.008400537634408602,0.4,119.04,35.0,129.52,192.0,2738.6451612903224,0.03225806451612903,2.5,Medium Data Usage
Vodafone,F,33,Uttarakhand,Hyderabad,4,40232.0,69,1,3798.0,0,2025,9,3,26-35,70,Medium Usage,0.018167456556082148,0.014492753623188406,55.04347826086956,35.0,107.97999999999999,115.0909090909091,1219.1515151515152,0.12121212121212122,69.0,Medium Data Usage
Reliance Jio,M,42,Telangana,Kolkata,3,101163.0,107,11,6496.0,0,2025,9,3,36-45,118,Medium Usage,0.01647167487684729,0.102803738317757,60.71028037383178,59.0,182.95999999999998,154.66666666666666,2408.6428571428573,0.07142857142857142,9.727272727272727,Medium Data Usage
Airtel,F,31,Maharashtra,Kolkata,3,67608.0,52,39,3784.0,0,2025,9,3,26-35,91,Medium Usage,0.013742071881606765,0.75,72.76923076923077,45.5,128.84,122.06451612903226,2180.9032258064517,0.0967741935483871,1.3333333333333333,Medium Data Usage
Vodafone,M,39,Chhattisgarh,Kolkata,0,80822.0,33,46,6921.0,0,2025,9,3,36-45,79,High Usage,0.004768097095795405,1.393939393939394,209.72727272727272,39.5,148.20999999999998,177.46153846153845,2072.358974358974,0.0,0.717391304347826,Medium Data Usage
Airtel,F,27,Rajasthan,Mumbai,4,103388.0,18,35,8840.0,0,2025,9,3,26-35,53,High Usage,0.0020361990950226246,1.9444444444444444,491.1111111111111,26.5,141.4,327.4074074074074,3829.185185185185,0.14814814814814814,0.5142857142857142,High Data Usage
Airtel,M,59,Nagaland,Delhi,2,78218.0,50,22,8154.0,0,2025,9,3,56+,72,High Usage,0.00613195977434388,0.44,163.08,36.0,153.54000000000002,138.20338983050848,1325.7288135593221,0.03389830508474576,2.272727272727273,High Data Usage
Reliance Jio,M,74,Tamil Nadu,Mumbai,2,135742.0,56,39,7323.0,0,2025,9,3,56+,95,High Usage,0.00764713915062133,0.6964285714285714,130.76785714285714,47.5,168.23000000000002,98.95945945945945,1834.3513513513512,0.02702702702702703,1.435897435897436,High Data Usage
BSNL,M,62,Chhattisgarh,Hyderabad,1,130282.0,47,36,3941.0,1,2025,9,3,56+,83,Medium Usage,0.011925907130170008,0.7659574468085106,83.85106382978724,41.5,122.41,63.564516129032256,2101.3225806451615,0.016129032258064516,1.3055555555555556,Medium Data Usage
Airtel,M,63,Assam,Hyderabad,0,139202.0,5,26,1811.0,0,2025,9,3,56+,31,Low Usage,0.0027609055770292656,5.2,362.2,15.5,49.11,28.746031746031747,2209.5555555555557,0.0,0.19230769230769232,Low Data Usage
Airtel,M,31,Maharashtra,Bangalore,0,146742.0,10,14,7102.0,0,2025,9,3,26-35,24,High Usage,0.0014080540692762602,1.4,710.2,12.0,95.02,229.09677419354838,4733.612903225807,0.0,0.7142857142857143,High Data Usage
Vodafone,F,29,Bihar,Hyderabad,3,114515.0,75,21,5707.0,0,2025,9,3,26-35,96,Medium Usage,0.013141755738566673,0.28,76.09333333333333,48.0,153.07,196.79310344827587,3948.793103448276,0.10344827586206896,3.5714285714285716,Medium Data Usage
Vodafone,M,29,Maharashtra,Kolkata,4,147761.0,20,27,2202.0,0,2025,9,3,26-35,47,Low Usage,0.009082652134423252,1.35,110.1,23.5,69.02,75.93103448275862,5095.206896551724,0.13793103448275862,0.7407407407407407,Low Data Usage
BSNL,M,21,Gujarat,Mumbai,4,40854.0,8,28,1326.0,0,2025,9,3,18-25,36,Low Usage,0.006033182503770739,3.5,165.75,18.0,49.26,63.142857142857146,1945.4285714285713,0.19047619047619047,0.2857142857142857,Low Data Usage
Reliance Jio,F,44,Bihar,Chennai,2,121363.0,22,11,4357.0,0,2025,9,3,36-45,33,Medium Usage,0.005049345880192793,0.5,198.04545454545453,16.5,76.57,99.02272727272727,2758.25,0.045454545454545456,2.0,Medium Data Usage
Airtel,M,45,Chhattisgarh,Mumbai,0,73602.0,87,46,396.0,0,2025,9,3,36-45,133,Low Usage,0.2196969696969697,0.5287356321839081,4.551724137931035,66.5,136.96,8.8,1635.6,0.0,1.891304347826087,Low Data Usage
Airtel,F,33,Kerala,Bangalore,0,119465.0,72,41,4484.0,0,2025,9,3,26-35,113,Medium Usage,0.016057091882247992,0.5694444444444444,62.27777777777778,56.5,157.84,135.87878787878788,3620.151515151515,0.0,1.7560975609756098,Medium Data Usage
BSNL,M,32,Jharkhand,Hyderabad,2,26934.0,105,20,3976.0,0,2025,9,3,26-35,125,Medium Usage,0.02640845070422535,0.19047619047619047,37.86666666666667,62.5,164.76,124.25,841.6875,0.0625,5.25,Medium Data Usage
Vodafone,M,59,Andhra Pradesh,Delhi,1,28888.0,37,22,4306.0,0,2025,9,3,56+,59,Medium Usage,0.008592661402693916,0.5945945945945946,116.37837837837837,29.5,102.06,72.98305084745763,489.6271186440678,0.01694915254237288,1.6818181818181819,Medium Data Usage
Reliance Jio,F,70,Bihar,Delhi,2,31889.0,19,12,897.0,0,2025,9,3,56+,31,Low Usage,0.021181716833890748,0.631578947368421,47.21052631578947,15.5,39.97,12.814285714285715,455.5571428571429,0.02857142857142857,1.5833333333333333,Low Data Usage
Airtel,M,35,Punjab,Mumbai,0,142177.0,59,22,7049.0,0,2025,9,3,26-35,81,High Usage,0.008369981557667754,0.3728813559322034,119.47457627118644,40.5,151.49,201.4,4062.2,0.0,2.6818181818181817,High Data Usage
BSNL,M,63,Arunachal Pradesh,Chennai,2,94172.0,15,36,6709.0,0,2025,9,3,56+,51,High Usage,0.0022358026531524816,2.4,447.26666666666665,25.5,118.09,106.4920634920635,1494.7936507936508,0.031746031746031744,0.4166666666666667,Medium Data Usage
Airtel,M,25,Bihar,Delhi,0,39224.0,97,44,7861.0,1,2025,9,3,18-25,141,High Usage,0.012339397023279481,0.4536082474226804,81.04123711340206,70.5,219.61,314.44,1568.96,0.0,2.2045454545454546,High Data Usage
Vodafone,M,73,Nagaland,Bangalore,2,137334.0,38,14,967.0,1,2025,9,3,56+,52,Low Usage,0.03929679420889348,0.3684210526315789,25.44736842105263,26.0,61.67,13.246575342465754,1881.2876712328766,0.0273972602739726,2.7142857142857144,Low Data Usage
Reliance Jio,M,69,Odisha,Bangalore,2,105856.0,64,24,1334.0,0,2025,9,3,56+,88,Low Usage,0.047976011994003,0.375,20.84375,44.0,101.34,19.333333333333332,1534.144927536232,0.028985507246376812,2.6666666666666665,Low Data Usage
BSNL,F,73,Punjab,Bangalore,4,65791.0,61,28,4907.0,0,2025,9,3,56+,89,Medium Usage,0.012431220705115141,0.45901639344262296,80.44262295081967,44.5,138.07,67.21917808219177,901.2465753424658,0.0547945205479452,2.1785714285714284,Medium Data Usage
Reliance Jio,F,71,Bihar,Bangalore,0,58985.0,83,8,5596.0,1,2025,9,3,56+,91,Medium Usage,0.014832022873481059,0.0963855421686747,67.42168674698796,45.5,146.96,78.8169014084507,830.7746478873239,0.0,10.375,Medium Data Usage
Reliance Jio,F,36,Haryana,Hyderabad,3,112741.0,53,24,3480.0,0,2025,9,3,36-45,77,Low Usage,0.015229885057471264,0.4528301886792453,65.66037735849056,38.5,111.8,96.66666666666667,3131.6944444444443,0.08333333333333333,2.2083333333333335,Medium Data Usage
Vodafone,F,18,Madhya Pradesh,Mumbai,4,127991.0,6,42,1171.0,1,2025,9,3,18-25,48,Low Usage,0.005123825789923143,7.0,195.16666666666666,24.0,59.71,65.05555555555556,7110.611111111111,0.2222222222222222,0.14285714285714285,Low Data Usage
Airtel,F,60,Chhattisgarh,Bangalore,2,104425.0,36,35,8129.0,0,2025,9,3,56+,71,High Usage,0.004428589002337311,0.9722222222222222,225.80555555555554,35.5,152.29000000000002,135.48333333333332,1740.4166666666667,0.03333333333333333,1.0285714285714285,High Data Usage
Vodafone,M,60,Haryana,Delhi,0,134937.0,30,26,2296.0,0,2025,10,4,56+,56,Low Usage,0.013066202090592335,0.8666666666666667,76.53333333333333,28.0,78.96000000000001,38.266666666666666,2248.95,0.0,1.1538461538461537,Low Data Usage
Airtel,F,63,Mizoram,Hyderabad,4,149325.0,106,5,7993.0,1,2025,10,4,56+,111,High Usage,0.013261603903415489,0.04716981132075472,75.40566037735849,55.5,190.93,126.87301587301587,2370.2380952380954,0.06349206349206349,21.2,High Data Usage
Airtel,M,37,Bihar,Bangalore,3,129980.0,19,8,6013.0,0,2025,10,4,36-45,27,Medium Usage,0.003159820389156827,0.42105263157894735,316.4736842105263,13.5,87.13,162.51351351351352,3512.972972972973,0.08108108108108109,2.375,Medium Data Usage
Reliance Jio,M,63,Jharkhand,Mumbai,4,112865.0,67,14,3488.0,0,2025,10,4,56+,81,Low Usage,0.019208715596330275,0.208955223880597,52.059701492537314,40.5,115.88,55.36507936507937,1791.5079365079366,0.06349206349206349,4.785714285714286,Medium Data Usage
BSNL,M,74,Bihar,Kolkata,3,101394.0,89,33,3106.0,1,2025,10,4,56+,122,Low Usage,0.02865421764327109,0.3707865168539326,34.89887640449438,61.0,153.06,41.972972972972975,1370.1891891891892,0.04054054054054054,2.696969696969697,Medium Data Usage
Vodafone,M,24,Assam,Hyderabad,4,147010.0,78,41,1352.0,0,2025,10,4,18-25,119,Low Usage,0.057692307692307696,0.5256410256410257,17.333333333333332,59.5,132.52,56.333333333333336,6125.416666666667,0.16666666666666666,1.9024390243902438,Low Data Usage
Airtel,F,73,Andhra Pradesh,Chennai,0,47621.0,99,15,844.0,0,2025,10,4,56+,114,Low Usage,0.11729857819905214,0.15151515151515152,8.525252525252526,57.0,122.44,11.561643835616438,652.3424657534247,0.0,6.6,Low Data Usage
Airtel,F,55,Gujarat,Kolkata,4,84239.0,43,3,976.0,0,2025,10,4,46-55,46,Low Usage,0.04405737704918033,0.06976744186046512,22.697674418604652,23.0,55.76,17.745454545454546,1531.6181818181817,0.07272727272727272,14.333333333333334,Low Data Usage
Reliance Jio,F,72,Nagaland,Delhi,2,22514.0,28,28,10385.0,0,2025,10,4,56+,56,High Usage,0.002696196437168994,1.0,370.89285714285717,28.0,159.85,144.23611111111111,312.69444444444446,0.027777777777777776,1.0,High Data Usage
Reliance Jio,F,33,Telangana,Bangalore,1,43005.0,50,26,1595.0,0,2025,10,4,26-35,76,Low Usage,0.03134796238244514,0.52,31.9,38.0,91.95,48.333333333333336,1303.1818181818182,0.030303030303030304,1.9230769230769231,Low Data Usage
Airtel,M,57,Nagaland,Mumbai,4,118360.0,54,43,3670.0,0,2025,10,4,56+,97,Medium Usage,0.014713896457765668,0.7962962962962963,67.96296296296296,48.5,133.7,64.3859649122807,2076.4912280701756,0.07017543859649122,1.255813953488372,Medium Data Usage
BSNL,M,23,Gujarat,Mumbai,3,103474.0,4,48,2846.0,0,2025,10,4,18-25,52,Low Usage,0.0014054813773717498,12.0,711.5,26.0,80.46000000000001,123.73913043478261,4498.869565217391,0.13043478260869565,0.08333333333333333,Low Data Usage
Vodafone,M,19,Sikkim,Kolkata,0,109872.0,37,24,7806.0,0,2025,10,4,18-25,61,High Usage,0.004739943633102741,0.6486486486486487,210.97297297297297,30.5,139.06,410.8421052631579,5782.736842105263,0.0,1.5416666666666667,High Data Usage
Vodafone,F,18,Jharkhand,Kolkata,3,80143.0,39,26,5049.0,0,2025,10,4,18-25,65,Medium Usage,0.007724301841948901,0.6666666666666666,129.46153846153845,32.5,115.49000000000001,280.5,4452.388888888889,0.16666666666666666,1.5,Medium Data Usage
BSNL,F,66,Punjab,Mumbai,3,50103.0,50,31,2679.0,0,2025,10,4,56+,81,Low Usage,0.01866368047779022,0.62,53.58,40.5,107.78999999999999,40.59090909090909,759.1363636363636,0.045454545454545456,1.6129032258064515,Low Data Usage
Vodafone,F,63,Uttarakhand,Mumbai,0,30879.0,17,21,5772.0,0,2025,10,4,56+,38,Medium Usage,0.002945252945252945,1.2352941176470589,339.52941176470586,19.0,95.72,91.61904761904762,490.14285714285717,0.0,0.8095238095238095,Medium Data Usage
Vodafone,M,42,Himachal Pradesh,Kolkata,1,127552.0,54,37,3315.0,0,2025,10,4,36-45,91,Low Usage,0.016289592760180997,0.6851851851851852,61.388888888888886,45.5,124.15,78.92857142857143,3036.9523809523807,0.023809523809523808,1.4594594594594594,Medium Data Usage
Reliance Jio,M,18,Mizoram,Bangalore,1,72410.0,75,6,6299.0,0,2025,10,4,18-25,81,Medium Usage,0.01190665184949992,0.08,83.98666666666666,40.5,143.99,349.94444444444446,4022.777777777778,0.05555555555555555,12.5,Medium Data Usage
Reliance Jio,M,20,Andhra Pradesh,Bangalore,1,70189.0,57,5,2937.0,0,2025,10,4,18-25,62,Low Usage,0.01940755873340143,0.08771929824561403,51.526315789473685,31.0,91.37,146.85,3509.45,0.05,11.4,Low Data Usage
BSNL,M,44,Andhra Pradesh,Kolkata,4,40046.0,67,26,2018.0,0,2025,10,4,36-45,93,Low Usage,0.033201189296333006,0.3880597014925373,30.119402985074625,46.5,113.18,45.86363636363637,910.1363636363636,0.09090909090909091,2.576923076923077,Low Data Usage
Reliance Jio,F,28,Jharkhand,Bangalore,4,83611.0,57,44,1725.0,1,2025,10,4,26-35,101,Low Usage,0.03304347826086956,0.7719298245614035,30.263157894736842,50.5,118.25,61.607142857142854,2986.1071428571427,0.14285714285714285,1.2954545454545454,Low Data Usage
Airtel,F,62,Haryana,Bangalore,2,124007.0,65,1,2317.0,1,2025,10,4,56+,66,Low Usage,0.028053517479499353,0.015384615384615385,35.646153846153844,33.0,89.17,37.37096774193548,2000.1129032258063,0.03225806451612903,65.0,Low Data Usage
BSNL,F,49,West Bengal,Delhi,1,121486.0,27,26,3744.0,0,2025,10,4,46-55,53,Medium Usage,0.007211538461538462,0.9629629629629629,138.66666666666666,26.5,90.44,76.40816326530613,2479.3061224489797,0.02040816326530612,1.0384615384615385,Medium Data Usage
Airtel,F,23,Tripura,Kolkata,1,122360.0,32,9,5429.0,0,2025,10,4,18-25,41,Medium Usage,0.005894271504881194,0.28125,169.65625,20.5,95.28999999999999,236.04347826086956,5320.0,0.043478260869565216,3.5555555555555554,Medium Data Usage
BSNL,M,46,Goa,Delhi,2,131904.0,1,21,2991.0,1,2025,10,4,46-55,22,Low Usage,0.00033433634236041456,21.0,2991.0,11.0,51.91,65.02173913043478,2867.478260869565,0.043478260869565216,0.047619047619047616,Low Data Usage
Vodafone,M,73,Himachal Pradesh,Delhi,4,84961.0,54,16,5320.0,0,2025,10,4,56+,70,Medium Usage,0.010150375939849625,0.2962962962962963,98.51851851851852,35.0,123.2,72.87671232876713,1163.849315068493,0.0547945205479452,3.375,Medium Data Usage
BSNL,M,55,Assam,Kolkata,1,83930.0,81,27,2832.0,0,2025,10,4,46-55,108,Low Usage,0.028601694915254237,0.3333333333333333,34.96296296296296,54.0,136.32,51.49090909090909,1526.0,0.01818181818181818,3.0,Low Data Usage
Vodafone,M,54,Andhra Pradesh,Bangalore,1,110342.0,86,11,3011.0,0,2025,10,4,46-55,97,Low Usage,0.028561939554965127,0.12790697674418605,35.01162790697674,48.5,127.11,55.75925925925926,2043.3703703703704,0.018518518518518517,7.818181818181818,Medium Data Usage
Vodafone,F,40,Rajasthan,Bangalore,2,46368.0,35,12,1966.0,0,2025,10,4,36-45,47,Low Usage,0.01780264496439471,0.34285714285714286,56.17142857142857,23.5,66.66,49.15,1159.2,0.05,2.9166666666666665,Low Data Usage
Reliance Jio,M,21,Meghalaya,Bangalore,1,24120.0,99,26,5800.0,0,2025,10,4,18-25,125,Medium Usage,0.01706896551724138,0.26262626262626265,58.58585858585859,62.5,183.0,276.1904761904762,1148.5714285714287,0.047619047619047616,3.8076923076923075,Medium Data Usage
Vodafone,M,49,Punjab,Kolkata,0,72885.0,10,21,4018.0,0,2025,10,4,46-55,31,Medium Usage,0.0024888003982080635,2.1,401.8,15.5,71.18,82.0,1487.4489795918366,0.0,0.47619047619047616,Medium Data Usage
BSNL,F,46,Assam,Mumbai,3,125247.0,52,20,6976.0,0,2025,11,4,46-55,72,High Usage,0.007454128440366973,0.38461538461538464,134.15384615384616,36.0,141.76,151.65217391304347,2722.7608695652175,0.06521739130434782,2.6,Medium Data Usage
Vodafone,M,54,Gujarat,Bangalore,4,125090.0,77,35,4856.0,0,2025,11,4,46-55,112,Medium Usage,0.01585667215815486,0.45454545454545453,63.064935064935064,56.0,160.56,89.92592592592592,2316.4814814814813,0.07407407407407407,2.2,Medium Data Usage
BSNL,F,54,Uttar Pradesh,Mumbai,3,88196.0,42,20,4897.0,0,2025,11,4,46-55,62,Medium Usage,0.008576679599754953,0.47619047619047616,116.5952380952381,31.0,110.97,90.68518518518519,1633.2592592592594,0.05555555555555555,2.1,Medium Data Usage
Airtel,F,45,Sikkim,Kolkata,4,116297.0,43,20,4289.0,0,2025,11,4,36-45,63,Medium Usage,0.010025647003963628,0.46511627906976744,99.74418604651163,31.5,105.89,95.31111111111112,2584.3777777777777,0.08888888888888889,2.15,Medium Data Usage
Reliance Jio,M,64,Odisha,Hyderabad,1,54157.0,58,43,1520.0,0,2025,11,4,56+,101,Low Usage,0.038157894736842106,0.7413793103448276,26.20689655172414,50.5,116.2,23.75,846.203125,0.015625,1.3488372093023255,Low Data Usage
BSNL,M,18,Chhattisgarh,Delhi,0,94168.0,15,29,7737.0,0,2025,11,4,18-25,44,High Usage,0.0019387359441644049,1.9333333333333333,515.8,22.0,121.37,429.8333333333333,5231.555555555556,0.0,0.5172413793103449,High Data Usage
Vodafone,M,19,Assam,Chennai,0,30544.0,50,30,1477.0,1,2025,11,4,18-25,80,Low Usage,0.033852403520649964,0.6,29.54,40.0,94.77,77.73684210526316,1607.578947368421,0.0,1.6666666666666667,Low Data Usage
Reliance Jio,M,64,Uttarakhand,Bangalore,2,126417.0,76,5,3422.0,0,2025,11,4,56+,81,Low Usage,0.022209234365867914,0.06578947368421052,45.026315789473685,40.5,115.22,53.46875,1975.265625,0.03125,15.2,Medium Data Usage
Reliance Jio,M,18,Arunachal Pradesh,Hyderabad,0,109455.0,5,43,1004.0,0,2025,11,4,18-25,48,Low Usage,0.0049800796812749,8.6,200.8,24.0,58.04,55.77777777777778,6080.833333333333,0.0,0.11627906976744186,Low Data Usage
Vodafone,M,66,Goa,Delhi,2,84945.0,50,35,3104.0,0,2025,11,4,56+,85,Low Usage,0.01610824742268041,0.7,62.08,42.5,116.03999999999999,47.03030303030303,1287.0454545454545,0.030303030303030304,1.4285714285714286,Medium Data Usage
Vodafone,F,29,Andhra Pradesh,Delhi,1,20806.0,92,2,3461.0,1,2025,11,4,26-35,94,Low Usage,0.026581912741982086,0.021739130434782608,37.619565217391305,47.0,128.61,119.34482758620689,717.448275862069,0.034482758620689655,46.0,Medium Data Usage
Reliance Jio,F,71,Andhra Pradesh,Bangalore,3,41732.0,105,30,6536.0,1,2025,11,4,56+,135,Medium Usage,0.016064871481028153,0.2857142857142857,62.24761904761905,67.5,200.36,92.05633802816901,587.7746478873239,0.04225352112676056,3.5,Medium Data Usage
BSNL,F,23,Gujarat,Hyderabad,3,111960.0,84,34,4752.0,0,2025,11,4,18-25,118,Medium Usage,0.017676767676767676,0.40476190476190477,56.57142857142857,59.0,165.52,206.6086956521739,4867.826086956522,0.13043478260869565,2.4705882352941178,Medium Data Usage
Airtel,M,47,Himachal Pradesh,Kolkata,1,65486.0,11,15,9928.0,0,2025,11,4,46-55,26,High Usage,0.0011079774375503627,1.3636363636363635,902.5454545454545,13.0,125.28,211.2340425531915,1393.3191489361702,0.02127659574468085,0.7333333333333333,High Data Usage
Airtel,M,33,Madhya Pradesh,Kolkata,0,133702.0,84,19,3928.0,0,2025,11,4,26-35,103,Medium Usage,0.021384928716904276,0.2261904761904762,46.76190476190476,51.5,142.28,119.03030303030303,4051.5757575757575,0.0,4.421052631578948,Medium Data Usage
Vodafone,M,20,Haryana,Delhi,3,53713.0,104,10,5950.0,0,2025,11,4,18-25,114,Medium Usage,0.017478991596638654,0.09615384615384616,57.21153846153846,57.0,173.5,297.5,2685.65,0.15,10.4,Medium Data Usage
Reliance Jio,F,26,Arunachal Pradesh,Kolkata,2,42786.0,28,1,4321.0,0,2025,11,4,26-35,29,Medium Usage,0.0064799814857671835,0.03571428571428571,154.32142857142858,14.5,72.21000000000001,166.19230769230768,1645.6153846153845,0.07692307692307693,28.0,Medium Data Usage
Vodafone,M,40,Uttarakhand,Hyderabad,4,48102.0,91,49,4223.0,0,2025,11,4,36-45,140,Medium Usage,0.021548662088562633,0.5384615384615384,46.40659340659341,70.0,182.23,105.575,1202.55,0.1,1.8571428571428572,Medium Data Usage
Reliance Jio,M,49,Bihar,Mumbai,2,73315.0,13,45,3755.0,0,2025,11,4,46-55,58,Medium Usage,0.0034620505992010654,3.4615384615384617,288.84615384615387,29.0,95.55,76.63265306122449,1496.2244897959183,0.04081632653061224,0.28888888888888886,Medium Data Usage
Airtel,M,21,West Bengal,Mumbai,0,77800.0,15,37,2079.0,0,2025,11,4,18-25,52,Low Usage,0.007215007215007215,2.466666666666667,138.6,26.0,72.78999999999999,99.0,3704.7619047619046,0.0,0.40540540540540543,Low Data Usage
Vodafone,M,51,Gujarat,Chennai,0,74585.0,50,26,7700.0,0,2025,11,4,46-55,76,High Usage,0.006493506493506494,0.52,154.0,38.0,153.0,150.98039215686273,1462.450980392157,0.0,1.9230769230769231,High Data Usage
Reliance Jio,F,73,Telangana,Kolkata,0,56032.0,28,44,7653.0,0,2025,11,4,56+,72,High Usage,0.0036586959362341566,1.5714285714285714,273.32142857142856,36.0,148.53,104.83561643835617,767.5616438356165,0.0,0.6363636363636364,High Data Usage
Airtel,M,69,Tamil Nadu,Chennai,2,84544.0,14,28,9884.0,0,2025,11,4,56+,42,High Usage,0.00141643059490085,2.0,706.0,21.0,140.84,143.2463768115942,1225.2753623188405,0.028985507246376812,0.5,High Data Usage
Reliance Jio,M,47,Manipur,Delhi,0,42454.0,58,8,8520.0,0,2025,11,4,46-55,66,High Usage,0.006807511737089202,0.13793103448275862,146.89655172413794,33.0,151.2,181.27659574468086,903.2765957446809,0.0,7.25,High Data Usage
Reliance Jio,F,33,Tripura,Bangalore,3,142201.0,32,43,8262.0,0,2025,11,4,26-35,75,High Usage,0.0038731541999515854,1.34375,258.1875,37.5,157.62,250.36363636363637,4309.121212121212,0.09090909090909091,0.7441860465116279,High Data Usage
Airtel,F,44,Gujarat,Mumbai,4,83967.0,44,43,2533.0,0,2025,11,4,36-45,87,Low Usage,0.017370706671930518,0.9772727272727273,57.56818181818182,43.5,112.33,57.56818181818182,1908.340909090909,0.09090909090909091,1.0232558139534884,Low Data Usage
Reliance Jio,F,66,Gujarat,Bangalore,0,87045.0,57,24,1301.0,0,2025,11,4,56+,81,Low Usage,0.043812451960030745,0.42105263157894735,22.82456140350877,40.5,94.01,19.71212121212121,1318.8636363636363,0.0,2.375,Low Data Usage
Vodafone,M,28,West Bengal,Kolkata,2,82306.0,70,46,1261.0,0,2025,11,4,26-35,116,Low Usage,0.05551149881046788,0.6571428571428571,18.014285714285716,58.0,128.61,45.035714285714285,2939.5,0.07142857142857142,1.5217391304347827,Low Data Usage
Vodafone,M,33,Arunachal Pradesh,Delhi,3,52681.0,64,47,3293.0,0,2025,11,4,26-35,111,Low Usage,0.019435165502581234,0.734375,51.453125,55.5,143.93,99.78787878787878,1596.3939393939395,0.09090909090909091,1.3617021276595744,Medium Data Usage
Airtel,M,43,Assam,Kolkata,1,110758.0,34,44,3017.0,1,2025,11,4,36-45,78,Low Usage,0.011269472986410341,1.2941176470588236,88.73529411764706,39.0,108.17,70.16279069767442,2575.767441860465,0.023255813953488372,0.7727272727272727,Medium Data Usage
Airtel,F,73,West Bengal,Kolkata,3,81795.0,80,9,328.0,0,2025,12,4,56+,89,Low Usage,0.24390243902439024,0.1125,4.1,44.5,92.28,4.493150684931507,1120.4794520547946,0.0410958904109589,8.88888888888889,Low Data Usage
Reliance Jio,F,70,Tamil Nadu,Hyderabad,4,42657.0,81,29,1563.0,0,2025,12,4,56+,110,Low Usage,0.05182341650671785,0.35802469135802467,19.296296296296298,55.0,125.63,22.32857142857143,609.3857142857142,0.05714285714285714,2.793103448275862,Low Data Usage
Reliance Jio,M,43,Tamil Nadu,Chennai,4,132775.0,49,4,3305.0,0,2025,12,4,36-45,53,Low Usage,0.014826021180030256,0.08163265306122448,67.44897959183673,26.5,86.05,76.86046511627907,3087.7906976744184,0.09302325581395349,12.25,Medium Data Usage
BSNL,M,58,Karnataka,Chennai,1,74129.0,26,37,2654.0,0,2025,12,4,56+,63,Low Usage,0.009796533534287867,1.4230769230769231,102.07692307692308,31.5,89.53999999999999,45.758620689655174,1278.0862068965516,0.017241379310344827,0.7027027027027027,Low Data Usage
BSNL,M,39,Himachal Pradesh,Delhi,3,34432.0,66,11,2659.0,0,2025,12,4,36-45,77,Low Usage,0.02482136141406544,0.16666666666666666,40.28787878787879,38.5,103.59,68.17948717948718,882.8717948717949,0.07692307692307693,6.0,Low Data Usage
Airtel,M,54,Tamil Nadu,Hyderabad,1,62846.0,98,15,5876.0,0,2025,12,4,46-55,113,Medium Usage,0.016678012253233492,0.15306122448979592,59.95918367346939,56.5,171.76,108.81481481481481,1163.8148148148148,0.018518518518518517,6.533333333333333,Medium Data Usage
Reliance Jio,M,24,Telangana,Chennai,0,136740.0,29,26,4601.0,0,2025,12,4,18-25,55,Medium Usage,0.006302977613562269,0.896551724137931,158.6551724137931,27.5,101.00999999999999,191.70833333333334,5697.5,0.0,1.1153846153846154,Medium Data Usage
BSNL,F,49,Jharkhand,Kolkata,1,49830.0,9,14,1533.0,0,2025,12,4,46-55,23,Low Usage,0.005870841487279843,1.5555555555555556,170.33333333333334,11.5,38.33,31.285714285714285,1016.9387755102041,0.02040816326530612,0.6428571428571429,Low Data Usage
Airtel,M,57,Himachal Pradesh,Delhi,0,117355.0,50,38,6185.0,0,2025,12,4,56+,88,Medium Usage,0.008084074373484237,0.76,123.7,44.0,149.85,108.50877192982456,2058.8596491228072,0.0,1.3157894736842106,Medium Data Usage
BSNL,F,46,Assam,Bangalore,0,104717.0,80,8,7487.0,0,2025,12,4,46-55,88,High Usage,0.010685187658608254,0.1,93.5875,44.0,162.87,162.7608695652174,2276.4565217391305,0.0,10.0,High Data Usage
Vodafone,M,27,Telangana,Mumbai,1,91209.0,81,44,2843.0,0,2025,12,4,26-35,125,Low Usage,0.028491030601477313,0.5432098765432098,35.098765432098766,62.5,153.43,105.29629629629629,3378.1111111111113,0.037037037037037035,1.8409090909090908,Low Data Usage
Airtel,M,38,Gujarat,Hyderabad,4,102092.0,86,43,3811.0,0,2025,12,4,36-45,129,Medium Usage,0.022566255575964315,0.5,44.31395348837209,64.5,167.11,100.28947368421052,2686.6315789473683,0.10526315789473684,2.0,Medium Data Usage
BSNL,M,20,Tamil Nadu,Hyderabad,2,97864.0,35,7,5314.0,0,2025,12,4,18-25,42,Medium Usage,0.006586375611592021,0.2,151.82857142857142,21.0,95.14,265.7,4893.2,0.1,5.0,Medium Data Usage
Airtel,F,60,West Bengal,Bangalore,3,76335.0,10,35,10387.0,0,2025,12,4,56+,45,High Usage,0.000962741888899586,3.5,1038.7,22.5,148.87,173.11666666666667,1272.25,0.05,0.2857142857142857,High Data Usage
Airtel,M,38,Jharkhand,Mumbai,1,50984.0,50,1,2232.0,0,2025,12,4,36-45,51,Low Usage,0.022401433691756272,0.02,44.64,25.5,73.32,58.73684210526316,1341.6842105263158,0.02631578947368421,50.0,Low Data Usage
Reliance Jio,M,19,Maharashtra,Kolkata,4,116019.0,89,4,2234.0,1,2025,12,4,18-25,93,Low Usage,0.03983885407341092,0.0449438202247191,25.10112359550562,46.5,115.34,117.57894736842105,6106.263157894737,0.21052631578947367,22.25,Low Data Usage
BSNL,M,51,Telangana,Kolkata,0,73942.0,73,3,8482.0,0,2025,12,4,46-55,76,High Usage,0.008606460740391416,0.0410958904109589,116.1917808219178,38.0,160.82,166.31372549019608,1449.8431372549019,0.0,24.333333333333332,High Data Usage
BSNL,M,43,Haryana,Chennai,4,135229.0,17,13,3821.0,0,2025,12,4,36-45,30,Medium Usage,0.004449097095001309,0.7647058823529411,224.76470588235293,15.0,68.21000000000001,88.86046511627907,3144.860465116279,0.09302325581395349,1.3076923076923077,Medium Data Usage
Airtel,M,38,Gujarat,Hyderabad,3,37512.0,29,35,4781.0,0,2025,12,4,36-45,64,Medium Usage,0.006065676636686885,1.206896551724138,164.86206896551724,32.0,111.81,125.8157894736842,987.1578947368421,0.07894736842105263,0.8285714285714286,Medium Data Usage
Airtel,F,57,Telangana,Chennai,4,29752.0,75,48,4848.0,0,2025,12,4,56+,123,Medium Usage,0.01547029702970297,0.64,64.64,61.5,171.48,85.05263157894737,521.9649122807018,0.07017543859649122,1.5625,Medium Data Usage
Reliance Jio,M,33,Assam,Mumbai,4,131042.0,15,20,6324.0,0,2025,12,4,26-35,35,Medium Usage,0.0023719165085388993,1.3333333333333333,421.6,17.5,98.24000000000001,191.63636363636363,3970.969696969697,0.12121212121212122,0.75,Medium Data Usage
BSNL,M,25,Madhya Pradesh,Chennai,3,76568.0,16,28,5449.0,0,2025,12,4,18-25,44,Medium Usage,0.0029363185905670764,1.75,340.5625,22.0,98.49000000000001,217.96,3062.72,0.12,0.5714285714285714,Medium Data Usage
Vodafone,F,31,Goa,Kolkata,1,93415.0,44,10,2612.0,0,2025,12,4,26-35,54,Low Usage,0.016845329249617153,0.22727272727272727,59.36363636363637,27.0,80.12,84.25806451612904,3013.3870967741937,0.03225806451612903,4.4,Low Data Usage
Vodafone,F,26,Manipur,Chennai,3,104369.0,31,32,9497.0,1,2025,12,4,26-35,63,High Usage,0.003264188691165631,1.032258064516129,306.35483870967744,31.5,157.97,365.2692307692308,4014.1923076923076,0.11538461538461539,0.96875,High Data Usage
Airtel,M,40,Madhya Pradesh,Hyderabad,0,112603.0,3,41,1269.0,0,2025,12,4,36-45,44,Low Usage,0.002364066193853428,13.666666666666666,423.0,22.0,56.69,31.725,2815.075,0.0,0.07317073170731707,Low Data Usage
Vodafone,M,70,Uttar Pradesh,Mumbai,0,123779.0,69,37,3444.0,0,2025,12,4,56+,106,Low Usage,0.02003484320557491,0.5362318840579711,49.91304347826087,53.0,140.44,49.2,1768.2714285714285,0.0,1.864864864864865,Medium Data Usage
Airtel,F,27,Odisha,Hyderabad,3,107068.0,71,4,8938.0,0,2025,12,4,26-35,75,High Usage,0.007943611546207206,0.056338028169014086,125.88732394366197,37.5,164.38,331.037037037037,3965.4814814814813,0.1111111111111111,17.75,High Data Usage
Reliance Jio,M,26,Meghalaya,Mumbai,1,118266.0,40,19,4522.0,1,2025,12,4,26-35,59,Medium Usage,0.008845643520566122,0.475,113.05,29.5,104.22,173.92307692307693,4548.692307692308,0.038461538461538464,2.1052631578947367,Medium Data Usage
Vodafone,M,60,Bihar,Mumbai,1,67099.0,24,13,5979.0,0,2025,12,4,56+,37,Medium Usage,0.004014049172102358,0.5416666666666666,249.125,18.5,96.78999999999999,99.65,1118.3166666666666,0.016666666666666666,1.8461538461538463,Medium Data Usage
BSNL,F,35,Tamil Nadu,Chennai,0,92677.0,9,28,6876.0,0,2025,12,4,26-35,37,High Usage,0.0013089005235602095,3.111111111111111,764.0,18.5,105.76,196.45714285714286,2647.9142857142856,0.0,0.32142857142857145,Medium Data Usage
BSNL,M,40,Assam,Chennai,0,103965.0,45,27,3814.0,0,2025,12,4,36-45,72,Medium Usage,0.011798636601992658,0.6,84.75555555555556,36.0,110.14,95.35,2599.125,0.0,1.6666666666666667,Medium Data Usage
Airtel,M,21,Meghalaya,Chennai,0,102173.0,98,10,7145.0,1,2026,1,1,18-25,108,High Usage,0.01371588523442967,0.10204081632653061,72.90816326530613,54.0,179.45,340.23809523809524,4865.380952380952,0.0,9.8,High Data Usage
Airtel,M,71,Gujarat,Hyderabad,2,57910.0,88,34,6214.0,0,2026,1,1,56+,122,Medium Usage,0.014161570646926296,0.38636363636363635,70.61363636363636,61.0,184.14,87.52112676056338,815.6338028169014,0.028169014084507043,2.588235294117647,Medium Data Usage
Airtel,F,55,Tamil Nadu,Delhi,2,100210.0,95,47,9829.0,0,2026,1,1,46-55,142,High Usage,0.00966527622342049,0.49473684210526314,103.46315789473684,71.0,240.29000000000002,178.70909090909092,1822.0,0.03636363636363636,2.021276595744681,High Data Usage
Reliance Jio,M,33,Mizoram,Kolkata,2,132500.0,102,0,5008.0,0,2026,1,1,26-35,102,Medium Usage,0.02036741214057508,0.0,49.09803921568628,51.0,152.07999999999998,151.75757575757575,4015.151515151515,0.06060606060606061,102.0,Medium Data Usage
Vodafone,F,60,Assam,Bangalore,3,43179.0,89,17,5521.0,0,2026,1,1,56+,106,Medium Usage,0.0161202680673791,0.19101123595505617,62.03370786516854,53.0,161.21,92.01666666666667,719.65,0.05,5.235294117647059,Medium Data Usage
Airtel,F,51,Uttarakhand,Mumbai,0,40940.0,46,2,7409.0,1,2026,1,1,46-55,48,High Usage,0.006208665136995546,0.043478260869565216,161.06521739130434,24.0,122.09,145.27450980392157,802.7450980392157,0.0,23.0,High Data Usage
BSNL,F,23,Nagaland,Hyderabad,0,137564.0,50,30,7553.0,0,2026,1,1,18-25,80,High Usage,0.006619886137958427,0.6,151.06,40.0,155.53,328.39130434782606,5981.04347826087,0.0,1.6666666666666667,High Data Usage
Vodafone,M,31,Goa,Bangalore,3,132732.0,73,29,4584.0,0,2026,1,1,26-35,102,Medium Usage,0.01592495636998255,0.3972602739726027,62.794520547945204,51.0,147.84,147.8709677419355,4281.677419354839,0.0967741935483871,2.5172413793103448,Medium Data Usage
Airtel,F,49,Jharkhand,Mumbai,4,35809.0,85,46,5392.0,0,2026,1,1,46-55,131,Medium Usage,0.015764094955489614,0.5411764705882353,63.43529411764706,65.5,184.92000000000002,110.04081632653062,730.795918367347,0.08163265306122448,1.8478260869565217,Medium Data Usage
Vodafone,M,18,Karnataka,Kolkata,4,109880.0,25,4,2974.0,0,2026,1,1,18-25,29,Low Usage,0.008406186953597848,0.16,118.96,14.5,58.739999999999995,165.22222222222223,6104.444444444444,0.2222222222222222,6.25,Low Data Usage
Vodafone,F,62,Himachal Pradesh,Kolkata,3,71276.0,50,17,4318.0,0,2026,1,1,56+,67,Medium Usage,0.01157943492357573,0.34,86.36,33.5,110.18,69.64516129032258,1149.6129032258063,0.04838709677419355,2.9411764705882355,Medium Data Usage
Airtel,F,61,Andhra Pradesh,Mumbai,4,104056.0,27,17,7331.0,1,2026,1,1,56+,44,High Usage,0.003682990042286182,0.6296296296296297,271.51851851851853,22.0,117.31,120.18032786885246,1705.8360655737704,0.06557377049180328,1.588235294117647,High Data Usage
Reliance Jio,M,45,Gujarat,Chennai,4,108830.0,69,49,5900.0,0,2026,1,1,36-45,118,Medium Usage,0.011694915254237288,0.7101449275362319,85.5072463768116,59.0,177.0,131.11111111111111,2418.4444444444443,0.08888888888888889,1.4081632653061225,Medium Data Usage
BSNL,F,31,Mizoram,Delhi,2,48070.0,59,20,7556.0,0,2026,1,1,26-35,79,High Usage,0.0078083642138697725,0.3389830508474576,128.0677966101695,39.5,154.56,243.74193548387098,1550.6451612903227,0.06451612903225806,2.95,High Data Usage
Vodafone,F,24,Uttar Pradesh,Mumbai,4,109504.0,50,45,10244.0,0,2026,1,1,18-25,95,High Usage,0.004880905896134323,0.9,204.88,47.5,197.44,426.8333333333333,4562.666666666667,0.16666666666666666,1.1111111111111112,High Data Usage
BSNL,M,29,Tamil Nadu,Delhi,0,128897.0,77,46,2351.0,0,2026,1,1,26-35,123,Low Usage,0.0327520204168439,0.5974025974025974,30.532467532467532,61.5,146.51,81.06896551724138,4444.724137931034,0.0,1.673913043478261,Low Data Usage
Vodafone,M,57,Bihar,Hyderabad,0,28097.0,1,24,6184.0,1,2026,1,1,56+,25,Medium Usage,0.00016170763260025875,24.0,6184.0,12.5,86.84,108.49122807017544,492.9298245614035,0.0,0.041666666666666664,Medium Data Usage
Airtel,M,56,Telangana,Chennai,1,62086.0,71,5,8838.0,0,2026,1,1,56+,76,High Usage,0.008033491740212718,0.07042253521126761,124.47887323943662,38.0,164.38,157.82142857142858,1108.6785714285713,0.017857142857142856,14.2,High Data Usage
Airtel,M,25,Kerala,Hyderabad,4,23184.0,9,14,1390.0,0,2026,1,1,18-25,23,Low Usage,0.006474820143884892,1.5555555555555556,154.44444444444446,11.5,36.9,55.6,927.36,0.16,0.6428571428571429,Low Data Usage
Vodafone,F,39,Jharkhand,Hyderabad,1,77635.0,85,40,579.0,0,2026,1,1,36-45,125,Low Usage,0.14680483592400692,0.47058823529411764,6.811764705882353,62.5,130.79,14.846153846153847,1990.6410256410256,0.02564102564102564,2.125,Low Data Usage
Airtel,F,50,Rajasthan,Hyderabad,0,104420.0,15,26,8251.0,0,2026,1,1,46-55,41,High Usage,0.0018179614592170646,1.7333333333333334,550.0666666666667,20.5,123.51,165.02,2088.4,0.0,0.5769230769230769,High Data Usage
Reliance Jio,M,52,Arunachal Pradesh,Hyderabad,0,101109.0,35,32,650.0,0,2026,1,1,46-55,67,Low Usage,0.05384615384615385,0.9142857142857143,18.571428571428573,33.5,73.5,12.5,1944.4038461538462,0.0,1.09375,Low Data Usage
Vodafone,M,42,Mizoram,Bangalore,3,64219.0,44,24,8730.0,0,2026,1,1,36-45,68,High Usage,0.005040091638029783,0.5454545454545454,198.4090909090909,34.0,155.3,207.85714285714286,1529.0238095238096,0.07142857142857142,1.8333333333333333,High Data Usage
Airtel,M,62,Madhya Pradesh,Chennai,4,129422.0,5,5,3657.0,0,2026,1,1,56+,10,Medium Usage,0.0013672409078479629,1.0,731.4,5.0,46.57,58.983870967741936,2087.451612903226,0.06451612903225806,1.0,Medium Data Usage
BSNL,M,29,Uttar Pradesh,Delhi,3,30115.0,48,12,5049.0,0,2026,1,1,26-35,60,Medium Usage,0.009506833036244802,0.25,105.1875,30.0,110.49000000000001,174.10344827586206,1038.448275862069,0.10344827586206896,4.0,Medium Data Usage
Airtel,F,52,Haryana,Delhi,3,116351.0,74,6,3800.0,0,2026,1,1,46-55,80,Medium Usage,0.019473684210526317,0.08108108108108109,51.351351351351354,40.0,118.0,73.07692307692308,2237.519230769231,0.057692307692307696,12.333333333333334,Medium Data Usage
BSNL,M,20,Arunachal Pradesh,Mumbai,2,33588.0,86,29,5702.0,0,2026,1,1,18-25,115,Medium Usage,0.015082427218519818,0.3372093023255814,66.30232558139535,57.5,172.02,285.1,1679.4,0.1,2.9655172413793105,Medium Data Usage
Reliance Jio,M,65,Haryana,Hyderabad,0,117358.0,64,48,5016.0,0,2026,1,1,56+,112,Medium Usage,0.012759170653907496,0.75,78.375,56.0,162.16,77.16923076923077,1805.5076923076922,0.0,1.3333333333333333,Medium Data Usage
BSNL,M,20,Madhya Pradesh,Delhi,3,54235.0,66,7,5049.0,0,2026,1,1,18-25,73,Medium Usage,0.013071895424836602,0.10606060606060606,76.5,36.5,123.49000000000001,252.45,2711.75,0.15,9.428571428571429,Medium Data Usage
Vodafone,M,30,Gujarat,Chennai,4,149187.0,51,4,9104.0,0,2026,1,1,26-35,55,High Usage,0.005601933216168717,0.0784313725490196,178.50980392156862,27.5,146.04000000000002,303.46666666666664,4972.9,0.13333333333333333,12.75,High Data Usage
Airtel,M,26,Nagaland,Chennai,0,62316.0,12,38,1238.0,0,2026,1,1,26-35,50,Low Usage,0.009693053311793215,3.1666666666666665,103.16666666666667,25.0,62.38,47.61538461538461,2396.769230769231,0.0,0.3157894736842105,Low Data Usage
BSNL,F,47,Uttarakhand,Kolkata,0,60281.0,92,10,4671.0,0,2026,2,1,46-55,102,Medium Usage,0.01969599657460929,0.10869565217391304,50.77173913043478,51.0,148.71,99.38297872340425,1282.5744680851064,0.0,9.2,Medium Data Usage
Reliance Jio,M,44,Himachal Pradesh,Hyderabad,0,82926.0,47,43,3690.0,0,2026,2,1,36-45,90,Medium Usage,0.012737127371273712,0.9148936170212766,78.51063829787235,45.0,126.9,83.86363636363636,1884.6818181818182,0.0,1.0930232558139534,Medium Data Usage
Reliance Jio,F,72,Tamil Nadu,Chennai,1,146043.0,36,13,2179.0,0,2026,2,1,56+,49,Low Usage,0.016521340064249657,0.3611111111111111,60.52777777777778,24.5,70.78999999999999,30.26388888888889,2028.375,0.013888888888888888,2.769230769230769,Low Data Usage
Airtel,M,67,Nagaland,Hyderabad,0,29790.0,21,42,730.0,1,2026,2,1,56+,63,Low Usage,0.028767123287671233,2.0,34.76190476190476,31.5,70.3,10.895522388059701,444.6268656716418,0.0,0.5,Low Data Usage
BSNL,M,73,Chhattisgarh,Bangalore,0,52898.0,89,19,4250.0,0,2026,2,1,56+,108,Medium Usage,0.020941176470588234,0.21348314606741572,47.752808988764045,54.0,150.5,58.21917808219178,724.6301369863014,0.0,4.684210526315789,Medium Data Usage
Airtel,M,44,Sikkim,Bangalore,1,30124.0,61,37,2316.0,0,2026,2,1,36-45,98,Low Usage,0.026338514680483593,0.6065573770491803,37.967213114754095,49.0,121.16,52.63636363636363,684.6363636363636,0.022727272727272728,1.6486486486486487,Low Data Usage
Airtel,F,43,Haryana,Delhi,3,57211.0,23,6,2980.0,0,2026,2,1,36-45,29,Low Usage,0.0077181208053691275,0.2608695652173913,129.56521739130434,14.5,58.8,69.30232558139535,1330.4883720930231,0.06976744186046512,3.8333333333333335,Low Data Usage
BSNL,F,26,Bihar,Chennai,2,67441.0,40,10,8583.0,0,2026,2,1,26-35,50,High Usage,0.004660375160200396,0.25,214.575,25.0,135.82999999999998,330.11538461538464,2593.8846153846152,0.07692307692307693,4.0,High Data Usage
Reliance Jio,M,67,Odisha,Mumbai,4,49392.0,50,7,4692.0,1,2026,2,1,56+,57,Medium Usage,0.010656436487638534,0.14,93.84,28.5,103.92,70.02985074626865,737.1940298507462,0.05970149253731343,7.142857142857143,Medium Data Usage
BSNL,F,74,West Bengal,Mumbai,3,131294.0,94,19,7892.0,0,2026,2,1,56+,113,High Usage,0.011910795742524075,0.20212765957446807,83.95744680851064,56.5,191.92000000000002,106.64864864864865,1774.2432432432433,0.04054054054054054,4.947368421052632,High Data Usage
BSNL,M,50,Andhra Pradesh,Mumbai,1,27602.0,17,27,8031.0,0,2026,2,1,46-55,44,High Usage,0.0021167974100361102,1.588235294117647,472.4117647058824,22.0,124.31,160.62,552.04,0.02,0.6296296296296297,High Data Usage
BSNL,M,60,Punjab,Chennai,1,120060.0,18,25,4836.0,0,2026,2,1,56+,43,Medium Usage,0.0037220843672456576,1.3888888888888888,268.6666666666667,21.5,91.36,80.6,2001.0,0.016666666666666666,0.72,Medium Data Usage
Reliance Jio,F,26,Andhra Pradesh,Chennai,3,45407.0,51,36,2185.0,0,2026,2,1,26-35,87,Low Usage,0.02334096109839817,0.7058823529411765,42.84313725490196,43.5,108.85,84.03846153846153,1746.423076923077,0.11538461538461539,1.4166666666666667,Low Data Usage
Vodafone,M,36,Uttar Pradesh,Bangalore,1,39286.0,71,23,1594.0,1,2026,2,1,36-45,94,Low Usage,0.04454203262233375,0.323943661971831,22.450704225352112,47.0,109.94,44.27777777777778,1091.2777777777778,0.027777777777777776,3.0869565217391304,Low Data Usage
Airtel,F,36,Bihar,Delhi,1,36370.0,2,5,8879.0,0,2026,2,1,36-45,7,High Usage,0.00022525059128280213,2.5,4439.5,3.5,95.79,246.63888888888889,1010.2777777777778,0.027777777777777776,0.4,High Data Usage
Airtel,F,18,Manipur,Chennai,2,64552.0,32,10,8699.0,0,2026,2,1,18-25,42,High Usage,0.0036785837452580758,0.3125,271.84375,21.0,128.99,483.27777777777777,3586.222222222222,0.1111111111111111,3.2,High Data Usage
BSNL,F,31,Punjab,Hyderabad,3,129021.0,70,45,550.0,0,2026,2,1,26-35,115,Low Usage,0.12727272727272726,0.6428571428571429,7.857142857142857,57.5,120.5,17.741935483870968,4161.967741935484,0.0967741935483871,1.5555555555555556,Low Data Usage
Vodafone,M,28,Punjab,Bangalore,3,72116.0,20,28,7987.0,0,2026,2,1,26-35,48,High Usage,0.0025040691123074995,1.4,399.35,24.0,127.87,285.25,2575.5714285714284,0.10714285714285714,0.7142857142857143,High Data Usage
Airtel,M,55,Rajasthan,Bangalore,3,81137.0,50,40,7892.0,0,2026,2,1,46-55,90,High Usage,0.0063355296502787635,0.8,157.84,45.0,168.92000000000002,143.4909090909091,1475.2181818181818,0.05454545454545454,1.25,High Data Usage
BSNL,F,28,Arunachal Pradesh,Kolkata,3,59589.0,69,9,2024.0,0,2026,2,1,26-35,78,Low Usage,0.03409090909090909,0.13043478260869565,29.333333333333332,39.0,98.24,72.28571428571429,2128.1785714285716,0.10714285714285714,7.666666666666667,Low Data Usage
BSNL,M,24,Meghalaya,Kolkata,3,122632.0,52,36,9297.0,0,2026,2,1,18-25,88,High Usage,0.005593202108206949,0.6923076923076923,178.78846153846155,44.0,180.97,387.375,5109.666666666667,0.125,1.4444444444444444,High Data Usage
Vodafone,M,53,Tripura,Delhi,2,82155.0,87,45,7588.0,0,2026,2,1,46-55,132,High Usage,0.011465471797575118,0.5172413793103449,87.2183908045977,66.0,207.88,143.16981132075472,1550.0943396226414,0.03773584905660377,1.9333333333333333,High Data Usage
Reliance Jio,M,65,Himachal Pradesh,Bangalore,0,87182.0,76,33,4217.0,0,2026,2,1,56+,109,Medium Usage,0.01802229072800569,0.4342105263157895,55.48684210526316,54.5,151.17000000000002,64.87692307692308,1341.2615384615385,0.0,2.303030303030303,Medium Data Usage
Vodafone,M,49,Tamil Nadu,Chennai,1,20908.0,53,48,555.0,0,2026,2,1,46-55,101,Low Usage,0.09549549549549549,0.9056603773584906,10.471698113207546,50.5,106.55,11.326530612244898,426.6938775510204,0.02040816326530612,1.1041666666666667,Low Data Usage
BSNL,M,40,Kerala,Hyderabad,3,96061.0,74,42,6074.0,0,2026,2,1,36-45,116,Medium Usage,0.012183075403358577,0.5675675675675675,82.08108108108108,58.0,176.74,151.85,2401.525,0.075,1.7619047619047619,Medium Data Usage
Reliance Jio,F,56,Nagaland,Mumbai,0,103335.0,77,20,6335.0,0,2026,2,1,56+,97,Medium Usage,0.012154696132596685,0.2597402597402597,82.27272727272727,48.5,160.35,113.125,1845.267857142857,0.0,3.85,Medium Data Usage
BSNL,F,62,Gujarat,Bangalore,4,51444.0,5,37,1325.0,0,2026,2,1,56+,42,Low Usage,0.0037735849056603774,7.4,265.0,21.0,55.25,21.370967741935484,829.741935483871,0.06451612903225806,0.13513513513513514,Low Data Usage
Airtel,F,54,Andhra Pradesh,Mumbai,3,32362.0,102,8,1322.0,1,2026,2,1,46-55,110,Low Usage,0.07715582450832073,0.0784313725490196,12.96078431372549,55.0,123.22,24.48148148148148,599.2962962962963,0.05555555555555555,12.75,Low Data Usage
Vodafone,M,22,Punjab,Chennai,3,116212.0,48,30,10274.0,0,2026,3,1,18-25,78,High Usage,0.0046719875413665565,0.625,214.04166666666666,39.0,180.74,467.0,5282.363636363636,0.13636363636363635,1.6,High Data Usage
BSNL,M,58,Kerala,Chennai,3,96999.0,26,31,328.0,0,2026,3,1,56+,57,Low Usage,0.07926829268292683,1.1923076923076923,12.615384615384615,28.5,60.28,5.655172413793103,1672.396551724138,0.05172413793103448,0.8387096774193549,Low Data Usage
BSNL,M,58,Manipur,Mumbai,0,100174.0,33,44,9654.0,0,2026,3,1,56+,77,High Usage,0.003418272218769422,1.3333333333333333,292.54545454545456,38.5,173.54000000000002,166.44827586206895,1727.1379310344828,0.0,0.75,High Data Usage
BSNL,F,61,Telangana,Mumbai,3,29781.0,6,28,4712.0,1,2026,3,1,56+,34,Medium Usage,0.0012733446519524619,4.666666666666667,785.3333333333334,17.0,81.12,77.24590163934427,488.21311475409834,0.04918032786885246,0.21428571428571427,Medium Data Usage
Reliance Jio,M,44,Madhya Pradesh,Bangalore,2,44381.0,66,10,4855.0,1,2026,3,1,36-45,76,Medium Usage,0.013594232749742533,0.15151515151515152,73.56060606060606,38.0,124.55,110.3409090909091,1008.6590909090909,0.045454545454545456,6.6,Medium Data Usage
Vodafone,M,51,Telangana,Kolkata,2,148645.0,20,15,8995.0,1,2026,3,1,46-55,35,High Usage,0.0022234574763757642,0.75,449.75,17.5,124.95,176.37254901960785,2914.607843137255,0.0392156862745098,1.3333333333333333,High Data Usage
Airtel,M,70,Madhya Pradesh,Bangalore,3,44046.0,91,30,5356.0,0,2026,3,1,56+,121,Medium Usage,0.01699029126213592,0.32967032967032966,58.857142857142854,60.5,174.56,76.51428571428572,629.2285714285714,0.04285714285714286,3.033333333333333,Medium Data Usage
Airtel,M,26,Telangana,Delhi,1,49917.0,84,16,8639.0,0,2026,3,1,26-35,100,High Usage,0.009723347609677045,0.19047619047619047,102.8452380952381,50.0,186.39,332.2692307692308,1919.8846153846155,0.038461538461538464,5.25,High Data Usage
Reliance Jio,F,22,Meghalaya,Bangalore,3,24963.0,5,36,682.0,0,2026,3,1,18-25,41,Low Usage,0.007331378299120235,7.2,136.4,20.5,47.82,31.0,1134.6818181818182,0.13636363636363635,0.1388888888888889,Low Data Usage
Airtel,M,58,Uttar Pradesh,Mumbai,1,123671.0,58,18,4666.0,1,2026,3,1,56+,76,Medium Usage,0.012430347192456065,0.3103448275862069,80.44827586206897,38.0,122.66,80.44827586206897,2132.2586206896553,0.017241379310344827,3.2222222222222223,Medium Data Usage
Reliance Jio,F,70,Uttar Pradesh,Chennai,3,45037.0,20,5,4017.0,0,2026,3,1,56+,25,Medium Usage,0.004978839930296241,0.25,200.85,12.5,65.17,57.385714285714286,643.3857142857142,0.04285714285714286,4.0,Medium Data Usage
Airtel,M,69,Maharashtra,Bangalore,3,81083.0,9,5,1772.0,1,2026,3,1,56+,14,Low Usage,0.005079006772009029,0.5555555555555556,196.88888888888889,7.0,31.72,25.681159420289855,1175.1159420289855,0.043478260869565216,1.8,Low Data Usage
Reliance Jio,M,27,Mizoram,Kolkata,0,130020.0,84,13,5049.0,0,2026,3,1,26-35,97,Medium Usage,0.016636957813428402,0.15476190476190477,60.107142857142854,48.5,147.49,187.0,4815.555555555556,0.0,6.461538461538462,Medium Data Usage
Vodafone,M,37,Uttar Pradesh,Kolkata,1,112351.0,30,44,5049.0,0,2026,3,1,36-45,74,Medium Usage,0.0059417706476530005,1.4666666666666666,168.3,37.0,124.49000000000001,136.45945945945945,3036.5135135135133,0.02702702702702703,0.6818181818181818,Medium Data Usage
Vodafone,F,60,Sikkim,Bangalore,0,105193.0,6,20,938.0,0,2026,3,1,56+,26,Low Usage,0.006396588486140725,3.3333333333333335,156.33333333333334,13.0,35.38,15.633333333333333,1753.2166666666667,0.0,0.3,Low Data Usage
Vodafone,F,66,Odisha,Mumbai,0,103979.0,75,30,212.0,0,2026,3,1,56+,105,Low Usage,0.35377358490566035,0.4,2.8266666666666667,52.5,107.12,3.212121212121212,1575.439393939394,0.0,2.5,Low Data Usage
Vodafone,M,73,Chhattisgarh,Chennai,2,75484.0,55,10,9357.0,0,2026,3,1,56+,65,High Usage,0.005877952335150155,0.18181818181818182,170.12727272727273,32.5,158.57,128.17808219178082,1034.027397260274,0.0273972602739726,5.5,High Data Usage
Vodafone,M,18,Sikkim,Kolkata,2,110074.0,54,15,9673.0,1,2026,3,1,18-25,69,High Usage,0.0055825493642096555,0.2777777777777778,179.12962962962962,34.5,165.73000000000002,537.3888888888889,6115.222222222223,0.1111111111111111,3.6,High Data Usage
BSNL,F,24,Assam,Kolkata,3,97497.0,57,23,4268.0,0,2026,3,1,18-25,80,Medium Usage,0.013355201499531396,0.40350877192982454,74.87719298245614,40.0,122.68,177.83333333333334,4062.375,0.125,2.4782608695652173,Medium Data Usage
Airtel,M,68,West Bengal,Kolkata,4,114732.0,81,42,4317.0,0,2026,3,1,56+,123,Medium Usage,0.018763029881862403,0.5185185185185185,53.2962962962963,61.5,166.17000000000002,63.48529411764706,1687.235294117647,0.058823529411764705,1.9285714285714286,Medium Data Usage
Reliance Jio,M,65,Maharashtra,Mumbai,4,83949.0,63,12,6320.0,0,2026,3,1,56+,75,Medium Usage,0.009968354430379746,0.19047619047619047,100.31746031746032,37.5,138.2,97.23076923076923,1291.5230769230768,0.06153846153846154,5.25,Medium Data Usage
Vodafone,F,41,Karnataka,Kolkata,1,91019.0,60,6,1785.0,0,2026,3,1,36-45,66,Low Usage,0.03361344537815126,0.1,29.75,33.0,83.85,43.53658536585366,2219.9756097560976,0.024390243902439025,10.0,Low Data Usage
Airtel,M,65,Meghalaya,Chennai,4,20797.0,52,32,9263.0,0,2026,3,1,56+,84,High Usage,0.005613732052250891,0.6153846153846154,178.1346153846154,42.0,176.63,142.5076923076923,319.95384615384614,0.06153846153846154,1.625,High Data Usage
BSNL,F,35,Himachal Pradesh,Hyderabad,1,99181.0,71,16,5914.0,1,2026,3,1,26-35,87,Medium Usage,0.012005410889414947,0.22535211267605634,83.29577464788733,43.5,146.14,168.97142857142856,2833.7428571428572,0.02857142857142857,4.4375,Medium Data Usage
Vodafone,F,72,Uttar Pradesh,Delhi,2,132130.0,25,29,9872.0,1,2026,3,1,56+,54,High Usage,0.002532414910858995,1.16,394.88,27.0,152.72,137.11111111111111,1835.138888888889,0.027777777777777776,0.8620689655172413,High Data Usage
BSNL,F,70,Uttarakhand,Bangalore,1,31918.0,56,41,7808.0,0,2026,3,1,56+,97,High Usage,0.007172131147540984,0.7321428571428571,139.42857142857142,48.5,175.07999999999998,111.54285714285714,455.9714285714286,0.014285714285714285,1.3658536585365855,High Data Usage
BSNL,M,20,Assam,Mumbai,4,59533.0,39,24,9071.0,0,2026,3,1,18-25,63,High Usage,0.004299415720427737,0.6153846153846154,232.5897435897436,31.5,153.70999999999998,453.55,2976.65,0.2,1.625,High Data Usage
BSNL,M,69,Jharkhand,Delhi,4,84930.0,62,49,4426.0,0,2026,3,1,56+,111,Medium Usage,0.014008133755083597,0.7903225806451613,71.38709677419355,55.5,155.26,64.14492753623189,1230.8695652173913,0.057971014492753624,1.2653061224489797,Medium Data Usage
Vodafone,F,34,Telangana,Bangalore,3,82873.0,70,13,5460.0,0,2026,3,1,26-35,83,Medium Usage,0.01282051282051282,0.18571428571428572,78.0,41.5,137.6,160.58823529411765,2437.4411764705883,0.08823529411764706,5.384615384615385,Medium Data Usage
BSNL,M,36,Karnataka,Kolkata,1,117088.0,18,8,3755.0,0,2026,3,1,36-45,26,Medium Usage,0.004793608521970706,0.4444444444444444,208.61111111111111,13.0,63.55,104.30555555555556,3252.4444444444443,0.027777777777777776,2.25,Medium Data Usage
Airtel,M,57,Tamil Nadu,Chennai,2,48105.0,58,45,8920.0,0,2026,3,1,56+,103,High Usage,0.006502242152466368,0.7758620689655172,153.79310344827587,51.5,192.2,156.49122807017545,843.9473684210526,0.03508771929824561,1.288888888888889,High Data Usage
BSNL,M,41,Chhattisgarh,Chennai,4,20038.0,19,7,1982.0,0,2026,4,2,36-45,26,Low Usage,0.00958627648839556,0.3684210526315789,104.3157894736842,13.0,45.82,48.34146341463415,488.7317073170732,0.0975609756097561,2.7142857142857144,Low Data Usage
BSNL,M,31,West Bengal,Mumbai,1,103809.0,78,14,2534.0,0,2026,4,2,26-35,92,Low Usage,0.030781373322809787,0.1794871794871795,32.48717948717949,46.0,117.34,81.74193548387096,3348.6774193548385,0.03225806451612903,5.571428571428571,Low Data Usage
Reliance Jio,M,25,Tamil Nadu,Bangalore,1,120797.0,18,19,4984.0,0,2026,4,2,18-25,37,Medium Usage,0.0036115569823434992,1.0555555555555556,276.8888888888889,18.5,86.84,199.36,4831.88,0.04,0.9473684210526315,Medium Data Usage
Vodafone,F,71,Haryana,Chennai,2,122184.0,60,44,9649.0,0,2026,4,2,56+,104,High Usage,0.0062182609596849415,0.7333333333333333,160.81666666666666,52.0,200.49,135.90140845070422,1720.9014084507041,0.028169014084507043,1.3636363636363635,High Data Usage
Airtel,M,59,Haryana,Hyderabad,0,48487.0,44,14,7117.0,0,2026,4,2,56+,58,High Usage,0.0061823802163833074,0.3181818181818182,161.75,29.0,129.17000000000002,120.62711864406779,821.8135593220339,0.0,3.142857142857143,High Data Usage
Vodafone,M,34,Jharkhand,Kolkata,3,27308.0,5,3,3688.0,0,2026,4,2,26-35,8,Medium Usage,0.0013557483731019523,0.6,737.6,4.0,44.88,108.47058823529412,803.1764705882352,0.08823529411764706,1.6666666666666667,Medium Data Usage
Vodafone,F,34,Nagaland,Chennai,3,51380.0,21,35,1908.0,0,2026,4,2,26-35,56,Low Usage,0.0110062893081761,1.6666666666666667,90.85714285714286,28.0,75.08,56.11764705882353,1511.1764705882354,0.08823529411764706,0.6,Low Data Usage
Airtel,M,53,Kerala,Hyderabad,2,51401.0,50,45,3211.0,0,2026,4,2,46-55,95,Low Usage,0.015571473061351603,0.9,64.22,47.5,127.11,60.58490566037736,969.8301886792453,0.03773584905660377,1.1111111111111112,Medium Data Usage
Reliance Jio,F,70,Nagaland,Kolkata,4,123031.0,44,21,7605.0,1,2026,4,2,56+,65,High Usage,0.005785667324128862,0.4772727272727273,172.8409090909091,32.5,141.05,108.64285714285714,1757.5857142857142,0.05714285714285714,2.0952380952380953,High Data Usage
Reliance Jio,M,71,Uttarakhand,Bangalore,2,147464.0,52,12,4259.0,0,2026,4,2,56+,64,Medium Usage,0.012209438835407373,0.23076923076923078,81.90384615384616,32.0,106.59,59.985915492957744,2076.957746478873,0.028169014084507043,4.333333333333333,Medium Data Usage
BSNL,M,25,Bihar,Delhi,1,149940.0,72,7,893.0,0,2026,4,2,18-25,79,Low Usage,0.08062709966405375,0.09722222222222222,12.402777777777779,39.5,87.93,35.72,5997.6,0.04,10.285714285714286,Low Data Usage
Reliance Jio,F,55,Nagaland,Kolkata,4,71991.0,7,25,8226.0,0,2026,4,2,46-55,32,High Usage,0.0008509603695599319,3.5714285714285716,1175.142857142857,16.0,114.26,149.56363636363636,1308.9272727272728,0.07272727272727272,0.28,High Data Usage
Reliance Jio,M,61,Telangana,Bangalore,1,103765.0,8,13,8503.0,1,2026,4,2,56+,21,High Usage,0.0009408444078560508,1.625,1062.875,10.5,106.03,139.39344262295083,1701.0655737704917,0.01639344262295082,0.6153846153846154,High Data Usage
BSNL,M,63,Sikkim,Hyderabad,2,66128.0,17,29,2183.0,0,2026,4,2,56+,46,Low Usage,0.007787448465414567,1.7058823529411764,128.41176470588235,23.0,67.83,34.65079365079365,1049.6507936507937,0.031746031746031744,0.5862068965517241,Low Data Usage
BSNL,F,72,Uttar Pradesh,Bangalore,1,124442.0,44,11,7488.0,0,2026,4,2,56+,55,High Usage,0.005876068376068376,0.25,170.1818181818182,27.5,129.88,104.0,1728.361111111111,0.013888888888888888,4.0,High Data Usage
Airtel,F,46,Sikkim,Kolkata,2,53404.0,93,48,2594.0,1,2026,4,2,46-55,141,Low Usage,0.03585196607555898,0.5161290322580645,27.892473118279568,70.5,166.94,56.391304347826086,1160.9565217391305,0.043478260869565216,1.9375,Low Data Usage
BSNL,F,61,Assam,Hyderabad,2,31107.0,59,13,6324.0,0,2026,4,2,56+,72,Medium Usage,0.00932953826691967,0.22033898305084745,107.1864406779661,36.0,135.24,103.67213114754098,509.95081967213116,0.03278688524590164,4.538461538461538,Medium Data Usage
Vodafone,M,36,Assam,Chennai,0,97004.0,89,11,5955.0,0,2026,4,2,36-45,100,Medium Usage,0.01494542401343409,0.12359550561797752,66.91011235955057,50.0,159.55,165.41666666666666,2694.5555555555557,0.0,8.090909090909092,Medium Data Usage
BSNL,F,23,Tripura,Delhi,2,71580.0,75,14,7537.0,0,2026,4,2,18-25,89,High Usage,0.009950908849674938,0.18666666666666668,100.49333333333334,44.5,164.37,327.69565217391306,3112.1739130434785,0.08695652173913043,5.357142857142857,High Data Usage
Airtel,M,41,Uttar Pradesh,Kolkata,0,66714.0,73,3,4083.0,0,2026,4,2,36-45,76,Medium Usage,0.017879010531471957,0.0410958904109589,55.93150684931507,38.0,116.83,99.58536585365853,1627.1707317073171,0.0,24.333333333333332,Medium Data Usage
Airtel,F,61,Tripura,Chennai,2,149571.0,5,43,617.0,0,2026,4,2,56+,48,Low Usage,0.008103727714748784,8.6,123.4,24.0,54.17,10.114754098360656,2451.9836065573772,0.03278688524590164,0.11627906976744186,Low Data Usage
Reliance Jio,M,21,Tamil Nadu,Hyderabad,2,144303.0,41,22,8709.0,0,2026,4,2,18-25,63,High Usage,0.004707773567573775,0.5365853658536586,212.41463414634146,31.5,150.09,414.7142857142857,6871.571428571428,0.09523809523809523,1.8636363636363635,High Data Usage
Airtel,M,37,Tamil Nadu,Hyderabad,1,25306.0,32,44,488.0,0,2026,4,2,36-45,76,Low Usage,0.06557377049180328,1.375,15.25,38.0,80.88,13.18918918918919,683.9459459459459,0.02702702702702703,0.7272727272727273,Low Data Usage
Vodafone,F,69,Odisha,Delhi,2,129075.0,62,38,404.0,0,2026,4,2,56+,100,Low Usage,0.15346534653465346,0.6129032258064516,6.516129032258065,50.0,104.04,5.855072463768116,1870.6521739130435,0.028985507246376812,1.631578947368421,Low Data Usage
Reliance Jio,F,38,Odisha,Mumbai,2,104093.0,70,19,7216.0,0,2026,4,2,36-45,89,High Usage,0.009700665188470067,0.2714285714285714,103.08571428571429,44.5,161.16,189.89473684210526,2739.2894736842104,0.05263157894736842,3.6842105263157894,High Data Usage
Airtel,M,20,Haryana,Hyderabad,1,52519.0,89,27,14.0,0,2026,4,2,18-25,116,Low Usage,6.357142857142857,0.30337078651685395,0.15730337078651685,58.0,116.14,0.7,2625.95,0.05,3.2962962962962963,Low Data Usage
Vodafone,M,23,Nagaland,Delhi,2,47223.0,73,26,5490.0,0,2026,4,2,18-25,99,Medium Usage,0.013296903460837887,0.3561643835616438,75.20547945205479,49.5,153.9,238.69565217391303,2053.1739130434785,0.08695652173913043,2.8076923076923075,Medium Data Usage
Airtel,M,72,Bihar,Hyderabad,0,107783.0,84,18,9316.0,0,2026,4,2,56+,102,High Usage,0.009016745384285102,0.21428571428571427,110.9047619047619,51.0,195.16,129.38888888888889,1496.986111111111,0.0,4.666666666666667,High Data Usage
Vodafone,M,30,Tripura,Kolkata,3,40077.0,53,33,1563.0,1,2026,4,2,26-35,86,Low Usage,0.03390914907229686,0.6226415094339622,29.49056603773585,43.0,101.63,52.1,1335.9,0.1,1.606060606060606,Low Data Usage
Reliance Jio,M,30,Kerala,Delhi,2,68434.0,26,36,7190.0,0,2026,4,2,26-35,62,High Usage,0.0036161335187760778,1.3846153846153846,276.53846153846155,31.0,133.9,239.66666666666666,2281.133333333333,0.06666666666666667,0.7222222222222222,High Data Usage
Reliance Jio,M,18,Haryana,Bangalore,4,133046.0,67,21,1184.0,0,2026,5,2,18-25,88,Low Usage,0.056587837837837836,0.31343283582089554,17.671641791044777,44.0,99.84,65.77777777777777,7391.444444444444,0.2222222222222222,3.1904761904761907,Low Data Usage
BSNL,F,39,Kerala,Hyderabad,2,99279.0,38,30,6893.0,1,2026,5,2,36-45,68,High Usage,0.005512839112142754,0.7894736842105263,181.39473684210526,34.0,136.93,176.74358974358975,2545.6153846153848,0.05128205128205128,1.2666666666666666,Medium Data Usage
Vodafone,F,63,Tamil Nadu,Chennai,3,101526.0,35,24,1610.0,0,2026,5,2,56+,59,Low Usage,0.021739130434782608,0.6857142857142857,46.0,29.5,75.1,25.555555555555557,1611.5238095238096,0.047619047619047616,1.4583333333333333,Low Data Usage
Airtel,F,66,Meghalaya,Hyderabad,4,49211.0,47,20,5049.0,0,2026,5,2,56+,67,Medium Usage,0.009308774014656367,0.425531914893617,107.42553191489361,33.5,117.49000000000001,76.5,745.6212121212121,0.06060606060606061,2.35,Medium Data Usage
Airtel,M,21,Andhra Pradesh,Hyderabad,3,127871.0,50,24,7947.0,0,2026,5,2,18-25,74,High Usage,0.0062916823958726565,0.48,158.94,37.0,153.47,378.42857142857144,6089.0952380952385,0.14285714285714285,2.0833333333333335,High Data Usage
Airtel,F,65,Gujarat,Chennai,0,75699.0,78,22,5104.0,0,2026,5,2,56+,100,Medium Usage,0.015282131661442006,0.28205128205128205,65.43589743589743,50.0,151.04,78.52307692307693,1164.6,0.0,3.5454545454545454,Medium Data Usage
Airtel,F,73,Haryana,Kolkata,4,90106.0,97,46,6760.0,0,2026,5,2,56+,143,High Usage,0.014349112426035503,0.4742268041237113,69.69072164948453,71.5,210.6,92.6027397260274,1234.3287671232877,0.0547945205479452,2.108695652173913,Medium Data Usage
Vodafone,M,33,Tamil Nadu,Mumbai,1,35944.0,37,42,9330.0,1,2026,5,2,26-35,79,High Usage,0.0039657020364415865,1.135135135135135,252.16216216216216,39.5,172.3,282.72727272727275,1089.2121212121212,0.030303030303030304,0.8809523809523809,High Data Usage
Airtel,F,67,Nagaland,Delhi,2,116562.0,23,4,4494.0,1,2026,5,2,56+,27,Medium Usage,0.005117935024477081,0.17391304347826086,195.3913043478261,13.5,71.94,67.07462686567165,1739.7313432835822,0.029850746268656716,5.75,Medium Data Usage
Airtel,F,41,Uttarakhand,Delhi,1,63658.0,73,30,8497.0,0,2026,5,2,36-45,103,High Usage,0.00859126750617865,0.410958904109589,116.3972602739726,51.5,187.97,207.2439024390244,1552.6341463414635,0.024390243902439025,2.433333333333333,High Data Usage
Vodafone,M,38,Mizoram,Hyderabad,3,132783.0,71,49,10229.0,1,2026,5,2,36-45,120,High Usage,0.00694104995600743,0.6901408450704225,144.07042253521126,60.0,222.29000000000002,269.1842105263158,3494.2894736842104,0.07894736842105263,1.4489795918367347,High Data Usage
Vodafone,M,50,Mizoram,Kolkata,1,98282.0,51,13,3597.0,0,2026,5,2,46-55,64,Medium Usage,0.014178482068390326,0.2549019607843137,70.52941176470588,32.0,99.97,71.94,1965.64,0.02,3.923076923076923,Medium Data Usage
Airtel,M,27,Jharkhand,Delhi,4,24674.0,23,7,8206.0,0,2026,5,2,26-35,30,High Usage,0.0028028271996100415,0.30434782608695654,356.7826086956522,15.0,112.06,303.9259259259259,913.8518518518518,0.14814814814814814,3.2857142857142856,High Data Usage
BSNL,F,34,West Bengal,Kolkata,3,29776.0,60,51,4800.0,0,2026,5,2,26-35,111,Medium Usage,0.0125,0.85,80.0,55.5,159.0,141.1764705882353,875.7647058823529,0.08823529411764706,1.1764705882352942,Medium Data Usage
Airtel,F,36,Sikkim,Delhi,0,147858.0,95,33,1601.0,0,2026,5,2,36-45,128,Low Usage,0.05933791380387258,0.3473684210526316,16.852631578947367,64.0,144.01,44.47222222222222,4107.166666666667,0.0,2.878787878787879,Low Data Usage
BSNL,F,55,Manipur,Bangalore,0,33928.0,51,12,4030.0,0,2026,5,2,46-55,63,Medium Usage,0.012655086848635236,0.23529411764705882,79.01960784313725,31.5,103.3,73.27272727272727,616.8727272727273,0.0,4.25,Medium Data Usage
Airtel,M,22,Jharkhand,Bangalore,1,84699.0,104,41,3258.0,1,2026,5,2,18-25,145,Low Usage,0.03192142418661756,0.3942307692307692,31.326923076923077,72.5,177.57999999999998,148.0909090909091,3849.9545454545455,0.045454545454545456,2.5365853658536586,Medium Data Usage
BSNL,M,53,Jharkhand,Delhi,4,63026.0,37,12,5049.0,0,2026,5,2,46-55,49,Medium Usage,0.007328183798772034,0.32432432432432434,136.45945945945945,24.5,99.49000000000001,95.26415094339623,1189.1698113207547,0.07547169811320754,3.0833333333333335,Medium Data Usage
Vodafone,M,65,Assam,Kolkata,3,115456.0,76,28,8412.0,0,2026,5,2,56+,104,High Usage,0.00903471231573942,0.3684210526315789,110.6842105263158,52.0,188.12,129.41538461538462,1776.246153846154,0.046153846153846156,2.7142857142857144,High Data Usage
Vodafone,M,68,Sikkim,Kolkata,1,102265.0,25,46,9077.0,0,2026,5,2,56+,71,High Usage,0.0027542139473394293,1.84,363.08,35.5,161.76999999999998,133.48529411764707,1503.8970588235295,0.014705882352941176,0.5434782608695652,High Data Usage
Airtel,M,67,Assam,Hyderabad,3,66892.0,34,13,3286.0,0,2026,5,2,56+,47,Low Usage,0.010346926354230066,0.38235294117647056,96.6470588235294,23.5,79.86,49.04477611940298,998.3880597014926,0.04477611940298507,2.6153846153846154,Medium Data Usage
BSNL,M,23,Kerala,Mumbai,0,101553.0,90,15,10125.0,0,2026,5,2,18-25,105,High Usage,0.008888888888888889,0.16666666666666666,112.5,52.5,206.25,440.2173913043478,4415.347826086957,0.0,6.0,High Data Usage
Reliance Jio,M,40,Gujarat,Mumbai,2,24568.0,27,10,2691.0,1,2026,5,2,36-45,37,Low Usage,0.010033444816053512,0.37037037037037035,99.66666666666667,18.5,63.91,67.275,614.2,0.05,2.7,Low Data Usage
BSNL,F,60,Tamil Nadu,Kolkata,2,31522.0,84,4,4482.0,0,2026,5,2,56+,88,Medium Usage,0.018741633199464525,0.047619047619047616,53.357142857142854,44.0,132.82,74.7,525.3666666666667,0.03333333333333333,21.0,Medium Data Usage
Vodafone,M,66,Andhra Pradesh,Kolkata,3,136307.0,92,30,2323.0,0,2026,5,2,56+,122,Low Usage,0.039603960396039604,0.32608695652173914,25.25,61.0,145.23,35.196969696969695,2065.257575757576,0.045454545454545456,3.066666666666667,Low Data Usage
BSNL,M,57,Telangana,Delhi,2,121325.0,46,43,6789.0,0,2026,5,2,56+,89,High Usage,0.006775666519369569,0.9347826086956522,147.58695652173913,44.5,156.89,119.10526315789474,2128.5087719298244,0.03508771929824561,1.069767441860465,Medium Data Usage
Vodafone,F,26,Mizoram,Hyderabad,1,39520.0,86,29,9446.0,1,2026,5,2,26-35,115,High Usage,0.009104382807537581,0.3372093023255814,109.83720930232558,57.5,209.45999999999998,363.3076923076923,1520.0,0.038461538461538464,2.9655172413793105,High Data Usage
BSNL,F,29,Uttar Pradesh,Delhi,2,120050.0,26,3,2691.0,0,2026,5,2,26-35,29,Low Usage,0.00966183574879227,0.11538461538461539,103.5,14.5,55.91,92.79310344827586,4139.6551724137935,0.06896551724137931,8.666666666666666,Low Data Usage
Reliance Jio,F,61,Telangana,Kolkata,4,43388.0,32,6,1528.0,0,2026,5,2,56+,38,Low Usage,0.020942408376963352,0.1875,47.75,19.0,53.28,25.049180327868854,711.2786885245902,0.06557377049180328,5.333333333333333,Low Data Usage
Airtel,M,73,Madhya Pradesh,Hyderabad,1,66301.0,50,13,2154.0,0,2026,5,2,56+,63,Low Usage,0.02321262766945218,0.26,43.08,31.5,84.53999999999999,29.506849315068493,908.2328767123288,0.0136986301369863,3.8461538461538463,Low Data Usage
Airtel,M,62,Assam,Bangalore,1,39751.0,92,43,8593.0,0,2026,5,2,56+,135,High Usage,0.010706388921214942,0.4673913043478261,93.40217391304348,67.5,220.93,138.59677419354838,641.1451612903226,0.016129032258064516,2.13953488372093,High Data Usage
Vodafone,M,70,Jharkhand,Hyderabad,1,49984.0,27,17,2484.0,1,2026,6,2,56+,44,Low Usage,0.010869565217391304,0.6296296296296297,92.0,22.0,68.84,35.48571428571429,714.0571428571428,0.014285714285714285,1.588235294117647,Low Data Usage
Airtel,M,62,Rajasthan,Hyderabad,0,135719.0,83,26,5049.0,0,2026,6,2,56+,109,Medium Usage,0.01643889879183997,0.3132530120481928,60.83132530120482,54.5,159.49,81.43548387096774,2189.016129032258,0.0,3.1923076923076925,Medium Data Usage
Reliance Jio,M,72,Jharkhand,Delhi,2,41911.0,40,35,5262.0,0,2026,6,2,56+,75,Medium Usage,0.007601672367920942,0.875,131.55,37.5,127.62,73.08333333333333,582.0972222222222,0.027777777777777776,1.1428571428571428,Medium Data Usage
Airtel,M,64,Goa,Bangalore,1,100231.0,11,20,4591.0,0,2026,6,2,56+,31,Medium Usage,0.0023959921585711176,1.8181818181818181,417.3636363636364,15.5,76.91,71.734375,1566.109375,0.015625,0.55,Medium Data Usage
Airtel,M,65,Telangana,Kolkata,1,144521.0,85,7,2500.0,0,2026,6,2,56+,92,Low Usage,0.034,0.08235294117647059,29.41176470588235,46.0,117.0,38.46153846153846,2223.4,0.015384615384615385,12.142857142857142,Low Data Usage
Airtel,M,44,West Bengal,Delhi,0,58917.0,96,43,7408.0,0,2026,6,2,36-45,139,High Usage,0.012958963282937365,0.4479166666666667,77.16666666666667,69.5,213.07999999999998,168.36363636363637,1339.0227272727273,0.0,2.2325581395348837,High Data Usage
Reliance Jio,M,29,West Bengal,Kolkata,3,127353.0,102,24,46.0,0,2026,6,2,26-35,126,Low Usage,2.217391304347826,0.23529411764705882,0.45098039215686275,63.0,126.46,1.5862068965517242,4391.482758620689,0.10344827586206896,4.25,Low Data Usage
BSNL,M,61,Rajasthan,Hyderabad,2,71266.0,27,3,5960.0,0,2026,6,2,56+,30,Medium Usage,0.004530201342281879,0.1111111111111111,220.74074074074073,15.0,89.6,97.70491803278688,1168.295081967213,0.03278688524590164,9.0,Medium Data Usage
Reliance Jio,M,67,Goa,Mumbai,4,38264.0,96,44,143.0,0,2026,6,2,56+,140,Low Usage,0.6713286713286714,0.4583333333333333,1.4895833333333333,70.0,141.43,2.1343283582089554,571.1044776119403,0.05970149253731343,2.1818181818181817,Low Data Usage
BSNL,M,47,Nagaland,Hyderabad,2,110063.0,41,0,7613.0,1,2026,6,2,46-55,41,High Usage,0.005385524760278471,0.0,185.6829268292683,20.5,117.13,161.9787234042553,2341.7659574468084,0.0425531914893617,41.0,High Data Usage
Reliance Jio,M,58,Uttarakhand,Hyderabad,0,121046.0,83,40,2843.0,0,2026,6,2,56+,123,Low Usage,0.02919451283855083,0.4819277108433735,34.25301204819277,61.5,151.43,49.01724137931034,2087.0,0.0,2.075,Low Data Usage
BSNL,M,55,Sikkim,Mumbai,4,38480.0,13,44,9302.0,0,2026,6,2,46-55,57,High Usage,0.0013975489142119973,3.3846153846153846,715.5384615384615,28.5,150.01999999999998,169.12727272727273,699.6363636363636,0.07272727272727272,0.29545454545454547,High Data Usage
Airtel,M,21,Rajasthan,Kolkata,3,120546.0,70,27,258.0,0,2026,6,2,18-25,97,Low Usage,0.2713178294573643,0.38571428571428573,3.6857142857142855,48.5,99.58,12.285714285714286,5740.285714285715,0.14285714285714285,2.5925925925925926,Low Data Usage
Airtel,F,31,Mizoram,Bangalore,4,91738.0,0,47,2966.0,0,2026,6,2,26-35,47,Low Usage,0.0,47.0,2966.0,23.5,76.66,95.6774193548387,2959.2903225806454,0.12903225806451613,0.0,Low Data Usage
Vodafone,M,64,Kerala,Hyderabad,0,122486.0,50,27,6395.0,0,2026,6,2,56+,77,Medium Usage,0.007818608287724784,0.54,127.9,38.5,140.95,99.921875,1913.84375,0.0,1.8518518518518519,Medium Data Usage
Vodafone,M,45,Nagaland,Chennai,1,45761.0,44,27,4235.0,0,2026,6,2,36-45,71,Medium Usage,0.01038961038961039,0.6136363636363636,96.25,35.5,113.35,94.11111111111111,1016.9111111111112,0.022222222222222223,1.6296296296296295,Medium Data Usage
BSNL,M,21,Kerala,Kolkata,0,71536.0,47,5,1818.0,0,2026,6,2,18-25,52,Low Usage,0.02585258525852585,0.10638297872340426,38.680851063829785,26.0,70.18,86.57142857142857,3406.4761904761904,0.0,9.4,Low Data Usage
Airtel,M,65,Madhya Pradesh,Kolkata,3,49445.0,37,3,5049.0,0,2026,6,2,56+,40,Medium Usage,0.007328183798772034,0.08108108108108109,136.45945945945945,20.0,90.49000000000001,77.67692307692307,760.6923076923077,0.046153846153846156,12.333333333333334,Medium Data Usage
Reliance Jio,M,52,Madhya Pradesh,Delhi,0,69862.0,76,27,2682.0,0,2026,6,2,46-55,103,Low Usage,0.028337061894108874,0.35526315789473684,35.28947368421053,51.5,129.82,51.57692307692308,1343.5,0.0,2.814814814814815,Low Data Usage
Vodafone,M,34,Arunachal Pradesh,Delhi,0,46038.0,88,22,2467.0,0,2026,6,2,26-35,110,Low Usage,0.0356708552898257,0.25,28.03409090909091,55.0,134.67000000000002,72.55882352941177,1354.0588235294117,0.0,4.0,Low Data Usage
Vodafone,F,35,Haryana,Mumbai,3,55354.0,50,48,6754.0,0,2026,6,2,26-35,98,High Usage,0.007403020432336393,0.96,135.08,49.0,165.54000000000002,192.97142857142856,1581.5428571428572,0.08571428571428572,1.0416666666666667,Medium Data Usage
BSNL,M,22,Himachal Pradesh,Delhi,2,49860.0,50,33,1948.0,0,2026,6,2,18-25,83,Low Usage,0.02566735112936345,0.66,38.96,41.5,102.48,88.54545454545455,2266.3636363636365,0.09090909090909091,1.5151515151515151,Low Data Usage
Vodafone,M,56,Maharashtra,Bangalore,3,104299.0,6,25,3532.0,0,2026,6,2,56+,31,Low Usage,0.0016987542468856172,4.166666666666667,588.6666666666666,15.5,66.32,63.07142857142857,1862.482142857143,0.05357142857142857,0.24,Medium Data Usage
Airtel,M,26,Arunachal Pradesh,Chennai,2,59908.0,54,17,1720.0,0,2026,6,2,26-35,71,Low Usage,0.031395348837209305,0.3148148148148148,31.85185185185185,35.5,88.2,66.15384615384616,2304.153846153846,0.07692307692307693,3.176470588235294,Low Data Usage
Reliance Jio,F,21,Gujarat,Chennai,0,47598.0,66,18,671.0,0,2026,6,2,18-25,84,Low Usage,0.09836065573770492,0.2727272727272727,10.166666666666666,42.0,90.71,31.952380952380953,2266.5714285714284,0.0,3.6666666666666665,Low Data Usage
BSNL,F,38,Odisha,Delhi,0,83729.0,53,29,8183.0,0,2026,6,2,36-45,82,High Usage,0.006476842233899548,0.5471698113207547,154.39622641509433,41.0,163.82999999999998,215.3421052631579,2203.3947368421054,0.0,1.8275862068965518,High Data Usage
Airtel,M,46,Manipur,Hyderabad,3,49828.0,63,27,8299.0,0,2026,6,2,46-55,90,High Usage,0.007591276057356308,0.42857142857142855,131.73015873015873,45.0,172.99,180.41304347826087,1083.2173913043478,0.06521739130434782,2.3333333333333335,High Data Usage
BSNL,F,58,Andhra Pradesh,Chennai,0,143116.0,5,42,8438.0,1,2026,6,2,56+,47,High Usage,0.0005925574780753733,8.4,1687.6,23.5,131.38,145.48275862068965,2467.5172413793102,0.0,0.11904761904761904,High Data Usage
BSNL,M,20,Kerala,Kolkata,3,143873.0,96,11,428.0,0,2026,6,2,18-25,107,Low Usage,0.22429906542056074,0.11458333333333333,4.458333333333333,53.5,111.28,21.4,7193.65,0.15,8.727272727272727,Low Data Usage
Vodafone,F,25,Madhya Pradesh,Delhi,1,69022.0,28,1,7776.0,0,2026,6,2,18-25,29,High Usage,0.00360082304526749,0.03571428571428571,277.7142857142857,14.5,106.76,311.04,2760.88,0.04,28.0,High Data Usage
Vodafone,F,55,Assam,Mumbai,2,68519.0,42,40,7983.0,1,2026,7,3,46-55,82,High Usage,0.005261180007515971,0.9523809523809523,190.07142857142858,41.0,161.82999999999998,145.14545454545456,1245.8,0.03636363636363636,1.05,High Data Usage
Reliance Jio,M,22,Manipur,Hyderabad,3,103846.0,50,22,7387.0,0,2026,7,3,18-25,72,High Usage,0.006768647624204684,0.44,147.74,36.0,145.87,335.77272727272725,4720.272727272727,0.13636363636363635,2.272727272727273,High Data Usage
Airtel,F,31,Chhattisgarh,Hyderabad,1,79200.0,27,23,6919.0,0,2026,7,3,26-35,50,High Usage,0.003902298019945079,0.8518518518518519,256.25925925925924,25.0,119.19,223.19354838709677,2554.8387096774195,0.03225806451612903,1.173913043478261,Medium Data Usage
BSNL,M,65,Nagaland,Delhi,4,90440.0,5,44,4182.0,1,2026,7,3,56+,49,Medium Usage,0.0011956001912960307,8.8,836.4,24.5,90.82,64.33846153846154,1391.3846153846155,0.06153846153846154,0.11363636363636363,Medium Data Usage
Reliance Jio,M,43,Arunachal Pradesh,Chennai,0,112179.0,55,38,5049.0,0,2026,7,3,36-45,93,Medium Usage,0.010893246187363835,0.6909090909090909,91.8,46.5,143.49,117.4186046511628,2608.813953488372,0.0,1.4473684210526316,Medium Data Usage
BSNL,M,55,Haryana,Bangalore,0,63307.0,0,44,5503.0,0,2026,7,3,46-55,44,Medium Usage,0.0,44.0,5503.0,22.0,99.03,100.05454545454545,1151.0363636363636,0.0,0.0,Medium Data Usage
BSNL,M,30,Sikkim,Chennai,4,97921.0,102,4,5550.0,1,2026,7,3,26-35,106,Medium Usage,0.018378378378378378,0.0392156862745098,54.411764705882355,53.0,161.5,185.0,3264.0333333333333,0.13333333333333333,25.5,Medium Data Usage
Reliance Jio,F,25,Gujarat,Chennai,1,93852.0,102,46,229.0,0,2026,7,3,18-25,148,Low Usage,0.44541484716157204,0.45098039215686275,2.2450980392156863,74.0,150.29,9.16,3754.08,0.04,2.217391304347826,Low Data Usage
BSNL,F,44,Tamil Nadu,Hyderabad,4,94041.0,64,27,4462.0,0,2026,7,3,36-45,91,Medium Usage,0.014343343792021516,0.421875,69.71875,45.5,135.62,101.4090909090909,2137.2954545454545,0.09090909090909091,2.3703703703703702,Medium Data Usage
Reliance Jio,M,39,Punjab,Bangalore,2,99339.0,73,42,8109.0,0,2026,7,3,36-45,115,High Usage,0.009002343075595018,0.5753424657534246,111.08219178082192,57.5,196.09,207.92307692307693,2547.153846153846,0.05128205128205128,1.7380952380952381,High Data Usage
Vodafone,M,44,Telangana,Delhi,3,35432.0,13,35,10470.0,1,2026,7,3,36-45,48,High Usage,0.0012416427889207259,2.6923076923076925,805.3846153846154,24.0,152.7,237.95454545454547,805.2727272727273,0.06818181818181818,0.37142857142857144,High Data Usage
Airtel,M,45,Odisha,Hyderabad,4,97714.0,35,13,4125.0,0,2026,7,3,36-45,48,Medium Usage,0.008484848484848486,0.37142857142857144,117.85714285714286,24.0,89.25,91.66666666666667,2171.4222222222224,0.08888888888888889,2.6923076923076925,Medium Data Usage
Airtel,F,43,Assam,Hyderabad,3,52872.0,36,33,10194.0,0,2026,7,3,36-45,69,High Usage,0.003531489111241907,0.9166666666666666,283.1666666666667,34.5,170.94,237.06976744186048,1229.5813953488373,0.06976744186046512,1.0909090909090908,High Data Usage
Vodafone,F,62,Mizoram,Mumbai,1,140114.0,52,29,8713.0,0,2026,7,3,56+,81,High Usage,0.005968093653161942,0.5576923076923077,167.55769230769232,40.5,168.13,140.53225806451613,2259.9032258064517,0.016129032258064516,1.793103448275862,High Data Usage
Reliance Jio,M,29,Arunachal Pradesh,Mumbai,4,84462.0,87,21,6766.0,0,2026,7,3,26-35,108,High Usage,0.012858409695536506,0.2413793103448276,77.77011494252874,54.0,175.66,233.31034482758622,2912.4827586206898,0.13793103448275862,4.142857142857143,Medium Data Usage
Reliance Jio,M,54,Gujarat,Chennai,3,133190.0,79,4,1050.0,1,2026,7,3,46-55,83,Low Usage,0.07523809523809524,0.05063291139240506,13.291139240506329,41.5,93.5,19.444444444444443,2466.4814814814813,0.05555555555555555,19.75,Low Data Usage
Airtel,M,41,Uttar Pradesh,Delhi,4,27403.0,90,15,9299.0,0,2026,7,3,36-45,105,High Usage,0.009678460049467685,0.16666666666666666,103.32222222222222,52.5,197.99,226.8048780487805,668.3658536585366,0.0975609756097561,6.0,High Data Usage
BSNL,M,36,Karnataka,Delhi,0,137796.0,57,4,4286.0,0,2026,7,3,36-45,61,Medium Usage,0.013299113392440503,0.07017543859649122,75.19298245614036,30.5,103.86,119.05555555555556,3827.6666666666665,0.0,14.25,Medium Data Usage
BSNL,F,45,West Bengal,Chennai,4,35060.0,73,20,6613.0,0,2026,7,3,36-45,93,Medium Usage,0.011038862845909572,0.273972602739726,90.58904109589041,46.5,159.13,146.95555555555555,779.1111111111111,0.08888888888888889,3.65,Medium Data Usage
BSNL,M,54,Himachal Pradesh,Hyderabad,0,33496.0,11,36,5467.0,0,2026,7,3,46-55,47,Medium Usage,0.002012072434607646,3.272727272727273,497.0,23.5,101.67,101.24074074074075,620.2962962962963,0.0,0.3055555555555556,Medium Data Usage
BSNL,F,38,Assam,Delhi,1,56661.0,57,25,3658.0,0,2026,7,3,36-45,82,Medium Usage,0.01558228540185894,0.43859649122807015,64.17543859649123,41.0,118.58,96.26315789473684,1491.078947368421,0.02631578947368421,2.28,Medium Data Usage
Reliance Jio,M,49,Goa,Delhi,1,141710.0,10,21,5024.0,0,2026,7,3,46-55,31,Medium Usage,0.0019904458598726115,2.1,502.4,15.5,81.24000000000001,102.53061224489795,2892.0408163265306,0.02040816326530612,0.47619047619047616,Medium Data Usage
Airtel,F,47,Gujarat,Hyderabad,3,103302.0,9,26,10432.0,0,2026,7,3,46-55,35,High Usage,0.0008627300613496933,2.888888888888889,1159.111111111111,17.5,139.32,221.95744680851064,2197.9148936170213,0.06382978723404255,0.34615384615384615,High Data Usage
Airtel,M,41,Jharkhand,Bangalore,4,62961.0,37,14,5834.0,0,2026,7,3,36-45,51,Medium Usage,0.006342132327733973,0.3783783783783784,157.67567567567568,25.5,109.34,142.29268292682926,1535.6341463414635,0.0975609756097561,2.642857142857143,Medium Data Usage
Reliance Jio,M,56,Tamil Nadu,Chennai,3,56448.0,50,3,3338.0,1,2026,7,3,56+,53,Low Usage,0.014979029358897543,0.06,66.76,26.5,86.38,59.607142857142854,1008.0,0.05357142857142857,16.666666666666668,Medium Data Usage
BSNL,F,23,Sikkim,Mumbai,1,78355.0,29,45,1176.0,0,2026,7,3,18-25,74,Low Usage,0.02465986394557823,1.5517241379310345,40.55172413793103,37.0,85.76,51.130434782608695,3406.7391304347825,0.043478260869565216,0.6444444444444445,Low Data Usage
Vodafone,M,57,Rajasthan,Kolkata,1,126213.0,38,26,534.0,0,2026,7,3,56+,64,Low Usage,0.07116104868913857,0.6842105263157895,14.052631578947368,32.0,69.34,9.368421052631579,2214.2631578947367,0.017543859649122806,1.4615384615384615,Low Data Usage
Reliance Jio,F,31,Tripura,Chennai,1,52906.0,81,27,5275.0,0,2026,7,3,26-35,108,Medium Usage,0.015355450236966824,0.3333333333333333,65.12345679012346,54.0,160.75,170.16129032258064,1706.6451612903227,0.03225806451612903,3.0,Medium Data Usage
BSNL,F,43,Himachal Pradesh,Chennai,1,118265.0,97,36,317.0,1,2026,7,3,36-45,133,Low Usage,0.305993690851735,0.3711340206185567,3.268041237113402,66.5,136.17,7.372093023255814,2750.3488372093025,0.023255813953488372,2.6944444444444446,Low Data Usage
Airtel,M,41,Gujarat,Mumbai,3,71467.0,32,3,6104.0,1,2026,7,3,36-45,35,Medium Usage,0.005242463958060288,0.09375,190.75,17.5,96.03999999999999,148.8780487804878,1743.0975609756097,0.07317073170731707,10.666666666666666,Medium Data Usage
Airtel,M,51,Chhattisgarh,Mumbai,3,26780.0,52,33,7360.0,0,2026,7,3,46-55,85,High Usage,0.007065217391304348,0.6346153846153846,141.53846153846155,42.5,158.6,144.31372549019608,525.0980392156863,0.058823529411764705,1.5757575757575757,High Data Usage
Reliance Jio,M,22,Maharashtra,Kolkata,3,94395.0,68,22,6082.0,0,2026,8,3,18-25,90,Medium Usage,0.011180532719500164,0.3235294117647059,89.44117647058823,45.0,150.82,276.45454545454544,4290.681818181818,0.13636363636363635,3.090909090909091,Medium Data Usage
Reliance Jio,M,54,Bihar,Delhi,3,22573.0,49,34,2975.0,0,2026,8,3,46-55,83,Low Usage,0.01647058823529412,0.6938775510204082,60.714285714285715,41.5,112.75,55.092592592592595,418.01851851851853,0.05555555555555555,1.4411764705882353,Low Data Usage
BSNL,M,74,Arunachal Pradesh,Chennai,4,91138.0,62,42,3169.0,0,2026,8,3,56+,104,Low Usage,0.019564531397917324,0.6774193548387096,51.11290322580645,52.0,135.69,42.82432432432432,1231.5945945945946,0.05405405405405406,1.4761904761904763,Medium Data Usage
Vodafone,M,66,Rajasthan,Bangalore,4,99972.0,10,1,5198.0,0,2026,8,3,56+,11,Medium Usage,0.001923816852635629,0.1,519.8,5.5,62.98,78.75757575757575,1514.7272727272727,0.06060606060606061,10.0,Medium Data Usage
Vodafone,M,33,Mizoram,Mumbai,2,26162.0,93,31,7525.0,0,2026,8,3,26-35,124,High Usage,0.012358803986710963,0.3333333333333333,80.91397849462365,62.0,199.25,228.03030303030303,792.7878787878788,0.06060606060606061,3.0,High Data Usage
Airtel,F,68,Andhra Pradesh,Delhi,1,52581.0,60,26,6942.0,0,2026,8,3,56+,86,High Usage,0.00864304235090752,0.43333333333333335,115.7,43.0,155.42000000000002,102.08823529411765,773.25,0.014705882352941176,2.3076923076923075,Medium Data Usage
Reliance Jio,M,73,Uttar Pradesh,Chennai,3,115459.0,10,42,2708.0,0,2026,8,3,56+,52,Low Usage,0.003692762186115214,4.2,270.8,26.0,79.08,37.0958904109589,1581.6301369863013,0.0410958904109589,0.23809523809523808,Low Data Usage
Vodafone,F,22,Gujarat,Chennai,2,36184.0,60,29,5697.0,1,2026,8,3,18-25,89,Medium Usage,0.010531858873091101,0.48333333333333334,94.95,44.5,145.97,258.95454545454544,1644.7272727272727,0.09090909090909091,2.0689655172413794,Medium Data Usage
Airtel,F,40,Meghalaya,Kolkata,1,28285.0,23,44,6471.0,0,2026,8,3,36-45,67,Medium Usage,0.0035543192705918716,1.9130434782608696,281.3478260869565,33.5,131.70999999999998,161.775,707.125,0.025,0.5227272727272727,Medium Data Usage
Airtel,F,40,Kerala,Mumbai,4,102604.0,78,5,5049.0,0,2026,8,3,36-45,83,Medium Usage,0.015448603683897801,0.0641025641025641,64.73076923076923,41.5,133.49,126.225,2565.1,0.1,15.6,Medium Data Usage
BSNL,M,37,Arunachal Pradesh,Mumbai,2,27313.0,18,32,6253.0,0,2026,8,3,36-45,50,Medium Usage,0.002878618263233648,1.7777777777777777,347.3888888888889,25.0,112.53,169.0,738.1891891891892,0.05405405405405406,0.5625,Medium Data Usage
Reliance Jio,M,48,Kerala,Chennai,3,76817.0,84,16,7203.0,0,2026,8,3,46-55,100,High Usage,0.011661807580174927,0.19047619047619047,85.75,50.0,172.03,150.0625,1600.3541666666667,0.0625,5.25,High Data Usage
Vodafone,M,36,Karnataka,Bangalore,2,54413.0,62,28,5117.0,1,2026,8,3,36-45,90,Medium Usage,0.012116474496775454,0.45161290322580644,82.53225806451613,45.0,141.17000000000002,142.13888888888889,1511.4722222222222,0.05555555555555555,2.2142857142857144,Medium Data Usage
BSNL,M,35,Madhya Pradesh,Bangalore,2,70485.0,11,22,7841.0,0,2026,8,3,26-35,33,High Usage,0.0014028822854227777,2.0,712.8181818181819,16.5,111.41,224.02857142857144,2013.857142857143,0.05714285714285714,0.5,High Data Usage
Airtel,M,61,Maharashtra,Chennai,1,60152.0,65,29,5049.0,0,2026,8,3,56+,94,Medium Usage,0.012873836403248167,0.4461538461538462,77.67692307692307,47.0,144.49,82.77049180327869,986.0983606557377,0.01639344262295082,2.2413793103448274,Medium Data Usage
Reliance Jio,M,20,Tripura,Hyderabad,1,27291.0,18,21,3248.0,0,2026,8,3,18-25,39,Low Usage,0.005541871921182266,1.1666666666666667,180.44444444444446,19.5,71.47999999999999,162.4,1364.55,0.05,0.8571428571428571,Medium Data Usage
BSNL,F,55,Haryana,Bangalore,4,42005.0,11,44,5777.0,0,2026,8,3,46-55,55,Medium Usage,0.0019041024753332178,4.0,525.1818181818181,27.5,112.77000000000001,105.03636363636363,763.7272727272727,0.07272727272727272,0.25,Medium Data Usage
Airtel,M,59,Arunachal Pradesh,Bangalore,0,43333.0,33,24,8435.0,0,2026,8,3,56+,57,High Usage,0.003912270302311796,0.7272727272727273,255.6060606060606,28.5,141.35,142.96610169491527,734.457627118644,0.0,1.375,High Data Usage
BSNL,F,24,Andhra Pradesh,Chennai,1,93611.0,35,20,4626.0,0,2026,8,3,18-25,55,Medium Usage,0.007565931690445309,0.5714285714285714,132.17142857142858,27.5,101.25999999999999,192.75,3900.4583333333335,0.041666666666666664,1.75,Medium Data Usage
Airtel,F,21,Nagaland,Delhi,4,75823.0,73,33,2541.0,1,2026,8,3,18-25,106,Low Usage,0.02872884691066509,0.4520547945205479,34.80821917808219,53.0,131.41,121.0,3610.6190476190477,0.19047619047619047,2.212121212121212,Low Data Usage
BSNL,F,60,Assam,Mumbai,4,34164.0,38,24,1085.0,0,2026,8,3,56+,62,Low Usage,0.035023041474654376,0.631578947368421,28.55263157894737,31.0,72.85,18.083333333333332,569.4,0.06666666666666667,1.5833333333333333,Low Data Usage
BSNL,M,58,Nagaland,Chennai,0,94614.0,14,28,6873.0,0,2026,8,3,56+,42,High Usage,0.002036956205441583,2.0,490.92857142857144,21.0,110.73,118.5,1631.2758620689656,0.0,0.5,Medium Data Usage
BSNL,F,36,Maharashtra,Mumbai,3,103577.0,26,21,2314.0,1,2026,8,3,36-45,47,Low Usage,0.011235955056179775,0.8076923076923077,89.0,23.5,70.14,64.27777777777777,2877.1388888888887,0.08333333333333333,1.2380952380952381,Low Data Usage
BSNL,M,41,Bihar,Hyderabad,2,46474.0,58,18,7964.0,0,2026,8,3,36-45,76,High Usage,0.007282772476142642,0.3103448275862069,137.31034482758622,38.0,155.64,194.2439024390244,1133.5121951219512,0.04878048780487805,3.2222222222222223,High Data Usage
BSNL,F,31,Andhra Pradesh,Delhi,0,87962.0,19,6,799.0,0,2026,8,3,26-35,25,Low Usage,0.023779724655819776,0.3157894736842105,42.05263157894737,12.5,32.99,25.774193548387096,2837.483870967742,0.0,3.1666666666666665,Low Data Usage
Airtel,M,60,Himachal Pradesh,Mumbai,4,143361.0,29,49,5951.0,0,2026,8,3,56+,78,Medium Usage,0.00487313056629138,1.6896551724137931,205.20689655172413,39.0,137.51,99.18333333333334,2389.35,0.06666666666666667,0.5918367346938775,Medium Data Usage
Reliance Jio,F,74,Haryana,Bangalore,0,40553.0,1,11,2819.0,0,2026,8,3,56+,12,Low Usage,0.000354735721887194,11.0,2819.0,6.0,40.19,38.0945945945946,548.0135135135135,0.0,0.09090909090909091,Low Data Usage
Vodafone,F,29,Maharashtra,Bangalore,1,64743.0,94,34,8803.0,0,2026,8,3,26-35,128,High Usage,0.010678177893899807,0.3617021276595745,93.64893617021276,64.0,216.03,303.55172413793105,2232.5172413793102,0.034482758620689655,2.764705882352941,High Data Usage
BSNL,F,58,Odisha,Bangalore,3,36628.0,28,30,513.0,0,2026,8,3,56+,58,Low Usage,0.05458089668615984,1.0714285714285714,18.321428571428573,29.0,63.13,8.844827586206897,631.5172413793103,0.05172413793103448,0.9333333333333333,Low Data Usage
Vodafone,F,26,Goa,Delhi,4,82017.0,38,49,6397.0,0,2026,8,3,26-35,87,Medium Usage,0.005940284508363296,1.2894736842105263,168.3421052631579,43.5,150.97,246.03846153846155,3154.5,0.15384615384615385,0.7755102040816326,Medium Data Usage
Vodafone,M,66,Andhra Pradesh,Kolkata,1,50606.0,94,38,1311.0,0,2026,8,3,56+,132,Low Usage,0.07170099160945843,0.40425531914893614,13.946808510638299,66.0,145.11,19.863636363636363,766.7575757575758,0.015151515151515152,2.473684210526316,Low Data Usage
Reliance Jio,M,73,Manipur,Mumbai,1,149124.0,36,26,6958.0,0,2026,9,3,56+,62,High Usage,0.005173900546133947,0.7222222222222222,193.27777777777777,31.0,131.57999999999998,95.31506849315069,2042.7945205479452,0.0136986301369863,1.3846153846153846,Medium Data Usage
BSNL,M,44,Rajasthan,Mumbai,3,63238.0,103,30,4267.0,0,2026,9,3,36-45,133,Medium Usage,0.024138739161003047,0.2912621359223301,41.42718446601942,66.5,175.67000000000002,96.97727272727273,1437.2272727272727,0.06818181818181818,3.433333333333333,Medium Data Usage
Vodafone,M,19,Meghalaya,Hyderabad,0,132309.0,56,45,5178.0,0,2026,9,3,18-25,101,Medium Usage,0.010814986481266898,0.8035714285714286,92.46428571428571,50.5,152.78,272.5263157894737,6963.631578947368,0.0,1.2444444444444445,Medium Data Usage
Airtel,F,22,Gujarat,Bangalore,4,44523.0,42,52,3377.0,0,2026,9,3,18-25,94,Low Usage,0.01243707432632514,1.2380952380952381,80.4047619047619,47.0,127.77000000000001,153.5,2023.7727272727273,0.18181818181818182,0.8076923076923077,Medium Data Usage
Airtel,M,43,Punjab,Hyderabad,1,68207.0,42,27,5841.0,1,2026,9,3,36-45,69,Medium Usage,0.007190549563430919,0.6428571428571429,139.07142857142858,34.5,127.41,135.8372093023256,1586.2093023255813,0.023255813953488372,1.5555555555555556,Medium Data Usage
BSNL,M,47,Goa,Mumbai,2,101683.0,19,25,1950.0,0,2026,9,3,46-55,44,Low Usage,0.009743589743589744,1.3157894736842106,102.63157894736842,22.0,63.5,41.48936170212766,2163.468085106383,0.0425531914893617,0.76,Low Data Usage
Vodafone,M,27,Rajasthan,Mumbai,3,64387.0,29,36,5642.0,0,2026,9,3,26-35,65,Medium Usage,0.0051400212690535275,1.2413793103448276,194.55172413793105,32.5,121.42,208.96296296296296,2384.703703703704,0.1111111111111111,0.8055555555555556,Medium Data Usage
Vodafone,F,37,Goa,Kolkata,4,99950.0,20,48,1449.0,1,2026,9,3,36-45,68,Low Usage,0.013802622498274672,2.4,72.45,34.0,82.49,39.16216216216216,2701.3513513513512,0.10810810810810811,0.4166666666666667,Low Data Usage
Airtel,M,43,Uttar Pradesh,Mumbai,3,143446.0,38,16,3075.0,0,2026,9,3,36-45,54,Low Usage,0.012357723577235772,0.42105263157894735,80.92105263157895,27.0,84.75,71.51162790697674,3335.953488372093,0.06976744186046512,2.375,Medium Data Usage
BSNL,M,64,Uttarakhand,Mumbai,1,101528.0,6,43,5951.0,1,2026,9,3,56+,49,Medium Usage,0.001008233910267182,7.166666666666667,991.8333333333334,24.5,108.50999999999999,92.984375,1586.375,0.015625,0.13953488372093023,Medium Data Usage
Airtel,M,24,Punjab,Chennai,4,127065.0,6,39,1615.0,0,2026,9,3,18-25,45,Low Usage,0.0037151702786377707,6.5,269.1666666666667,22.5,61.15,67.29166666666667,5294.375,0.16666666666666666,0.15384615384615385,Low Data Usage
Reliance Jio,M,29,Assam,Delhi,4,119793.0,63,23,1351.0,0,2026,9,3,26-35,86,Low Usage,0.046632124352331605,0.36507936507936506,21.444444444444443,43.0,99.51,46.58620689655172,4130.793103448276,0.13793103448275862,2.739130434782609,Low Data Usage
Vodafone,F,50,Chhattisgarh,Hyderabad,2,137763.0,45,16,10439.0,0,2026,9,3,46-55,61,High Usage,0.00431075773541527,0.35555555555555557,231.9777777777778,30.5,165.39,208.78,2755.26,0.04,2.8125,High Data Usage
Reliance Jio,M,32,Bihar,Chennai,4,31730.0,56,28,91.0,0,2026,9,3,26-35,84,Low Usage,0.6153846153846154,0.5,1.625,42.0,84.91,2.84375,991.5625,0.125,2.0,Low Data Usage
Vodafone,M,43,Assam,Delhi,0,118919.0,39,3,2520.0,0,2026,9,3,36-45,42,Low Usage,0.015476190476190477,0.07692307692307693,64.61538461538461,21.0,67.2,58.604651162790695,2765.5581395348836,0.0,13.0,Low Data Usage
Vodafone,M,67,Assam,Kolkata,2,27016.0,34,9,2255.0,0,2026,9,3,56+,43,Low Usage,0.01507760532150776,0.2647058823529412,66.32352941176471,21.5,65.55,33.656716417910445,403.2238805970149,0.029850746268656716,3.7777777777777777,Low Data Usage
Vodafone,F,49,Haryana,Chennai,2,63554.0,37,27,6627.0,0,2026,9,3,46-55,64,High Usage,0.005583220159951712,0.7297297297297297,179.1081081081081,32.0,130.26999999999998,135.24489795918367,1297.0204081632653,0.04081632653061224,1.3703703703703705,Medium Data Usage
Reliance Jio,F,38,Andhra Pradesh,Delhi,1,93879.0,30,30,2102.0,0,2026,9,3,36-45,60,Low Usage,0.014272121788772598,1.0,70.06666666666666,30.0,81.02,55.31578947368421,2470.5,0.02631578947368421,1.0,Low Data Usage
Vodafone,F,51,Odisha,Bangalore,1,105253.0,94,43,3694.0,0,2026,9,3,46-55,137,Medium Usage,0.025446670276123445,0.4574468085106383,39.297872340425535,68.5,173.94,72.43137254901961,2063.7843137254904,0.0196078431372549,2.186046511627907,Medium Data Usage
Airtel,F,36,Meghalaya,Kolkata,1,94833.0,82,26,3810.0,1,2026,9,3,36-45,108,Medium Usage,0.02152230971128609,0.3170731707317073,46.46341463414634,54.0,146.1,105.83333333333333,2634.25,0.027777777777777776,3.1538461538461537,Medium Data Usage
Vodafone,M,55,Madhya Pradesh,Hyderabad,4,99518.0,82,5,3952.0,0,2026,9,3,46-55,87,Medium Usage,0.020748987854251014,0.06097560975609756,48.19512195121951,43.5,126.52000000000001,71.85454545454546,1809.418181818182,0.07272727272727272,16.4,Medium Data Usage
Airtel,M,31,Andhra Pradesh,Mumbai,2,36384.0,83,22,7107.0,0,2026,9,3,26-35,105,High Usage,0.011678626706064444,0.26506024096385544,85.62650602409639,52.5,176.07,229.25806451612902,1173.6774193548388,0.06451612903225806,3.772727272727273,High Data Usage
Airtel,F,33,Goa,Mumbai,2,141161.0,34,42,1931.0,0,2026,9,3,26-35,76,Low Usage,0.017607457276022784,1.2352941176470589,56.794117647058826,38.0,95.31,58.515151515151516,4277.606060606061,0.06060606060606061,0.8095238095238095,Low Data Usage
Vodafone,F,74,Tamil Nadu,Kolkata,0,113707.0,33,37,3266.0,0,2026,9,3,56+,70,Low Usage,0.010104102878138396,1.121212121212121,98.96969696969697,35.0,102.66,44.13513513513514,1536.581081081081,0.0,0.8918918918918919,Medium Data Usage
Vodafone,M,18,Haryana,Mumbai,0,125189.0,36,50,2599.0,0,2026,9,3,18-25,86,Low Usage,0.01385148133897653,1.3888888888888888,72.19444444444444,43.0,111.99,144.38888888888889,6954.944444444444,0.0,0.72,Low Data Usage
Reliance Jio,F,71,Rajasthan,Chennai,1,40123.0,50,32,9877.0,0,2026,9,3,56+,82,High Usage,0.005062265870203503,0.64,197.54,41.0,180.76999999999998,139.11267605633802,565.112676056338,0.014084507042253521,1.5625,High Data Usage
Reliance Jio,M,73,Karnataka,Chennai,1,69493.0,56,8,2341.0,0,2026,9,3,56+,64,Low Usage,0.02392140111063648,0.14285714285714285,41.80357142857143,32.0,87.41,32.06849315068493,951.9589041095891,0.0136986301369863,7.0,Low Data Usage
Vodafone,F,28,Sikkim,Chennai,2,106904.0,29,48,4037.0,0,2026,9,3,26-35,77,Medium Usage,0.007183552142680208,1.6551724137931034,139.20689655172413,38.5,117.37,144.17857142857142,3818.0,0.07142857142857142,0.6041666666666666,Medium Data Usage
Airtel,M,18,Chhattisgarh,Chennai,1,89736.0,62,16,3496.0,1,2026,9,3,18-25,78,Low Usage,0.017734553775743706,0.25806451612903225,56.38709677419355,39.0,112.96000000000001,194.22222222222223,4985.333333333333,0.05555555555555555,3.875,Medium Data Usage
BSNL,M,38,Telangana,Kolkata,0,100447.0,14,9,3950.0,0,2026,9,3,36-45,23,Medium Usage,0.0035443037974683543,0.6428571428571429,282.14285714285717,11.5,62.5,103.94736842105263,2643.342105263158,0.0,1.5555555555555556,Medium Data Usage
Airtel,F,23,Uttar Pradesh,Mumbai,1,79122.0,6,35,8368.0,0,2026,10,4,18-25,41,High Usage,0.0007170172084130019,5.833333333333333,1394.6666666666667,20.5,124.68,363.82608695652175,3440.086956521739,0.043478260869565216,0.17142857142857143,High Data Usage
BSNL,F,19,Madhya Pradesh,Chennai,4,50046.0,1,51,385.0,0,2026,10,4,18-25,52,Low Usage,0.0025974025974025974,51.0,385.0,26.0,55.85,20.263157894736842,2634.0,0.21052631578947367,0.0196078431372549,Low Data Usage
Vodafone,M,28,Rajasthan,Delhi,3,47171.0,31,29,3796.0,0,2026,10,4,26-35,60,Medium Usage,0.008166491043203371,0.9354838709677419,122.45161290322581,30.0,97.96000000000001,135.57142857142858,1684.6785714285713,0.10714285714285714,1.0689655172413792,Medium Data Usage
Airtel,M,25,Odisha,Hyderabad,2,89466.0,18,9,4396.0,0,2026,10,4,18-25,27,Medium Usage,0.004094631483166515,0.5,244.22222222222223,13.5,70.96000000000001,175.84,3578.64,0.08,2.0,Medium Data Usage
Reliance Jio,F,29,Chhattisgarh,Bangalore,3,125900.0,86,17,183.0,0,2026,10,4,26-35,103,Low Usage,0.46994535519125685,0.19767441860465115,2.127906976744186,51.5,104.83,6.310344827586207,4341.379310344828,0.10344827586206896,5.0588235294117645,Low Data Usage
Reliance Jio,M,46,Goa,Chennai,0,103623.0,101,24,1242.0,0,2026,10,4,46-55,125,Low Usage,0.08132045088566828,0.2376237623762376,12.297029702970297,62.5,137.42,27.0,2252.6739130434785,0.0,4.208333333333333,Low Data Usage
Airtel,M,65,Telangana,Kolkata,0,82424.0,64,2,8611.0,0,2026,10,4,56+,66,High Usage,0.007432353965857624,0.03125,134.546875,33.0,152.11,132.47692307692307,1268.0615384615385,0.0,32.0,High Data Usage
Reliance Jio,M,31,Uttar Pradesh,Bangalore,2,74050.0,35,32,784.0,0,2026,10,4,26-35,67,Low Usage,0.044642857142857144,0.9142857142857143,22.4,33.5,74.84,25.29032258064516,2388.7096774193546,0.06451612903225806,1.09375,Low Data Usage
BSNL,F,22,Gujarat,Hyderabad,3,111956.0,89,17,7155.0,0,2026,10,4,18-25,106,High Usage,0.01243885394828791,0.19101123595505617,80.3932584269663,53.0,177.55,325.22727272727275,5088.909090909091,0.13636363636363635,5.235294117647059,High Data Usage
Vodafone,F,33,Odisha,Bangalore,4,137726.0,38,23,10854.0,0,2026,10,4,26-35,61,High Usage,0.0035010134512622076,0.6052631578947368,285.63157894736844,30.5,169.54000000000002,328.90909090909093,4173.515151515152,0.12121212121212122,1.6521739130434783,High Data Usage
Vodafone,M,45,Goa,Hyderabad,2,63082.0,41,42,9244.0,0,2026,10,4,36-45,83,High Usage,0.004435309389874513,1.024390243902439,225.46341463414635,41.5,175.44,205.42222222222222,1401.8222222222223,0.044444444444444446,0.9761904761904762,High Data Usage
Vodafone,F,24,Karnataka,Mumbai,0,27260.0,65,45,2415.0,0,2026,10,4,18-25,110,Low Usage,0.026915113871635612,0.6923076923076923,37.15384615384615,55.0,134.15,100.625,1135.8333333333333,0.0,1.4444444444444444,Low Data Usage
Vodafone,F,44,Andhra Pradesh,Delhi,2,136870.0,50,41,8890.0,0,2026,10,4,36-45,91,High Usage,0.00562429696287964,0.82,177.8,45.5,179.9,202.04545454545453,3110.681818181818,0.045454545454545456,1.2195121951219512,High Data Usage
Reliance Jio,F,63,West Bengal,Mumbai,3,85638.0,40,6,3885.0,0,2026,10,4,56+,46,Medium Usage,0.010296010296010296,0.15,97.125,23.0,84.85,61.666666666666664,1359.3333333333333,0.047619047619047616,6.666666666666667,Medium Data Usage
Reliance Jio,M,19,Karnataka,Bangalore,3,119249.0,42,32,3228.0,0,2026,10,4,18-25,74,Low Usage,0.013011152416356878,0.7619047619047619,76.85714285714286,37.0,106.28,169.89473684210526,6276.263157894737,0.15789473684210525,1.3125,Medium Data Usage
BSNL,M,40,West Bengal,Hyderabad,0,133295.0,12,49,2420.0,0,2026,10,4,36-45,61,Low Usage,0.0049586776859504135,4.083333333333333,201.66666666666666,30.5,85.2,60.5,3332.375,0.0,0.24489795918367346,Low Data Usage
Airtel,M,23,Meghalaya,Kolkata,0,121242.0,27,14,8519.0,1,2026,10,4,18-25,41,High Usage,0.0031693860781781898,0.5185185185185185,315.51851851851853,20.5,126.19,370.39130434782606,5271.391304347826,0.0,1.9285714285714286,High Data Usage
Vodafone,M,42,Arunachal Pradesh,Mumbai,3,138618.0,72,26,274.0,0,2026,10,4,36-45,98,Low Usage,0.26277372262773724,0.3611111111111111,3.8055555555555554,49.0,100.74,6.523809523809524,3300.4285714285716,0.07142857142857142,2.769230769230769,Low Data Usage
Reliance Jio,F,72,Chhattisgarh,Mumbai,2,77199.0,83,17,7577.0,0,2026,10,4,56+,100,High Usage,0.010954203510624257,0.20481927710843373,91.28915662650603,50.0,175.76999999999998,105.23611111111111,1072.2083333333333,0.027777777777777776,4.882352941176471,High Data Usage
BSNL,F,42,Manipur,Kolkata,1,44261.0,18,25,7039.0,0,2026,10,4,36-45,43,High Usage,0.0025571814178150304,1.3888888888888888,391.05555555555554,21.5,113.39,167.5952380952381,1053.8333333333333,0.023809523809523808,0.72,High Data Usage
Airtel,M,41,Kerala,Hyderabad,1,108934.0,90,28,6950.0,0,2026,10,4,36-45,118,High Usage,0.012949640287769784,0.3111111111111111,77.22222222222223,59.0,187.5,169.5121951219512,2656.9268292682927,0.024390243902439025,3.2142857142857144,Medium Data Usage
Airtel,M,40,Himachal Pradesh,Mumbai,4,36279.0,88,34,6031.0,1,2026,10,4,36-45,122,Medium Usage,0.014591278394959377,0.38636363636363635,68.5340909090909,61.0,182.31,150.775,906.975,0.1,2.588235294117647,Medium Data Usage
Reliance Jio,M,33,Rajasthan,Hyderabad,1,108098.0,23,3,8360.0,0,2026,10,4,26-35,26,High Usage,0.002751196172248804,0.13043478260869565,363.4782608695652,13.0,109.6,253.33333333333334,3275.6969696969695,0.030303030303030304,7.666666666666667,High Data Usage
Reliance Jio,F,39,Himachal Pradesh,Hyderabad,2,140857.0,12,20,4479.0,0,2026,10,4,36-45,32,Medium Usage,0.0026791694574681848,1.6666666666666667,373.25,16.0,76.78999999999999,114.84615384615384,3611.7179487179487,0.05128205128205128,0.6,Medium Data Usage
Reliance Jio,F,68,Assam,Mumbai,3,136126.0,78,45,3104.0,1,2026,10,4,56+,123,Low Usage,0.025128865979381444,0.5769230769230769,39.794871794871796,61.5,154.04,45.64705882352941,2001.8529411764705,0.04411764705882353,1.7333333333333334,Medium Data Usage
BSNL,M,73,Bihar,Bangalore,0,126677.0,77,5,7696.0,0,2026,10,4,56+,82,High Usage,0.010005197505197506,0.06493506493506493,99.94805194805195,41.0,158.95999999999998,105.42465753424658,1735.3013698630136,0.0,15.4,High Data Usage
Vodafone,F,71,Mizoram,Kolkata,4,75785.0,80,37,9076.0,0,2026,10,4,56+,117,High Usage,0.00881445570736007,0.4625,113.45,58.5,207.76,127.83098591549296,1067.394366197183,0.056338028169014086,2.1621621621621623,High Data Usage
Reliance Jio,M,60,Karnataka,Delhi,1,107644.0,77,20,5103.0,0,2026,10,4,56+,97,Medium Usage,0.015089163237311385,0.2597402597402597,66.27272727272727,48.5,148.03,85.05,1794.0666666666666,0.016666666666666666,3.85,Medium Data Usage
Airtel,F,60,Tamil Nadu,Delhi,0,45328.0,64,35,992.0,0,2026,10,4,56+,99,Low Usage,0.06451612903225806,0.546875,15.5,49.5,108.92,16.533333333333335,755.4666666666667,0.0,1.8285714285714285,Low Data Usage
Vodafone,M,46,West Bengal,Delhi,1,135149.0,62,26,8880.0,1,2026,10,4,46-55,88,High Usage,0.006981981981981982,0.41935483870967744,143.2258064516129,44.0,176.8,193.04347826086956,2938.021739130435,0.021739130434782608,2.3846153846153846,High Data Usage
Vodafone,F,65,Maharashtra,Bangalore,2,108372.0,39,29,5368.0,0,2026,10,4,56+,68,Medium Usage,0.007265275707898659,0.7435897435897436,137.64102564102564,34.0,121.68,82.58461538461539,1667.2615384615385,0.03076923076923077,1.3448275862068966,Medium Data Usage
BSNL,M,53,Uttarakhand,Bangalore,2,76983.0,20,10,5594.0,0,2026,11,4,46-55,30,Medium Usage,0.003575259206292456,0.5,279.7,15.0,85.94,105.54716981132076,1452.5094339622642,0.03773584905660377,2.0,Medium Data Usage
Airtel,M,54,Sikkim,Delhi,1,93101.0,48,39,10064.0,0,2026,11,4,46-55,87,High Usage,0.0047694753577106515,0.8125,209.66666666666666,43.5,187.64,186.37037037037038,1724.0925925925926,0.018518518518518517,1.2307692307692308,High Data Usage
Reliance Jio,M,39,Sikkim,Hyderabad,3,112435.0,20,39,10486.0,0,2026,11,4,36-45,59,High Usage,0.0019073049780659929,1.95,524.3,29.5,163.86,268.87179487179486,2882.948717948718,0.07692307692307693,0.5128205128205128,High Data Usage
BSNL,F,63,Telangana,Mumbai,3,110823.0,43,8,888.0,0,2026,11,4,56+,51,Low Usage,0.04842342342342342,0.18604651162790697,20.651162790697676,25.5,59.88,14.095238095238095,1759.095238095238,0.047619047619047616,5.375,Low Data Usage
Airtel,M,27,Karnataka,Mumbai,4,137047.0,22,17,1365.0,1,2026,11,4,26-35,39,Low Usage,0.01611721611721612,0.7727272727272727,62.04545454545455,19.5,52.65,50.55555555555556,5075.814814814815,0.14814814814814814,1.2941176470588236,Low Data Usage
BSNL,M,69,Bihar,Delhi,4,23262.0,83,7,724.0,1,2026,11,4,56+,90,Low Usage,0.11464088397790055,0.08433734939759036,8.72289156626506,45.0,97.24,10.492753623188406,337.1304347826087,0.057971014492753624,11.857142857142858,Low Data Usage
Vodafone,F,32,Nagaland,Hyderabad,2,47985.0,15,33,6948.0,1,2026,11,4,26-35,48,High Usage,0.002158894645941278,2.2,463.2,24.0,117.48,217.125,1499.53125,0.0625,0.45454545454545453,Medium Data Usage
Reliance Jio,M,58,Andhra Pradesh,Hyderabad,4,24407.0,21,24,3655.0,0,2026,11,4,56+,45,Medium Usage,0.005745554035567715,1.1428571428571428,174.04761904761904,22.5,81.55,63.01724137931034,420.8103448275862,0.06896551724137931,0.875,Medium Data Usage
Vodafone,F,52,Manipur,Bangalore,1,120660.0,77,3,5485.0,1,2026,11,4,46-55,80,Medium Usage,0.014038286235186874,0.03896103896103896,71.23376623376623,40.0,134.85,105.48076923076923,2320.3846153846152,0.019230769230769232,25.666666666666668,Medium Data Usage
Airtel,M,55,Tamil Nadu,Bangalore,2,27294.0,95,32,1797.0,0,2026,11,4,46-55,127,Low Usage,0.05286588759042849,0.3368421052631579,18.91578947368421,63.5,144.97,32.67272727272727,496.25454545454545,0.03636363636363636,2.96875,Low Data Usage
Airtel,M,36,Meghalaya,Kolkata,0,100778.0,4,9,3916.0,0,2026,11,4,36-45,13,Medium Usage,0.0010214504596527069,2.25,979.0,6.5,52.16,108.77777777777777,2799.3888888888887,0.0,0.4444444444444444,Medium Data Usage
Reliance Jio,M,67,Manipur,Kolkata,1,105219.0,93,43,1482.0,1,2026,11,4,56+,136,Low Usage,0.06275303643724696,0.46236559139784944,15.935483870967742,68.0,150.82,22.119402985074625,1570.4328358208954,0.014925373134328358,2.1627906976744184,Low Data Usage
BSNL,M,37,Gujarat,Chennai,1,30290.0,33,18,48.0,0,2026,11,4,36-45,51,Low Usage,0.6875,0.5454545454545454,1.4545454545454546,25.5,51.48,1.2972972972972974,818.6486486486486,0.02702702702702703,1.8333333333333333,Low Data Usage
Vodafone,M,49,Tripura,Delhi,1,79208.0,22,24,5049.0,1,2026,11,4,46-55,46,Medium Usage,0.004357298474945534,1.0909090909090908,229.5,23.0,96.49000000000001,103.04081632653062,1616.4897959183672,0.02040816326530612,0.9166666666666666,Medium Data Usage
Reliance Jio,M,33,Arunachal Pradesh,Delhi,0,134031.0,67,24,4074.0,0,2026,11,4,26-35,91,Medium Usage,0.01644575355915562,0.3582089552238806,60.80597014925373,45.5,131.74,123.45454545454545,4061.5454545454545,0.0,2.7916666666666665,Medium Data Usage
Vodafone,F,21,Uttar Pradesh,Delhi,2,58510.0,42,6,3824.0,0,2026,11,4,18-25,48,Medium Usage,0.010983263598326359,0.14285714285714285,91.04761904761905,24.0,86.24000000000001,182.0952380952381,2786.190476190476,0.09523809523809523,7.0,Medium Data Usage
BSNL,M,41,Arunachal Pradesh,Delhi,3,55373.0,46,8,5049.0,0,2026,11,4,36-45,54,Medium Usage,0.009110714993067934,0.17391304347826086,109.76086956521739,27.0,104.49000000000001,123.14634146341463,1350.560975609756,0.07317073170731707,5.75,Medium Data Usage
Reliance Jio,M,33,West Bengal,Bangalore,4,72930.0,50,42,3905.0,0,2026,11,4,26-35,92,Medium Usage,0.012804097311139564,0.84,78.1,46.0,131.05,118.33333333333333,2210.0,0.12121212121212122,1.1904761904761905,Medium Data Usage
Reliance Jio,F,60,Manipur,Chennai,2,53590.0,50,45,6747.0,0,2026,11,4,56+,95,High Usage,0.007410701052319549,0.9,134.94,47.5,162.47,112.45,893.1666666666666,0.03333333333333333,1.1111111111111112,Medium Data Usage
BSNL,M,32,Uttar Pradesh,Hyderabad,2,79797.0,45,4,7037.0,0,2026,11,4,26-35,49,High Usage,0.006394770498792099,0.08888888888888889,156.37777777777777,24.5,119.37,219.90625,2493.65625,0.0625,11.25,High Data Usage
Vodafone,F,64,Rajasthan,Kolkata,4,91298.0,86,1,8041.0,1,2026,11,4,56+,87,High Usage,0.0106951871657754,0.011627906976744186,93.5,43.5,167.41,125.640625,1426.53125,0.0625,86.0,High Data Usage
Reliance Jio,M,31,Nagaland,Bangalore,2,52446.0,8,19,6927.0,0,2026,11,4,26-35,27,High Usage,0.0011549011115923199,2.375,865.875,13.5,96.27,223.4516129032258,1691.8064516129032,0.06451612903225806,0.42105263157894735,Medium Data Usage
BSNL,F,67,Maharashtra,Kolkata,2,32774.0,11,45,7020.0,0,2026,11,4,56+,56,High Usage,0.0015669515669515669,4.090909090909091,638.1818181818181,28.0,126.2,104.77611940298507,489.1641791044776,0.029850746268656716,0.24444444444444444,High Data Usage
Reliance Jio,M,65,Uttar Pradesh,Mumbai,1,22886.0,29,47,4431.0,0,2026,11,4,56+,76,Medium Usage,0.0065447980139923265,1.6206896551724137,152.79310344827587,38.0,120.31,68.16923076923077,352.0923076923077,0.015384615384615385,0.6170212765957447,Medium Data Usage
BSNL,M,23,West Bengal,Hyderabad,3,135884.0,13,33,4728.0,1,2026,11,4,18-25,46,Medium Usage,0.0027495769881556685,2.5384615384615383,363.6923076923077,23.0,93.28,205.56521739130434,5908.0,0.13043478260869565,0.3939393939393939,Medium Data Usage
BSNL,M,59,Mizoram,Delhi,3,79076.0,14,10,3628.0,1,2026,11,4,56+,24,Medium Usage,0.003858875413450937,0.7142857142857143,259.14285714285717,12.0,60.28,61.49152542372882,1340.2711864406779,0.05084745762711865,1.4,Medium Data Usage
Reliance Jio,M,43,Assam,Mumbai,4,119598.0,23,46,8792.0,0,2026,11,4,36-45,69,High Usage,0.002616014558689718,2.0,382.2608695652174,34.5,156.92000000000002,204.46511627906978,2781.3488372093025,0.09302325581395349,0.5,High Data Usage
Reliance Jio,F,53,Arunachal Pradesh,Mumbai,0,44839.0,30,29,515.0,0,2026,11,4,46-55,59,Low Usage,0.05825242718446602,0.9666666666666667,17.166666666666668,29.5,64.15,9.716981132075471,846.0188679245283,0.0,1.0344827586206897,Low Data Usage
Reliance Jio,M,44,Assam,Kolkata,1,119942.0,60,18,3019.0,0,2026,11,4,36-45,78,Low Usage,0.01987413050679033,0.3,50.31666666666667,39.0,108.19,68.61363636363636,2725.9545454545455,0.022727272727272728,3.3333333333333335,Medium Data Usage
Reliance Jio,M,73,Bihar,Chennai,0,51009.0,37,16,8730.0,0,2026,11,4,56+,53,High Usage,0.004238258877434135,0.43243243243243246,235.94594594594594,26.5,140.3,119.58904109589041,698.7534246575342,0.0,2.3125,High Data Usage
Vodafone,F,61,Sikkim,Kolkata,3,20190.0,14,36,5500.0,0,2026,12,4,56+,50,Medium Usage,0.0025454545454545456,2.5714285714285716,392.85714285714283,25.0,105.0,90.1639344262295,330.9836065573771,0.04918032786885246,0.3888888888888889,Medium Data Usage
BSNL,M,20,Madhya Pradesh,Delhi,2,29437.0,90,47,8867.0,0,2026,12,4,18-25,137,High Usage,0.010149994361114243,0.5222222222222223,98.52222222222223,68.5,225.67000000000002,443.35,1471.85,0.1,1.9148936170212767,High Data Usage
Reliance Jio,M,64,Meghalaya,Mumbai,1,86197.0,18,48,2735.0,0,2026,12,4,56+,66,Low Usage,0.006581352833638025,2.6666666666666665,151.94444444444446,33.0,93.35,42.734375,1346.828125,0.015625,0.375,Low Data Usage
Reliance Jio,M,54,Arunachal Pradesh,Mumbai,0,70843.0,53,38,4050.0,0,2026,12,4,46-55,91,Medium Usage,0.01308641975308642,0.7169811320754716,76.41509433962264,45.5,131.5,75.0,1311.9074074074074,0.0,1.394736842105263,Medium Data Usage
BSNL,F,55,Mizoram,Mumbai,1,77793.0,86,11,8725.0,0,2026,12,4,46-55,97,High Usage,0.009856733524355302,0.12790697674418605,101.45348837209302,48.5,184.25,158.63636363636363,1414.418181818182,0.01818181818181818,7.818181818181818,High Data Usage
Airtel,F,46,Maharashtra,Kolkata,0,102507.0,74,24,7127.0,0,2026,12,4,46-55,98,High Usage,0.010383050371825452,0.32432432432432434,96.3108108108108,49.0,169.26999999999998,154.93478260869566,2228.413043478261,0.0,3.0833333333333335,High Data Usage
BSNL,F,29,Rajasthan,Delhi,3,20276.0,72,24,9386.0,0,2026,12,4,26-35,96,High Usage,0.0076709993607500535,0.3333333333333333,130.36111111111111,48.0,189.86,323.6551724137931,699.1724137931035,0.10344827586206896,3.0,High Data Usage
Reliance Jio,M,48,Chhattisgarh,Chennai,0,66667.0,97,34,8951.0,0,2026,12,4,46-55,131,High Usage,0.010836778013629762,0.35051546391752575,92.27835051546391,65.5,220.51,186.47916666666666,1388.8958333333333,0.0,2.8529411764705883,High Data Usage
Vodafone,M,23,Himachal Pradesh,Delhi,0,147511.0,21,29,6212.0,0,2026,12,4,18-25,50,Medium Usage,0.003380553766902769,1.380952380952381,295.8095238095238,25.0,112.12,270.0869565217391,6413.521739130435,0.0,0.7241379310344828,Medium Data Usage
Vodafone,M,59,Karnataka,Bangalore,0,82263.0,82,30,8821.0,0,2026,12,4,56+,112,High Usage,0.009295998186146695,0.36585365853658536,107.57317073170732,56.0,200.20999999999998,149.5084745762712,1394.2881355932204,0.0,2.7333333333333334,High Data Usage
BSNL,M,60,Himachal Pradesh,Mumbai,0,76609.0,77,38,5665.0,0,2026,12,4,56+,115,Medium Usage,0.013592233009708738,0.4935064935064935,73.57142857142857,57.5,171.65,94.41666666666667,1276.8166666666666,0.0,2.026315789473684,Medium Data Usage
Airtel,M,32,Bihar,Bangalore,0,64800.0,43,9,6550.0,0,2026,12,4,26-35,52,Medium Usage,0.006564885496183206,0.20930232558139536,152.32558139534885,26.0,117.5,204.6875,2025.0,0.0,4.777777777777778,Medium Data Usage
Reliance Jio,F,74,Sikkim,Chennai,1,137261.0,72,25,5148.0,1,2026,12,4,56+,97,Medium Usage,0.013986013986013986,0.3472222222222222,71.5,48.5,148.48,69.56756756756756,1854.8783783783783,0.013513513513513514,2.88,Medium Data Usage
BSNL,M,51,Odisha,Bangalore,4,43053.0,23,47,4249.0,0,2026,12,4,46-55,70,Medium Usage,0.005413038361967522,2.0434782608695654,184.7391304347826,35.0,112.49000000000001,83.31372549019608,844.1764705882352,0.0784313725490196,0.48936170212765956,Medium Data Usage
Airtel,F,47,Karnataka,Bangalore,0,114008.0,70,16,6246.0,0,2026,12,4,46-55,86,Medium Usage,0.011207172590457892,0.22857142857142856,89.22857142857143,43.0,148.46,132.89361702127658,2425.7021276595747,0.0,4.375,Medium Data Usage
BSNL,F,29,Uttarakhand,Delhi,2,50737.0,85,46,2072.0,0,2026,12,4,26-35,131,Low Usage,0.041023166023166024,0.5411764705882353,24.376470588235293,65.5,151.72,71.44827586206897,1749.551724137931,0.06896551724137931,1.8478260869565217,Low Data Usage
Reliance Jio,M,25,Madhya Pradesh,Hyderabad,1,36525.0,93,28,4312.0,0,2026,12,4,18-25,121,Medium Usage,0.021567717996289426,0.3010752688172043,46.365591397849464,60.5,164.12,172.48,1461.0,0.04,3.3214285714285716,Medium Data Usage
BSNL,M,49,Rajasthan,Hyderabad,0,125060.0,67,25,8469.0,0,2026,12,4,46-55,92,High Usage,0.007911205573267209,0.373134328358209,126.40298507462687,46.0,176.69,172.83673469387756,2552.2448979591836,0.0,2.68,High Data Usage
BSNL,M,72,Himachal Pradesh,Chennai,4,106065.0,25,28,1365.0,0,2026,12,4,56+,53,Low Usage,0.018315018315018316,1.12,54.6,26.5,66.65,18.958333333333332,1473.125,0.05555555555555555,0.8928571428571429,Low Data Usage
Airtel,M,55,Manipur,Chennai,0,87017.0,32,47,8436.0,0,2026,12,4,46-55,79,High Usage,0.003793266951161688,1.46875,263.625,39.5,163.36,153.38181818181818,1582.1272727272728,0.0,0.6808510638297872,High Data Usage
BSNL,F,61,Haryana,Hyderabad,3,45524.0,28,25,7733.0,0,2026,12,4,56+,53,High Usage,0.003620845726108884,0.8928571428571429,276.17857142857144,26.5,130.32999999999998,126.77049180327869,746.2950819672132,0.04918032786885246,1.12,High Data Usage
Reliance Jio,F,20,Meghalaya,Delhi,0,134822.0,79,12,7059.0,0,2026,12,4,18-25,91,High Usage,0.011191386881994617,0.1518987341772152,89.35443037974683,45.5,161.59,352.95,6741.1,0.0,6.583333333333333,High Data Usage
Airtel,M,22,Arunachal Pradesh,Bangalore,2,128716.0,23,5,2208.0,0,2026,12,4,18-25,28,Low Usage,0.010416666666666666,0.21739130434782608,96.0,14.0,50.08,100.36363636363636,5850.727272727273,0.09090909090909091,4.6,Low Data Usage
BSNL,F,72,Sikkim,Delhi,2,94739.0,35,0,498.0,0,2026,12,4,56+,35,Low Usage,0.07028112449799197,0.0,14.228571428571428,17.5,39.980000000000004,6.916666666666667,1315.8194444444443,0.027777777777777776,35.0,Low Data Usage
Reliance Jio,F,69,Manipur,Bangalore,1,113861.0,1,29,4393.0,0,2026,12,4,56+,30,Medium Usage,0.00022763487366264513,29.0,4393.0,15.0,73.93,63.666666666666664,1650.159420289855,0.014492753623188406,0.034482758620689655,Medium Data Usage
Vodafone,M,68,West Bengal,Mumbai,4,71749.0,80,26,3974.0,0,2026,12,4,56+,106,Medium Usage,0.020130850528434826,0.325,49.675,53.0,145.74,58.44117647058823,1055.1323529411766,0.058823529411764705,3.076923076923077,Medium Data Usage
Airtel,M,55,Himachal Pradesh,Hyderabad,1,26660.0,31,39,7373.0,0,2026,12,4,46-55,70,High Usage,0.0042045300420453,1.2580645161290323,237.83870967741936,35.0,143.73000000000002,134.05454545454546,484.72727272727275,0.01818181818181818,0.7948717948717948,High Data Usage
Vodafone,F,40,Punjab,Mumbai,1,47891.0,53,33,2705.0,0,2026,12,4,36-45,86,Low Usage,0.019593345656192238,0.6226415094339622,51.0377358490566,43.0,113.05,67.625,1197.275,0.025,1.606060606060606,Low Data Usage
Reliance Jio,M,51,Chhattisgarh,Bangalore,0,118620.0,23,22,6048.0,1,2026,12,4,46-55,45,Medium Usage,0.0038029100529100527,0.9565217391304348,262.95652173913044,22.5,105.47999999999999,118.58823529411765,2325.8823529411766,0.0,1.0454545454545454,Medium Data Usage
Vodafone,F,65,Bihar,Mumbai,1,40232.0,22,42,5049.0,1,2026,12,4,56+,64,Medium Usage,0.004357298474945534,1.9090909090909092,229.5,32.0,114.49000000000001,77.67692307692307,618.9538461538461,0.015384615384615385,0.5238095238095238,Medium Data Usage
Vodafone,F,69,Himachal Pradesh,Delhi,4,84873.0,39,6,7501.0,0,2026,12,4,56+,45,High Usage,0.005199306759098787,0.15384615384615385,192.33333333333334,22.5,120.01,108.71014492753623,1230.0434782608695,0.057971014492753624,6.5,High Data Usage
Vodafone,F,51,West Bengal,Chennai,1,31147.0,8,3,5049.0,1,2027,1,1,46-55,11,Medium Usage,0.0015844721727074668,0.375,631.125,5.5,61.49,99.0,610.7254901960785,0.0196078431372549,2.6666666666666665,Medium Data Usage
Vodafone,M,31,Meghalaya,Delhi,3,72870.0,57,44,7065.0,0,2027,1,1,26-35,101,High Usage,0.008067940552016985,0.7719298245614035,123.94736842105263,50.5,171.65,227.90322580645162,2350.6451612903224,0.0967741935483871,1.2954545454545454,High Data Usage
Vodafone,M,21,Andhra Pradesh,Bangalore,1,95828.0,31,39,4663.0,0,2027,1,1,18-25,70,Medium Usage,0.006648080634784474,1.2580645161290323,150.41935483870967,35.0,116.63,222.04761904761904,4563.238095238095,0.047619047619047616,0.7948717948717948,Medium Data Usage
Airtel,F,47,Karnataka,Kolkata,1,103554.0,50,3,5319.0,1,2027,1,1,46-55,53,Medium Usage,0.009400263207369806,0.06,106.38,26.5,106.19,113.17021276595744,2203.276595744681,0.02127659574468085,16.666666666666668,Medium Data Usage
Reliance Jio,M,62,Nagaland,Chennai,3,105951.0,107,10,2205.0,0,2027,1,1,56+,117,Low Usage,0.04852607709750567,0.09345794392523364,20.60747663551402,58.5,139.05,35.564516129032256,1708.8870967741937,0.04838709677419355,10.7,Low Data Usage
Reliance Jio,F,38,Karnataka,Delhi,1,113651.0,38,37,2698.0,0,2027,1,1,36-45,75,Low Usage,0.014084507042253521,0.9736842105263158,71.0,37.5,101.98,71.0,2990.815789473684,0.02631578947368421,1.027027027027027,Low Data Usage
Airtel,M,57,Jharkhand,Kolkata,4,91593.0,50,23,9212.0,0,2027,1,1,56+,73,High Usage,0.005427702996092054,0.46,184.24,36.5,165.12,161.6140350877193,1606.8947368421052,0.07017543859649122,2.1739130434782608,High Data Usage
Reliance Jio,F,30,Tamil Nadu,Delhi,2,62077.0,10,29,7550.0,0,2027,1,1,26-35,39,High Usage,0.0013245033112582781,2.9,755.0,19.5,114.5,251.66666666666666,2069.233333333333,0.06666666666666667,0.3448275862068966,High Data Usage
Reliance Jio,F,35,Andhra Pradesh,Bangalore,4,133515.0,45,51,6199.0,0,2027,1,1,26-35,96,Medium Usage,0.007259235360542023,1.1333333333333333,137.75555555555556,48.0,157.99,177.11428571428573,3814.714285714286,0.11428571428571428,0.8823529411764706,Medium Data Usage
Reliance Jio,F,40,Bihar,Bangalore,1,24696.0,42,12,3999.0,0,2027,1,1,36-45,54,Medium Usage,0.010502625656414103,0.2857142857142857,95.21428571428571,27.0,93.99000000000001,99.975,617.4,0.025,3.5,Medium Data Usage
Vodafone,F,59,Andhra Pradesh,Chennai,4,90749.0,9,17,1169.0,1,2027,1,1,56+,26,Low Usage,0.007698887938408896,1.8888888888888888,129.88888888888889,13.0,37.69,19.8135593220339,1538.1186440677966,0.06779661016949153,0.5294117647058824,Low Data Usage
Reliance Jio,M,66,Telangana,Delhi,4,141228.0,57,22,5477.0,0,2027,1,1,56+,79,Medium Usage,0.010407157202848275,0.38596491228070173,96.08771929824562,39.5,133.77,82.98484848484848,2139.818181818182,0.06060606060606061,2.590909090909091,Medium Data Usage
Airtel,F,30,Rajasthan,Bangalore,3,116296.0,61,46,1193.0,1,2027,1,1,26-35,107,Low Usage,0.05113160100586756,0.7540983606557377,19.557377049180328,53.5,118.93,39.766666666666666,3876.5333333333333,0.1,1.326086956521739,Low Data Usage
Reliance Jio,M,46,Bihar,Chennai,2,65237.0,51,3,4598.0,0,2027,1,1,46-55,54,Medium Usage,0.011091779034362766,0.058823529411764705,90.15686274509804,27.0,99.97999999999999,99.95652173913044,1418.195652173913,0.043478260869565216,17.0,Medium Data Usage
BSNL,M,48,Assam,Delhi,0,76062.0,74,25,8417.0,1,2027,1,1,46-55,99,High Usage,0.008791731020553641,0.33783783783783783,113.74324324324324,49.5,183.17000000000002,175.35416666666666,1584.625,0.0,2.96,High Data Usage
Reliance Jio,M,47,Punjab,Kolkata,3,43890.0,45,15,6351.0,1,2027,1,1,46-55,60,Medium Usage,0.007085498346717053,0.3333333333333333,141.13333333333333,30.0,123.50999999999999,135.12765957446808,933.8297872340426,0.06382978723404255,3.0,Medium Data Usage
Vodafone,M,26,Maharashtra,Bangalore,4,37087.0,36,24,5830.0,0,2027,1,1,26-35,60,Medium Usage,0.0061749571183533445,0.6666666666666666,161.94444444444446,30.0,118.3,224.23076923076923,1426.423076923077,0.15384615384615385,1.5,Medium Data Usage
Vodafone,F,71,Kerala,Kolkata,1,83667.0,65,30,8918.0,0,2027,1,1,56+,95,High Usage,0.007288629737609329,0.46153846153846156,137.2,47.5,184.18,125.6056338028169,1178.4084507042253,0.014084507042253521,2.1666666666666665,High Data Usage
BSNL,M,54,Maharashtra,Chennai,1,103284.0,44,49,1711.0,0,2027,1,1,46-55,93,Low Usage,0.02571595558153127,1.1136363636363635,38.88636363636363,46.5,110.11,31.685185185185187,1912.6666666666667,0.018518518518518517,0.8979591836734694,Low Data Usage
Reliance Jio,M,41,Himachal Pradesh,Chennai,4,60822.0,40,28,5275.0,0,2027,1,1,36-45,68,Medium Usage,0.007582938388625593,0.7,131.875,34.0,120.75,128.65853658536585,1483.4634146341464,0.0975609756097561,1.4285714285714286,Medium Data Usage
Airtel,M,58,Gujarat,Chennai,1,56724.0,67,24,5366.0,0,2027,1,1,56+,91,Medium Usage,0.012486023108460679,0.3582089552238806,80.08955223880596,45.5,144.66,92.51724137931035,978.0,0.017241379310344827,2.7916666666666665,Medium Data Usage
Vodafone,M,27,Tripura,Delhi,0,67853.0,52,0,4446.0,1,2027,1,1,26-35,52,Medium Usage,0.011695906432748537,0.0,85.5,26.0,96.46000000000001,164.66666666666666,2513.074074074074,0.0,52.0,Medium Data Usage
Vodafone,M,40,Bihar,Mumbai,4,72961.0,38,37,6345.0,1,2027,1,1,36-45,75,Medium Usage,0.005988967691095351,0.9736842105263158,166.97368421052633,37.5,138.45,158.625,1824.025,0.1,1.027027027027027,Medium Data Usage
Vodafone,M,71,Manipur,Chennai,3,52822.0,9,10,590.0,0,2027,1,1,56+,19,Low Usage,0.015254237288135594,1.1111111111111112,65.55555555555556,9.5,24.9,8.309859154929578,743.9718309859155,0.04225352112676056,0.9,Low Data Usage
Airtel,M,43,Bihar,Chennai,0,99366.0,90,30,292.0,0,2027,1,1,36-45,120,Low Usage,0.3082191780821918,0.3333333333333333,3.2444444444444445,60.0,122.92,6.790697674418604,2310.8372093023254,0.0,3.0,Low Data Usage
Airtel,M,58,Haryana,Hyderabad,4,111096.0,33,28,8477.0,0,2027,1,1,56+,61,High Usage,0.003892886634422555,0.8484848484848485,256.8787878787879,30.5,145.76999999999998,146.1551724137931,1915.448275862069,0.06896551724137931,1.1785714285714286,High Data Usage
Reliance Jio,F,48,Kerala,Delhi,0,41354.0,56,19,10426.0,0,2027,1,1,46-55,75,High Usage,0.005371187416075196,0.3392857142857143,186.17857142857142,37.5,179.26,217.20833333333334,861.5416666666666,0.0,2.9473684210526314,High Data Usage
Reliance Jio,M,21,Kerala,Bangalore,1,27014.0,93,21,2920.0,0,2027,1,1,18-25,114,Low Usage,0.03184931506849315,0.22580645161290322,31.397849462365592,57.0,143.2,139.04761904761904,1286.3809523809523,0.047619047619047616,4.428571428571429,Low Data Usage
Airtel,M,58,Haryana,Bangalore,2,62810.0,71,26,4293.0,0,2027,1,1,56+,97,Medium Usage,0.016538551129746098,0.36619718309859156,60.46478873239437,48.5,139.93,74.01724137931035,1082.9310344827586,0.034482758620689655,2.730769230769231,Medium Data Usage
BSNL,F,53,Andhra Pradesh,Hyderabad,3,50632.0,15,3,7009.0,1,2027,1,1,46-55,18,High Usage,0.0021401055785418748,0.2,467.26666666666665,9.0,88.09,132.24528301886792,955.3207547169811,0.05660377358490566,5.0,High Data Usage
Reliance Jio,M,54,Manipur,Bangalore,1,54739.0,60,14,5049.0,0,2027,1,1,46-55,74,Medium Usage,0.011883541295306001,0.23333333333333334,84.15,37.0,124.49000000000001,93.5,1013.6851851851852,0.018518518518518517,4.285714285714286,Medium Data Usage
Airtel,M,26,Haryana,Hyderabad,0,100746.0,86,45,9719.0,0,2027,2,1,26-35,131,High Usage,0.00884864698014199,0.5232558139534884,113.01162790697674,65.5,228.19,373.8076923076923,3874.846153846154,0.0,1.9111111111111112,High Data Usage
Airtel,M,25,Maharashtra,Kolkata,0,71325.0,50,43,8512.0,1,2027,2,1,18-25,93,High Usage,0.0058740601503759395,0.86,170.24,46.5,178.12,340.48,2853.0,0.0,1.1627906976744187,High Data Usage
Airtel,M,25,Tripura,Chennai,1,55138.0,36,9,10799.0,0,2027,2,1,18-25,45,High Usage,0.003333642003889249,0.25,299.97222222222223,22.5,152.99,431.96,2205.52,0.04,4.0,High Data Usage
Airtel,F,50,Sikkim,Kolkata,3,50193.0,55,26,4226.0,0,2027,2,1,46-55,81,Medium Usage,0.013014671083767155,0.4727272727272727,76.83636363636364,40.5,123.25999999999999,84.52,1003.86,0.06,2.1153846153846154,Medium Data Usage
Airtel,F,56,Meghalaya,Delhi,4,47959.0,73,25,5220.0,0,2027,2,1,56+,98,Medium Usage,0.013984674329501916,0.3424657534246575,71.5068493150685,49.0,150.2,93.21428571428571,856.4107142857143,0.07142857142857142,2.92,Medium Data Usage
Reliance Jio,M,72,Bihar,Mumbai,0,135004.0,32,47,2642.0,0,2027,2,1,56+,79,Low Usage,0.012112036336109008,1.46875,82.5625,39.5,105.42,36.69444444444444,1875.0555555555557,0.0,0.6808510638297872,Low Data Usage
Vodafone,F,26,Goa,Bangalore,0,59802.0,95,28,6393.0,1,2027,2,1,26-35,123,Medium Usage,0.01486000312842171,0.29473684210526313,67.29473684210527,61.5,186.93,245.8846153846154,2300.076923076923,0.0,3.392857142857143,Medium Data Usage
Vodafone,M,59,Kerala,Chennai,1,129675.0,69,33,5447.0,0,2027,2,1,56+,102,Medium Usage,0.01266752340738021,0.4782608695652174,78.94202898550725,51.0,156.47,92.32203389830508,2197.8813559322034,0.01694915254237288,2.090909090909091,Medium Data Usage
BSNL,M,73,Jharkhand,Kolkata,1,117872.0,16,39,3981.0,0,2027,2,1,56+,55,Medium Usage,0.004019090680733484,2.4375,248.8125,27.5,94.81,54.534246575342465,1614.6849315068494,0.0136986301369863,0.41025641025641024,Medium Data Usage
BSNL,M,36,Chhattisgarh,Chennai,2,118176.0,7,47,5697.0,1,2027,2,1,36-45,54,Medium Usage,0.0012287168685272951,6.714285714285714,813.8571428571429,27.0,110.97,158.25,3282.6666666666665,0.05555555555555555,0.14893617021276595,Medium Data Usage
Reliance Jio,F,49,Uttarakhand,Chennai,3,89877.0,54,3,2483.0,0,2027,2,1,46-55,57,Low Usage,0.02174788562223117,0.05555555555555555,45.98148148148148,28.5,81.83,50.673469387755105,1834.2244897959183,0.061224489795918366,18.0,Low Data Usage
Airtel,F,67,Nagaland,Chennai,4,35244.0,4,15,8236.0,1,2027,2,1,56+,19,High Usage,0.00048567265662943174,3.75,2059.0,9.5,101.36,122.92537313432835,526.0298507462686,0.05970149253731343,0.26666666666666666,High Data Usage
BSNL,F,47,Nagaland,Chennai,0,110255.0,20,45,2564.0,0,2027,2,1,46-55,65,Low Usage,0.0078003120124804995,2.25,128.2,32.5,90.64,54.5531914893617,2345.851063829787,0.0,0.4444444444444444,Low Data Usage
Reliance Jio,M,61,Gujarat,Kolkata,2,32210.0,65,25,7277.0,0,2027,2,1,56+,90,High Usage,0.00893225230177271,0.38461538461538464,111.95384615384616,45.0,162.76999999999998,119.29508196721312,528.0327868852459,0.03278688524590164,2.6,High Data Usage
Reliance Jio,M,72,Bihar,Bangalore,0,55472.0,50,13,8097.0,1,2027,2,1,56+,63,High Usage,0.006175126590095097,0.26,161.94,31.5,143.97,112.45833333333333,770.4444444444445,0.0,3.8461538461538463,High Data Usage
Reliance Jio,M,61,Karnataka,Chennai,4,108990.0,6,49,6298.0,0,2027,2,1,56+,55,Medium Usage,0.000952683391552874,8.166666666666666,1049.6666666666667,27.5,117.97999999999999,103.24590163934427,1786.72131147541,0.06557377049180328,0.12244897959183673,Medium Data Usage
Vodafone,M,45,West Bengal,Mumbai,4,83460.0,101,14,3628.0,0,2027,2,1,36-45,115,Medium Usage,0.027839029768467475,0.13861386138613863,35.92079207920792,57.5,151.28,80.62222222222222,1854.6666666666667,0.08888888888888889,7.214285714285714,Medium Data Usage
Reliance Jio,M,54,Bihar,Mumbai,2,57305.0,40,13,2512.0,0,2027,2,1,46-55,53,Low Usage,0.01592356687898089,0.325,62.8,26.5,78.12,46.51851851851852,1061.2037037037037,0.037037037037037035,3.076923076923077,Low Data Usage
BSNL,F,59,Maharashtra,Kolkata,2,94104.0,43,14,1125.0,0,2027,2,1,56+,57,Low Usage,0.03822222222222222,0.32558139534883723,26.162790697674417,28.5,68.25,19.06779661016949,1594.9830508474577,0.03389830508474576,3.0714285714285716,Low Data Usage
Airtel,F,33,Gujarat,Hyderabad,2,105314.0,86,4,605.0,0,2027,2,1,26-35,90,Low Usage,0.14214876033057852,0.046511627906976744,7.034883720930233,45.0,96.05,18.333333333333332,3191.3333333333335,0.06060606060606061,21.5,Low Data Usage
Airtel,M,29,Himachal Pradesh,Bangalore,4,139343.0,32,16,3021.0,0,2027,2,1,26-35,48,Low Usage,0.010592519033432638,0.5,94.40625,24.0,78.21000000000001,104.17241379310344,4804.931034482759,0.13793103448275862,2.0,Medium Data Usage
Reliance Jio,M,48,Haryana,Kolkata,0,126943.0,98,45,3349.0,0,2027,2,1,46-55,143,Low Usage,0.02926246640788295,0.45918367346938777,34.173469387755105,71.5,176.49,69.77083333333333,2644.6458333333335,0.0,2.1777777777777776,Medium Data Usage
Airtel,M,66,Kerala,Kolkata,0,73268.0,14,40,8704.0,0,2027,2,1,56+,54,High Usage,0.001608455882352941,2.857142857142857,621.7142857142857,27.0,141.04000000000002,131.87878787878788,1110.121212121212,0.0,0.35,High Data Usage
Reliance Jio,F,46,Tripura,Delhi,2,141414.0,66,11,459.0,0,2027,2,1,46-55,77,Low Usage,0.1437908496732026,0.16666666666666666,6.954545454545454,38.5,81.59,9.978260869565217,3074.217391304348,0.043478260869565216,6.0,Low Data Usage
Reliance Jio,F,64,Uttarakhand,Mumbai,0,29384.0,100,41,3167.0,1,2027,2,1,56+,141,Low Usage,0.031575623618566466,0.41,31.67,70.5,172.67000000000002,49.484375,459.125,0.0,2.4390243902439024,Medium Data Usage
Airtel,F,22,Bihar,Chennai,1,132617.0,16,33,6053.0,0,2027,2,1,18-25,49,Medium Usage,0.00264331736329093,2.0625,378.3125,24.5,109.53,275.1363636363636,6028.045454545455,0.045454545454545456,0.48484848484848486,Medium Data Usage
BSNL,M,71,Goa,Mumbai,1,72376.0,62,10,4494.0,0,2027,2,1,56+,72,Medium Usage,0.013796172674677348,0.16129032258064516,72.48387096774194,36.0,116.94,63.29577464788732,1019.3802816901408,0.014084507042253521,6.2,Medium Data Usage
Reliance Jio,F,66,Uttar Pradesh,Hyderabad,3,25535.0,69,14,7559.0,0,2027,2,1,56+,83,High Usage,0.009128191559730122,0.2028985507246377,109.55072463768116,41.5,158.59,114.53030303030303,386.8939393939394,0.045454545454545456,4.928571428571429,High Data Usage
Reliance Jio,M,54,Uttarakhand,Bangalore,1,35466.0,72,3,7303.0,0,2027,3,1,46-55,75,High Usage,0.009858962070382034,0.041666666666666664,101.43055555555556,37.5,148.03,135.24074074074073,656.7777777777778,0.018518518518518517,24.0,High Data Usage
BSNL,F,47,Haryana,Hyderabad,4,146871.0,11,43,981.0,0,2027,3,1,46-55,54,Low Usage,0.011213047910295617,3.909090909090909,89.18181818181819,27.0,63.81,20.872340425531913,3124.9148936170213,0.0851063829787234,0.2558139534883721,Low Data Usage
Airtel,M,40,Karnataka,Mumbai,3,132502.0,33,15,5049.0,0,2027,3,1,36-45,48,Medium Usage,0.006535947712418301,0.45454545454545453,153.0,24.0,98.49000000000001,126.225,3312.55,0.075,2.2,Medium Data Usage
BSNL,F,24,Rajasthan,Kolkata,3,135675.0,72,33,4531.0,0,2027,3,1,18-25,105,Medium Usage,0.0158905318914147,0.4583333333333333,62.93055555555556,52.5,150.31,188.79166666666666,5653.125,0.125,2.1818181818181817,Medium Data Usage
BSNL,M,30,Tamil Nadu,Delhi,1,118830.0,66,32,5655.0,0,2027,3,1,26-35,98,Medium Usage,0.011671087533156498,0.48484848484848486,85.68181818181819,49.0,154.55,188.5,3961.0,0.03333333333333333,2.0625,Medium Data Usage
Vodafone,F,47,Jharkhand,Chennai,4,95568.0,24,13,1646.0,0,2027,3,1,46-55,37,Low Usage,0.014580801944106925,0.5416666666666666,68.58333333333333,18.5,53.46,35.02127659574468,2033.3617021276596,0.0851063829787234,1.8461538461538463,Low Data Usage
Reliance Jio,M,27,Meghalaya,Hyderabad,2,81480.0,81,12,6924.0,0,2027,3,1,26-35,93,High Usage,0.01169844020797227,0.14814814814814814,85.48148148148148,46.5,162.24,256.44444444444446,3017.777777777778,0.07407407407407407,6.75,Medium Data Usage
Airtel,F,57,Andhra Pradesh,Hyderabad,0,101994.0,25,11,123.0,0,2027,3,1,56+,36,Low Usage,0.2032520325203252,0.44,4.92,18.0,37.23,2.1578947368421053,1789.3684210526317,0.0,2.272727272727273,Low Data Usage
Airtel,M,55,Himachal Pradesh,Hyderabad,1,129608.0,50,49,387.0,0,2027,3,1,46-55,99,Low Usage,0.12919896640826872,0.98,7.74,49.5,102.87,7.036363636363636,2356.509090909091,0.01818181818181818,1.0204081632653061,Low Data Usage
BSNL,M,42,Mizoram,Kolkata,1,106251.0,50,20,6009.0,0,2027,3,1,36-45,70,Medium Usage,0.008320852055250457,0.4,120.18,35.0,130.09,143.07142857142858,2529.785714285714,0.023809523809523808,2.5,Medium Data Usage
BSNL,F,66,Jharkhand,Bangalore,2,113523.0,18,17,1464.0,0,2027,3,1,56+,35,Low Usage,0.012295081967213115,0.9444444444444444,81.33333333333333,17.5,49.64,22.181818181818183,1720.0454545454545,0.030303030303030304,1.0588235294117647,Low Data Usage
Airtel,F,67,Tripura,Chennai,3,90770.0,23,38,6222.0,0,2027,3,1,56+,61,Medium Usage,0.0036965605914496946,1.6521739130434783,270.5217391304348,30.5,123.22,92.86567164179104,1354.7761194029852,0.04477611940298507,0.6052631578947368,Medium Data Usage
BSNL,F,22,Sikkim,Chennai,0,54554.0,89,1,2588.0,1,2027,3,1,18-25,90,Low Usage,0.03438948995363215,0.011235955056179775,29.078651685393258,45.0,115.88,117.63636363636364,2479.7272727272725,0.0,89.0,Low Data Usage
BSNL,M,72,Himachal Pradesh,Delhi,4,35890.0,37,28,3956.0,1,2027,3,1,56+,65,Medium Usage,0.00935288169868554,0.7567567567567568,106.91891891891892,32.5,104.56,54.94444444444444,498.47222222222223,0.05555555555555555,1.3214285714285714,Medium Data Usage
Vodafone,M,37,Maharashtra,Kolkata,2,139880.0,92,52,9330.0,1,2027,3,1,36-45,144,High Usage,0.009860664523043945,0.5652173913043478,101.41304347826087,72.0,237.3,252.16216216216216,3780.5405405405404,0.05405405405405406,1.7692307692307692,High Data Usage
Reliance Jio,M,20,Haryana,Mumbai,0,112448.0,32,2,8277.0,0,2027,3,1,18-25,34,High Usage,0.0038661350730941164,0.0625,258.65625,17.0,116.77,413.85,5622.4,0.0,16.0,High Data Usage
Reliance Jio,M,32,Madhya Pradesh,Kolkata,0,28514.0,86,16,6101.0,0,2027,3,1,26-35,102,Medium Usage,0.014096049827897066,0.18604651162790697,70.94186046511628,51.0,163.01,190.65625,891.0625,0.0,5.375,Medium Data Usage
Vodafone,F,57,Bihar,Hyderabad,0,140578.0,41,28,4373.0,0,2027,3,1,56+,69,Medium Usage,0.009375714612394238,0.6829268292682927,106.65853658536585,34.5,112.72999999999999,76.71929824561404,2466.280701754386,0.0,1.4642857142857142,Medium Data Usage
Vodafone,M,54,Tamil Nadu,Bangalore,4,110967.0,48,2,10352.0,1,2027,3,1,46-55,50,High Usage,0.00463678516228748,0.041666666666666664,215.66666666666666,25.0,153.51999999999998,191.7037037037037,2054.9444444444443,0.07407407407407407,24.0,High Data Usage
Airtel,F,42,West Bengal,Kolkata,2,109661.0,75,27,6090.0,0,2027,3,1,36-45,102,Medium Usage,0.012315270935960592,0.36,81.2,51.0,162.9,145.0,2610.9761904761904,0.047619047619047616,2.7777777777777777,Medium Data Usage
Airtel,F,19,Jharkhand,Chennai,4,98648.0,38,11,1938.0,0,2027,3,1,18-25,49,Low Usage,0.0196078431372549,0.2894736842105263,51.0,24.5,68.38,102.0,5192.0,0.21052631578947367,3.4545454545454546,Low Data Usage
Airtel,M,25,Punjab,Kolkata,1,80528.0,65,40,6555.0,0,2027,3,1,18-25,105,Medium Usage,0.009916094584286803,0.6153846153846154,100.84615384615384,52.5,170.55,262.2,3221.12,0.04,1.625,Medium Data Usage
Vodafone,M,72,Arunachal Pradesh,Delhi,2,91311.0,91,18,2776.0,0,2027,3,1,56+,109,Low Usage,0.032780979827089336,0.1978021978021978,30.505494505494507,54.5,136.76,38.55555555555556,1268.2083333333333,0.027777777777777776,5.055555555555555,Low Data Usage
Airtel,M,46,Chhattisgarh,Mumbai,4,99344.0,73,50,9064.0,0,2027,3,1,46-55,123,High Usage,0.008053839364518976,0.684931506849315,124.16438356164383,61.5,213.64,197.04347826086956,2159.6521739130435,0.08695652173913043,1.46,High Data Usage
Airtel,M,28,Odisha,Hyderabad,2,89950.0,31,36,9595.0,0,2027,3,1,26-35,67,High Usage,0.003230849400729547,1.1612903225806452,309.51612903225805,33.5,162.95,342.67857142857144,3212.5,0.07142857142857142,0.8611111111111112,High Data Usage
Reliance Jio,F,28,Uttar Pradesh,Chennai,1,135818.0,15,1,3704.0,0,2027,3,1,26-35,16,Medium Usage,0.004049676025917927,0.06666666666666667,246.93333333333334,8.0,53.04,132.28571428571428,4850.642857142857,0.03571428571428571,15.0,Medium Data Usage
Vodafone,F,52,Gujarat,Delhi,1,84680.0,61,12,4497.0,0,2027,3,1,46-55,73,Medium Usage,0.013564598621303091,0.19672131147540983,73.72131147540983,36.5,117.97,86.48076923076923,1628.4615384615386,0.019230769230769232,5.083333333333333,Medium Data Usage
Reliance Jio,M,43,Assam,Kolkata,3,91095.0,37,42,7137.0,0,2027,3,1,36-45,79,High Usage,0.00518425108589043,1.135135135135135,192.8918918918919,39.5,150.37,165.97674418604652,2118.4883720930234,0.06976744186046512,0.8809523809523809,High Data Usage
BSNL,F,25,Karnataka,Hyderabad,3,138775.0,20,3,8190.0,0,2027,3,1,18-25,23,High Usage,0.002442002442002442,0.15,409.5,11.5,104.9,327.6,5551.0,0.12,6.666666666666667,High Data Usage
BSNL,M,25,Chhattisgarh,Hyderabad,4,54118.0,87,3,3673.0,0,2027,3,1,18-25,90,Medium Usage,0.02368635992376804,0.034482758620689655,42.2183908045977,45.0,126.72999999999999,146.92,2164.72,0.16,29.0,Medium Data Usage
Airtel,F,67,Meghalaya,Hyderabad,2,63614.0,54,25,951.0,0,2027,3,1,56+,79,Low Usage,0.056782334384858045,0.46296296296296297,17.61111111111111,39.5,88.51,14.194029850746269,949.4626865671642,0.029850746268656716,2.16,Low Data Usage
Reliance Jio,M,37,Uttar Pradesh,Delhi,1,110631.0,42,20,10252.0,0,2027,4,2,36-45,62,High Usage,0.004096761607491221,0.47619047619047616,244.0952380952381,31.0,164.51999999999998,277.0810810810811,2990.027027027027,0.02702702702702703,2.1,High Data Usage
Vodafone,M,43,Andhra Pradesh,Mumbai,1,45188.0,19,22,4071.0,1,2027,4,2,36-45,41,Medium Usage,0.004667157946450504,1.1578947368421053,214.26315789473685,20.5,81.71000000000001,94.67441860465117,1050.8837209302326,0.023255813953488372,0.8636363636363636,Medium Data Usage
Vodafone,M,32,Haryana,Delhi,1,34660.0,13,11,5951.0,1,2027,4,2,26-35,24,Medium Usage,0.0021845068055788945,0.8461538461538461,457.7692307692308,12.0,83.50999999999999,185.96875,1083.125,0.03125,1.1818181818181819,Medium Data Usage
Reliance Jio,F,41,Gujarat,Hyderabad,0,98264.0,46,52,9726.0,0,2027,4,2,36-45,98,High Usage,0.004729590787579683,1.1304347826086956,211.43478260869566,49.0,195.26,237.21951219512195,2396.682926829268,0.0,0.8846153846153846,High Data Usage
Reliance Jio,F,66,West Bengal,Chennai,0,86778.0,38,4,6493.0,0,2027,4,2,56+,42,Medium Usage,0.005852456491606346,0.10526315789473684,170.8684210526316,21.0,106.93,98.37878787878788,1314.8181818181818,0.0,9.5,Medium Data Usage
Vodafone,F,47,Kerala,Hyderabad,4,26015.0,10,7,6041.0,1,2027,4,2,46-55,17,Medium Usage,0.0016553550736633008,0.7,604.1,8.5,77.41,128.53191489361703,553.5106382978723,0.0851063829787234,1.4285714285714286,Medium Data Usage
BSNL,F,73,Himachal Pradesh,Hyderabad,3,54833.0,80,18,5081.0,0,2027,4,2,56+,98,Medium Usage,0.01574493209998032,0.225,63.5125,49.0,148.81,69.6027397260274,751.1369863013699,0.0410958904109589,4.444444444444445,Medium Data Usage
BSNL,M,63,Uttarakhand,Chennai,4,32669.0,38,19,5367.0,0,2027,4,2,56+,57,Medium Usage,0.007080305571082542,0.5,141.23684210526315,28.5,110.67,85.19047619047619,518.5555555555555,0.06349206349206349,2.0,Medium Data Usage
Reliance Jio,M,69,Assam,Chennai,0,143268.0,16,39,2346.0,1,2027,4,2,56+,55,Low Usage,0.0068201193520886615,2.4375,146.625,27.5,78.46000000000001,34.0,2076.3478260869565,0.0,0.41025641025641024,Low Data Usage
Reliance Jio,F,51,Telangana,Delhi,3,53548.0,26,40,3230.0,0,2027,4,2,46-55,66,Low Usage,0.00804953560371517,1.5384615384615385,124.23076923076923,33.0,98.3,63.333333333333336,1049.9607843137255,0.058823529411764705,0.65,Medium Data Usage
Reliance Jio,M,24,Arunachal Pradesh,Hyderabad,2,65878.0,50,2,3860.0,0,2027,4,2,18-25,52,Medium Usage,0.012953367875647668,0.04,77.2,26.0,90.6,160.83333333333334,2744.9166666666665,0.08333333333333333,25.0,Medium Data Usage
Vodafone,F,30,Madhya Pradesh,Mumbai,4,138782.0,94,27,533.0,1,2027,4,2,26-35,121,Low Usage,0.17636022514071295,0.2872340425531915,5.670212765957447,60.5,126.33,17.766666666666666,4626.066666666667,0.13333333333333333,3.4814814814814814,Low Data Usage
Vodafone,F,49,Haryana,Mumbai,3,107924.0,1,5,5397.0,0,2027,4,2,46-55,6,Medium Usage,0.00018528812303131369,5.0,5397.0,3.0,59.97,110.14285714285714,2202.530612244898,0.061224489795918366,0.2,Medium Data Usage
Reliance Jio,M,32,Maharashtra,Mumbai,1,116298.0,66,45,4820.0,0,2027,4,2,26-35,111,Medium Usage,0.013692946058091286,0.6818181818181818,73.03030303030303,55.5,159.2,150.625,3634.3125,0.03125,1.4666666666666666,Medium Data Usage
BSNL,F,25,Rajasthan,Bangalore,3,50939.0,34,7,6840.0,0,2027,4,2,18-25,41,High Usage,0.004970760233918129,0.20588235294117646,201.1764705882353,20.5,109.4,273.6,2037.56,0.12,4.857142857142857,Medium Data Usage
Vodafone,M,39,Maharashtra,Kolkata,3,112135.0,52,34,6551.0,1,2027,4,2,36-45,86,Medium Usage,0.007937719432147763,0.6538461538461539,125.98076923076923,43.0,151.51,167.97435897435898,2875.25641025641,0.07692307692307693,1.5294117647058822,Medium Data Usage
Vodafone,M,30,Tripura,Mumbai,1,84343.0,37,16,8498.0,0,2027,4,2,26-35,53,High Usage,0.004353965638973876,0.43243243243243246,229.67567567567568,26.5,137.98000000000002,283.26666666666665,2811.4333333333334,0.03333333333333333,2.3125,High Data Usage
Vodafone,M,66,Mizoram,Kolkata,1,31965.0,18,5,2901.0,1,2027,4,2,56+,23,Low Usage,0.0062047569803516025,0.2777777777777778,161.16666666666666,11.5,52.010000000000005,43.95454545454545,484.3181818181818,0.015151515151515152,3.6,Low Data Usage
BSNL,F,59,Meghalaya,Kolkata,4,47697.0,98,46,1049.0,0,2027,4,2,56+,144,Low Usage,0.09342230695900858,0.46938775510204084,10.704081632653061,72.0,154.49,17.779661016949152,808.4237288135594,0.06779661016949153,2.130434782608696,Low Data Usage
BSNL,F,68,West Bengal,Kolkata,2,83688.0,97,34,2820.0,0,2027,4,2,56+,131,Low Usage,0.03439716312056738,0.35051546391752575,29.072164948453608,65.5,159.2,41.470588235294116,1230.7058823529412,0.029411764705882353,2.8529411764705883,Low Data Usage
Vodafone,F,39,Punjab,Kolkata,1,53945.0,90,51,6840.0,1,2027,4,2,36-45,141,High Usage,0.013157894736842105,0.5666666666666667,76.0,70.5,209.4,175.3846153846154,1383.2051282051282,0.02564102564102564,1.7647058823529411,Medium Data Usage
BSNL,M,50,Punjab,Kolkata,2,133795.0,56,13,5161.0,1,2027,4,2,46-55,69,Medium Usage,0.01085061034683201,0.23214285714285715,92.16071428571429,34.5,120.61,103.22,2675.9,0.04,4.3076923076923075,Medium Data Usage
BSNL,M,42,Telangana,Mumbai,3,35952.0,79,14,4369.0,0,2027,4,2,36-45,93,Medium Usage,0.01808194094758526,0.17721518987341772,55.30379746835443,46.5,136.69,104.02380952380952,856.0,0.07142857142857142,5.642857142857143,Medium Data Usage
Vodafone,M,23,Sikkim,Kolkata,4,112775.0,23,3,10700.0,0,2027,4,2,18-25,26,High Usage,0.002149532710280374,0.13043478260869565,465.2173913043478,13.0,133.0,465.2173913043478,4903.260869565217,0.17391304347826086,7.666666666666667,High Data Usage
Airtel,F,33,Telangana,Chennai,4,120376.0,31,23,7863.0,0,2027,4,2,26-35,54,High Usage,0.003942515579295434,0.7419354838709677,253.6451612903226,27.0,132.63,238.27272727272728,3647.757575757576,0.12121212121212122,1.3478260869565217,High Data Usage
Vodafone,F,66,Haryana,Hyderabad,2,138210.0,67,6,5049.0,0,2027,4,2,56+,73,Medium Usage,0.013269954446425035,0.08955223880597014,75.35820895522389,36.5,123.49000000000001,76.5,2094.090909090909,0.030303030303030304,11.166666666666666,Medium Data Usage
BSNL,M,37,Gujarat,Mumbai,0,116209.0,7,2,5049.0,0,2027,4,2,36-45,9,Medium Usage,0.0013864131511190335,0.2857142857142857,721.2857142857143,4.5,59.49,136.45945945945945,3140.7837837837837,0.0,3.5,Medium Data Usage
BSNL,M,55,Meghalaya,Delhi,4,74653.0,90,34,10455.0,0,2027,4,2,46-55,124,High Usage,0.00860832137733142,0.37777777777777777,116.16666666666667,62.0,228.55,190.0909090909091,1357.3272727272727,0.07272727272727272,2.6470588235294117,High Data Usage
Airtel,M,49,Meghalaya,Bangalore,2,21482.0,49,35,7730.0,0,2027,4,2,46-55,84,High Usage,0.006338939197930142,0.7142857142857143,157.75510204081633,42.0,161.3,157.75510204081633,438.40816326530614,0.04081632653061224,1.4,High Data Usage
Vodafone,M,63,Himachal Pradesh,Kolkata,1,45441.0,42,37,7746.0,0,2027,4,2,56+,79,High Usage,0.005422153369481022,0.8809523809523809,184.42857142857142,39.5,156.45999999999998,122.95238095238095,721.2857142857143,0.015873015873015872,1.135135135135135,High Data Usage
Reliance Jio,M,25,Arunachal Pradesh,Mumbai,4,38802.0,80,23,10273.0,0,2027,5,2,18-25,103,High Usage,0.007787403874233427,0.2875,128.4125,51.5,205.73000000000002,410.92,1552.08,0.16,3.4782608695652173,High Data Usage
Reliance Jio,F,67,Andhra Pradesh,Chennai,1,43638.0,52,18,8537.0,0,2027,5,2,56+,70,High Usage,0.0060911327164109175,0.34615384615384615,164.17307692307693,35.0,155.37,127.41791044776119,651.3134328358209,0.014925373134328358,2.888888888888889,High Data Usage
Reliance Jio,F,58,Kerala,Chennai,0,20604.0,19,49,2171.0,0,2027,5,2,56+,68,Low Usage,0.008751727314601566,2.5789473684210527,114.26315789473684,34.0,89.71000000000001,37.43103448275862,355.2413793103448,0.0,0.3877551020408163,Low Data Usage
Reliance Jio,M,36,Telangana,Mumbai,3,127147.0,29,30,2406.0,0,2027,5,2,36-45,59,Low Usage,0.012053200332502078,1.0344827586206897,82.96551724137932,29.5,83.06,66.83333333333333,3531.8611111111113,0.08333333333333333,0.9666666666666667,Low Data Usage
BSNL,F,27,Tamil Nadu,Kolkata,0,100981.0,31,15,4750.0,1,2027,5,2,26-35,46,Medium Usage,0.006526315789473684,0.4838709677419355,153.2258064516129,23.0,93.5,175.92592592592592,3740.037037037037,0.0,2.066666666666667,Medium Data Usage
Vodafone,F,22,Kerala,Delhi,4,85566.0,36,36,2384.0,0,2027,5,2,18-25,72,Low Usage,0.015100671140939598,1.0,66.22222222222223,36.0,95.84,108.36363636363636,3889.3636363636365,0.18181818181818182,1.0,Low Data Usage
Airtel,M,58,Maharashtra,Mumbai,2,119575.0,66,8,3783.0,0,2027,5,2,56+,74,Medium Usage,0.017446471054718478,0.12121212121212122,57.31818181818182,37.0,111.83,65.22413793103448,2061.637931034483,0.034482758620689655,8.25,Medium Data Usage
BSNL,F,63,Uttar Pradesh,Kolkata,1,43973.0,79,22,6815.0,0,2027,5,2,56+,101,High Usage,0.011592076302274395,0.27848101265822783,86.26582278481013,50.5,169.15,108.17460317460318,697.984126984127,0.015873015873015872,3.590909090909091,Medium Data Usage
Airtel,M,25,Jharkhand,Kolkata,4,22987.0,12,18,9309.0,0,2027,5,2,18-25,30,High Usage,0.0012890750886239124,1.5,775.75,15.0,123.09,372.36,919.48,0.16,0.6666666666666666,High Data Usage
BSNL,F,63,Mizoram,Kolkata,4,30353.0,81,19,8039.0,0,2027,5,2,56+,100,High Usage,0.010075880084587636,0.2345679012345679,99.24691358024691,50.0,180.39,127.60317460317461,481.7936507936508,0.06349206349206349,4.2631578947368425,High Data Usage
Vodafone,M,65,Uttarakhand,Delhi,3,149346.0,42,19,3788.0,0,2027,5,2,56+,61,Medium Usage,0.011087645195353749,0.4523809523809524,90.19047619047619,30.5,98.88,58.276923076923076,2297.630769230769,0.046153846153846156,2.210526315789474,Medium Data Usage
Vodafone,M,56,Tripura,Hyderabad,2,80921.0,9,49,2654.0,0,2027,5,2,56+,58,Low Usage,0.003391107761868877,5.444444444444445,294.8888888888889,29.0,84.53999999999999,47.392857142857146,1445.017857142857,0.03571428571428571,0.1836734693877551,Low Data Usage
Vodafone,M,66,Haryana,Kolkata,2,88864.0,30,38,3411.0,0,2027,5,2,56+,68,Low Usage,0.008795074758135445,1.2666666666666666,113.7,34.0,102.11,51.68181818181818,1346.4242424242425,0.030303030303030304,0.7894736842105263,Medium Data Usage
Vodafone,M,32,Andhra Pradesh,Delhi,4,123354.0,29,39,309.0,0,2027,5,2,26-35,68,Low Usage,0.09385113268608414,1.3448275862068966,10.655172413793103,34.0,71.09,9.65625,3854.8125,0.125,0.7435897435897436,Low Data Usage
BSNL,F,60,Odisha,Chennai,1,48899.0,99,37,9649.0,0,2027,5,2,56+,136,High Usage,0.010260130583480154,0.37373737373737376,97.46464646464646,68.0,232.49,160.81666666666666,814.9833333333333,0.016666666666666666,2.675675675675676,High Data Usage
Airtel,F,67,Odisha,Hyderabad,4,109760.0,72,37,5884.0,0,2027,5,2,56+,109,Medium Usage,0.012236573759347382,0.5138888888888888,81.72222222222223,54.5,167.84,87.82089552238806,1638.2089552238806,0.05970149253731343,1.945945945945946,Medium Data Usage
Reliance Jio,M,21,Andhra Pradesh,Kolkata,4,120637.0,61,3,961.0,0,2027,5,2,18-25,64,Low Usage,0.06347554630593132,0.04918032786885246,15.754098360655737,32.0,73.61,45.76190476190476,5744.619047619048,0.19047619047619047,20.333333333333332,Low Data Usage
Reliance Jio,M,28,Mizoram,Chennai,2,22933.0,34,53,6413.0,1,2027,5,2,26-35,87,Medium Usage,0.005301730859192266,1.5588235294117647,188.61764705882354,43.5,151.13,229.03571428571428,819.0357142857143,0.07142857142857142,0.6415094339622641,Medium Data Usage
Vodafone,M,48,Manipur,Chennai,1,99757.0,53,41,8986.0,0,2027,5,2,46-55,94,High Usage,0.005898063654573782,0.7735849056603774,169.54716981132074,47.0,183.86,187.20833333333334,2078.2708333333335,0.020833333333333332,1.2926829268292683,High Data Usage
Airtel,F,29,Rajasthan,Chennai,3,66874.0,80,41,5298.0,0,2027,5,2,26-35,121,Medium Usage,0.015100037750094376,0.5125,66.225,60.5,173.98,182.68965517241378,2306.0,0.10344827586206896,1.951219512195122,Medium Data Usage
Reliance Jio,M,68,Kerala,Hyderabad,0,52333.0,67,27,7204.0,0,2027,5,2,56+,94,High Usage,0.009300388672959467,0.40298507462686567,107.5223880597015,47.0,166.04000000000002,105.94117647058823,769.6029411764706,0.0,2.4814814814814814,High Data Usage
Airtel,F,54,Kerala,Delhi,2,142333.0,30,26,2617.0,0,2027,5,2,46-55,56,Low Usage,0.01146350783339702,0.8666666666666667,87.23333333333333,28.0,82.17,48.46296296296296,2635.796296296296,0.037037037037037035,1.1538461538461537,Low Data Usage
BSNL,M,45,Nagaland,Mumbai,1,57446.0,51,2,10458.0,0,2027,5,2,36-45,53,High Usage,0.004876649454962708,0.0392156862745098,205.05882352941177,26.5,157.57999999999998,232.4,1276.5777777777778,0.022222222222222223,25.5,High Data Usage
BSNL,F,47,Assam,Delhi,0,40200.0,76,44,9412.0,0,2027,5,2,46-55,120,High Usage,0.008074798130046749,0.5789473684210527,123.84210526315789,60.0,214.12,200.25531914893617,855.3191489361702,0.0,1.7272727272727273,High Data Usage
Reliance Jio,F,30,Himachal Pradesh,Kolkata,4,119835.0,62,21,952.0,0,2027,5,2,26-35,83,Low Usage,0.06512605042016807,0.3387096774193548,15.35483870967742,41.5,92.52,31.733333333333334,3994.5,0.13333333333333333,2.9523809523809526,Low Data Usage
Vodafone,M,31,Himachal Pradesh,Hyderabad,1,104108.0,18,28,5561.0,0,2027,5,2,26-35,46,Medium Usage,0.0032368279086495235,1.5555555555555556,308.94444444444446,23.0,101.61,179.38709677419354,3358.3225806451615,0.03225806451612903,0.6428571428571429,Medium Data Usage
Vodafone,M,44,Odisha,Mumbai,3,140333.0,42,44,321.0,0,2027,5,2,36-45,86,Low Usage,0.1308411214953271,1.0476190476190477,7.642857142857143,43.0,89.21,7.295454545454546,3189.3863636363635,0.06818181818181818,0.9545454545454546,Low Data Usage
BSNL,M,47,Telangana,Delhi,4,134931.0,79,10,5200.0,0,2027,5,2,46-55,89,Medium Usage,0.015192307692307692,0.12658227848101267,65.82278481012658,44.5,141.0,110.63829787234043,2870.872340425532,0.0851063829787234,7.9,Medium Data Usage
Airtel,F,37,Madhya Pradesh,Chennai,2,61196.0,48,17,8882.0,0,2027,5,2,36-45,65,High Usage,0.005404188245890566,0.3541666666666667,185.04166666666666,32.5,153.82,240.05405405405406,1653.945945945946,0.05405405405405406,2.823529411764706,High Data Usage
Reliance Jio,M,23,Karnataka,Hyderabad,3,41152.0,22,45,9081.0,0,2027,5,2,18-25,67,High Usage,0.00242264067833939,2.0454545454545454,412.77272727272725,33.5,157.81,394.82608695652175,1789.2173913043478,0.13043478260869565,0.4888888888888889,High Data Usage
Reliance Jio,M,51,Madhya Pradesh,Delhi,1,70204.0,28,28,5726.0,0,2027,5,2,46-55,56,Medium Usage,0.004889975550122249,1.0,204.5,28.0,113.25999999999999,112.27450980392157,1376.549019607843,0.0196078431372549,1.0,Medium Data Usage
BSNL,M,26,Madhya Pradesh,Delhi,4,109939.0,21,40,1587.0,0,2027,6,2,26-35,61,Low Usage,0.013232514177693762,1.9047619047619047,75.57142857142857,30.5,76.87,61.03846153846154,4228.423076923077,0.15384615384615385,0.525,Low Data Usage
Vodafone,M,46,Uttarakhand,Delhi,0,33675.0,4,12,2439.0,0,2027,6,2,46-55,16,Low Usage,0.0016400164001640015,3.0,609.75,8.0,40.39,53.02173913043478,732.0652173913044,0.0,0.3333333333333333,Low Data Usage
Reliance Jio,F,34,Manipur,Mumbai,3,95804.0,61,32,7281.0,0,2027,6,2,26-35,93,High Usage,0.008377970059057821,0.5245901639344263,119.36065573770492,46.5,165.81,214.14705882352942,2817.764705882353,0.08823529411764706,1.90625,High Data Usage
Reliance Jio,M,35,Uttarakhand,Delhi,0,95319.0,63,26,2339.0,0,2027,6,2,26-35,89,Low Usage,0.026934587430525864,0.4126984126984127,37.12698412698413,44.5,112.39,66.82857142857142,2723.4,0.0,2.423076923076923,Low Data Usage
Vodafone,F,37,Punjab,Bangalore,3,113179.0,11,36,5147.0,0,2027,6,2,36-45,47,Medium Usage,0.002137167281911793,3.272727272727273,467.90909090909093,23.5,98.47,139.1081081081081,3058.891891891892,0.08108108108108109,0.3055555555555556,Medium Data Usage
Airtel,M,73,Assam,Chennai,1,142310.0,42,1,7401.0,0,2027,6,2,56+,43,High Usage,0.005674908796108634,0.023809523809523808,176.21428571428572,21.5,117.01,101.38356164383562,1949.4520547945206,0.0136986301369863,42.0,High Data Usage
BSNL,M,39,Maharashtra,Kolkata,1,65582.0,92,38,1217.0,1,2027,6,2,36-45,130,Low Usage,0.07559572719802794,0.41304347826086957,13.228260869565217,65.0,142.17,31.205128205128204,1681.5897435897436,0.02564102564102564,2.4210526315789473,Low Data Usage
Airtel,M,34,Jharkhand,Mumbai,4,22930.0,89,24,6070.0,0,2027,6,2,26-35,113,Medium Usage,0.014662273476112027,0.2696629213483146,68.20224719101124,56.5,173.7,178.52941176470588,674.4117647058823,0.11764705882352941,3.7083333333333335,Medium Data Usage
BSNL,M,53,Jharkhand,Chennai,2,61038.0,22,37,4366.0,0,2027,6,2,46-55,59,Medium Usage,0.005038937242327073,1.6818181818181819,198.45454545454547,29.5,102.66,82.37735849056604,1151.6603773584907,0.03773584905660377,0.5945945945945946,Medium Data Usage
Airtel,M,51,Telangana,Delhi,3,136249.0,74,16,4324.0,0,2027,6,2,46-55,90,Medium Usage,0.017113783533765033,0.21621621621621623,58.432432432432435,45.0,133.24,84.7843137254902,2671.549019607843,0.058823529411764705,4.625,Medium Data Usage
Airtel,M,63,Bihar,Chennai,3,28968.0,89,15,2981.0,0,2027,6,2,56+,104,Low Usage,0.029855753102985574,0.16853932584269662,33.49438202247191,52.0,133.81,47.317460317460316,459.8095238095238,0.047619047619047616,5.933333333333334,Low Data Usage
Vodafone,M,19,Gujarat,Chennai,1,117770.0,49,15,5199.0,0,2027,6,2,18-25,64,Medium Usage,0.00942488940180804,0.30612244897959184,106.10204081632654,32.0,115.99000000000001,273.63157894736844,6198.421052631579,0.05263157894736842,3.2666666666666666,Medium Data Usage
Vodafone,M,31,Himachal Pradesh,Bangalore,2,91172.0,103,42,9162.0,1,2027,6,2,26-35,145,High Usage,0.011242086880593756,0.4077669902912621,88.95145631067962,72.5,236.62,295.5483870967742,2941.032258064516,0.06451612903225806,2.4523809523809526,High Data Usage
Vodafone,F,41,Punjab,Kolkata,3,142240.0,84,22,5694.0,1,2027,6,2,36-45,106,Medium Usage,0.014752370916754479,0.2619047619047619,67.78571428571429,53.0,162.94,138.8780487804878,3469.268292682927,0.07317073170731707,3.8181818181818183,Medium Data Usage
Vodafone,M,29,Sikkim,Mumbai,1,112234.0,39,42,4935.0,0,2027,6,2,26-35,81,Medium Usage,0.007902735562310031,1.0769230769230769,126.53846153846153,40.5,130.35,170.17241379310346,3870.137931034483,0.034482758620689655,0.9285714285714286,Medium Data Usage
BSNL,F,49,Tamil Nadu,Hyderabad,2,120545.0,26,9,8830.0,0,2027,6,2,46-55,35,High Usage,0.002944507361268403,0.34615384615384615,339.61538461538464,17.5,123.3,180.20408163265307,2460.1020408163267,0.04081632653061224,2.888888888888889,High Data Usage
Reliance Jio,M,51,Maharashtra,Delhi,2,72143.0,63,37,5966.0,1,2027,6,2,46-55,100,Medium Usage,0.010559839088166276,0.5873015873015873,94.6984126984127,50.0,159.66,116.98039215686275,1414.5686274509803,0.0392156862745098,1.7027027027027026,Medium Data Usage
BSNL,M,47,Mizoram,Mumbai,1,137297.0,64,48,2764.0,1,2027,6,2,46-55,112,Low Usage,0.023154848046309694,0.75,43.1875,56.0,139.64,58.808510638297875,2921.2127659574467,0.02127659574468085,1.3333333333333333,Low Data Usage
BSNL,M,68,Arunachal Pradesh,Chennai,4,90532.0,42,26,4679.0,0,2027,6,2,56+,68,Medium Usage,0.008976276982261167,0.6190476190476191,111.4047619047619,34.0,114.78999999999999,68.80882352941177,1331.3529411764705,0.058823529411764705,1.6153846153846154,Medium Data Usage
Airtel,M,41,Maharashtra,Mumbai,0,95919.0,69,25,5049.0,0,2027,6,2,36-45,94,Medium Usage,0.013666072489601902,0.36231884057971014,73.17391304347827,47.0,144.49,123.14634146341463,2339.487804878049,0.0,2.76,Medium Data Usage
Vodafone,M,32,Telangana,Hyderabad,0,125227.0,15,0,6637.0,0,2027,6,2,26-35,15,High Usage,0.002260057254783788,0.0,442.46666666666664,7.5,81.37,207.40625,3913.34375,0.0,15.0,Medium Data Usage
Reliance Jio,F,49,Uttarakhand,Delhi,4,32341.0,58,50,2382.0,0,2027,6,2,46-55,108,Low Usage,0.02434928631402183,0.8620689655172413,41.06896551724138,54.0,131.82,48.61224489795919,660.0204081632653,0.08163265306122448,1.16,Low Data Usage
Vodafone,F,62,Haryana,Kolkata,4,35410.0,43,26,8815.0,1,2027,6,2,56+,69,High Usage,0.004878048780487805,0.6046511627906976,205.0,34.5,157.15,142.17741935483872,571.1290322580645,0.06451612903225806,1.6538461538461537,High Data Usage
Airtel,M,39,Himachal Pradesh,Delhi,3,67163.0,96,5,5049.0,0,2027,6,2,36-45,101,Medium Usage,0.019013666072489603,0.052083333333333336,52.59375,50.5,151.49,129.46153846153845,1722.128205128205,0.07692307692307693,19.2,Medium Data Usage
Reliance Jio,M,43,Gujarat,Chennai,2,135890.0,26,44,10256.0,0,2027,6,2,36-45,70,High Usage,0.0025351014040561623,1.6923076923076923,394.46153846153845,35.0,172.56,238.51162790697674,3160.232558139535,0.046511627906976744,0.5909090909090909,High Data Usage
Vodafone,F,65,Maharashtra,Bangalore,3,37397.0,101,32,220.0,1,2027,6,2,56+,133,Low Usage,0.4590909090909091,0.31683168316831684,2.1782178217821784,66.5,135.2,3.3846153846153846,575.3384615384615,0.046153846153846156,3.15625,Low Data Usage
BSNL,F,60,Nagaland,Bangalore,1,21722.0,32,20,8911.0,0,2027,6,2,56+,52,High Usage,0.00359106722028953,0.625,278.46875,26.0,141.11,148.51666666666668,362.03333333333336,0.016666666666666666,1.6,High Data Usage
Vodafone,M,51,Uttarakhand,Hyderabad,2,141638.0,57,1,3609.0,0,2027,6,2,46-55,58,Medium Usage,0.015793848711554447,0.017543859649122806,63.31578947368421,29.0,94.09,70.76470588235294,2777.2156862745096,0.0392156862745098,57.0,Medium Data Usage
Reliance Jio,M,43,Karnataka,Hyderabad,4,74504.0,10,3,3688.0,0,2027,6,2,36-45,13,Medium Usage,0.0027114967462039045,0.3,368.8,6.5,49.88,85.76744186046511,1732.6511627906978,0.09302325581395349,3.3333333333333335,Medium Data Usage
BSNL,M,23,Assam,Chennai,3,125444.0,65,49,3004.0,0,2027,6,2,18-25,114,Low Usage,0.021637816245006658,0.7538461538461538,46.215384615384615,57.0,144.04,130.6086956521739,5454.086956521739,0.13043478260869565,1.3265306122448979,Medium Data Usage
Vodafone,F,63,Kerala,Hyderabad,3,22851.0,13,11,1046.0,0,2027,7,3,56+,24,Low Usage,0.0124282982791587,0.8461538461538461,80.46153846153847,12.0,34.46,16.603174603174605,362.7142857142857,0.047619047619047616,1.1818181818181819,Low Data Usage
BSNL,F,47,Himachal Pradesh,Hyderabad,0,23944.0,28,18,4348.0,0,2027,7,3,46-55,46,Medium Usage,0.006439742410303588,0.6428571428571429,155.28571428571428,23.0,89.47999999999999,92.51063829787235,509.4468085106383,0.0,1.5555555555555556,Medium Data Usage
BSNL,M,27,Mizoram,Delhi,2,124104.0,96,47,10318.0,1,2027,7,3,26-35,143,High Usage,0.009304128707113783,0.4895833333333333,107.47916666666667,71.5,246.18,382.14814814814815,4596.444444444444,0.07407407407407407,2.0425531914893615,High Data Usage
Airtel,M,30,Arunachal Pradesh,Delhi,3,132757.0,62,9,8239.0,0,2027,7,3,26-35,71,High Usage,0.0075251850952785535,0.14516129032258066,132.88709677419354,35.5,153.39,274.6333333333333,4425.233333333334,0.1,6.888888888888889,High Data Usage
Reliance Jio,M,69,Odisha,Hyderabad,0,84245.0,80,31,6625.0,1,2027,7,3,56+,111,Medium Usage,0.012075471698113207,0.3875,82.8125,55.5,177.25,96.01449275362319,1220.9420289855072,0.0,2.5806451612903225,Medium Data Usage
Vodafone,F,48,Odisha,Chennai,0,111566.0,44,27,5508.0,0,2027,7,3,46-55,71,Medium Usage,0.007988380537400145,0.6136363636363636,125.18181818181819,35.5,126.08,114.75,2324.2916666666665,0.0,1.6296296296296295,Medium Data Usage
Airtel,F,60,Arunachal Pradesh,Kolkata,0,142086.0,32,38,2252.0,1,2027,7,3,56+,70,Low Usage,0.014209591474245116,1.1875,70.375,35.0,92.52,37.53333333333333,2368.1,0.0,0.8421052631578947,Low Data Usage
Vodafone,M,58,Kerala,Kolkata,0,76645.0,36,33,8063.0,0,2027,7,3,56+,69,High Usage,0.0044648393898052835,0.9166666666666666,223.97222222222223,34.5,149.63,139.01724137931035,1321.4655172413793,0.0,1.0909090909090908,High Data Usage
Vodafone,M,45,Telangana,Delhi,2,47458.0,44,34,7303.0,0,2027,7,3,36-45,78,High Usage,0.006024921265233465,0.7727272727272727,165.97727272727272,39.0,151.03,162.2888888888889,1054.6222222222223,0.044444444444444446,1.2941176470588236,High Data Usage
Vodafone,F,62,Manipur,Hyderabad,1,66136.0,15,40,5099.0,0,2027,7,3,56+,55,Medium Usage,0.0029417532849578347,2.6666666666666665,339.93333333333334,27.5,105.99000000000001,82.24193548387096,1066.7096774193549,0.016129032258064516,0.375,Medium Data Usage
Airtel,M,25,Karnataka,Delhi,3,93348.0,50,5,6939.0,0,2027,7,3,18-25,55,High Usage,0.007205649228995532,0.1,138.78,27.5,124.39,277.56,3733.92,0.12,10.0,Medium Data Usage
Reliance Jio,M,49,Himachal Pradesh,Bangalore,3,109679.0,26,11,7615.0,1,2027,7,3,46-55,37,High Usage,0.0034143138542350624,0.4230769230769231,292.88461538461536,18.5,113.15,155.40816326530611,2238.3469387755104,0.061224489795918366,2.3636363636363638,High Data Usage
BSNL,M,20,Bihar,Chennai,2,107928.0,54,26,6798.0,0,2027,7,3,18-25,80,High Usage,0.00794351279788173,0.48148148148148145,125.88888888888889,40.0,147.98000000000002,339.9,5396.4,0.1,2.076923076923077,Medium Data Usage
BSNL,M,55,Mizoram,Kolkata,3,56155.0,88,19,1806.0,0,2027,7,3,46-55,107,Low Usage,0.048726467331118496,0.2159090909090909,20.522727272727273,53.5,125.06,32.836363636363636,1021.0,0.05454545454545454,4.631578947368421,Low Data Usage
Vodafone,F,33,Tripura,Mumbai,0,73212.0,97,35,1364.0,0,2027,7,3,26-35,132,Low Usage,0.07111436950146628,0.36082474226804123,14.061855670103093,66.0,145.64,41.333333333333336,2218.5454545454545,0.0,2.7714285714285714,Low Data Usage
Airtel,F,59,Punjab,Mumbai,0,34487.0,45,3,2519.0,1,2027,7,3,56+,48,Low Usage,0.017864231838030965,0.06666666666666667,55.977777777777774,24.0,73.19,42.69491525423729,584.5254237288135,0.0,15.0,Low Data Usage
Reliance Jio,M,68,Kerala,Kolkata,3,48672.0,8,9,6518.0,1,2027,7,3,56+,17,Medium Usage,0.00122737035900583,1.125,814.75,8.5,82.18,95.8529411764706,715.7647058823529,0.04411764705882353,0.8888888888888888,Medium Data Usage
BSNL,M,22,Andhra Pradesh,Chennai,1,52857.0,56,4,2465.0,0,2027,7,3,18-25,60,Low Usage,0.022718052738336714,0.07142857142857142,44.017857142857146,30.0,84.65,112.04545454545455,2402.590909090909,0.045454545454545456,14.0,Low Data Usage
BSNL,M,26,Karnataka,Kolkata,3,142365.0,46,33,8010.0,0,2027,7,3,26-35,79,High Usage,0.005742821473158552,0.717391304347826,174.1304347826087,39.5,159.1,308.0769230769231,5475.576923076923,0.11538461538461539,1.393939393939394,High Data Usage
Vodafone,F,41,Jharkhand,Hyderabad,4,101946.0,60,39,9254.0,0,2027,7,3,36-45,99,High Usage,0.006483682731791658,0.65,154.23333333333332,49.5,191.54000000000002,225.70731707317074,2486.487804878049,0.0975609756097561,1.5384615384615385,High Data Usage
Airtel,M,72,Nagaland,Mumbai,4,148370.0,14,18,6161.0,0,2027,7,3,56+,32,Medium Usage,0.0022723583833793217,1.2857142857142858,440.07142857142856,16.0,93.61,85.56944444444444,2060.6944444444443,0.05555555555555555,0.7777777777777778,Medium Data Usage
Reliance Jio,M,23,Andhra Pradesh,Chennai,4,115147.0,21,26,7434.0,0,2027,7,3,18-25,47,High Usage,0.002824858757062147,1.2380952380952381,354.0,23.5,121.34,323.2173913043478,5006.391304347826,0.17391304347826086,0.8076923076923077,High Data Usage
BSNL,F,71,Kerala,Mumbai,0,103223.0,63,10,2982.0,1,2027,7,3,56+,73,Low Usage,0.02112676056338028,0.15873015873015872,47.333333333333336,36.5,102.82,42.0,1453.8450704225352,0.0,6.3,Low Data Usage
Reliance Jio,F,50,Manipur,Bangalore,3,141318.0,91,11,2923.0,1,2027,7,3,46-55,102,Low Usage,0.031132398221005816,0.12087912087912088,32.120879120879124,51.0,131.23,58.46,2826.36,0.06,8.272727272727273,Low Data Usage
BSNL,M,26,Kerala,Mumbai,4,116192.0,26,10,9230.0,0,2027,7,3,26-35,36,High Usage,0.0028169014084507044,0.38461538461538464,355.0,18.0,128.3,355.0,4468.923076923077,0.15384615384615385,2.6,High Data Usage
BSNL,M,48,Rajasthan,Chennai,2,99681.0,38,16,1762.0,0,2027,7,3,46-55,54,Low Usage,0.021566401816118047,0.42105263157894735,46.36842105263158,27.0,71.62,36.708333333333336,2076.6875,0.041666666666666664,2.375,Low Data Usage
Airtel,M,32,Tripura,Chennai,1,112079.0,91,44,6466.0,0,2027,7,3,26-35,135,Medium Usage,0.014073615836684194,0.4835164835164835,71.05494505494505,67.5,199.66,202.0625,3502.46875,0.03125,2.0681818181818183,Medium Data Usage
Airtel,M,45,Tamil Nadu,Kolkata,3,64599.0,12,41,890.0,0,2027,7,3,36-45,53,Low Usage,0.01348314606741573,3.4166666666666665,74.16666666666667,26.5,61.9,19.77777777777778,1435.5333333333333,0.06666666666666667,0.2926829268292683,Low Data Usage
Airtel,M,37,Rajasthan,Chennai,2,120298.0,2,39,2843.0,1,2027,7,3,36-45,41,Low Usage,0.0007034822370735139,19.5,1421.5,20.5,69.43,76.83783783783784,3251.2972972972975,0.05405405405405406,0.05128205128205128,Low Data Usage
Airtel,M,33,Arunachal Pradesh,Kolkata,1,61042.0,30,18,5649.0,0,2027,7,3,26-35,48,Medium Usage,0.0053106744556558685,0.6,188.3,24.0,104.49000000000001,171.1818181818182,1849.7575757575758,0.030303030303030304,1.6666666666666667,Medium Data Usage
Airtel,M,67,West Bengal,Bangalore,0,90391.0,20,34,947.0,0,2027,7,3,56+,54,Low Usage,0.021119324181626188,1.7,47.35,27.0,63.47,14.134328358208956,1349.1194029850747,0.0,0.5882352941176471,Low Data Usage
BSNL,M,55,Odisha,Mumbai,3,131836.0,90,5,8013.0,0,2027,8,3,46-55,95,High Usage,0.011231748408835642,0.05555555555555555,89.03333333333333,47.5,175.13,145.6909090909091,2397.018181818182,0.05454545454545454,18.0,High Data Usage
Airtel,M,26,Chhattisgarh,Mumbai,3,44176.0,31,10,8259.0,0,2027,8,3,26-35,41,High Usage,0.0037534810509746944,0.3225806451612903,266.4193548387097,20.5,123.59,317.65384615384613,1699.076923076923,0.11538461538461539,3.1,High Data Usage
Reliance Jio,F,23,Sikkim,Delhi,0,71761.0,91,34,4825.0,0,2027,8,3,18-25,125,Medium Usage,0.018860103626943004,0.37362637362637363,53.02197802197802,62.5,173.25,209.7826086956522,3120.0434782608695,0.0,2.676470588235294,Medium Data Usage
Airtel,M,35,Chhattisgarh,Bangalore,3,116319.0,7,42,7150.0,0,2027,8,3,26-35,49,High Usage,0.000979020979020979,6.0,1021.4285714285714,24.5,120.5,204.28571428571428,3323.4,0.08571428571428572,0.16666666666666666,High Data Usage
Airtel,F,63,West Bengal,Chennai,1,34991.0,87,24,1788.0,0,2027,8,3,56+,111,Low Usage,0.04865771812080537,0.27586206896551724,20.551724137931036,55.5,128.88,28.38095238095238,555.4126984126984,0.015873015873015872,3.625,Low Data Usage
Reliance Jio,M,32,Manipur,Chennai,4,20509.0,68,9,678.0,0,2027,8,3,26-35,77,Low Usage,0.10029498525073746,0.1323529411764706,9.970588235294118,38.5,83.78,21.1875,640.90625,0.125,7.555555555555555,Low Data Usage
BSNL,M,37,Goa,Delhi,2,41228.0,37,43,7858.0,1,2027,8,3,36-45,80,High Usage,0.004708577246118605,1.162162162162162,212.3783783783784,40.0,158.57999999999998,212.3783783783784,1114.2702702702702,0.05405405405405406,0.8604651162790697,High Data Usage
Reliance Jio,F,59,Madhya Pradesh,Hyderabad,3,80058.0,18,31,9961.0,0,2027,8,3,56+,49,High Usage,0.0018070474851922499,1.7222222222222223,553.3888888888889,24.5,148.61,168.83050847457628,1356.915254237288,0.05084745762711865,0.5806451612903226,High Data Usage
Reliance Jio,F,41,Jharkhand,Delhi,2,38670.0,53,26,9282.0,0,2027,8,3,36-45,79,High Usage,0.005709976298211592,0.49056603773584906,175.1320754716981,39.5,171.82,226.390243902439,943.170731707317,0.04878048780487805,2.0384615384615383,High Data Usage
Reliance Jio,M,62,Assam,Chennai,2,79013.0,25,16,4591.0,1,2027,8,3,56+,41,Medium Usage,0.0054454367240252665,0.64,183.64,20.5,86.91,74.04838709677419,1274.4032258064517,0.03225806451612903,1.5625,Medium Data Usage
Reliance Jio,M,74,Meghalaya,Hyderabad,0,77342.0,55,44,4342.0,0,2027,8,3,56+,99,Medium Usage,0.012666973744818056,0.8,78.94545454545455,49.5,142.42000000000002,58.67567567567568,1045.162162162162,0.0,1.25,Medium Data Usage
Reliance Jio,M,61,Kerala,Mumbai,0,34792.0,29,35,5482.0,0,2027,8,3,56+,64,Medium Usage,0.005290040131338928,1.206896551724138,189.0344827586207,32.0,118.82,89.8688524590164,570.360655737705,0.0,0.8285714285714286,Medium Data Usage
BSNL,F,55,Kerala,Delhi,4,103341.0,15,33,8298.0,0,2027,8,3,46-55,48,High Usage,0.0018076644974692696,2.2,553.2,24.0,130.98000000000002,150.87272727272727,1878.9272727272728,0.07272727272727272,0.45454545454545453,High Data Usage
Airtel,M,22,Kerala,Delhi,4,47471.0,57,20,5654.0,0,2027,8,3,18-25,77,Medium Usage,0.010081358330385568,0.3508771929824561,99.19298245614036,38.5,133.54,257.0,2157.7727272727275,0.18181818181818182,2.85,Medium Data Usage
BSNL,M,26,Telangana,Chennai,0,95878.0,29,3,7460.0,1,2027,8,3,26-35,32,High Usage,0.0038873994638069704,0.10344827586206896,257.2413793103448,16.0,106.6,286.9230769230769,3687.6153846153848,0.0,9.666666666666666,High Data Usage
Vodafone,F,38,Karnataka,Mumbai,3,144039.0,45,19,7758.0,0,2027,8,3,36-45,64,High Usage,0.00580046403712297,0.4222222222222222,172.4,32.0,141.57999999999998,204.1578947368421,3790.5,0.07894736842105263,2.3684210526315788,High Data Usage
Reliance Jio,M,49,Maharashtra,Bangalore,2,29972.0,18,9,2771.0,0,2027,8,3,46-55,27,Low Usage,0.006495849873691808,0.5,153.94444444444446,13.5,54.71,56.55102040816327,611.6734693877551,0.04081632653061224,2.0,Low Data Usage
BSNL,M,45,Gujarat,Hyderabad,2,27320.0,57,12,10632.0,0,2027,8,3,36-45,69,High Usage,0.00536117381489842,0.21052631578947367,186.52631578947367,34.5,175.32,236.26666666666668,607.1111111111111,0.044444444444444446,4.75,High Data Usage
Airtel,M,54,Rajasthan,Hyderabad,0,99094.0,77,24,1135.0,0,2027,8,3,46-55,101,Low Usage,0.06784140969162995,0.3116883116883117,14.74025974025974,50.5,112.35,21.01851851851852,1835.0740740740741,0.0,3.2083333333333335,Low Data Usage
Reliance Jio,M,46,Bihar,Delhi,3,102027.0,53,36,7632.0,0,2027,8,3,46-55,89,High Usage,0.006944444444444444,0.6792452830188679,144.0,44.5,165.32,165.91304347826087,2217.978260869565,0.06521739130434782,1.4722222222222223,High Data Usage
Vodafone,F,23,Tamil Nadu,Hyderabad,2,33430.0,93,13,8048.0,1,2027,8,3,18-25,106,High Usage,0.011555666003976143,0.13978494623655913,86.53763440860214,53.0,186.48000000000002,349.9130434782609,1453.4782608695652,0.08695652173913043,7.153846153846154,High Data Usage
Reliance Jio,M,65,Punjab,Chennai,4,115723.0,105,4,7826.0,0,2027,8,3,56+,109,High Usage,0.013416815742397137,0.0380952380952381,74.53333333333333,54.5,187.26,120.4,1780.3538461538462,0.06153846153846154,26.25,High Data Usage
Reliance Jio,M,40,Himachal Pradesh,Chennai,3,26148.0,12,25,8298.0,0,2027,8,3,36-45,37,High Usage,0.0014461315979754157,2.0833333333333335,691.5,18.5,119.98,207.45,653.7,0.075,0.48,High Data Usage
BSNL,M,73,Odisha,Chennai,1,131638.0,17,29,1950.0,0,2027,8,3,56+,46,Low Usage,0.008717948717948718,1.7058823529411764,114.70588235294117,23.0,65.5,26.71232876712329,1803.2602739726028,0.0136986301369863,0.5862068965517241,Low Data Usage
Vodafone,F,18,Tamil Nadu,Delhi,2,32492.0,88,12,1192.0,1,2027,8,3,18-25,100,Low Usage,0.0738255033557047,0.13636363636363635,13.545454545454545,50.0,111.92,66.22222222222223,1805.111111111111,0.1111111111111111,7.333333333333333,Low Data Usage
Airtel,M,64,Jharkhand,Kolkata,0,140672.0,55,4,7053.0,0,2027,8,3,56+,59,High Usage,0.0077981000992485465,0.07272727272727272,128.23636363636365,29.5,129.53,110.203125,2198.0,0.0,13.75,High Data Usage
BSNL,M,40,Nagaland,Delhi,1,100573.0,70,12,6712.0,0,2027,8,3,36-45,82,High Usage,0.010429082240762813,0.17142857142857143,95.88571428571429,41.0,149.12,167.8,2514.325,0.025,5.833333333333333,Medium Data Usage
BSNL,M,28,Manipur,Kolkata,0,95569.0,42,29,2058.0,0,2027,8,3,26-35,71,Low Usage,0.02040816326530612,0.6904761904761905,49.0,35.5,91.58,73.5,3413.1785714285716,0.0,1.4482758620689655,Low Data Usage
Reliance Jio,F,63,Haryana,Hyderabad,2,78858.0,50,36,2799.0,0,2027,8,3,56+,86,Low Usage,0.01786352268667381,0.72,55.98,43.0,113.99,44.42857142857143,1251.7142857142858,0.031746031746031744,1.3888888888888888,Low Data Usage
BSNL,M,70,Madhya Pradesh,Bangalore,1,127557.0,61,32,1355.0,0,2027,8,3,56+,93,Low Usage,0.045018450184501846,0.5245901639344263,22.21311475409836,46.5,106.55,19.357142857142858,1822.2428571428572,0.014285714285714285,1.90625,Low Data Usage
BSNL,M,69,Meghalaya,Kolkata,4,71203.0,5,46,2275.0,0,2027,8,3,56+,51,Low Usage,0.002197802197802198,9.2,455.0,25.5,73.75,32.971014492753625,1031.927536231884,0.057971014492753624,0.10869565217391304,Low Data Usage
BSNL,F,49,Rajasthan,Kolkata,2,109351.0,47,31,6749.0,1,2027,9,3,46-55,78,High Usage,0.006963994665876426,0.6595744680851063,143.59574468085106,39.0,145.49,137.73469387755102,2231.6530612244896,0.04081632653061224,1.5161290322580645,Medium Data Usage
BSNL,F,63,Goa,Bangalore,2,119501.0,55,35,6743.0,0,2027,9,3,56+,90,High Usage,0.008156606851549755,0.6363636363636364,122.6,45.0,157.43,107.03174603174604,1896.8412698412699,0.031746031746031744,1.5714285714285714,Medium Data Usage
Vodafone,M,64,Odisha,Hyderabad,2,73030.0,47,47,7952.0,0,2027,9,3,56+,94,High Usage,0.0059104627766599594,1.0,169.19148936170214,47.0,173.51999999999998,124.25,1141.09375,0.03125,1.0,High Data Usage
Airtel,M,24,Tamil Nadu,Delhi,0,35351.0,4,7,746.0,1,2027,9,3,18-25,11,Low Usage,0.005361930294906166,1.75,186.5,5.5,18.46,31.083333333333332,1472.9583333333333,0.0,0.5714285714285714,Low Data Usage
Airtel,F,19,Haryana,Kolkata,0,127590.0,17,45,738.0,0,2027,9,3,18-25,62,Low Usage,0.023035230352303523,2.6470588235294117,43.411764705882355,31.0,69.38,38.8421052631579,6715.263157894737,0.0,0.37777777777777777,Low Data Usage
BSNL,M,23,Maharashtra,Mumbai,2,57464.0,6,20,913.0,0,2027,9,3,18-25,26,Low Usage,0.0065717415115005475,3.3333333333333335,152.16666666666666,13.0,35.13,39.69565217391305,2498.4347826086955,0.08695652173913043,0.3,Low Data Usage
Reliance Jio,M,65,Gujarat,Delhi,0,64956.0,86,27,3837.0,0,2027,9,3,56+,113,Medium Usage,0.022413343758144383,0.313953488372093,44.616279069767444,56.5,151.37,59.03076923076923,999.3230769230769,0.0,3.185185185185185,Medium Data Usage
Reliance Jio,F,37,West Bengal,Mumbai,4,91652.0,97,41,3814.0,0,2027,9,3,36-45,138,Medium Usage,0.0254326166754064,0.422680412371134,39.31958762886598,69.0,176.14,103.08108108108108,2477.0810810810813,0.10810810810810811,2.3658536585365852,Medium Data Usage
Vodafone,F,48,Telangana,Chennai,3,148331.0,12,10,1203.0,0,2027,9,3,46-55,22,Low Usage,0.00997506234413965,0.8333333333333334,100.25,11.0,34.03,25.0625,3090.2291666666665,0.0625,1.2,Low Data Usage
Vodafone,F,22,Tripura,Delhi,0,74315.0,79,21,6175.0,0,2027,9,3,18-25,100,Medium Usage,0.012793522267206477,0.26582278481012656,78.16455696202532,50.0,161.75,280.6818181818182,3377.9545454545455,0.0,3.761904761904762,Medium Data Usage
Reliance Jio,M,40,West Bengal,Hyderabad,0,49677.0,39,36,7924.0,0,2027,9,3,36-45,75,High Usage,0.004921756688541141,0.9230769230769231,203.17948717948718,37.5,154.24,198.1,1241.925,0.0,1.0833333333333333,High Data Usage
BSNL,F,27,Odisha,Mumbai,3,105165.0,67,42,9388.0,1,2027,9,3,26-35,109,High Usage,0.007136770345121432,0.6268656716417911,140.11940298507463,54.5,202.88,347.7037037037037,3895.0,0.1111111111111111,1.5952380952380953,High Data Usage
Reliance Jio,F,27,Sikkim,Delhi,3,60099.0,35,0,5099.0,0,2027,9,3,26-35,35,Medium Usage,0.006864090998234948,0.0,145.68571428571428,17.5,85.99000000000001,188.85185185185185,2225.8888888888887,0.1111111111111111,35.0,Medium Data Usage
Airtel,F,71,Jharkhand,Mumbai,3,98598.0,2,42,7531.0,0,2027,9,3,56+,44,High Usage,0.0002655689815429558,21.0,3765.5,22.0,119.31,106.07042253521126,1388.7042253521126,0.04225352112676056,0.047619047619047616,High Data Usage
Reliance Jio,F,59,Arunachal Pradesh,Bangalore,2,66046.0,16,48,9546.0,0,2027,9,3,56+,64,High Usage,0.0016760946993505132,3.0,596.625,32.0,159.45999999999998,161.79661016949152,1119.4237288135594,0.03389830508474576,0.3333333333333333,High Data Usage
Vodafone,F,23,Mizoram,Mumbai,3,94480.0,38,9,5049.0,0,2027,9,3,18-25,47,Medium Usage,0.007526242820360468,0.23684210526315788,132.8684210526316,23.5,97.49000000000001,219.52173913043478,4107.826086956522,0.13043478260869565,4.222222222222222,Medium Data Usage
Airtel,M,25,Telangana,Delhi,2,116561.0,24,42,8085.0,0,2027,9,3,18-25,66,High Usage,0.002968460111317254,1.75,336.875,33.0,146.85,323.4,4662.44,0.08,0.5714285714285714,High Data Usage
Reliance Jio,M,44,Karnataka,Kolkata,1,29390.0,86,46,8080.0,0,2027,9,3,36-45,132,High Usage,0.010643564356435644,0.5348837209302325,93.95348837209302,66.0,212.8,183.63636363636363,667.9545454545455,0.022727272727272728,1.8695652173913044,High Data Usage
Airtel,F,53,Jharkhand,Delhi,2,61319.0,67,29,837.0,1,2027,9,3,46-55,96,Low Usage,0.08004778972520908,0.43283582089552236,12.492537313432836,48.0,104.37,15.79245283018868,1156.9622641509434,0.03773584905660377,2.310344827586207,Low Data Usage
BSNL,F,57,Tamil Nadu,Chennai,3,123185.0,44,44,5785.0,0,2027,9,3,56+,88,Medium Usage,0.0076058772687986175,1.0,131.47727272727272,44.0,145.85,101.49122807017544,2161.1403508771928,0.05263157894736842,1.0,Medium Data Usage
BSNL,F,39,Madhya Pradesh,Chennai,0,78871.0,95,11,4605.0,0,2027,9,3,36-45,106,Medium Usage,0.02062975027144408,0.11578947368421053,48.473684210526315,53.0,152.05,118.07692307692308,2022.3333333333333,0.0,8.636363636363637,Medium Data Usage
Airtel,M,22,Odisha,Bangalore,1,48101.0,70,17,9308.0,1,2027,9,3,18-25,87,High Usage,0.007520412548345509,0.24285714285714285,132.97142857142856,43.5,180.07999999999998,423.09090909090907,2186.409090909091,0.045454545454545456,4.117647058823529,High Data Usage
BSNL,F,19,Tamil Nadu,Delhi,0,81532.0,29,36,3952.0,0,2027,9,3,18-25,65,Medium Usage,0.007338056680161943,1.2413793103448276,136.27586206896552,32.5,104.52000000000001,208.0,4291.1578947368425,0.0,0.8055555555555556,Medium Data Usage
Airtel,M,38,Nagaland,Kolkata,4,127367.0,39,19,5328.0,0,2027,9,3,36-45,58,Medium Usage,0.00731981981981982,0.48717948717948717,136.6153846153846,29.0,111.28,140.21052631578948,3351.7631578947367,0.10526315789473684,2.0526315789473686,Medium Data Usage
Vodafone,M,18,Odisha,Chennai,1,120764.0,49,42,6260.0,1,2027,9,3,18-25,91,Medium Usage,0.007827476038338659,0.8571428571428571,127.75510204081633,45.5,153.6,347.77777777777777,6709.111111111111,0.05555555555555555,1.1666666666666667,Medium Data Usage
Vodafone,M,64,Tripura,Delhi,1,95036.0,96,12,2262.0,0,2027,9,3,56+,108,Low Usage,0.042440318302387266,0.125,23.5625,54.0,130.62,35.34375,1484.9375,0.015625,8.0,Low Data Usage
Reliance Jio,M,38,Himachal Pradesh,Bangalore,4,88151.0,29,25,5908.0,0,2027,9,3,36-45,54,Medium Usage,0.004908598510494245,0.8620689655172413,203.72413793103448,27.0,113.08,155.47368421052633,2319.7631578947367,0.10526315789473684,1.16,Medium Data Usage
Airtel,F,38,Telangana,Kolkata,0,143847.0,42,41,6704.0,1,2027,9,3,36-45,83,High Usage,0.0062649164677804296,0.9761904761904762,159.61904761904762,41.5,150.04000000000002,176.42105263157896,3785.4473684210525,0.0,1.024390243902439,Medium Data Usage
BSNL,F,68,Tamil Nadu,Delhi,0,20855.0,37,41,9136.0,1,2027,9,3,56+,78,High Usage,0.004049912434325744,1.1081081081081081,246.9189189189189,39.0,169.36,134.35294117647058,306.69117647058823,0.0,0.9024390243902439,High Data Usage
Reliance Jio,M,33,Haryana,Delhi,0,38092.0,50,11,476.0,0,2027,9,3,26-35,61,Low Usage,0.10504201680672269,0.22,9.52,30.5,65.76,14.424242424242424,1154.3030303030303,0.0,4.545454545454546,Low Data Usage
Reliance Jio,M,30,Tripura,Bangalore,4,46329.0,59,29,4680.0,0,2027,10,4,26-35,88,Medium Usage,0.012606837606837607,0.4915254237288136,79.32203389830508,44.0,134.8,156.0,1544.3,0.13333333333333333,2.0344827586206895,Medium Data Usage
Reliance Jio,M,70,Bihar,Hyderabad,4,25821.0,72,45,1343.0,1,2027,10,4,56+,117,Low Usage,0.05361131794489948,0.625,18.65277777777778,58.5,130.43,19.185714285714287,368.87142857142857,0.05714285714285714,1.6,Low Data Usage
BSNL,M,55,Kerala,Mumbai,4,148349.0,3,24,7050.0,0,2027,10,4,46-55,27,High Usage,0.000425531914893617,8.0,2350.0,13.5,97.5,128.1818181818182,2697.2545454545457,0.07272727272727272,0.125,High Data Usage
Airtel,M,57,West Bengal,Hyderabad,3,104354.0,38,12,1151.0,0,2027,10,4,56+,50,Low Usage,0.03301476976542137,0.3157894736842105,30.289473684210527,25.0,61.51,20.19298245614035,1830.7719298245613,0.05263157894736842,3.1666666666666665,Low Data Usage
Vodafone,F,63,Mizoram,Bangalore,4,23853.0,27,8,1348.0,0,2027,10,4,56+,35,Low Usage,0.020029673590504452,0.2962962962962963,49.925925925925924,17.5,48.480000000000004,21.396825396825395,378.6190476190476,0.06349206349206349,3.375,Low Data Usage
BSNL,M,25,Manipur,Hyderabad,4,140771.0,60,18,7817.0,0,2027,10,4,18-25,78,High Usage,0.007675578866572854,0.3,130.28333333333333,39.0,156.17000000000002,312.68,5630.84,0.16,3.3333333333333335,High Data Usage
Vodafone,M,31,Andhra Pradesh,Delhi,4,127291.0,36,33,5571.0,0,2027,10,4,26-35,69,Medium Usage,0.006462035541195477,0.9166666666666666,154.75,34.5,124.71000000000001,179.70967741935485,4106.1612903225805,0.12903225806451613,1.0909090909090908,Medium Data Usage
Airtel,F,32,West Bengal,Kolkata,0,118491.0,46,31,8805.0,1,2027,10,4,26-35,77,High Usage,0.005224304372515616,0.6739130434782609,191.41304347826087,38.5,165.05,275.15625,3702.84375,0.0,1.4838709677419355,High Data Usage
BSNL,M,22,Tamil Nadu,Kolkata,0,73298.0,26,0,8453.0,1,2027,10,4,18-25,26,High Usage,0.0030758310658937655,0.0,325.11538461538464,13.0,110.53,384.22727272727275,3331.7272727272725,0.0,26.0,High Data Usage
Vodafone,M,58,Tamil Nadu,Bangalore,1,31233.0,28,46,4056.0,0,2027,10,4,56+,74,Medium Usage,0.006903353057199211,1.6428571428571428,144.85714285714286,37.0,114.56,69.93103448275862,538.5,0.017241379310344827,0.6086956521739131,Medium Data Usage
BSNL,F,40,West Bengal,Bangalore,4,75611.0,3,21,7572.0,1,2027,10,4,36-45,24,High Usage,0.0003961965134706815,7.0,2524.0,12.0,99.72,189.3,1890.275,0.1,0.14285714285714285,High Data Usage
Reliance Jio,M,38,Tripura,Kolkata,3,67661.0,55,39,7768.0,0,2027,10,4,36-45,94,High Usage,0.00708032955715757,0.7090909090909091,141.23636363636365,47.0,171.68,204.42105263157896,1780.5526315789473,0.07894736842105263,1.4102564102564104,High Data Usage
BSNL,M,35,Karnataka,Chennai,3,111440.0,102,29,2056.0,0,2027,10,4,26-35,131,Low Usage,0.04961089494163424,0.28431372549019607,20.15686274509804,65.5,151.56,58.74285714285714,3184.0,0.08571428571428572,3.5172413793103448,Low Data Usage
Reliance Jio,M,40,Bihar,Kolkata,0,36514.0,29,21,4563.0,0,2027,10,4,36-45,50,Medium Usage,0.006355467893929432,0.7241379310344828,157.3448275862069,25.0,95.63,114.075,912.85,0.0,1.380952380952381,Medium Data Usage
Airtel,F,52,Meghalaya,Kolkata,3,75511.0,52,10,5049.0,0,2027,10,4,46-55,62,Medium Usage,0.010299069122598535,0.19230769230769232,97.09615384615384,31.0,112.49000000000001,97.09615384615384,1452.1346153846155,0.057692307692307696,5.2,Medium Data Usage
Vodafone,M,20,Karnataka,Delhi,4,25345.0,50,5,7093.0,0,2027,10,4,18-25,55,High Usage,0.007049203440011279,0.1,141.86,27.5,125.93,354.65,1267.25,0.2,10.0,High Data Usage
BSNL,M,52,Manipur,Chennai,4,39019.0,13,22,4341.0,0,2027,10,4,46-55,35,Medium Usage,0.002994701681640175,1.6923076923076923,333.9230769230769,17.5,78.41,83.48076923076923,750.3653846153846,0.07692307692307693,0.5909090909090909,Medium Data Usage
Vodafone,M,50,Goa,Chennai,2,81792.0,74,42,2037.0,0,2027,10,4,46-55,116,Low Usage,0.03632793323514973,0.5675675675675675,27.527027027027028,58.0,136.37,40.74,1635.84,0.04,1.7619047619047619,Low Data Usage
Airtel,F,37,Assam,Chennai,2,62563.0,24,28,5049.0,0,2027,10,4,36-45,52,Medium Usage,0.004753416518122401,1.1666666666666667,210.375,26.0,102.49000000000001,136.45945945945945,1690.8918918918919,0.05405405405405406,0.8571428571428571,Medium Data Usage
Reliance Jio,F,50,Jharkhand,Mumbai,4,43304.0,13,18,9203.0,0,2027,10,4,46-55,31,High Usage,0.0014125828534173638,1.3846153846153846,707.9230769230769,15.5,123.03,184.06,866.08,0.08,0.7222222222222222,High Data Usage
Airtel,F,23,Manipur,Bangalore,1,141427.0,72,40,10552.0,0,2027,10,4,18-25,112,High Usage,0.006823351023502654,0.5555555555555556,146.55555555555554,56.0,217.51999999999998,458.7826086956522,6149.0,0.043478260869565216,1.8,High Data Usage
Reliance Jio,F,45,Madhya Pradesh,Mumbai,2,113371.0,49,40,5060.0,1,2027,10,4,36-45,89,Medium Usage,0.009683794466403162,0.8163265306122449,103.26530612244898,44.5,139.6,112.44444444444444,2519.3555555555554,0.044444444444444446,1.225,Medium Data Usage
Airtel,F,38,Chhattisgarh,Kolkata,2,78986.0,35,12,1828.0,0,2027,10,4,36-45,47,Low Usage,0.019146608315098467,0.34285714285714286,52.22857142857143,23.5,65.28,48.10526315789474,2078.5789473684213,0.05263157894736842,2.9166666666666665,Low Data Usage
Vodafone,M,64,Uttarakhand,Chennai,3,142054.0,68,31,7814.0,0,2027,10,4,56+,99,High Usage,0.008702329152802661,0.45588235294117646,114.91176470588235,49.5,177.14,122.09375,2219.59375,0.046875,2.193548387096774,High Data Usage
Vodafone,M,53,Nagaland,Bangalore,4,69054.0,58,38,3318.0,0,2027,10,4,46-55,96,Low Usage,0.017480409885473176,0.6551724137931034,57.206896551724135,48.0,129.18,62.60377358490566,1302.9056603773586,0.07547169811320754,1.5263157894736843,Medium Data Usage
Airtel,M,29,Odisha,Kolkata,1,56312.0,20,36,5049.0,1,2027,10,4,26-35,56,Medium Usage,0.003961180431768667,1.8,252.45,28.0,106.49000000000001,174.10344827586206,1941.7931034482758,0.034482758620689655,0.5555555555555556,Medium Data Usage
Reliance Jio,M,48,Tamil Nadu,Mumbai,3,71549.0,98,16,7522.0,0,2027,10,4,46-55,114,High Usage,0.01302844988035097,0.16326530612244897,76.75510204081633,57.0,189.22,156.70833333333334,1490.6041666666667,0.0625,6.125,High Data Usage
Reliance Jio,M,68,Tripura,Mumbai,0,94925.0,41,23,6348.0,0,2027,10,4,56+,64,Medium Usage,0.00645872715816005,0.5609756097560976,154.82926829268294,32.0,127.47999999999999,93.3529411764706,1395.9558823529412,0.0,1.7826086956521738,Medium Data Usage
Airtel,M,58,Andhra Pradesh,Bangalore,4,129811.0,25,48,3952.0,0,2027,10,4,56+,73,Medium Usage,0.006325910931174089,1.92,158.08,36.5,112.52000000000001,68.13793103448276,2238.1206896551726,0.06896551724137931,0.5208333333333334,Medium Data Usage
Airtel,M,38,Telangana,Kolkata,0,143339.0,73,1,8910.0,0,2027,10,4,36-45,74,High Usage,0.00819304152637486,0.0136986301369863,122.05479452054794,37.0,163.1,234.47368421052633,3772.0789473684213,0.0,73.0,High Data Usage
Airtel,M,26,Manipur,Hyderabad,0,137115.0,3,40,5693.0,0,2027,10,4,26-35,43,Medium Usage,0.0005269629369401019,13.333333333333334,1897.6666666666667,21.5,99.93,218.96153846153845,5273.653846153846,0.0,0.075,Medium Data Usage
Vodafone,M,31,Odisha,Bangalore,1,131357.0,73,44,4749.0,0,2027,11,4,26-35,117,Medium Usage,0.015371657190987577,0.6027397260273972,65.05479452054794,58.5,164.49,153.19354838709677,4237.322580645161,0.03225806451612903,1.6590909090909092,Medium Data Usage
Vodafone,F,21,Himachal Pradesh,Chennai,1,122093.0,24,49,8003.0,0,2027,11,4,18-25,73,High Usage,0.002998875421716856,2.0416666666666665,333.4583333333333,36.5,153.03,381.0952380952381,5813.952380952381,0.047619047619047616,0.4897959183673469,High Data Usage
Airtel,M,33,Jharkhand,Hyderabad,2,49420.0,86,25,7310.0,0,2027,11,4,26-35,111,High Usage,0.011764705882352941,0.29069767441860467,85.0,55.5,184.1,221.5151515151515,1497.5757575757575,0.06060606060606061,3.44,High Data Usage
BSNL,F,28,Telangana,Bangalore,4,94852.0,91,44,2856.0,0,2027,11,4,26-35,135,Low Usage,0.031862745098039214,0.4835164835164835,31.384615384615383,67.5,163.56,102.0,3387.5714285714284,0.14285714285714285,2.0681818181818183,Low Data Usage
Vodafone,M,52,Odisha,Mumbai,2,106047.0,7,36,1393.0,1,2027,11,4,46-55,43,Low Usage,0.005025125628140704,5.142857142857143,199.0,21.5,56.93,26.78846153846154,2039.3653846153845,0.038461538461538464,0.19444444444444445,Low Data Usage
BSNL,M,19,Arunachal Pradesh,Chennai,1,99554.0,32,26,4162.0,0,2027,11,4,18-25,58,Medium Usage,0.0076886112445939455,0.8125,130.0625,29.0,99.62,219.05263157894737,5239.684210526316,0.05263157894736842,1.2307692307692308,Medium Data Usage
Reliance Jio,M,71,Kerala,Kolkata,0,82351.0,24,24,5672.0,1,2027,11,4,56+,48,Medium Usage,0.004231311706629055,1.0,236.33333333333334,24.0,104.72,79.88732394366197,1159.8732394366198,0.0,1.0,Medium Data Usage
Reliance Jio,F,42,Jharkhand,Mumbai,2,39056.0,44,2,6776.0,1,2027,11,4,36-45,46,High Usage,0.006493506493506494,0.045454545454545456,154.0,23.0,113.76,161.33333333333334,929.9047619047619,0.047619047619047616,22.0,Medium Data Usage
Reliance Jio,F,74,Bihar,Kolkata,0,106118.0,44,6,6329.0,0,2027,11,4,56+,50,Medium Usage,0.006952125138252488,0.13636363636363635,143.8409090909091,25.0,113.28999999999999,85.52702702702703,1434.027027027027,0.0,7.333333333333333,Medium Data Usage
Airtel,M,42,Himachal Pradesh,Delhi,1,86026.0,86,2,3517.0,1,2027,11,4,36-45,88,Low Usage,0.024452658515780493,0.023255813953488372,40.895348837209305,44.0,123.17,83.73809523809524,2048.2380952380954,0.023809523809523808,43.0,Medium Data Usage
Airtel,M,36,Manipur,Chennai,2,59118.0,84,46,7346.0,1,2027,11,4,36-45,130,High Usage,0.011434794445956983,0.5476190476190477,87.45238095238095,65.0,203.45999999999998,204.05555555555554,1642.1666666666667,0.05555555555555555,1.826086956521739,High Data Usage
BSNL,F,41,Manipur,Chennai,4,31909.0,99,49,1795.0,0,2027,11,4,36-45,148,Low Usage,0.05515320334261838,0.494949494949495,18.13131313131313,74.0,165.95,43.78048780487805,778.2682926829268,0.0975609756097561,2.020408163265306,Low Data Usage
Vodafone,F,18,Tripura,Kolkata,4,68858.0,26,20,5716.0,0,2027,11,4,18-25,46,Medium Usage,0.004548635409377187,0.7692307692307693,219.84615384615384,23.0,103.16,317.55555555555554,3825.4444444444443,0.2222222222222222,1.3,Medium Data Usage
Vodafone,F,28,Madhya Pradesh,Chennai,3,53675.0,13,6,783.0,1,2027,11,4,26-35,19,Low Usage,0.016602809706257982,0.46153846153846156,60.23076923076923,9.5,26.83,27.964285714285715,1916.9642857142858,0.10714285714285714,2.1666666666666665,Low Data Usage
BSNL,M,24,Haryana,Kolkata,0,93585.0,23,18,7232.0,1,2027,11,4,18-25,41,High Usage,0.0031803097345132745,0.782608695652174,314.4347826086956,20.5,113.32,301.3333333333333,3899.375,0.0,1.2777777777777777,High Data Usage
Airtel,M,64,Chhattisgarh,Delhi,4,80759.0,78,0,6722.0,0,2027,11,4,56+,78,High Usage,0.011603689378161261,0.0,86.17948717948718,39.0,145.22,105.03125,1261.859375,0.0625,78.0,Medium Data Usage
Airtel,F,65,Rajasthan,Hyderabad,4,111852.0,58,10,10084.0,0,2027,11,4,56+,68,High Usage,0.005751685838952796,0.1724137931034483,173.86206896551724,34.0,168.84,155.13846153846154,1720.8,0.06153846153846154,5.8,High Data Usage
Reliance Jio,F,42,Karnataka,Hyderabad,0,117901.0,50,14,5892.0,0,2027,11,4,36-45,64,Medium Usage,0.008486082824168364,0.28,117.84,32.0,122.92,140.28571428571428,2807.1666666666665,0.0,3.5714285714285716,Medium Data Usage
Vodafone,M,33,Haryana,Mumbai,0,75247.0,84,43,5049.0,0,2027,11,4,26-35,127,Medium Usage,0.016636957813428402,0.5119047619047619,60.107142857142854,63.5,177.49,153.0,2280.212121212121,0.0,1.9534883720930232,Medium Data Usage
Airtel,M,43,Jharkhand,Delhi,0,85509.0,24,40,6781.0,0,2027,11,4,36-45,64,High Usage,0.0035393009880548593,1.6666666666666667,282.5416666666667,32.0,131.81,157.69767441860466,1988.5813953488373,0.0,0.6,Medium Data Usage
Reliance Jio,F,53,Manipur,Kolkata,1,129517.0,23,7,2185.0,0,2027,11,4,46-55,30,Low Usage,0.010526315789473684,0.30434782608695654,95.0,15.0,51.85,41.22641509433962,2443.7169811320755,0.018867924528301886,3.2857142857142856,Low Data Usage
BSNL,M,50,Jharkhand,Chennai,2,40158.0,71,44,6252.0,1,2027,11,4,46-55,115,Medium Usage,0.011356365962891874,0.6197183098591549,88.05633802816901,57.5,177.52,125.04,803.16,0.04,1.6136363636363635,Medium Data Usage
BSNL,F,48,Uttar Pradesh,Delhi,2,93919.0,96,28,5162.0,0,2027,11,4,46-55,124,Medium Usage,0.018597442851607904,0.2916666666666667,53.770833333333336,62.0,175.62,107.54166666666667,1956.6458333333333,0.041666666666666664,3.4285714285714284,Medium Data Usage
BSNL,F,30,Rajasthan,Mumbai,2,36765.0,31,25,6518.0,0,2027,11,4,26-35,56,Medium Usage,0.004756060141147591,0.8064516129032258,210.25806451612902,28.0,121.18,217.26666666666668,1225.5,0.06666666666666667,1.24,Medium Data Usage
BSNL,M,30,Maharashtra,Chennai,2,21704.0,81,50,1649.0,0,2027,11,4,26-35,131,Low Usage,0.049120679199514856,0.6172839506172839,20.358024691358025,65.5,147.49,54.96666666666667,723.4666666666667,0.06666666666666667,1.62,Low Data Usage
Vodafone,M,29,Sikkim,Kolkata,1,20502.0,26,10,3500.0,1,2027,11,4,26-35,36,Low Usage,0.0074285714285714285,0.38461538461538464,134.6153846153846,18.0,71.0,120.6896551724138,706.9655172413793,0.034482758620689655,2.6,Medium Data Usage
BSNL,M,61,Kerala,Bangalore,0,118104.0,32,44,6810.0,0,2027,11,4,56+,76,High Usage,0.004698972099853157,1.375,212.8125,38.0,144.1,111.63934426229508,1936.1311475409836,0.0,0.7272727272727273,Medium Data Usage
BSNL,F,22,Andhra Pradesh,Kolkata,1,83933.0,81,30,658.0,1,2027,11,4,18-25,111,Low Usage,0.12310030395136778,0.37037037037037035,8.123456790123457,55.5,117.58,29.90909090909091,3815.1363636363635,0.045454545454545456,2.7,Low Data Usage
Vodafone,M,52,Rajasthan,Mumbai,1,147962.0,35,17,10407.0,0,2027,11,4,46-55,52,High Usage,0.003363120976265975,0.4857142857142857,297.34285714285716,26.0,156.07,200.1346153846154,2845.423076923077,0.019230769230769232,2.0588235294117645,High Data Usage
Airtel,F,71,Uttarakhand,Delhi,1,78267.0,93,28,1299.0,0,2027,11,4,56+,121,Low Usage,0.07159353348729793,0.3010752688172043,13.96774193548387,60.5,133.99,18.295774647887324,1102.3521126760563,0.014084507042253521,3.3214285714285716,Low Data Usage
Reliance Jio,F,35,Himachal Pradesh,Hyderabad,4,105916.0,53,45,2751.0,0,2027,12,4,26-35,98,Low Usage,0.019265721555797893,0.8490566037735849,51.905660377358494,49.0,125.51,78.6,3026.1714285714284,0.11428571428571428,1.1777777777777778,Low Data Usage
Airtel,F,42,Assam,Bangalore,3,68468.0,36,11,7184.0,1,2027,12,4,36-45,47,High Usage,0.005011135857461025,0.3055555555555556,199.55555555555554,23.5,118.84,171.04761904761904,1630.1904761904761,0.07142857142857142,3.272727272727273,High Data Usage
Reliance Jio,M,73,Rajasthan,Chennai,4,120023.0,34,26,2180.0,0,2027,12,4,56+,60,Low Usage,0.015596330275229359,0.7647058823529411,64.11764705882354,30.0,81.8,29.863013698630137,1644.150684931507,0.0547945205479452,1.3076923076923077,Low Data Usage
BSNL,F,34,Jharkhand,Bangalore,4,48516.0,35,36,4574.0,0,2027,12,4,26-35,71,Medium Usage,0.00765194578049847,1.0285714285714285,130.68571428571428,35.5,116.74000000000001,134.52941176470588,1426.9411764705883,0.11764705882352941,0.9722222222222222,Medium Data Usage
Vodafone,M,27,Tripura,Mumbai,3,43011.0,9,5,4004.0,0,2027,12,4,26-35,14,Medium Usage,0.002247752247752248,0.5555555555555556,444.8888888888889,7.0,54.04,148.2962962962963,1593.0,0.1111111111111111,1.8,Medium Data Usage
Airtel,F,27,Jharkhand,Kolkata,0,133738.0,40,13,4866.0,1,2027,12,4,26-35,53,Medium Usage,0.008220304151253596,0.325,121.65,26.5,101.66,180.22222222222223,4953.259259259259,0.0,3.076923076923077,Medium Data Usage
BSNL,M,56,Meghalaya,Delhi,0,148351.0,98,13,7634.0,0,2027,12,4,56+,111,High Usage,0.012837306785433586,0.1326530612244898,77.89795918367346,55.5,187.34,136.32142857142858,2649.125,0.0,7.538461538461538,High Data Usage
Reliance Jio,F,19,Andhra Pradesh,Bangalore,1,66857.0,63,42,6560.0,1,2027,12,4,18-25,105,Medium Usage,0.009603658536585366,0.6666666666666666,104.12698412698413,52.5,170.6,345.2631578947368,3518.7894736842104,0.05263157894736842,1.5,Medium Data Usage
BSNL,M,27,Punjab,Bangalore,2,37557.0,21,7,7895.0,0,2027,12,4,26-35,28,High Usage,0.0026599113362887903,0.3333333333333333,375.95238095238096,14.0,106.95,292.4074074074074,1391.0,0.07407407407407407,3.0,High Data Usage
BSNL,M,26,Maharashtra,Kolkata,0,97337.0,53,3,4587.0,1,2027,12,4,26-35,56,Medium Usage,0.011554392849356878,0.05660377358490566,86.54716981132076,28.0,101.87,176.42307692307693,3743.730769230769,0.0,17.666666666666668,Medium Data Usage
Vodafone,M,24,Goa,Hyderabad,4,140262.0,58,21,4539.0,1,2027,12,4,18-25,79,Medium Usage,0.01277814496585151,0.3620689655172414,78.25862068965517,39.5,124.39,189.125,5844.25,0.16666666666666666,2.761904761904762,Medium Data Usage
Vodafone,M,53,Meghalaya,Hyderabad,0,74098.0,73,22,4914.0,0,2027,12,4,46-55,95,Medium Usage,0.014855514855514855,0.3013698630136986,67.31506849315069,47.5,144.14,92.71698113207547,1398.0754716981132,0.0,3.3181818181818183,Medium Data Usage
Airtel,F,25,Gujarat,Kolkata,1,122893.0,29,11,5575.0,0,2027,12,4,18-25,40,Medium Usage,0.005201793721973094,0.3793103448275862,192.24137931034483,20.0,95.75,223.0,4915.72,0.04,2.6363636363636362,Medium Data Usage
Reliance Jio,F,28,West Bengal,Mumbai,0,58558.0,36,9,3724.0,0,2027,12,4,26-35,45,Medium Usage,0.00966702470461869,0.25,103.44444444444444,22.5,82.24000000000001,133.0,2091.3571428571427,0.0,4.0,Medium Data Usage
Reliance Jio,M,25,Arunachal Pradesh,Kolkata,0,149051.0,35,38,3075.0,1,2027,12,4,18-25,73,Low Usage,0.011382113821138212,1.0857142857142856,87.85714285714286,36.5,103.75,123.0,5962.04,0.0,0.9210526315789473,Medium Data Usage
Reliance Jio,M,41,Andhra Pradesh,Bangalore,4,141229.0,96,34,7684.0,0,2027,12,4,36-45,130,High Usage,0.012493492972410203,0.3541666666666667,80.04166666666667,65.0,206.84,187.41463414634146,3444.609756097561,0.0975609756097561,2.823529411764706,High Data Usage
Vodafone,F,30,Assam,Delhi,4,37217.0,33,12,4969.0,1,2027,12,4,26-35,45,Medium Usage,0.006641175286778024,0.36363636363636365,150.57575757575756,22.5,94.69,165.63333333333333,1240.5666666666666,0.13333333333333333,2.75,Medium Data Usage
Reliance Jio,M,62,Madhya Pradesh,Mumbai,3,91297.0,50,7,1133.0,0,2027,12,4,56+,57,Low Usage,0.0441306266548985,0.14,22.66,28.5,68.33,18.274193548387096,1472.532258064516,0.04838709677419355,7.142857142857143,Low Data Usage
Airtel,M,40,Punjab,Mumbai,2,111574.0,67,36,2224.0,0,2027,12,4,36-45,103,Low Usage,0.03012589928057554,0.5373134328358209,33.19402985074627,51.5,125.24,55.6,2789.35,0.05,1.8611111111111112,Low Data Usage
Reliance Jio,M,20,West Bengal,Kolkata,4,60766.0,43,15,4583.0,0,2027,12,4,18-25,58,Medium Usage,0.009382500545494218,0.3488372093023256,106.5813953488372,29.0,103.83,229.15,3038.3,0.2,2.8666666666666667,Medium Data Usage
Reliance Jio,M,37,Gujarat,Delhi,0,68672.0,15,31,977.0,1,2027,12,4,36-45,46,Low Usage,0.015353121801432957,2.066666666666667,65.13333333333334,23.0,55.769999999999996,26.405405405405407,1856.0,0.0,0.4838709677419355,Low Data Usage
Reliance Jio,M,49,Rajasthan,Bangalore,1,131451.0,73,19,6714.0,0,2027,12,4,46-55,92,High Usage,0.010872803098004171,0.2602739726027397,91.97260273972603,46.0,159.14,137.0204081632653,2682.673469387755,0.02040816326530612,3.8421052631578947,Medium Data Usage
Airtel,F,44,Jharkhand,Kolkata,1,27410.0,81,1,7015.0,1,2027,12,4,36-45,82,High Usage,0.011546685673556665,0.012345679012345678,86.60493827160494,41.0,152.15,159.4318181818182,622.9545454545455,0.022727272727272728,81.0,High Data Usage
Reliance Jio,M,49,Telangana,Kolkata,2,145296.0,2,4,3939.0,0,2027,12,4,46-55,6,Medium Usage,0.0005077430820005078,2.0,1969.5,3.0,45.39,80.38775510204081,2965.2244897959185,0.04081632653061224,0.5,Medium Data Usage
Vodafone,F,44,Andhra Pradesh,Mumbai,0,122754.0,11,41,1605.0,1,2027,12,4,36-45,52,Low Usage,0.006853582554517134,3.727272727272727,145.9090909090909,26.0,68.05,36.47727272727273,2789.8636363636365,0.0,0.2682926829268293,Low Data Usage
BSNL,F,22,Gujarat,Bangalore,3,140379.0,42,24,3936.0,0,2027,12,4,18-25,66,Medium Usage,0.010670731707317074,0.5714285714285714,93.71428571428571,33.0,105.36,178.9090909090909,6380.863636363636,0.13636363636363635,1.75,Medium Data Usage
Vodafone,M,70,Punjab,Chennai,3,75861.0,17,39,5049.0,0,2027,12,4,56+,56,Medium Usage,0.003367003367003367,2.2941176470588234,297.0,28.0,106.49000000000001,72.12857142857143,1083.7285714285715,0.04285714285714286,0.4358974358974359,Medium Data Usage
Airtel,M,29,Odisha,Kolkata,3,116980.0,58,48,1989.0,0,2027,12,4,26-35,106,Low Usage,0.029160382101558573,0.8275862068965517,34.293103448275865,53.0,125.89,68.58620689655173,4033.793103448276,0.10344827586206896,1.2083333333333333,Low Data Usage
Vodafone,M,19,West Bengal,Chennai,2,118676.0,41,41,5403.0,0,2027,12,4,18-25,82,Medium Usage,0.0075883768276883215,1.0,131.78048780487805,41.0,136.03,284.36842105263156,6246.105263157895,0.10526315789473684,1.0,Medium Data Usage
Reliance Jio,M,71,Uttar Pradesh,Hyderabad,2,79577.0,59,33,2498.0,0,2027,12,4,56+,92,Low Usage,0.023618895116092876,0.559322033898305,42.33898305084746,46.0,116.98,35.183098591549296,1120.8028169014085,0.028169014084507043,1.7878787878787878,Low Data Usage
Vodafone,M,22,Punjab,Hyderabad,3,117855.0,81,26,310.0,0,2027,12,4,18-25,107,Low Usage,0.26129032258064516,0.32098765432098764,3.8271604938271606,53.5,110.1,14.090909090909092,5357.045454545455,0.13636363636363635,3.1153846153846154,Low Data Usage
Airtel,M,60,Mizoram,Bangalore,1,71344.0,3,37,1157.0,1,2028,1,1,56+,40,Low Usage,0.0025929127052722557,12.333333333333334,385.6666666666667,20.0,51.57,19.283333333333335,1189.0666666666666,0.016666666666666666,0.08108108108108109,Low Data Usage
Vodafone,M,52,Tripura,Delhi,0,123398.0,79,28,8691.0,0,2028,1,1,46-55,107,High Usage,0.00908986307674606,0.35443037974683544,110.0126582278481,53.5,193.91,167.1346153846154,2373.0384615384614,0.0,2.8214285714285716,High Data Usage
Airtel,M,61,Assam,Delhi,1,143019.0,7,6,2291.0,0,2028,1,1,56+,13,Low Usage,0.0030554343081623746,0.8571428571428571,327.2857142857143,6.5,35.91,37.557377049180324,2344.5737704918033,0.01639344262295082,1.1666666666666667,Low Data Usage
BSNL,M,60,Haryana,Bangalore,2,81440.0,72,40,6407.0,1,2028,1,1,56+,112,Medium Usage,0.011237708756048072,0.5555555555555556,88.98611111111111,56.0,176.07,106.78333333333333,1357.3333333333333,0.03333333333333333,1.8,Medium Data Usage
Airtel,M,31,Uttar Pradesh,Bangalore,0,75483.0,62,26,7297.0,0,2028,1,1,26-35,88,High Usage,0.008496642455803755,0.41935483870967744,117.69354838709677,44.0,160.97,235.38709677419354,2434.935483870968,0.0,2.3846153846153846,High Data Usage
Airtel,M,32,Haryana,Kolkata,2,37519.0,50,26,7647.0,0,2028,1,1,26-35,76,High Usage,0.006538511834706421,0.52,152.94,38.0,152.47,238.96875,1172.46875,0.0625,1.9230769230769231,High Data Usage
BSNL,M,38,Mizoram,Hyderabad,3,83005.0,50,34,7877.0,0,2028,1,1,36-45,84,High Usage,0.006347594261774787,0.68,157.54,42.0,162.76999999999998,207.28947368421052,2184.342105263158,0.07894736842105263,1.4705882352941178,High Data Usage
BSNL,M,27,Tripura,Hyderabad,4,121788.0,67,51,10373.0,0,2028,1,1,26-35,118,High Usage,0.006459076448471995,0.7611940298507462,154.82089552238807,59.0,221.73000000000002,384.18518518518516,4510.666666666667,0.14814814814814814,1.3137254901960784,High Data Usage
Vodafone,M,29,Himachal Pradesh,Chennai,0,134751.0,7,15,4029.0,0,2028,1,1,26-35,22,Medium Usage,0.001737403822288409,2.142857142857143,575.5714285714286,11.0,62.29,138.93103448275863,4646.586206896552,0.0,0.4666666666666667,Medium Data Usage
Reliance Jio,F,72,Uttar Pradesh,Chennai,2,53594.0,78,39,1343.0,0,2028,1,1,56+,117,Low Usage,0.058078927773641105,0.5,17.21794871794872,58.5,130.43,18.65277777777778,744.3611111111111,0.027777777777777776,2.0,Low Data Usage
Reliance Jio,M,55,Himachal Pradesh,Bangalore,0,81157.0,29,30,3474.0,0,2028,1,1,46-55,59,Low Usage,0.008347725964306276,1.0344827586206897,119.79310344827586,29.5,93.74000000000001,63.163636363636364,1475.581818181818,0.0,0.9666666666666667,Medium Data Usage
Reliance Jio,M,64,Meghalaya,Kolkata,1,114664.0,22,13,6074.0,0,2028,1,1,56+,35,Medium Usage,0.0036219953901876854,0.5909090909090909,276.09090909090907,17.5,95.74000000000001,94.90625,1791.625,0.015625,1.6923076923076923,Medium Data Usage
Airtel,M,60,Sikkim,Delhi,0,33416.0,66,3,5969.0,0,2028,1,1,56+,69,Medium Usage,0.011057128497235717,0.045454545454545456,90.43939393939394,34.5,128.69,99.48333333333333,556.9333333333333,0.0,22.0,Medium Data Usage
Reliance Jio,M,25,Nagaland,Chennai,1,134351.0,60,7,2358.0,0,2028,1,1,18-25,67,Low Usage,0.02544529262086514,0.11666666666666667,39.3,33.5,90.58,94.32,5374.04,0.04,8.571428571428571,Low Data Usage
Vodafone,F,49,Manipur,Bangalore,4,47405.0,8,37,8597.0,0,2028,1,1,46-55,45,High Usage,0.0009305571711061999,4.625,1074.625,22.5,130.97,175.44897959183675,967.4489795918367,0.08163265306122448,0.21621621621621623,High Data Usage
Vodafone,M,63,Telangana,Hyderabad,0,143668.0,47,35,5049.0,1,2028,1,1,56+,82,Medium Usage,0.009308774014656367,0.7446808510638298,107.42553191489361,41.0,132.49,80.14285714285714,2280.4444444444443,0.0,1.3428571428571427,Medium Data Usage
Reliance Jio,F,22,Tamil Nadu,Bangalore,3,58248.0,86,26,6319.0,0,2028,1,1,18-25,112,Medium Usage,0.013609748377907897,0.3023255813953488,73.47674418604652,56.0,175.19,287.22727272727275,2647.6363636363635,0.13636363636363635,3.3076923076923075,Medium Data Usage
BSNL,M,61,Bihar,Delhi,4,45612.0,77,5,8459.0,0,2028,1,1,56+,82,High Usage,0.009102730819245773,0.06493506493506493,109.85714285714286,41.0,166.59,138.672131147541,747.7377049180328,0.06557377049180328,15.4,High Data Usage
BSNL,M,18,Chhattisgarh,Delhi,3,129279.0,18,49,3681.0,0,2028,1,1,18-25,67,Medium Usage,0.004889975550122249,2.7222222222222223,204.5,33.5,103.81,204.5,7182.166666666667,0.16666666666666666,0.3673469387755102,Medium Data Usage
Reliance Jio,M,25,Rajasthan,Kolkata,4,52220.0,18,44,3397.0,1,2028,1,1,18-25,62,Low Usage,0.005298793052693553,2.4444444444444446,188.72222222222223,31.0,95.97,135.88,2088.8,0.16,0.4090909090909091,Medium Data Usage
Reliance Jio,M,46,Tripura,Kolkata,1,98699.0,24,21,8743.0,1,2028,1,1,46-55,45,High Usage,0.0027450531854054674,0.875,364.2916666666667,22.5,132.43,190.06521739130434,2145.6304347826085,0.021739130434782608,1.1428571428571428,High Data Usage
Vodafone,M,58,Himachal Pradesh,Chennai,4,61462.0,37,22,3251.0,0,2028,1,1,56+,59,Low Usage,0.011381113503537373,0.5945945945945946,87.86486486486487,29.5,91.50999999999999,56.05172413793103,1059.6896551724137,0.06896551724137931,1.6818181818181819,Medium Data Usage
Reliance Jio,M,60,Himachal Pradesh,Kolkata,4,93758.0,90,31,1244.0,1,2028,1,1,56+,121,Low Usage,0.07234726688102894,0.34444444444444444,13.822222222222223,60.5,133.44,20.733333333333334,1562.6333333333334,0.06666666666666667,2.903225806451613,Low Data Usage
BSNL,M,52,Telangana,Kolkata,4,49472.0,35,16,6642.0,0,2028,1,1,46-55,51,High Usage,0.005269497139415839,0.45714285714285713,189.77142857142857,25.5,117.42,127.73076923076923,951.3846153846154,0.07692307692307693,2.1875,Medium Data Usage
BSNL,F,26,Gujarat,Bangalore,3,101698.0,50,37,6116.0,0,2028,1,1,26-35,87,Medium Usage,0.008175277959450621,0.74,122.32,43.5,148.16,235.23076923076923,3911.4615384615386,0.11538461538461539,1.3513513513513513,Medium Data Usage
BSNL,M,73,Uttarakhand,Bangalore,1,80220.0,70,26,9283.0,0,2028,1,1,56+,96,High Usage,0.007540665733060433,0.37142857142857144,132.61428571428573,48.0,188.82999999999998,127.16438356164383,1098.9041095890411,0.0136986301369863,2.6923076923076925,High Data Usage
Reliance Jio,F,24,Jharkhand,Kolkata,3,49235.0,18,23,7375.0,0,2028,1,1,18-25,41,High Usage,0.0024406779661016948,1.2777777777777777,409.72222222222223,20.5,114.75,307.2916666666667,2051.4583333333335,0.125,0.782608695652174,High Data Usage
Reliance Jio,F,36,Manipur,Delhi,0,126789.0,58,28,5049.0,0,2028,1,1,36-45,86,Medium Usage,0.011487423252129134,0.4827586206896552,87.05172413793103,43.0,136.49,140.25,3521.9166666666665,0.0,2.0714285714285716,Medium Data Usage
Airtel,M,53,Sikkim,Kolkata,3,27222.0,76,26,7093.0,1,2028,1,1,46-55,102,High Usage,0.010714789228817143,0.34210526315789475,93.32894736842105,51.0,172.93,133.83018867924528,513.622641509434,0.05660377358490566,2.923076923076923,High Data Usage
Airtel,M,70,Arunachal Pradesh,Kolkata,0,40966.0,55,6,7223.0,0,2028,1,1,56+,61,High Usage,0.007614564585352346,0.10909090909090909,131.3272727272727,30.5,133.23000000000002,103.18571428571428,585.2285714285714,0.0,9.166666666666666,High Data Usage
Airtel,M,65,Uttar Pradesh,Mumbai,4,92998.0,55,14,1099.0,0,2028,1,1,56+,69,Low Usage,0.05004549590536852,0.2545454545454545,19.98181818181818,34.5,79.99,16.907692307692308,1430.7384615384615,0.06153846153846154,3.9285714285714284,Low Data Usage
Reliance Jio,F,72,Odisha,Hyderabad,0,25736.0,19,26,151.0,0,2028,2,1,56+,45,Low Usage,0.12582781456953643,1.368421052631579,7.947368421052632,22.5,46.51,2.0972222222222223,357.44444444444446,0.0,0.7307692307692307,Low Data Usage
Vodafone,M,70,Karnataka,Mumbai,1,40385.0,69,29,3468.0,0,2028,2,1,56+,98,Low Usage,0.019896193771626297,0.42028985507246375,50.26086956521739,49.0,132.68,49.542857142857144,576.9285714285714,0.014285714285714285,2.3793103448275863,Medium Data Usage
BSNL,M,71,Odisha,Delhi,4,100833.0,81,15,6611.0,0,2028,2,1,56+,96,Medium Usage,0.012252306761458175,0.18518518518518517,81.61728395061728,48.0,162.11,93.11267605633803,1420.1830985915492,0.056338028169014086,5.4,Medium Data Usage
Reliance Jio,F,37,Assam,Delhi,3,67408.0,82,44,5708.0,0,2028,2,1,36-45,126,Medium Usage,0.014365802382620883,0.5365853658536586,69.60975609756098,63.0,183.07999999999998,154.27027027027026,1821.837837837838,0.08108108108108109,1.8636363636363635,Medium Data Usage
Airtel,M,47,Karnataka,Mumbai,4,23026.0,93,16,406.0,0,2028,2,1,46-55,109,Low Usage,0.229064039408867,0.17204301075268819,4.365591397849462,54.5,113.06,8.638297872340425,489.9148936170213,0.0851063829787234,5.8125,Low Data Usage
Reliance Jio,M,30,Assam,Mumbai,2,147379.0,48,37,9873.0,1,2028,2,1,26-35,85,High Usage,0.004861744150714068,0.7708333333333334,205.6875,42.5,183.73000000000002,329.1,4912.633333333333,0.06666666666666667,1.2972972972972974,High Data Usage
BSNL,F,49,Mizoram,Hyderabad,3,96307.0,12,50,7601.0,1,2028,2,1,46-55,62,High Usage,0.0015787396395211155,4.166666666666667,633.4166666666666,31.0,138.01,155.12244897959184,1965.4489795918366,0.061224489795918366,0.24,High Data Usage
Vodafone,F,25,Goa,Kolkata,3,149053.0,28,42,4140.0,0,2028,2,1,18-25,70,Medium Usage,0.00676328502415459,1.5,147.85714285714286,35.0,111.4,165.6,5962.12,0.12,0.6666666666666666,Medium Data Usage
BSNL,F,40,Meghalaya,Mumbai,2,71942.0,35,41,7963.0,0,2028,2,1,36-45,76,High Usage,0.004395328393821424,1.1714285714285715,227.5142857142857,38.0,155.63,199.075,1798.55,0.05,0.8536585365853658,High Data Usage
Vodafone,F,50,Goa,Bangalore,1,62595.0,28,3,4240.0,0,2028,2,1,46-55,31,Medium Usage,0.006603773584905661,0.10714285714285714,151.42857142857142,15.5,73.4,84.8,1251.9,0.02,9.333333333333334,Medium Data Usage
BSNL,M,21,Tripura,Mumbai,3,71102.0,86,12,8310.0,1,2028,2,1,18-25,98,High Usage,0.010348977135980746,0.13953488372093023,96.62790697674419,49.0,181.1,395.7142857142857,3385.809523809524,0.14285714285714285,7.166666666666667,High Data Usage
Reliance Jio,F,28,Punjab,Bangalore,0,40457.0,66,16,2668.0,1,2028,2,1,26-35,82,Low Usage,0.024737631184407798,0.24242424242424243,40.42424242424242,41.0,108.68,95.28571428571429,1444.892857142857,0.0,4.125,Low Data Usage
BSNL,F,49,Nagaland,Kolkata,3,132026.0,92,45,8034.0,0,2028,2,1,46-55,137,High Usage,0.011451331839681354,0.4891304347826087,87.32608695652173,68.5,217.34,163.9591836734694,2694.408163265306,0.061224489795918366,2.0444444444444443,High Data Usage
Reliance Jio,F,62,Arunachal Pradesh,Mumbai,1,37564.0,76,0,7292.0,0,2028,2,1,56+,76,High Usage,0.010422380691168404,0.0,95.94736842105263,38.0,148.92000000000002,117.61290322580645,605.8709677419355,0.016129032258064516,76.0,High Data Usage
BSNL,M,63,Madhya Pradesh,Chennai,4,120178.0,52,12,8731.0,0,2028,2,1,56+,64,High Usage,0.0059557897148093,0.23076923076923078,167.90384615384616,32.0,151.31,138.5873015873016,1907.5873015873017,0.06349206349206349,4.333333333333333,High Data Usage
Reliance Jio,F,71,Mizoram,Bangalore,2,135526.0,20,12,2460.0,0,2028,2,1,56+,32,Low Usage,0.008130081300813009,0.6,123.0,16.0,56.6,34.647887323943664,1908.8169014084508,0.028169014084507043,1.6666666666666667,Low Data Usage
BSNL,M,35,Karnataka,Chennai,1,53122.0,50,0,1535.0,0,2028,2,1,26-35,50,Low Usage,0.03257328990228013,0.0,30.7,25.0,65.35,43.857142857142854,1517.7714285714285,0.02857142857142857,50.0,Low Data Usage
Airtel,M,38,Chhattisgarh,Bangalore,2,29864.0,37,20,2678.0,0,2028,2,1,36-45,57,Low Usage,0.013816280806572068,0.5405405405405406,72.37837837837837,28.5,83.78,70.47368421052632,785.8947368421053,0.05263157894736842,1.85,Low Data Usage
Airtel,F,34,Uttarakhand,Delhi,0,73986.0,30,26,3117.0,0,2028,2,1,26-35,56,Low Usage,0.009624639076034648,0.8666666666666667,103.9,28.0,87.17,91.67647058823529,2176.0588235294117,0.0,1.1538461538461537,Medium Data Usage
BSNL,F,27,Madhya Pradesh,Kolkata,2,22016.0,63,27,6015.0,1,2028,2,1,26-35,90,Medium Usage,0.010473815461346634,0.42857142857142855,95.47619047619048,45.0,150.15,222.77777777777777,815.4074074074074,0.07407407407407407,2.3333333333333335,Medium Data Usage
Reliance Jio,M,58,Meghalaya,Delhi,1,127705.0,74,48,3984.0,0,2028,2,1,56+,122,Medium Usage,0.01857429718875502,0.6486486486486487,53.83783783783784,61.0,161.84,68.6896551724138,2201.810344827586,0.017241379310344827,1.5416666666666667,Medium Data Usage
Reliance Jio,M,39,Madhya Pradesh,Mumbai,4,49751.0,59,19,3227.0,0,2028,2,1,36-45,78,Low Usage,0.0182832352029749,0.3220338983050847,54.69491525423729,39.0,110.27000000000001,82.74358974358974,1275.6666666666667,0.10256410256410256,3.1052631578947367,Medium Data Usage
Airtel,M,38,Tripura,Delhi,0,111068.0,75,18,6625.0,0,2028,2,1,36-45,93,Medium Usage,0.011320754716981131,0.24,88.33333333333333,46.5,159.25,174.3421052631579,2922.842105263158,0.0,4.166666666666667,Medium Data Usage
BSNL,F,71,Bihar,Bangalore,3,146501.0,71,16,4028.0,1,2028,2,1,56+,87,Medium Usage,0.0176266137040715,0.22535211267605634,56.732394366197184,43.5,127.28,56.732394366197184,2063.394366197183,0.04225352112676056,4.4375,Medium Data Usage
Airtel,M,60,Punjab,Delhi,1,21188.0,9,9,9397.0,0,2028,2,1,56+,18,High Usage,0.0009577524741938917,1.0,1044.111111111111,9.0,111.97,156.61666666666667,353.1333333333333,0.016666666666666666,1.0,High Data Usage
Vodafone,F,27,Telangana,Mumbai,3,104794.0,8,31,9740.0,0,2028,2,1,26-35,39,High Usage,0.0008213552361396304,3.875,1217.5,19.5,136.4,360.74074074074076,3881.259259259259,0.1111111111111111,0.25806451612903225,High Data Usage
Airtel,F,37,Himachal Pradesh,Mumbai,1,67256.0,32,7,6614.0,0,2028,2,1,36-45,39,Medium Usage,0.004838221953432114,0.21875,206.6875,19.5,105.14,178.75675675675674,1817.7297297297298,0.02702702702702703,4.571428571428571,Medium Data Usage
Reliance Jio,M,72,Tamil Nadu,Kolkata,1,69313.0,10,2,6276.0,0,2028,2,1,56+,12,Medium Usage,0.0015933715742511153,0.2,627.6,6.0,74.75999999999999,87.16666666666667,962.6805555555555,0.013888888888888888,5.0,Medium Data Usage
Vodafone,F,49,Rajasthan,Bangalore,2,102101.0,0,11,6567.0,0,2028,2,1,46-55,11,Medium Usage,0.0,11.0,6567.0,5.5,76.67,134.0204081632653,2083.6938775510203,0.04081632653061224,0.0,Medium Data Usage
Vodafone,M,18,Jharkhand,Delhi,3,90886.0,13,33,9405.0,1,2028,3,1,18-25,46,High Usage,0.0013822434875066453,2.5384615384615383,723.4615384615385,23.0,140.05,522.5,5049.222222222223,0.16666666666666666,0.3939393939393939,High Data Usage
BSNL,F,29,Odisha,Kolkata,3,80454.0,58,7,5059.0,0,2028,3,1,26-35,65,Medium Usage,0.011464716347104172,0.1206896551724138,87.22413793103448,32.5,115.59,174.44827586206895,2774.2758620689656,0.10344827586206896,8.285714285714286,Medium Data Usage
BSNL,M,41,Telangana,Chennai,0,97100.0,72,49,8417.0,0,2028,3,1,36-45,121,High Usage,0.008554116668646786,0.6805555555555556,116.90277777777777,60.5,205.17000000000002,205.29268292682926,2368.2926829268295,0.0,1.469387755102041,High Data Usage
Reliance Jio,F,69,Sikkim,Hyderabad,4,99465.0,70,1,14.0,0,2028,3,1,56+,71,Low Usage,5.0,0.014285714285714285,0.2,35.5,71.14,0.2028985507246377,1441.5217391304348,0.057971014492753624,70.0,Low Data Usage
Reliance Jio,F,64,Bihar,Chennai,1,123067.0,74,26,5331.0,1,2028,3,1,56+,100,Medium Usage,0.013881072969424124,0.35135135135135137,72.04054054054055,50.0,153.31,83.296875,1922.921875,0.015625,2.8461538461538463,Medium Data Usage
Vodafone,M,37,Tripura,Chennai,0,133325.0,91,22,1644.0,0,2028,3,1,36-45,113,Low Usage,0.05535279805352798,0.24175824175824176,18.065934065934066,56.5,129.44,44.432432432432435,3603.3783783783783,0.0,4.136363636363637,Low Data Usage
Airtel,M,27,Meghalaya,Hyderabad,2,76162.0,14,16,4864.0,0,2028,3,1,26-35,30,Medium Usage,0.0028782894736842104,1.1428571428571428,347.42857142857144,15.0,78.64,180.14814814814815,2820.814814814815,0.07407407407407407,0.875,Medium Data Usage
BSNL,F,30,Goa,Delhi,0,122830.0,56,27,3465.0,0,2028,3,1,26-35,83,Low Usage,0.01616161616161616,0.48214285714285715,61.875,41.5,117.65,115.5,4094.3333333333335,0.0,2.074074074074074,Medium Data Usage
Airtel,F,51,Nagaland,Kolkata,1,144721.0,66,49,9522.0,0,2028,3,1,46-55,115,High Usage,0.006931316950220542,0.7424242424242424,144.27272727272728,57.5,210.22,186.7058823529412,2837.6666666666665,0.0196078431372549,1.346938775510204,High Data Usage
Reliance Jio,M,63,Nagaland,Bangalore,4,141392.0,22,29,8703.0,0,2028,3,1,56+,51,High Usage,0.0025278639549580605,1.3181818181818181,395.59090909090907,25.5,138.03,138.14285714285714,2244.3174603174602,0.06349206349206349,0.7586206896551724,High Data Usage
Vodafone,M,62,Madhya Pradesh,Delhi,4,73656.0,50,35,5285.0,1,2028,3,1,56+,85,Medium Usage,0.00946073793755913,0.7,105.7,42.5,137.85,85.24193548387096,1188.0,0.06451612903225806,1.4285714285714286,Medium Data Usage
BSNL,M,18,Tamil Nadu,Mumbai,3,90821.0,50,30,1118.0,0,2028,3,1,18-25,80,Low Usage,0.044722719141323794,0.6,22.36,40.0,91.18,62.111111111111114,5045.611111111111,0.16666666666666666,1.6666666666666667,Low Data Usage
Airtel,M,58,Karnataka,Kolkata,3,137832.0,37,24,2574.0,0,2028,3,1,56+,61,Low Usage,0.014374514374514374,0.6486486486486487,69.56756756756756,30.5,86.74,44.37931034482759,2376.4137931034484,0.05172413793103448,1.5416666666666667,Low Data Usage
BSNL,M,46,Haryana,Hyderabad,0,125847.0,46,13,7419.0,1,2028,3,1,46-55,59,High Usage,0.006200296535921283,0.2826086956521739,161.2826086956522,29.5,133.19,161.2826086956522,2735.804347826087,0.0,3.5384615384615383,High Data Usage
Vodafone,F,24,Punjab,Kolkata,1,123256.0,43,36,3888.0,0,2028,3,1,18-25,79,Medium Usage,0.011059670781893004,0.8372093023255814,90.4186046511628,39.5,117.88,162.0,5135.666666666667,0.041666666666666664,1.1944444444444444,Medium Data Usage
Reliance Jio,M,43,Madhya Pradesh,Mumbai,3,148242.0,19,31,5738.0,0,2028,3,1,36-45,50,Medium Usage,0.0033112582781456954,1.631578947368421,302.0,25.0,107.38,133.4418604651163,3447.4883720930234,0.06976744186046512,0.6129032258064516,Medium Data Usage
Vodafone,M,23,Himachal Pradesh,Mumbai,2,148903.0,87,36,6019.0,0,2028,3,1,18-25,123,Medium Usage,0.014454228277122446,0.41379310344827586,69.183908045977,61.5,183.19,261.69565217391306,6474.04347826087,0.08695652173913043,2.4166666666666665,Medium Data Usage
Vodafone,F,74,West Bengal,Kolkata,0,147774.0,84,26,8768.0,0,2028,3,1,56+,110,High Usage,0.00958029197080292,0.30952380952380953,104.38095238095238,55.0,197.68,118.48648648648648,1996.945945945946,0.0,3.230769230769231,High Data Usage
Airtel,M,56,Gujarat,Bangalore,1,73131.0,75,0,7010.0,0,2028,3,1,56+,75,High Usage,0.010699001426533523,0.0,93.46666666666667,37.5,145.1,125.17857142857143,1305.9107142857142,0.017857142857142856,75.0,High Data Usage
BSNL,F,20,Madhya Pradesh,Hyderabad,1,20938.0,83,8,4722.0,1,2028,3,1,18-25,91,Medium Usage,0.01757729775518848,0.0963855421686747,56.89156626506024,45.5,138.22,236.1,1046.9,0.05,10.375,Medium Data Usage
Reliance Jio,F,37,Meghalaya,Hyderabad,4,52444.0,59,21,1914.0,0,2028,3,1,36-45,80,Low Usage,0.03082549634273772,0.3559322033898305,32.440677966101696,40.0,99.14,51.729729729729726,1417.4054054054054,0.10810810810810811,2.8095238095238093,Low Data Usage
Reliance Jio,M,51,Punjab,Mumbai,3,54029.0,22,26,5170.0,0,2028,3,1,46-55,48,Medium Usage,0.00425531914893617,1.1818181818181819,235.0,24.0,99.7,101.37254901960785,1059.3921568627452,0.058823529411764705,0.8461538461538461,Medium Data Usage
Reliance Jio,F,69,West Bengal,Hyderabad,4,65263.0,5,28,4899.0,1,2028,3,1,56+,33,Medium Usage,0.0010206164523372118,5.6,979.8,16.5,81.99000000000001,71.0,945.8405797101449,0.057971014492753624,0.17857142857142858,Medium Data Usage
Vodafone,F,69,Kerala,Chennai,0,79950.0,91,36,6130.0,0,2028,3,1,56+,127,Medium Usage,0.014845024469820554,0.3956043956043956,67.36263736263736,63.5,188.3,88.84057971014492,1158.695652173913,0.0,2.5277777777777777,Medium Data Usage
Airtel,F,68,Uttarakhand,Bangalore,0,93567.0,17,6,4100.0,0,2028,3,1,56+,23,Medium Usage,0.004146341463414634,0.35294117647058826,241.1764705882353,11.5,64.0,60.294117647058826,1375.985294117647,0.0,2.8333333333333335,Medium Data Usage
Vodafone,M,36,Uttar Pradesh,Hyderabad,0,128847.0,46,49,169.0,0,2028,3,1,36-45,95,Low Usage,0.27218934911242604,1.065217391304348,3.6739130434782608,47.5,96.69,4.694444444444445,3579.0833333333335,0.0,0.9387755102040817,Low Data Usage
Reliance Jio,M,56,Bihar,Delhi,4,80631.0,76,47,9079.0,0,2028,3,1,56+,123,High Usage,0.008370965965414694,0.618421052631579,119.46052631578948,61.5,213.79000000000002,162.125,1439.8392857142858,0.07142857142857142,1.6170212765957446,High Data Usage
Vodafone,F,58,Arunachal Pradesh,Bangalore,0,145486.0,50,31,684.0,0,2028,3,1,56+,81,Low Usage,0.07309941520467836,0.62,13.68,40.5,87.84,11.793103448275861,2508.3793103448274,0.0,1.6129032258064515,Low Data Usage
Vodafone,F,70,Telangana,Chennai,4,28955.0,10,12,10051.0,0,2028,3,1,56+,22,High Usage,0.0009949258780220873,1.2,1005.1,11.0,122.51,143.5857142857143,413.64285714285717,0.05714285714285714,0.8333333333333334,High Data Usage
Airtel,F,39,Meghalaya,Mumbai,3,101519.0,11,43,7839.0,0,2028,3,1,36-45,54,High Usage,0.0014032402092103585,3.909090909090909,712.6363636363636,27.0,132.39,201.0,2603.051282051282,0.07692307692307693,0.2558139534883721,High Data Usage
Airtel,F,42,Chhattisgarh,Mumbai,2,114662.0,58,36,2238.0,0,2028,3,1,36-45,94,Low Usage,0.025915996425379804,0.6206896551724138,38.58620689655172,47.0,116.38,53.285714285714285,2730.0476190476193,0.047619047619047616,1.6111111111111112,Low Data Usage
BSNL,M,22,Odisha,Chennai,1,35099.0,63,29,4582.0,0,2028,4,2,18-25,92,Medium Usage,0.013749454386730685,0.4603174603174603,72.73015873015873,46.0,137.82,208.27272727272728,1595.409090909091,0.045454545454545456,2.1724137931034484,Medium Data Usage
BSNL,M,28,Karnataka,Hyderabad,2,107939.0,76,23,1428.0,0,2028,4,2,26-35,99,Low Usage,0.05322128851540616,0.3026315789473684,18.789473684210527,49.5,113.28,51.0,3854.964285714286,0.07142857142857142,3.3043478260869565,Low Data Usage
Airtel,M,20,Karnataka,Bangalore,3,94141.0,6,39,957.0,0,2028,4,2,18-25,45,Low Usage,0.006269592476489028,6.5,159.5,22.5,54.57,47.85,4707.05,0.15,0.15384615384615385,Low Data Usage
BSNL,M,69,Telangana,Kolkata,2,143169.0,86,8,3591.0,0,2028,4,2,56+,94,Medium Usage,0.023948760790866053,0.09302325581395349,41.75581395348837,47.0,129.91,52.04347826086956,2074.913043478261,0.028985507246376812,10.75,Medium Data Usage
Airtel,M,31,Madhya Pradesh,Chennai,0,114362.0,64,16,3612.0,0,2028,4,2,26-35,80,Medium Usage,0.017718715393133997,0.25,56.4375,40.0,116.12,116.51612903225806,3689.0967741935483,0.0,4.0,Medium Data Usage
BSNL,F,56,Andhra Pradesh,Chennai,2,105913.0,53,35,10566.0,0,2028,4,2,56+,88,High Usage,0.005016089343176226,0.660377358490566,199.35849056603774,44.0,193.66,188.67857142857142,1891.3035714285713,0.03571428571428571,1.5142857142857142,High Data Usage
Airtel,F,31,Karnataka,Delhi,3,44808.0,85,33,112.0,0,2028,4,2,26-35,118,Low Usage,0.7589285714285714,0.38823529411764707,1.3176470588235294,59.0,119.12,3.6129032258064515,1445.4193548387098,0.0967741935483871,2.5757575757575757,Low Data Usage
Vodafone,F,55,Odisha,Mumbai,0,129128.0,73,44,6212.0,0,2028,4,2,46-55,117,Medium Usage,0.011751448808757245,0.6027397260273972,85.0958904109589,58.5,179.12,112.94545454545455,2347.7818181818184,0.0,1.6590909090909092,Medium Data Usage
Vodafone,F,44,Telangana,Chennai,4,142513.0,53,50,3563.0,0,2028,4,2,36-45,103,Medium Usage,0.014875105248386191,0.9433962264150944,67.22641509433963,51.5,138.63,80.97727272727273,3238.931818181818,0.09090909090909091,1.06,Medium Data Usage
Reliance Jio,M,20,Meghalaya,Delhi,0,99975.0,51,12,1473.0,0,2028,4,2,18-25,63,Low Usage,0.034623217922606926,0.23529411764705882,28.88235294117647,31.5,77.73,73.65,4998.75,0.0,4.25,Low Data Usage
Reliance Jio,F,42,Mizoram,Chennai,1,125747.0,22,3,8139.0,0,2028,4,2,36-45,25,High Usage,0.0027030347708563705,0.13636363636363635,369.95454545454544,12.5,106.39,193.78571428571428,2993.9761904761904,0.023809523809523808,7.333333333333333,High Data Usage
BSNL,M,74,Tripura,Delhi,3,97400.0,22,23,2458.0,1,2028,4,2,56+,45,Low Usage,0.008950366151342554,1.0454545454545454,111.72727272727273,22.5,69.58,33.21621621621622,1316.2162162162163,0.04054054054054054,0.9565217391304348,Low Data Usage
Reliance Jio,M,34,Jharkhand,Chennai,2,41794.0,98,5,5607.0,0,2028,4,2,26-35,103,Medium Usage,0.017478152309612985,0.05102040816326531,57.214285714285715,51.5,159.07,164.91176470588235,1229.235294117647,0.058823529411764705,19.6,Medium Data Usage
BSNL,F,57,Kerala,Delhi,1,26637.0,72,6,4705.0,0,2028,4,2,56+,78,Medium Usage,0.015302869287991499,0.08333333333333333,65.34722222222223,39.0,125.05,82.54385964912281,467.3157894736842,0.017543859649122806,12.0,Medium Data Usage
Airtel,F,25,Kerala,Bangalore,3,127659.0,34,20,6383.0,1,2028,4,2,18-25,54,Medium Usage,0.005326648911170296,0.5882352941176471,187.73529411764707,27.0,117.83,255.32,5106.36,0.12,1.7,Medium Data Usage
Vodafone,M,54,West Bengal,Hyderabad,3,80913.0,23,19,4534.0,0,2028,4,2,46-55,42,Medium Usage,0.005072783414203794,0.8260869565217391,197.1304347826087,21.0,87.34,83.96296296296296,1498.388888888889,0.05555555555555555,1.2105263157894737,Medium Data Usage
Reliance Jio,F,59,Uttar Pradesh,Bangalore,0,129529.0,58,45,9301.0,0,2028,4,2,56+,103,High Usage,0.006235888614127513,0.7758620689655172,160.36206896551724,51.5,196.01,157.64406779661016,2195.406779661017,0.0,1.288888888888889,High Data Usage
Vodafone,M,54,Chhattisgarh,Bangalore,2,70116.0,52,11,9488.0,1,2028,4,2,46-55,63,High Usage,0.0054806070826306915,0.21153846153846154,182.46153846153845,31.5,157.88,175.7037037037037,1298.4444444444443,0.037037037037037035,4.7272727272727275,High Data Usage
Airtel,M,41,Haryana,Delhi,0,32883.0,20,23,6105.0,0,2028,4,2,36-45,43,Medium Usage,0.003276003276003276,1.15,305.25,21.5,104.05,148.90243902439025,802.0243902439024,0.0,0.8695652173913043,Medium Data Usage
BSNL,M,37,Bihar,Bangalore,3,21614.0,40,14,9023.0,1,2028,4,2,36-45,54,High Usage,0.004433115371827552,0.35,225.575,27.0,144.23000000000002,243.86486486486487,584.1621621621622,0.08108108108108109,2.857142857142857,High Data Usage
Airtel,F,25,Kerala,Hyderabad,1,82176.0,4,17,909.0,0,2028,4,2,18-25,21,Low Usage,0.0044004400440044,4.25,227.25,10.5,30.09,36.36,3287.04,0.04,0.23529411764705882,Low Data Usage
Airtel,F,39,Gujarat,Bangalore,0,70668.0,83,27,3569.0,0,2028,4,2,36-45,110,Medium Usage,0.023255813953488372,0.3253012048192771,43.0,55.0,145.69,91.51282051282051,1812.0,0.0,3.074074074074074,Medium Data Usage
Airtel,M,46,Arunachal Pradesh,Bangalore,0,131487.0,93,8,5773.0,0,2028,4,2,46-55,101,Medium Usage,0.016109475142906636,0.08602150537634409,62.075268817204304,50.5,158.73,125.5,2858.413043478261,0.0,11.625,Medium Data Usage
Vodafone,F,49,Gujarat,Delhi,3,44753.0,76,36,9142.0,0,2028,4,2,46-55,112,High Usage,0.008313279369940932,0.47368421052631576,120.28947368421052,56.0,203.42000000000002,186.57142857142858,913.3265306122449,0.061224489795918366,2.111111111111111,High Data Usage
Reliance Jio,F,45,Rajasthan,Delhi,1,142868.0,34,0,8283.0,0,2028,4,2,36-45,34,High Usage,0.004104792949414463,0.0,243.61764705882354,17.0,116.83,184.06666666666666,3174.8444444444444,0.022222222222222223,34.0,High Data Usage
Airtel,M,50,Mizoram,Delhi,4,35307.0,66,43,863.0,0,2028,4,2,46-55,109,Low Usage,0.07647740440324449,0.6515151515151515,13.075757575757576,54.5,117.63,17.26,706.14,0.08,1.5348837209302326,Low Data Usage
Reliance Jio,M,21,Nagaland,Kolkata,3,126584.0,14,46,5846.0,0,2028,4,2,18-25,60,Medium Usage,0.0023947998631542937,3.2857142857142856,417.57142857142856,30.0,118.46000000000001,278.3809523809524,6027.809523809524,0.14285714285714285,0.30434782608695654,Medium Data Usage
Vodafone,F,72,Maharashtra,Hyderabad,3,111155.0,11,23,1923.0,0,2028,4,2,56+,34,Low Usage,0.005720228809152366,2.090909090909091,174.8181818181818,17.0,53.230000000000004,26.708333333333332,1543.8194444444443,0.041666666666666664,0.4782608695652174,Low Data Usage
BSNL,M,28,Telangana,Delhi,0,68758.0,52,19,5654.0,0,2028,4,2,26-35,71,Medium Usage,0.00919702865228157,0.36538461538461536,108.73076923076923,35.5,127.53999999999999,201.92857142857142,2455.6428571428573,0.0,2.736842105263158,Medium Data Usage
Airtel,M,38,Andhra Pradesh,Delhi,4,124146.0,36,8,3752.0,0,2028,4,2,36-45,44,Medium Usage,0.009594882729211088,0.2222222222222222,104.22222222222223,22.0,81.52000000000001,98.73684210526316,3267.0,0.10526315789473684,4.5,Medium Data Usage
Reliance Jio,M,43,Arunachal Pradesh,Bangalore,3,20605.0,52,39,3015.0,1,2028,5,2,36-45,91,Low Usage,0.01724709784411277,0.75,57.98076923076923,45.5,121.15,70.11627906976744,479.1860465116279,0.06976744186046512,1.3333333333333333,Medium Data Usage
Airtel,M,19,Arunachal Pradesh,Hyderabad,3,46911.0,29,13,10256.0,0,2028,5,2,18-25,42,High Usage,0.002827613104524181,0.4482758620689655,353.6551724137931,21.0,144.56,539.7894736842105,2469.0,0.15789473684210525,2.230769230769231,High Data Usage
Airtel,M,31,Mizoram,Bangalore,3,78518.0,90,8,2308.0,0,2028,5,2,26-35,98,Low Usage,0.0389948006932409,0.08888888888888889,25.644444444444446,49.0,121.08,74.45161290322581,2532.8387096774195,0.0967741935483871,11.25,Low Data Usage
Airtel,M,65,Punjab,Kolkata,3,37512.0,12,0,2018.0,0,2028,5,2,56+,12,Low Usage,0.005946481665014866,0.0,168.16666666666666,6.0,32.18,31.046153846153846,577.1076923076923,0.046153846153846156,12.0,Low Data Usage
Airtel,M,38,Goa,Bangalore,3,67743.0,78,0,5027.0,0,2028,5,2,36-45,78,Medium Usage,0.015516212452755123,0.0,64.44871794871794,39.0,128.27,132.28947368421052,1782.7105263157894,0.07894736842105263,78.0,Medium Data Usage
Reliance Jio,M,64,Haryana,Kolkata,2,75579.0,50,40,7838.0,0,2028,5,2,56+,90,High Usage,0.006379178361826996,0.8,156.76,45.0,168.38,122.46875,1180.921875,0.03125,1.25,High Data Usage
Airtel,M,40,Tamil Nadu,Delhi,1,51352.0,66,23,10061.0,0,2028,5,2,36-45,89,High Usage,0.00655998409700825,0.3484848484848485,152.43939393939394,44.5,189.61,251.525,1283.8,0.025,2.869565217391304,High Data Usage
Reliance Jio,M,44,Uttarakhand,Chennai,4,98083.0,53,13,8826.0,0,2028,5,2,36-45,66,High Usage,0.0060049852707908455,0.24528301886792453,166.52830188679246,33.0,154.26,200.5909090909091,2229.159090909091,0.09090909090909091,4.076923076923077,High Data Usage
Vodafone,F,29,Punjab,Chennai,3,129174.0,76,30,5049.0,0,2028,5,2,26-35,106,Medium Usage,0.015052485640720936,0.39473684210526316,66.4342105263158,53.0,156.49,174.10344827586206,4454.275862068966,0.10344827586206896,2.533333333333333,Medium Data Usage
BSNL,F,60,Madhya Pradesh,Hyderabad,4,110320.0,23,39,6401.0,1,2028,5,2,56+,62,Medium Usage,0.00359318856428683,1.6956521739130435,278.30434782608694,31.0,126.01,106.68333333333334,1838.6666666666667,0.06666666666666667,0.5897435897435898,Medium Data Usage
Reliance Jio,M,49,Andhra Pradesh,Delhi,2,146866.0,72,17,5752.0,0,2028,5,2,46-55,89,Medium Usage,0.012517385257301807,0.2361111111111111,79.88888888888889,44.5,146.52,117.38775510204081,2997.265306122449,0.04081632653061224,4.235294117647059,Medium Data Usage
Vodafone,M,35,Odisha,Chennai,4,41689.0,72,6,2661.0,0,2028,5,2,26-35,78,Low Usage,0.02705749718151071,0.08333333333333333,36.958333333333336,39.0,104.61,76.02857142857142,1191.1142857142856,0.11428571428571428,12.0,Low Data Usage
Reliance Jio,M,40,Arunachal Pradesh,Chennai,2,103988.0,74,29,989.0,0,2028,5,2,36-45,103,Low Usage,0.07482305358948432,0.3918918918918919,13.364864864864865,51.5,112.89,24.725,2599.7,0.05,2.5517241379310347,Low Data Usage
Vodafone,M,37,Tripura,Chennai,3,71102.0,43,8,658.0,0,2028,5,2,36-45,51,Low Usage,0.06534954407294832,0.18604651162790697,15.30232558139535,25.5,57.58,17.783783783783782,1921.6756756756756,0.08108108108108109,5.375,Low Data Usage
BSNL,M,39,Madhya Pradesh,Kolkata,4,28016.0,55,3,8138.0,0,2028,5,2,36-45,58,High Usage,0.006758417301548292,0.05454545454545454,147.96363636363637,29.0,139.38,208.66666666666666,718.3589743589744,0.10256410256410256,18.333333333333332,High Data Usage
BSNL,M,26,Uttarakhand,Bangalore,1,108634.0,2,39,3686.0,0,2028,5,2,26-35,41,Medium Usage,0.0005425935973955507,19.5,1843.0,20.5,77.86,141.76923076923077,4178.2307692307695,0.038461538461538464,0.05128205128205128,Medium Data Usage
Vodafone,M,33,Haryana,Kolkata,0,142278.0,63,25,8893.0,0,2028,5,2,26-35,88,High Usage,0.007084223546609693,0.3968253968253968,141.15873015873015,44.0,176.93,269.4848484848485,4311.454545454545,0.0,2.52,High Data Usage
BSNL,F,56,Nagaland,Kolkata,2,145277.0,7,32,8502.0,0,2028,5,2,56+,39,High Usage,0.0008233356857210068,4.571428571428571,1214.5714285714287,19.5,124.02,151.82142857142858,2594.2321428571427,0.03571428571428571,0.21875,High Data Usage
Airtel,M,34,Gujarat,Mumbai,1,85620.0,39,21,7788.0,0,2028,5,2,26-35,60,High Usage,0.005007704160246533,0.5384615384615384,199.69230769230768,30.0,137.88,229.05882352941177,2518.235294117647,0.029411764705882353,1.8571428571428572,High Data Usage
Vodafone,F,53,Punjab,Chennai,4,148308.0,82,8,9478.0,0,2028,5,2,46-55,90,High Usage,0.008651614264612787,0.0975609756097561,115.58536585365853,45.0,184.78,178.83018867924528,2798.264150943396,0.07547169811320754,10.25,High Data Usage
BSNL,M,53,Madhya Pradesh,Mumbai,3,84599.0,11,44,4446.0,1,2028,5,2,46-55,55,Medium Usage,0.0024741340530814214,4.0,404.1818181818182,27.5,99.46000000000001,83.88679245283019,1596.2075471698113,0.05660377358490566,0.25,Medium Data Usage
Reliance Jio,M,58,Bihar,Bangalore,0,100163.0,69,46,6031.0,1,2028,5,2,56+,115,Medium Usage,0.011440888741502238,0.6666666666666666,87.40579710144928,57.5,175.31,103.98275862068965,1726.948275862069,0.0,1.5,Medium Data Usage
BSNL,F,56,Jharkhand,Bangalore,3,62636.0,67,26,5645.0,1,2028,5,2,56+,93,Medium Usage,0.011868910540301151,0.3880597014925373,84.25373134328358,46.5,149.45,100.80357142857143,1118.5,0.05357142857142857,2.576923076923077,Medium Data Usage
BSNL,M,45,Bihar,Delhi,0,78929.0,80,25,4200.0,0,2028,5,2,36-45,105,Medium Usage,0.01904761904761905,0.3125,52.5,52.5,147.0,93.33333333333333,1753.9777777777779,0.0,3.2,Medium Data Usage
Reliance Jio,M,63,Andhra Pradesh,Hyderabad,2,116420.0,11,39,7755.0,0,2028,5,2,56+,50,High Usage,0.0014184397163120568,3.5454545454545454,705.0,25.0,127.55,123.0952380952381,1847.936507936508,0.031746031746031744,0.28205128205128205,High Data Usage
BSNL,M,66,Chhattisgarh,Kolkata,1,70956.0,43,44,3394.0,0,2028,5,2,56+,87,Low Usage,0.012669416617560401,1.0232558139534884,78.93023255813954,43.5,120.94,51.42424242424242,1075.090909090909,0.015151515151515152,0.9772727272727273,Medium Data Usage
BSNL,F,25,Tripura,Kolkata,3,108503.0,45,9,3832.0,0,2028,5,2,18-25,54,Medium Usage,0.01174321503131524,0.2,85.15555555555555,27.0,92.32,153.28,4340.12,0.12,5.0,Medium Data Usage
BSNL,F,50,Himachal Pradesh,Hyderabad,0,125826.0,11,10,7133.0,1,2028,5,2,46-55,21,High Usage,0.0015421281368288237,0.9090909090909091,648.4545454545455,10.5,92.33,142.66,2516.52,0.0,1.1,High Data Usage
Airtel,F,32,Meghalaya,Hyderabad,0,85278.0,70,24,1030.0,0,2028,5,2,26-35,94,Low Usage,0.06796116504854369,0.34285714285714286,14.714285714285714,47.0,104.3,32.1875,2664.9375,0.0,2.9166666666666665,Low Data Usage
Airtel,M,33,Manipur,Hyderabad,4,77867.0,63,38,1255.0,0,2028,5,2,26-35,101,Low Usage,0.050199203187251,0.6031746031746031,19.92063492063492,50.5,113.55,38.03030303030303,2359.6060606060605,0.12121212121212122,1.6578947368421053,Low Data Usage
Airtel,M,69,Karnataka,Hyderabad,3,129470.0,22,26,4138.0,0,2028,5,2,56+,48,Medium Usage,0.005316578057032383,1.1818181818181819,188.0909090909091,24.0,89.38,59.971014492753625,1876.376811594203,0.043478260869565216,0.8461538461538461,Medium Data Usage
Reliance Jio,F,53,Arunachal Pradesh,Bangalore,0,89356.0,56,44,1819.0,0,2028,6,2,46-55,100,Low Usage,0.030786146234194612,0.7857142857142857,32.482142857142854,50.0,118.19,34.320754716981135,1685.9622641509434,0.0,1.2727272727272727,Low Data Usage
Airtel,F,72,Nagaland,Bangalore,3,43163.0,15,9,1604.0,0,2028,6,2,56+,24,Low Usage,0.009351620947630923,0.6,106.93333333333334,12.0,40.04,22.27777777777778,599.4861111111111,0.041666666666666664,1.6666666666666667,Low Data Usage
BSNL,F,37,Maharashtra,Bangalore,3,34000.0,59,21,8531.0,0,2028,6,2,36-45,80,High Usage,0.00691595358105732,0.3559322033898305,144.59322033898306,40.0,165.31,230.56756756756758,918.918918918919,0.08108108108108109,2.8095238095238093,High Data Usage
BSNL,M,53,Nagaland,Bangalore,0,31220.0,60,13,5049.0,0,2028,6,2,46-55,73,Medium Usage,0.011883541295306001,0.21666666666666667,84.15,36.5,123.49000000000001,95.26415094339623,589.0566037735849,0.0,4.615384615384615,Medium Data Usage
Vodafone,F,28,Bihar,Delhi,3,92707.0,11,33,524.0,0,2028,6,2,26-35,44,Low Usage,0.02099236641221374,3.0,47.63636363636363,22.0,49.24,18.714285714285715,3310.964285714286,0.10714285714285714,0.3333333333333333,Low Data Usage
BSNL,M,49,Telangana,Mumbai,4,88078.0,57,14,380.0,0,2028,6,2,46-55,71,Low Usage,0.15,0.24561403508771928,6.666666666666667,35.5,74.8,7.755102040816326,1797.5102040816328,0.08163265306122448,4.071428571428571,Low Data Usage
Vodafone,F,42,Rajasthan,Kolkata,4,91317.0,32,32,5793.0,0,2028,6,2,36-45,64,Medium Usage,0.005523908165026756,1.0,181.03125,32.0,121.93,137.92857142857142,2174.214285714286,0.09523809523809523,1.0,Medium Data Usage
BSNL,M,64,Gujarat,Chennai,3,62667.0,65,4,6705.0,0,2028,6,2,56+,69,High Usage,0.009694258016405667,0.06153846153846154,103.15384615384616,34.5,136.05,104.765625,979.171875,0.046875,16.25,Medium Data Usage
BSNL,M,52,Madhya Pradesh,Mumbai,4,78161.0,51,44,2764.0,0,2028,6,2,46-55,95,Low Usage,0.01845151953690304,0.8627450980392157,54.19607843137255,47.5,122.64,53.15384615384615,1503.0961538461538,0.07692307692307693,1.1590909090909092,Low Data Usage
Airtel,M,61,Odisha,Kolkata,4,82784.0,72,21,8488.0,0,2028,6,2,56+,93,High Usage,0.008482563619227144,0.2916666666666667,117.88888888888889,46.5,177.88,139.14754098360655,1357.1147540983607,0.06557377049180328,3.4285714285714284,High Data Usage
Reliance Jio,M,57,Uttar Pradesh,Bangalore,4,100242.0,76,8,4746.0,0,2028,6,2,56+,84,Medium Usage,0.016013485040033713,0.10526315789473684,62.44736842105263,42.0,131.46,83.26315789473684,1758.6315789473683,0.07017543859649122,9.5,Medium Data Usage
Vodafone,M,67,Maharashtra,Chennai,0,73622.0,36,13,5049.0,0,2028,6,2,56+,49,Medium Usage,0.0071301247771836,0.3611111111111111,140.25,24.5,99.49000000000001,75.35820895522389,1098.8358208955224,0.0,2.769230769230769,Medium Data Usage
Reliance Jio,F,26,Manipur,Chennai,1,89005.0,45,45,1365.0,0,2028,6,2,26-35,90,Low Usage,0.03296703296703297,1.0,30.333333333333332,45.0,103.65,52.5,3423.269230769231,0.038461538461538464,1.0,Low Data Usage
Reliance Jio,M,63,Kerala,Chennai,4,120131.0,73,42,1418.0,0,2028,6,2,56+,115,Low Usage,0.05148095909732017,0.5753424657534246,19.424657534246574,57.5,129.18,22.50793650793651,1906.8412698412699,0.06349206349206349,1.7380952380952381,Low Data Usage
Reliance Jio,M,71,Uttarakhand,Kolkata,0,109638.0,76,22,8241.0,0,2028,6,2,56+,98,High Usage,0.009222181774056546,0.2894736842105263,108.4342105263158,49.0,180.41,116.07042253521126,1544.1971830985915,0.0,3.4545454545454546,High Data Usage
Reliance Jio,M,26,Assam,Mumbai,4,94966.0,67,35,353.0,0,2028,6,2,26-35,102,Low Usage,0.18980169971671387,0.5223880597014925,5.268656716417911,51.0,105.53,13.576923076923077,3652.5384615384614,0.15384615384615385,1.9142857142857144,Low Data Usage
Vodafone,M,58,Assam,Chennai,0,59812.0,57,27,1855.0,0,2028,6,2,56+,84,Low Usage,0.030727762803234502,0.47368421052631576,32.54385964912281,42.0,102.55,31.982758620689655,1031.2413793103449,0.0,2.111111111111111,Low Data Usage
Vodafone,M,70,Assam,Hyderabad,2,140716.0,59,52,8512.0,0,2028,6,2,56+,111,High Usage,0.006931390977443609,0.8813559322033898,144.27118644067798,55.5,196.12,121.6,2010.2285714285715,0.02857142857142857,1.1346153846153846,High Data Usage
Vodafone,F,31,West Bengal,Kolkata,4,43332.0,79,46,3047.0,1,2028,6,2,26-35,125,Low Usage,0.025927141450607153,0.5822784810126582,38.56962025316456,62.5,155.47,98.29032258064517,1397.8064516129032,0.12903225806451613,1.7173913043478262,Medium Data Usage
Airtel,M,24,Uttarakhand,Mumbai,3,78593.0,57,13,1518.0,0,2028,6,2,18-25,70,Low Usage,0.037549407114624504,0.22807017543859648,26.63157894736842,35.0,85.18,63.25,3274.7083333333335,0.125,4.384615384615385,Low Data Usage
Airtel,F,41,Telangana,Chennai,0,26831.0,64,30,7414.0,0,2028,6,2,36-45,94,High Usage,0.008632317237658484,0.46875,115.84375,47.0,168.14,180.82926829268294,654.4146341463414,0.0,2.1333333333333333,High Data Usage
Airtel,M,63,Mizoram,Mumbai,2,71077.0,10,47,2469.0,0,2028,6,2,56+,57,Low Usage,0.004050222762251924,4.7,246.9,28.5,81.69,39.19047619047619,1128.2063492063492,0.031746031746031744,0.2127659574468085,Low Data Usage
BSNL,F,71,Odisha,Chennai,4,110074.0,44,36,4170.0,0,2028,6,2,56+,80,Medium Usage,0.010551558752997603,0.8181818181818182,94.77272727272727,40.0,121.7,58.732394366197184,1550.338028169014,0.056338028169014086,1.2222222222222223,Medium Data Usage
BSNL,F,72,Gujarat,Delhi,2,49244.0,63,26,8625.0,0,2028,6,2,56+,89,High Usage,0.007304347826086957,0.4126984126984127,136.9047619047619,44.5,175.25,119.79166666666667,683.9444444444445,0.027777777777777776,2.423076923076923,High Data Usage
Vodafone,M,33,Haryana,Chennai,1,34240.0,68,43,8194.0,0,2028,6,2,26-35,111,High Usage,0.008298755186721992,0.6323529411764706,120.5,55.5,192.94,248.3030303030303,1037.5757575757575,0.030303030303030304,1.5813953488372092,High Data Usage
Airtel,M,55,Odisha,Chennai,2,78976.0,49,22,5587.0,0,2028,6,2,46-55,71,Medium Usage,0.008770359763737247,0.4489795918367347,114.0204081632653,35.5,126.87,101.58181818181818,1435.9272727272728,0.03636363636363636,2.227272727272727,Medium Data Usage
BSNL,M,68,Punjab,Kolkata,0,67230.0,90,5,6432.0,0,2028,6,2,56+,95,Medium Usage,0.013992537313432836,0.05555555555555555,71.46666666666667,47.5,159.32,94.58823529411765,988.6764705882352,0.0,18.0,Medium Data Usage
BSNL,F,38,Mizoram,Chennai,1,123483.0,14,34,9711.0,0,2028,6,2,36-45,48,High Usage,0.001441664092266502,2.4285714285714284,693.6428571428571,24.0,145.11,255.55263157894737,3249.5526315789475,0.02631578947368421,0.4117647058823529,High Data Usage
Airtel,M,53,Punjab,Mumbai,2,117161.0,31,38,3093.0,0,2028,6,2,46-55,69,Low Usage,0.010022631749110895,1.2258064516129032,99.7741935483871,34.5,99.93,58.35849056603774,2210.5849056603774,0.03773584905660377,0.8157894736842105,Medium Data Usage
Reliance Jio,M,73,Tamil Nadu,Chennai,2,69523.0,56,1,7142.0,0,2028,6,2,56+,57,High Usage,0.00784094091290955,0.017857142857142856,127.53571428571429,28.5,128.42000000000002,97.83561643835617,952.3698630136986,0.0273972602739726,56.0,High Data Usage
BSNL,M,63,Himachal Pradesh,Chennai,3,45910.0,26,48,5663.0,0,2028,7,3,56+,74,Medium Usage,0.0045912060745188065,1.8461538461538463,217.80769230769232,37.0,130.63,89.88888888888889,728.7301587301587,0.047619047619047616,0.5416666666666666,Medium Data Usage
Vodafone,M,20,Sikkim,Delhi,4,118482.0,71,6,3640.0,0,2028,7,3,18-25,77,Medium Usage,0.019505494505494506,0.08450704225352113,51.267605633802816,38.5,113.4,182.0,5924.1,0.2,11.833333333333334,Medium Data Usage
BSNL,M,61,Tripura,Delhi,2,30746.0,9,34,1924.0,0,2028,7,3,56+,43,Low Usage,0.004677754677754678,3.7777777777777777,213.77777777777777,21.5,62.239999999999995,31.540983606557376,504.0327868852459,0.03278688524590164,0.2647058823529412,Low Data Usage
Reliance Jio,F,51,Bihar,Bangalore,3,47948.0,79,4,4384.0,0,2028,7,3,46-55,83,Medium Usage,0.01802007299270073,0.05063291139240506,55.49367088607595,41.5,126.84,85.96078431372548,940.156862745098,0.058823529411764705,19.75,Medium Data Usage
Airtel,M,68,Uttarakhand,Hyderabad,3,141520.0,77,45,8471.0,0,2028,7,3,56+,122,High Usage,0.009089835910754338,0.5844155844155844,110.01298701298701,61.0,206.70999999999998,124.57352941176471,2081.176470588235,0.04411764705882353,1.711111111111111,High Data Usage
Reliance Jio,F,60,Mizoram,Bangalore,2,69084.0,54,30,9280.0,0,2028,7,3,56+,84,High Usage,0.00581896551724138,0.5555555555555556,171.85185185185185,42.0,176.8,154.66666666666666,1151.4,0.03333333333333333,1.8,High Data Usage
Vodafone,M,55,Bihar,Mumbai,0,137597.0,20,32,3474.0,0,2028,7,3,46-55,52,Low Usage,0.0057570523891767415,1.6,173.7,26.0,86.74000000000001,63.163636363636364,2501.7636363636366,0.0,0.625,Medium Data Usage
Airtel,F,31,Andhra Pradesh,Delhi,3,59318.0,11,9,3179.0,0,2028,7,3,26-35,20,Low Usage,0.0034602076124567475,0.8181818181818182,289.0,10.0,51.79,102.54838709677419,1913.483870967742,0.0967741935483871,1.2222222222222223,Medium Data Usage
Vodafone,F,63,Sikkim,Hyderabad,1,145938.0,41,18,1509.0,0,2028,7,3,56+,59,Low Usage,0.027170311464546057,0.43902439024390244,36.80487804878049,29.5,74.09,23.952380952380953,2316.4761904761904,0.015873015873015872,2.2777777777777777,Low Data Usage
BSNL,M,71,Tripura,Kolkata,3,105874.0,13,44,8854.0,0,2028,7,3,56+,57,High Usage,0.0014682629320081318,3.3846153846153846,681.0769230769231,28.5,145.54000000000002,124.70422535211267,1491.1830985915492,0.04225352112676056,0.29545454545454547,High Data Usage
Airtel,F,37,Karnataka,Mumbai,4,135645.0,43,16,2660.0,0,2028,7,3,36-45,59,Low Usage,0.016165413533834588,0.37209302325581395,61.86046511627907,29.5,85.6,71.89189189189189,3666.0810810810813,0.10810810810810811,2.6875,Low Data Usage
Reliance Jio,M,40,Chhattisgarh,Bangalore,1,82150.0,31,3,9348.0,1,2028,7,3,36-45,34,High Usage,0.003316217372700043,0.0967741935483871,301.5483870967742,17.0,127.48,233.7,2053.75,0.025,10.333333333333334,High Data Usage
Vodafone,M,21,Gujarat,Chennai,4,76497.0,57,28,5897.0,0,2028,7,3,18-25,85,Medium Usage,0.009665931829743938,0.49122807017543857,103.45614035087719,42.5,143.97,280.8095238095238,3642.714285714286,0.19047619047619047,2.0357142857142856,Medium Data Usage
Airtel,M,30,Rajasthan,Bangalore,2,81268.0,96,46,1299.0,0,2028,7,3,26-35,142,Low Usage,0.07390300230946882,0.4791666666666667,13.53125,71.0,154.99,43.3,2708.9333333333334,0.06666666666666667,2.0869565217391304,Low Data Usage
Reliance Jio,M,29,Maharashtra,Delhi,4,141175.0,33,41,2756.0,0,2028,7,3,26-35,74,Low Usage,0.011973875181422351,1.2424242424242424,83.51515151515152,37.0,101.56,95.03448275862068,4868.103448275862,0.13793103448275862,0.8048780487804879,Low Data Usage
Airtel,M,19,Maharashtra,Delhi,3,61738.0,26,8,34.0,0,2028,7,3,18-25,34,Low Usage,0.7647058823529411,0.3076923076923077,1.3076923076923077,17.0,34.34,1.7894736842105263,3249.3684210526317,0.15789473684210525,3.25,Low Data Usage
Reliance Jio,M,38,Sikkim,Mumbai,2,49518.0,28,46,7062.0,0,2028,7,3,36-45,74,High Usage,0.003964882469555367,1.6428571428571428,252.21428571428572,37.0,144.62,185.8421052631579,1303.1052631578948,0.05263157894736842,0.6086956521739131,High Data Usage
Vodafone,F,46,West Bengal,Delhi,1,52192.0,89,12,3504.0,0,2028,7,3,46-55,101,Low Usage,0.025399543378995432,0.1348314606741573,39.37078651685393,50.5,136.04,76.17391304347827,1134.608695652174,0.021739130434782608,7.416666666666667,Medium Data Usage
BSNL,M,53,Telangana,Chennai,2,72375.0,2,17,7759.0,0,2028,7,3,46-55,19,High Usage,0.0002577651759247326,8.5,3879.5,9.5,96.59,146.39622641509433,1365.566037735849,0.03773584905660377,0.11764705882352941,High Data Usage
Reliance Jio,M,33,Kerala,Hyderabad,3,76424.0,50,19,4526.0,0,2028,7,3,26-35,69,Medium Usage,0.01104728236853734,0.38,90.52,34.5,114.25999999999999,137.15151515151516,2315.878787878788,0.09090909090909091,2.6315789473684212,Medium Data Usage
Reliance Jio,M,71,Tripura,Delhi,3,68224.0,55,34,9944.0,0,2028,7,3,56+,89,High Usage,0.0055309734513274336,0.6181818181818182,180.8,44.5,188.44,140.05633802816902,960.9014084507043,0.04225352112676056,1.6176470588235294,High Data Usage
Reliance Jio,F,51,Meghalaya,Mumbai,3,84820.0,29,29,1281.0,1,2028,7,3,46-55,58,Low Usage,0.02263856362217018,1.0,44.172413793103445,29.0,70.81,25.11764705882353,1663.137254901961,0.058823529411764705,1.0,Low Data Usage
Airtel,F,53,Andhra Pradesh,Hyderabad,0,127573.0,31,8,9190.0,0,2028,7,3,46-55,39,High Usage,0.0033732317736670293,0.25806451612903225,296.4516129032258,19.5,130.9,173.39622641509433,2407.0377358490564,0.0,3.875,High Data Usage
BSNL,M,55,Bihar,Chennai,4,47149.0,50,24,8253.0,0,2028,7,3,46-55,74,High Usage,0.00605840300496789,0.48,165.06,37.0,156.53,150.05454545454546,857.2545454545455,0.07272727272727272,2.0833333333333335,High Data Usage
Airtel,M,57,Assam,Delhi,1,88764.0,24,16,5456.0,0,2028,7,3,56+,40,Medium Usage,0.004398826979472141,0.6666666666666666,227.33333333333334,20.0,94.56,95.71929824561404,1557.2631578947369,0.017543859649122806,1.5,Medium Data Usage
BSNL,F,53,Rajasthan,Chennai,1,114869.0,26,8,7657.0,0,2028,7,3,46-55,34,High Usage,0.003395585738539898,0.3076923076923077,294.5,17.0,110.57,144.47169811320754,2167.3396226415093,0.018867924528301886,3.25,High Data Usage
Reliance Jio,F,45,Rajasthan,Hyderabad,1,145195.0,24,43,7506.0,1,2028,7,3,36-45,67,High Usage,0.0031974420463629096,1.7916666666666667,312.75,33.5,142.06,166.8,3226.5555555555557,0.022222222222222223,0.5581395348837209,High Data Usage
Reliance Jio,M,39,Odisha,Bangalore,1,100761.0,24,27,758.0,1,2028,7,3,36-45,51,Low Usage,0.0316622691292876,1.125,31.583333333333332,25.5,58.58,19.435897435897434,2583.6153846153848,0.02564102564102564,0.8888888888888888,Low Data Usage
BSNL,M,73,Gujarat,Mumbai,3,37276.0,36,26,8991.0,1,2028,7,3,56+,62,High Usage,0.004004004004004004,0.7222222222222222,249.75,31.0,151.91,123.16438356164383,510.63013698630135,0.0410958904109589,1.3846153846153846,High Data Usage
BSNL,F,47,Manipur,Mumbai,3,87350.0,106,12,9725.0,0,2028,7,3,46-55,118,High Usage,0.010899742930591259,0.11320754716981132,91.74528301886792,59.0,215.25,206.91489361702128,1858.5106382978724,0.06382978723404255,8.833333333333334,High Data Usage
Airtel,F,24,Telangana,Bangalore,2,140174.0,27,33,6391.0,0,2028,7,3,18-25,60,Medium Usage,0.004224690971678924,1.2222222222222223,236.7037037037037,30.0,123.91,266.2916666666667,5840.583333333333,0.08333333333333333,0.8181818181818182,Medium Data Usage
Vodafone,F,65,Punjab,Delhi,1,74361.0,60,5,3215.0,1,2028,8,3,56+,65,Low Usage,0.01866251944012442,0.08333333333333333,53.583333333333336,32.5,97.15,49.46153846153846,1144.0153846153846,0.015384615384615385,12.0,Medium Data Usage
Reliance Jio,F,46,Tamil Nadu,Chennai,0,132745.0,0,32,8962.0,0,2028,8,3,46-55,32,High Usage,0.0,32.0,8962.0,16.0,121.62,194.82608695652175,2885.7608695652175,0.0,0.0,High Data Usage
Reliance Jio,M,55,West Bengal,Bangalore,2,117425.0,78,15,1612.0,0,2028,8,3,46-55,93,Low Usage,0.04838709677419355,0.19230769230769232,20.666666666666668,46.5,109.12,29.30909090909091,2135.0,0.03636363636363636,5.2,Low Data Usage
Reliance Jio,F,36,Gujarat,Mumbai,1,90799.0,11,33,7559.0,0,2028,8,3,36-45,44,High Usage,0.0014552189443048022,3.0,687.1818181818181,22.0,119.59,209.97222222222223,2522.1944444444443,0.027777777777777776,0.3333333333333333,High Data Usage
Reliance Jio,M,59,Rajasthan,Mumbai,4,62494.0,83,36,3114.0,0,2028,8,3,56+,119,Low Usage,0.026653821451509314,0.43373493975903615,37.51807228915663,59.5,150.14,52.779661016949156,1059.2203389830509,0.06779661016949153,2.3055555555555554,Medium Data Usage
Reliance Jio,M,41,Bihar,Kolkata,0,33502.0,61,5,10353.0,0,2028,8,3,36-45,66,High Usage,0.005892011977204675,0.08196721311475409,169.72131147540983,33.0,169.53,252.5121951219512,817.1219512195122,0.0,12.2,High Data Usage
Airtel,F,20,Uttar Pradesh,Mumbai,3,87542.0,86,5,5307.0,0,2028,8,3,18-25,91,Medium Usage,0.016205012247974375,0.05813953488372093,61.7093023255814,45.5,144.07,265.35,4377.1,0.15,17.2,Medium Data Usage
Reliance Jio,M,74,Manipur,Chennai,1,100232.0,78,14,8928.0,1,2028,8,3,56+,92,High Usage,0.008736559139784945,0.1794871794871795,114.46153846153847,46.0,181.28,120.64864864864865,1354.4864864864865,0.013513513513513514,5.571428571428571,High Data Usage
Vodafone,M,36,Jharkhand,Bangalore,1,120722.0,85,20,9472.0,0,2028,8,3,36-45,105,High Usage,0.008973817567567568,0.23529411764705882,111.43529411764706,52.5,199.72,263.1111111111111,3353.3888888888887,0.027777777777777776,4.25,High Data Usage
BSNL,M,29,Chhattisgarh,Kolkata,4,89087.0,31,40,8130.0,0,2028,8,3,26-35,71,High Usage,0.0038130381303813038,1.2903225806451613,262.258064516129,35.5,152.3,280.3448275862069,3071.9655172413795,0.13793103448275862,0.775,High Data Usage
Reliance Jio,M,44,Tripura,Chennai,2,45106.0,55,32,2750.0,0,2028,8,3,36-45,87,Low Usage,0.02,0.5818181818181818,50.0,43.5,114.5,62.5,1025.1363636363637,0.045454545454545456,1.71875,Low Data Usage
BSNL,M,62,Tripura,Kolkata,3,47312.0,75,29,779.0,0,2028,8,3,56+,104,Low Usage,0.0962772785622593,0.38666666666666666,10.386666666666667,52.0,111.79,12.564516129032258,763.0967741935484,0.04838709677419355,2.586206896551724,Low Data Usage
Airtel,M,60,Arunachal Pradesh,Kolkata,0,149015.0,92,37,7834.0,0,2028,8,3,56+,129,High Usage,0.011743681388817973,0.40217391304347827,85.15217391304348,64.5,207.34,130.56666666666666,2483.5833333333335,0.0,2.4864864864864864,High Data Usage
Vodafone,F,58,Arunachal Pradesh,Mumbai,4,101415.0,4,29,9659.0,0,2028,8,3,56+,33,High Usage,0.00041412154467336163,7.25,2414.75,16.5,129.59,166.5344827586207,1748.5344827586207,0.06896551724137931,0.13793103448275862,High Data Usage
Reliance Jio,M,22,Tripura,Chennai,4,111509.0,100,30,6339.0,1,2028,8,3,18-25,130,Medium Usage,0.015775358889414733,0.3,63.39,65.0,193.39,288.1363636363636,5068.590909090909,0.18181818181818182,3.3333333333333335,Medium Data Usage
Airtel,M,56,Kerala,Kolkata,3,86027.0,2,42,1539.0,1,2028,8,3,56+,44,Low Usage,0.001299545159194282,21.0,769.5,22.0,59.39,27.482142857142858,1536.1964285714287,0.05357142857142857,0.047619047619047616,Low Data Usage
Airtel,M,19,Maharashtra,Kolkata,2,128684.0,5,23,4131.0,0,2028,8,3,18-25,28,Medium Usage,0.0012103606874848704,4.6,826.2,14.0,69.31,217.42105263157896,6772.8421052631575,0.10526315789473684,0.21739130434782608,Medium Data Usage
Vodafone,M,71,Jharkhand,Bangalore,3,37930.0,44,3,5049.0,0,2028,8,3,56+,47,Medium Usage,0.008714596949891068,0.06818181818181818,114.75,23.5,97.49000000000001,71.11267605633803,534.2253521126761,0.04225352112676056,14.666666666666666,Medium Data Usage
Reliance Jio,M,22,Himachal Pradesh,Bangalore,4,55933.0,17,43,8919.0,0,2028,8,3,18-25,60,High Usage,0.0019060432783944389,2.5294117647058822,524.6470588235294,30.0,149.19,405.40909090909093,2542.409090909091,0.18181818181818182,0.3953488372093023,High Data Usage
Reliance Jio,F,46,Sikkim,Chennai,0,118388.0,85,35,4242.0,0,2028,8,3,46-55,120,Medium Usage,0.020037718057520037,0.4117647058823529,49.90588235294118,60.0,162.42000000000002,92.21739130434783,2573.6521739130435,0.0,2.4285714285714284,Medium Data Usage
BSNL,M,29,Nagaland,Hyderabad,2,82888.0,42,12,4182.0,1,2028,8,3,26-35,54,Medium Usage,0.010043041606886656,0.2857142857142857,99.57142857142857,27.0,95.82,144.20689655172413,2858.206896551724,0.06896551724137931,3.5,Medium Data Usage
Airtel,F,55,Chhattisgarh,Chennai,1,55468.0,33,7,6044.0,1,2028,8,3,46-55,40,Medium Usage,0.0054599602911978825,0.21212121212121213,183.15151515151516,20.0,100.44,109.89090909090909,1008.5090909090909,0.01818181818181818,4.714285714285714,Medium Data Usage
Airtel,M,62,Meghalaya,Bangalore,2,143764.0,57,26,5018.0,0,2028,8,3,56+,83,Medium Usage,0.011359107214029494,0.45614035087719296,88.03508771929825,41.5,133.18,80.93548387096774,2318.7741935483873,0.03225806451612903,2.1923076923076925,Medium Data Usage
Vodafone,M,28,Assam,Hyderabad,3,72771.0,37,43,4000.0,0,2028,8,3,26-35,80,Medium Usage,0.00925,1.162162162162162,108.10810810810811,40.0,120.0,142.85714285714286,2598.964285714286,0.10714285714285714,0.8604651162790697,Medium Data Usage
BSNL,M,67,Haryana,Delhi,0,141304.0,27,34,2363.0,0,2028,8,3,56+,61,Low Usage,0.011426153195090986,1.2592592592592593,87.51851851851852,30.5,84.63,35.26865671641791,2109.0149253731342,0.0,0.7941176470588235,Low Data Usage
Airtel,M,25,Rajasthan,Kolkata,0,30878.0,98,23,3958.0,1,2028,8,3,18-25,121,Medium Usage,0.024759979787771603,0.23469387755102042,40.38775510204081,60.5,160.57999999999998,158.32,1235.12,0.0,4.260869565217392,Medium Data Usage
Reliance Jio,M,58,Jharkhand,Chennai,3,37910.0,65,37,8828.0,0,2028,8,3,56+,102,High Usage,0.007362936112369733,0.5692307692307692,135.8153846153846,51.0,190.28,152.20689655172413,653.6206896551724,0.05172413793103448,1.7567567567567568,High Data Usage
BSNL,F,29,Arunachal Pradesh,Mumbai,2,124703.0,30,5,4124.0,0,2028,8,3,26-35,35,Medium Usage,0.0072744907856450046,0.16666666666666666,137.46666666666667,17.5,76.24000000000001,142.20689655172413,4300.103448275862,0.06896551724137931,6.0,Medium Data Usage
Airtel,F,54,Meghalaya,Delhi,0,144327.0,57,31,7372.0,0,2028,8,3,46-55,88,High Usage,0.007731958762886598,0.543859649122807,129.33333333333334,44.0,161.72,136.5185185185185,2672.722222222222,0.0,1.8387096774193548,High Data Usage
Vodafone,M,64,Bihar,Bangalore,3,50027.0,106,40,3947.0,0,2028,8,3,56+,146,Medium Usage,0.02685583987838865,0.37735849056603776,37.235849056603776,73.0,185.47,61.671875,781.671875,0.046875,2.65,Medium Data Usage
Vodafone,F,36,Mizoram,Bangalore,4,130900.0,50,7,4787.0,0,2028,8,3,36-45,57,Medium Usage,0.010444955086693127,0.14,95.74,28.5,104.87,132.97222222222223,3636.1111111111113,0.1111111111111111,7.142857142857143,Medium Data Usage
BSNL,F,19,Manipur,Hyderabad,4,32033.0,36,29,5577.0,0,2028,9,3,18-25,65,Medium Usage,0.006455083378160301,0.8055555555555556,154.91666666666666,32.5,120.77000000000001,293.5263157894737,1685.9473684210527,0.21052631578947367,1.2413793103448276,Medium Data Usage
Vodafone,F,59,Himachal Pradesh,Hyderabad,2,61058.0,58,43,1409.0,0,2028,9,3,56+,101,Low Usage,0.0411639460610362,0.7413793103448276,24.29310344827586,50.5,115.09,23.88135593220339,1034.8813559322034,0.03389830508474576,1.3488372093023255,Low Data Usage
Airtel,M,30,Uttarakhand,Chennai,4,139146.0,22,23,9158.0,1,2028,9,3,26-35,45,High Usage,0.0024022712382616293,1.0454545454545454,416.27272727272725,22.5,136.57999999999998,305.26666666666665,4638.2,0.13333333333333333,0.9565217391304348,High Data Usage
Airtel,M,32,Meghalaya,Hyderabad,1,38449.0,69,2,4096.0,0,2028,9,3,26-35,71,Medium Usage,0.016845703125,0.028985507246376812,59.36231884057971,35.5,111.96000000000001,128.0,1201.53125,0.03125,34.5,Medium Data Usage
BSNL,M,28,West Bengal,Hyderabad,4,142106.0,1,29,7340.0,1,2028,9,3,26-35,30,High Usage,0.00013623978201634878,29.0,7340.0,15.0,103.4,262.14285714285717,5075.214285714285,0.14285714285714285,0.034482758620689655,High Data Usage
Reliance Jio,M,19,Bihar,Delhi,2,21851.0,11,36,8770.0,0,2028,9,3,18-25,47,High Usage,0.0012542759407069555,3.272727272727273,797.2727272727273,23.5,134.7,461.57894736842104,1150.0526315789473,0.10526315789473684,0.3055555555555556,High Data Usage
Vodafone,M,36,Punjab,Hyderabad,4,55718.0,80,41,4980.0,1,2028,9,3,36-45,121,Medium Usage,0.01606425702811245,0.5125,62.25,60.5,170.8,138.33333333333334,1547.7222222222222,0.1111111111111111,1.951219512195122,Medium Data Usage
Airtel,M,52,West Bengal,Bangalore,2,23797.0,11,26,5006.0,0,2028,9,3,46-55,37,Medium Usage,0.0021973631642029563,2.3636363636363638,455.09090909090907,18.5,87.06,96.26923076923077,457.63461538461536,0.038461538461538464,0.4230769230769231,Medium Data Usage
Reliance Jio,F,70,Assam,Delhi,1,137300.0,107,30,8354.0,0,2028,9,3,56+,137,High Usage,0.012808235575772086,0.2803738317757009,78.07476635514018,68.5,220.54000000000002,119.34285714285714,1961.4285714285713,0.014285714285714285,3.566666666666667,High Data Usage
BSNL,M,27,Gujarat,Hyderabad,0,138246.0,32,29,5191.0,1,2028,9,3,26-35,61,Medium Usage,0.006164515507609324,0.90625,162.21875,30.5,112.91,192.25925925925927,5120.222222222223,0.0,1.103448275862069,Medium Data Usage
Reliance Jio,M,61,Chhattisgarh,Delhi,1,86819.0,73,31,5385.0,0,2028,9,3,56+,104,Medium Usage,0.013556174558960075,0.4246575342465753,73.76712328767124,52.0,157.85,88.27868852459017,1423.2622950819673,0.01639344262295082,2.3548387096774195,Medium Data Usage
Vodafone,M,29,Uttar Pradesh,Bangalore,4,103865.0,49,5,9939.0,0,2028,9,3,26-35,54,High Usage,0.004930073448033001,0.10204081632653061,202.83673469387756,27.0,153.39,342.7241379310345,3581.551724137931,0.13793103448275862,9.8,High Data Usage
Reliance Jio,F,53,Rajasthan,Chennai,0,80480.0,34,41,7858.0,0,2028,9,3,46-55,75,High Usage,0.004326800712649529,1.2058823529411764,231.11764705882354,37.5,153.57999999999998,148.26415094339623,1518.4905660377358,0.0,0.8292682926829268,High Data Usage
Reliance Jio,F,19,Madhya Pradesh,Delhi,1,124188.0,61,43,87.0,0,2028,9,3,18-25,104,Low Usage,0.7011494252873564,0.7049180327868853,1.4262295081967213,52.0,104.87,4.578947368421052,6536.210526315789,0.05263157894736842,1.4186046511627908,Low Data Usage
BSNL,F,20,Jharkhand,Chennai,3,24722.0,74,44,6315.0,0,2028,9,3,18-25,118,Medium Usage,0.011718131433095804,0.5945945945945946,85.33783783783784,59.0,181.15,315.75,1236.1,0.15,1.6818181818181819,Medium Data Usage
Airtel,M,26,Haryana,Bangalore,0,133983.0,73,16,3850.0,1,2028,9,3,26-35,89,Medium Usage,0.01896103896103896,0.2191780821917808,52.73972602739726,44.5,127.5,148.07692307692307,5153.192307692308,0.0,4.5625,Medium Data Usage
Airtel,F,54,Manipur,Mumbai,2,96862.0,66,7,1087.0,1,2028,9,3,46-55,73,Low Usage,0.06071757129714812,0.10606060606060606,16.46969696969697,36.5,83.87,20.12962962962963,1793.7407407407406,0.037037037037037035,9.428571428571429,Low Data Usage
Vodafone,F,70,Kerala,Mumbai,2,68853.0,3,34,648.0,0,2028,9,3,56+,37,Low Usage,0.004629629629629629,11.333333333333334,216.0,18.5,43.480000000000004,9.257142857142858,983.6142857142858,0.02857142857142857,0.08823529411764706,Low Data Usage
BSNL,F,61,Sikkim,Mumbai,2,101384.0,9,37,4417.0,0,2028,9,3,56+,46,Medium Usage,0.0020375820692777906,4.111111111111111,490.77777777777777,23.0,90.17,72.40983606557377,1662.032786885246,0.03278688524590164,0.24324324324324326,Medium Data Usage
Vodafone,M,74,Punjab,Hyderabad,4,43175.0,89,16,1448.0,0,2028,9,3,56+,105,Low Usage,0.06146408839779006,0.1797752808988764,16.269662921348313,52.5,119.48,19.56756756756757,583.4459459459459,0.05405405405405406,5.5625,Low Data Usage
BSNL,F,68,Chhattisgarh,Bangalore,0,144335.0,50,0,8216.0,0,2028,9,3,56+,50,High Usage,0.006085686465433301,0.0,164.32,25.0,132.16,120.82352941176471,2122.573529411765,0.0,50.0,High Data Usage
BSNL,F,71,Punjab,Bangalore,1,83282.0,0,26,7053.0,0,2028,9,3,56+,26,High Usage,0.0,26.0,7053.0,13.0,96.53,99.33802816901408,1172.9859154929577,0.014084507042253521,0.0,High Data Usage
BSNL,F,49,Meghalaya,Hyderabad,1,121562.0,19,7,6480.0,0,2028,9,3,46-55,26,Medium Usage,0.002932098765432099,0.3684210526315789,341.05263157894734,13.0,90.8,132.24489795918367,2480.8571428571427,0.02040816326530612,2.7142857142857144,Medium Data Usage
Airtel,M,69,Maharashtra,Hyderabad,4,119913.0,66,1,1524.0,0,2028,9,3,56+,67,Low Usage,0.04330708661417323,0.015151515151515152,23.09090909090909,33.5,82.24,22.08695652173913,1737.8695652173913,0.057971014492753624,66.0,Low Data Usage
Reliance Jio,M,50,Sikkim,Hyderabad,3,91062.0,30,35,1774.0,1,2028,9,3,46-55,65,Low Usage,0.016910935738444193,1.1666666666666667,59.13333333333333,32.5,82.74,35.48,1821.24,0.06,0.8571428571428571,Low Data Usage
BSNL,F,67,Telangana,Kolkata,3,114292.0,98,49,3558.0,0,2028,9,3,56+,147,Medium Usage,0.027543563799887576,0.5,36.30612244897959,73.5,182.57999999999998,53.1044776119403,1705.8507462686566,0.04477611940298507,2.0,Medium Data Usage
Airtel,M,24,Tamil Nadu,Kolkata,3,90356.0,41,20,7549.0,0,2028,9,3,18-25,61,High Usage,0.005431182938137501,0.4878048780487805,184.1219512195122,30.5,136.49,314.5416666666667,3764.8333333333335,0.125,2.05,High Data Usage
Reliance Jio,F,31,Manipur,Kolkata,1,61325.0,13,46,1595.0,0,2028,9,3,26-35,59,Low Usage,0.008150470219435737,3.5384615384615383,122.6923076923077,29.5,74.95,51.45161290322581,1978.225806451613,0.03225806451612903,0.2826086956521739,Low Data Usage
BSNL,F,58,Haryana,Hyderabad,1,61074.0,68,15,6315.0,0,2028,9,3,56+,83,Medium Usage,0.010768012668250199,0.22058823529411764,92.86764705882354,41.5,146.15,108.87931034482759,1053.0,0.017241379310344827,4.533333333333333,Medium Data Usage
Airtel,F,53,Jharkhand,Kolkata,1,127106.0,59,14,10680.0,0,2028,9,3,46-55,73,High Usage,0.0055243445692883895,0.23728813559322035,181.01694915254237,36.5,179.8,201.50943396226415,2398.2264150943397,0.018867924528301886,4.214285714285714,High Data Usage
BSNL,M,40,Sikkim,Bangalore,4,30067.0,64,1,6656.0,0,2028,10,4,36-45,65,High Usage,0.009615384615384616,0.015625,104.0,32.5,131.56,166.4,751.675,0.1,64.0,Medium Data Usage
Airtel,F,46,Maharashtra,Hyderabad,3,132556.0,71,26,6174.0,0,2028,10,4,46-55,97,Medium Usage,0.011499838030450276,0.36619718309859156,86.95774647887323,48.5,158.74,134.2173913043478,2881.6521739130435,0.06521739130434782,2.730769230769231,Medium Data Usage
Vodafone,M,40,Kerala,Kolkata,3,118920.0,63,52,10141.0,0,2028,10,4,36-45,115,High Usage,0.006212405088255596,0.8253968253968254,160.96825396825398,57.5,216.41,253.525,2973.0,0.075,1.2115384615384615,High Data Usage
Reliance Jio,M,57,Arunachal Pradesh,Kolkata,4,123858.0,38,3,6469.0,0,2028,10,4,56+,41,Medium Usage,0.005874169114237131,0.07894736842105263,170.23684210526315,20.5,105.69,113.49122807017544,2172.9473684210525,0.07017543859649122,12.666666666666666,Medium Data Usage
Reliance Jio,F,27,Bihar,Delhi,1,93442.0,89,21,2317.0,1,2028,10,4,26-35,110,Low Usage,0.038411739318083726,0.23595505617977527,26.03370786516854,55.0,133.17000000000002,85.81481481481481,3460.814814814815,0.037037037037037035,4.238095238095238,Low Data Usage
Reliance Jio,F,67,Assam,Bangalore,3,123987.0,93,16,4051.0,0,2028,10,4,56+,109,Medium Usage,0.022957294495186374,0.17204301075268819,43.55913978494624,54.5,149.51,60.46268656716418,1850.55223880597,0.04477611940298507,5.8125,Medium Data Usage
Airtel,F,73,Karnataka,Delhi,0,145298.0,85,2,5919.0,0,2028,10,4,56+,87,Medium Usage,0.014360533873965197,0.023529411764705882,69.63529411764706,43.5,146.19,81.08219178082192,1990.3835616438357,0.0,42.5,Medium Data Usage
Airtel,M,30,Gujarat,Delhi,3,67580.0,85,19,9646.0,0,2028,10,4,26-35,104,High Usage,0.008811942774206926,0.2235294117647059,113.48235294117647,52.0,200.45999999999998,321.53333333333336,2252.6666666666665,0.1,4.473684210526316,High Data Usage
Airtel,F,45,Meghalaya,Kolkata,1,148243.0,23,40,7442.0,0,2028,10,4,36-45,63,High Usage,0.0030905670518677777,1.7391304347826086,323.5652173913044,31.5,137.42000000000002,165.37777777777777,3294.288888888889,0.022222222222222223,0.575,High Data Usage
Vodafone,M,22,Uttar Pradesh,Delhi,1,110766.0,7,37,8373.0,0,2028,10,4,18-25,44,High Usage,0.0008360205422190374,5.285714285714286,1196.142857142857,22.0,127.73,380.59090909090907,5034.818181818182,0.045454545454545456,0.1891891891891892,High Data Usage
Vodafone,M,55,Karnataka,Hyderabad,2,83844.0,32,49,7781.0,0,2028,10,4,46-55,81,High Usage,0.004112581930343143,1.53125,243.15625,40.5,158.81,141.47272727272727,1524.4363636363637,0.03636363636363636,0.6530612244897959,High Data Usage
Airtel,F,68,Nagaland,Chennai,1,137412.0,41,27,6784.0,0,2028,10,4,56+,68,High Usage,0.0060436320754716985,0.6585365853658537,165.46341463414635,34.0,135.84,99.76470588235294,2020.764705882353,0.014705882352941176,1.5185185185185186,Medium Data Usage
Vodafone,M,48,Tripura,Bangalore,3,91462.0,72,3,3472.0,1,2028,10,4,46-55,75,Low Usage,0.020737327188940093,0.041666666666666664,48.22222222222222,37.5,109.72,72.33333333333333,1905.4583333333333,0.0625,24.0,Medium Data Usage
Airtel,M,71,Goa,Mumbai,0,146522.0,5,29,8411.0,0,2028,10,4,56+,34,High Usage,0.0005944596361907026,5.8,1682.2,17.0,118.11,118.46478873239437,2063.6901408450703,0.0,0.1724137931034483,High Data Usage
Airtel,M,69,Rajasthan,Chennai,1,56501.0,59,19,8941.0,0,2028,10,4,56+,78,High Usage,0.006598814450285203,0.3220338983050847,151.54237288135593,39.0,167.41,129.57971014492753,818.8550724637681,0.014492753623188406,3.1052631578947367,High Data Usage
Reliance Jio,M,59,Meghalaya,Bangalore,2,78183.0,45,21,8299.0,0,2028,10,4,56+,66,High Usage,0.005422340040968791,0.4666666666666667,184.42222222222222,33.0,148.99,140.66101694915255,1325.135593220339,0.03389830508474576,2.142857142857143,High Data Usage
Vodafone,M,19,Arunachal Pradesh,Bangalore,3,144657.0,61,24,8931.0,1,2028,10,4,18-25,85,High Usage,0.006830142201321241,0.39344262295081966,146.40983606557376,42.5,174.31,470.05263157894734,7613.526315789473,0.15789473684210525,2.5416666666666665,High Data Usage
Reliance Jio,M,22,Punjab,Chennai,3,112134.0,44,41,9047.0,1,2028,10,4,18-25,85,High Usage,0.004863490659887256,0.9318181818181818,205.61363636363637,42.5,175.47,411.22727272727275,5097.0,0.13636363636363635,1.0731707317073171,High Data Usage
Vodafone,F,31,Chhattisgarh,Kolkata,4,112260.0,79,30,1055.0,0,2028,10,4,26-35,109,Low Usage,0.07488151658767772,0.379746835443038,13.354430379746836,54.5,119.55,34.03225806451613,3621.2903225806454,0.12903225806451613,2.6333333333333333,Low Data Usage
BSNL,M,29,Meghalaya,Bangalore,2,66442.0,52,5,7280.0,0,2028,10,4,26-35,57,High Usage,0.007142857142857143,0.09615384615384616,140.0,28.5,129.8,251.0344827586207,2291.103448275862,0.06896551724137931,10.4,High Data Usage
Vodafone,F,73,Gujarat,Chennai,0,106842.0,71,10,5048.0,1,2028,10,4,56+,81,Medium Usage,0.014064976228209191,0.14084507042253522,71.09859154929578,40.5,131.48,69.15068493150685,1463.5890410958905,0.0,7.1,Medium Data Usage
Reliance Jio,M,27,Punjab,Bangalore,1,106167.0,49,11,6382.0,0,2028,10,4,26-35,60,Medium Usage,0.007677843936070197,0.22448979591836735,130.24489795918367,30.0,123.82,236.37037037037038,3932.1111111111113,0.037037037037037035,4.454545454545454,Medium Data Usage
Airtel,M,70,Andhra Pradesh,Kolkata,4,22161.0,91,29,6135.0,1,2028,10,4,56+,120,Medium Usage,0.014832925835370823,0.31868131868131866,67.41758241758242,60.0,181.35,87.64285714285714,316.5857142857143,0.05714285714285714,3.1379310344827585,Medium Data Usage
Airtel,F,61,Assam,Mumbai,1,116788.0,7,44,1152.0,0,2028,10,4,56+,51,Low Usage,0.006076388888888889,6.285714285714286,164.57142857142858,25.5,62.519999999999996,18.885245901639344,1914.5573770491803,0.01639344262295082,0.1590909090909091,Low Data Usage
Airtel,M,27,Punjab,Mumbai,3,118307.0,92,12,8526.0,0,2028,10,4,26-35,104,High Usage,0.010790523105794042,0.13043478260869565,92.67391304347827,52.0,189.26,315.77777777777777,4381.740740740741,0.1111111111111111,7.666666666666667,High Data Usage
Airtel,F,40,Punjab,Mumbai,3,41101.0,7,5,8511.0,1,2028,10,4,36-45,12,High Usage,0.0008224650452355775,0.7142857142857143,1215.857142857143,6.0,97.11,212.775,1027.525,0.075,1.4,High Data Usage
Airtel,M,49,Goa,Mumbai,1,36662.0,81,42,6035.0,0,2028,10,4,46-55,123,Medium Usage,0.013421706710853356,0.5185185185185185,74.50617283950618,61.5,183.35,123.16326530612245,748.204081632653,0.02040816326530612,1.9285714285714286,Medium Data Usage
BSNL,F,71,Rajasthan,Mumbai,3,73732.0,36,28,3350.0,0,2028,10,4,56+,64,Low Usage,0.010746268656716417,0.7777777777777778,93.05555555555556,32.0,97.5,47.183098591549296,1038.4788732394366,0.04225352112676056,1.2857142857142858,Medium Data Usage
Reliance Jio,F,60,Himachal Pradesh,Bangalore,2,131410.0,88,36,1887.0,0,2028,10,4,56+,124,Low Usage,0.04663487016428193,0.4090909090909091,21.443181818181817,62.0,142.87,31.45,2190.1666666666665,0.03333333333333333,2.4444444444444446,Low Data Usage
Vodafone,F,34,Goa,Kolkata,4,39452.0,83,6,9110.0,0,2028,10,4,26-35,89,High Usage,0.009110867178924259,0.07228915662650602,109.75903614457832,44.5,180.1,267.94117647058823,1160.3529411764705,0.11764705882352941,13.833333333333334,High Data Usage
Airtel,F,27,Punjab,Chennai,0,76963.0,58,26,7207.0,0,2028,10,4,26-35,84,High Usage,0.008047731372276953,0.4482758620689655,124.25862068965517,42.0,156.07,266.9259259259259,2850.4814814814813,0.0,2.230769230769231,High Data Usage
Airtel,F,74,Arunachal Pradesh,Mumbai,4,21073.0,24,16,2504.0,0,2028,11,4,56+,40,Low Usage,0.009584664536741214,0.6666666666666666,104.33333333333333,20.0,65.03999999999999,33.83783783783784,284.77027027027026,0.05405405405405406,1.5,Low Data Usage
Vodafone,F,47,Jharkhand,Chennai,1,24199.0,20,37,7667.0,0,2028,11,4,46-55,57,High Usage,0.002608582235554976,1.85,383.35,28.5,133.67000000000002,163.12765957446808,514.8723404255319,0.02127659574468085,0.5405405405405406,High Data Usage
BSNL,M,61,Uttarakhand,Chennai,1,104203.0,60,19,1851.0,0,2028,11,4,56+,79,Low Usage,0.03241491085899514,0.31666666666666665,30.85,39.5,97.51,30.34426229508197,1708.2459016393443,0.01639344262295082,3.1578947368421053,Low Data Usage
Vodafone,M,24,Assam,Mumbai,3,115722.0,89,39,2990.0,1,2028,11,4,18-25,128,Low Usage,0.02976588628762542,0.43820224719101125,33.59550561797753,64.0,157.9,124.58333333333333,4821.75,0.125,2.282051282051282,Low Data Usage
BSNL,M,21,Andhra Pradesh,Delhi,2,88369.0,3,27,8120.0,1,2028,11,4,18-25,30,High Usage,0.00036945812807881776,9.0,2706.6666666666665,15.0,111.2,386.6666666666667,4208.047619047619,0.09523809523809523,0.1111111111111111,High Data Usage
Reliance Jio,F,63,Andhra Pradesh,Kolkata,4,107316.0,85,2,5509.0,0,2028,11,4,56+,87,Medium Usage,0.015429297513160283,0.023529411764705882,64.81176470588235,43.5,142.09,87.44444444444444,1703.4285714285713,0.06349206349206349,42.5,Medium Data Usage
Reliance Jio,M,33,Tripura,Kolkata,2,127876.0,77,8,2779.0,1,2028,11,4,26-35,85,Low Usage,0.027707808564231738,0.1038961038961039,36.09090909090909,42.5,112.78999999999999,84.21212121212122,3875.030303030303,0.06060606060606061,9.625,Low Data Usage
Airtel,M,66,Tripura,Hyderabad,3,23971.0,59,42,7432.0,1,2028,11,4,56+,101,High Usage,0.007938643702906352,0.711864406779661,125.96610169491525,50.5,175.32,112.60606060606061,363.1969696969697,0.045454545454545456,1.4047619047619047,High Data Usage
Airtel,M,22,West Bengal,Delhi,1,42267.0,100,21,1108.0,0,2028,11,4,18-25,121,Low Usage,0.09025270758122744,0.21,11.08,60.5,132.08,50.36363636363637,1921.2272727272727,0.045454545454545456,4.761904761904762,Low Data Usage
BSNL,F,66,Uttarakhand,Chennai,0,97442.0,47,39,7817.0,0,2028,11,4,56+,86,High Usage,0.0060125367788154025,0.8297872340425532,166.31914893617022,43.0,164.17000000000002,118.43939393939394,1476.3939393939395,0.0,1.205128205128205,High Data Usage
BSNL,M,60,Manipur,Chennai,2,51471.0,13,18,2106.0,0,2028,11,4,56+,31,Low Usage,0.006172839506172839,1.3846153846153846,162.0,15.5,52.06,35.1,857.85,0.03333333333333333,0.7222222222222222,Low Data Usage
Vodafone,M,34,Uttarakhand,Hyderabad,3,58103.0,55,18,1275.0,0,2028,11,4,26-35,73,Low Usage,0.043137254901960784,0.32727272727272727,23.181818181818183,36.5,85.75,37.5,1708.9117647058824,0.08823529411764706,3.0555555555555554,Low Data Usage
Vodafone,M,25,Mizoram,Bangalore,4,134455.0,58,19,3217.0,0,2028,11,4,18-25,77,Low Usage,0.018029219769972023,0.3275862068965517,55.46551724137931,38.5,109.17,128.68,5378.2,0.16,3.0526315789473686,Medium Data Usage
Vodafone,F,38,Haryana,Chennai,3,147303.0,28,45,4318.0,0,2028,11,4,36-45,73,Medium Usage,0.006484483557202408,1.6071428571428572,154.21428571428572,36.5,116.18,113.63157894736842,3876.3947368421054,0.07894736842105263,0.6222222222222222,Medium Data Usage
Reliance Jio,M,18,Jharkhand,Hyderabad,2,125583.0,73,3,3349.0,0,2028,11,4,18-25,76,Low Usage,0.02179755150791281,0.0410958904109589,45.87671232876713,38.0,109.49000000000001,186.05555555555554,6976.833333333333,0.1111111111111111,24.333333333333332,Medium Data Usage
Vodafone,M,57,Bihar,Kolkata,2,110259.0,75,30,10155.0,0,2028,11,4,56+,105,High Usage,0.007385524372230428,0.4,135.4,52.5,206.55,178.1578947368421,1934.3684210526317,0.03508771929824561,2.5,High Data Usage
Reliance Jio,F,18,Haryana,Hyderabad,3,137652.0,82,30,1064.0,0,2028,11,4,18-25,112,Low Usage,0.07706766917293233,0.36585365853658536,12.975609756097562,56.0,122.64,59.111111111111114,7647.333333333333,0.16666666666666666,2.7333333333333334,Low Data Usage
Vodafone,F,18,Sikkim,Chennai,4,31080.0,35,15,1349.0,1,2028,11,4,18-25,50,Low Usage,0.025945144551519646,0.42857142857142855,38.542857142857144,25.0,63.49,74.94444444444444,1726.6666666666667,0.2222222222222222,2.3333333333333335,Low Data Usage
Vodafone,F,56,Tripura,Bangalore,2,20756.0,34,31,3719.0,1,2028,11,4,56+,65,Medium Usage,0.009142242538316752,0.9117647058823529,109.38235294117646,32.5,102.19,66.41071428571429,370.64285714285717,0.03571428571428571,1.096774193548387,Medium Data Usage
Airtel,M,19,Tamil Nadu,Kolkata,4,61670.0,10,44,2572.0,0,2028,11,4,18-25,54,Low Usage,0.0038880248833592537,4.4,257.2,27.0,79.72,135.3684210526316,3245.7894736842104,0.21052631578947367,0.22727272727272727,Low Data Usage
BSNL,M,60,Telangana,Chennai,1,130768.0,62,10,4833.0,0,2028,11,4,56+,72,Medium Usage,0.012828470929029587,0.16129032258064516,77.95161290322581,36.0,120.33,80.55,2179.4666666666667,0.016666666666666666,6.2,Medium Data Usage
BSNL,M,20,Andhra Pradesh,Chennai,0,79477.0,90,34,1732.0,0,2028,11,4,18-25,124,Low Usage,0.05196304849884527,0.37777777777777777,19.244444444444444,62.0,141.32,86.6,3973.85,0.0,2.6470588235294117,Low Data Usage
Airtel,F,67,Mizoram,Hyderabad,2,134899.0,22,38,7426.0,0,2028,11,4,56+,60,High Usage,0.0029625639644492324,1.7272727272727273,337.54545454545456,30.0,134.26,110.83582089552239,2013.4179104477612,0.029850746268656716,0.5789473684210527,High Data Usage
Reliance Jio,M,68,Telangana,Chennai,0,26148.0,86,20,4385.0,0,2028,11,4,56+,106,Medium Usage,0.019612314709236033,0.23255813953488372,50.98837209302326,53.0,149.85,64.48529411764706,384.52941176470586,0.0,4.3,Medium Data Usage
Vodafone,M,24,Andhra Pradesh,Delhi,0,60020.0,85,42,2399.0,0,2028,11,4,18-25,127,Low Usage,0.035431429762401004,0.49411764705882355,28.223529411764705,63.5,150.99,99.95833333333333,2500.8333333333335,0.0,2.0238095238095237,Low Data Usage
Reliance Jio,M,21,Chhattisgarh,Bangalore,3,47717.0,40,43,3765.0,0,2028,11,4,18-25,83,Medium Usage,0.010624169986719787,1.075,94.125,41.5,120.65,179.28571428571428,2272.2380952380954,0.14285714285714285,0.9302325581395349,Medium Data Usage
Airtel,M,58,Uttarakhand,Bangalore,1,44661.0,99,7,8502.0,0,2028,11,4,56+,106,High Usage,0.011644318983768526,0.0707070707070707,85.87878787878788,53.0,191.01999999999998,146.58620689655172,770.0172413793103,0.017241379310344827,14.142857142857142,High Data Usage
BSNL,M,51,Tripura,Hyderabad,3,80552.0,65,36,6011.0,0,2028,11,4,46-55,101,Medium Usage,0.010813508567626019,0.5538461538461539,92.47692307692307,50.5,161.11,117.86274509803921,1579.450980392157,0.058823529411764705,1.8055555555555556,Medium Data Usage
Reliance Jio,F,26,Odisha,Hyderabad,4,54999.0,90,42,8342.0,0,2028,11,4,26-35,132,High Usage,0.010788779669144091,0.4666666666666667,92.68888888888888,66.0,215.42000000000002,320.84615384615387,2115.346153846154,0.15384615384615385,2.142857142857143,High Data Usage
Reliance Jio,M,46,Haryana,Mumbai,1,26661.0,82,40,8733.0,0,2028,11,4,46-55,122,High Usage,0.009389671361502348,0.4878048780487805,106.5,61.0,209.32999999999998,189.84782608695653,579.5869565217391,0.021739130434782608,2.05,High Data Usage
Vodafone,M,62,Karnataka,Kolkata,1,62013.0,34,45,2945.0,0,2028,12,4,56+,79,Low Usage,0.011544991511035654,1.3235294117647058,86.61764705882354,39.5,108.45,47.5,1000.2096774193549,0.016129032258064516,0.7555555555555555,Low Data Usage
Reliance Jio,M,54,Uttar Pradesh,Bangalore,0,65860.0,74,26,6090.0,0,2028,12,4,46-55,100,Medium Usage,0.012151067323481117,0.35135135135135137,82.29729729729729,50.0,160.9,112.77777777777777,1219.6296296296296,0.0,2.8461538461538463,Medium Data Usage
Vodafone,M,43,Jharkhand,Hyderabad,0,143320.0,44,31,1211.0,0,2028,12,4,36-45,75,Low Usage,0.03633360858794385,0.7045454545454546,27.522727272727273,37.5,87.11,28.162790697674417,3333.0232558139537,0.0,1.4193548387096775,Low Data Usage
BSNL,M,56,Punjab,Delhi,2,143001.0,74,44,3631.0,0,2028,12,4,56+,118,Medium Usage,0.02038006058936932,0.5945945945945946,49.067567567567565,59.0,154.31,64.83928571428571,2553.589285714286,0.03571428571428571,1.6818181818181819,Medium Data Usage
BSNL,M,19,Maharashtra,Hyderabad,3,87431.0,9,40,10390.0,0,2028,12,4,18-25,49,High Usage,0.0008662175168431184,4.444444444444445,1154.4444444444443,24.5,152.9,546.8421052631579,4601.631578947368,0.15789473684210525,0.225,High Data Usage
BSNL,M,53,Meghalaya,Delhi,3,136654.0,32,26,2847.0,0,2028,12,4,46-55,58,Low Usage,0.011239901650860555,0.8125,88.96875,29.0,86.47,53.716981132075475,2578.377358490566,0.05660377358490566,1.2307692307692308,Low Data Usage
BSNL,M,28,Bihar,Bangalore,4,23363.0,12,37,2185.0,0,2028,12,4,26-35,49,Low Usage,0.005491990846681922,3.0833333333333335,182.08333333333334,24.5,70.85,78.03571428571429,834.3928571428571,0.14285714285714285,0.32432432432432434,Low Data Usage
Vodafone,M,61,Arunachal Pradesh,Hyderabad,4,114090.0,32,26,1400.0,0,2028,12,4,56+,58,Low Usage,0.022857142857142857,0.8125,43.75,29.0,72.0,22.950819672131146,1870.327868852459,0.06557377049180328,1.2307692307692308,Low Data Usage
BSNL,M,55,Meghalaya,Bangalore,0,44450.0,86,26,1283.0,0,2028,12,4,46-55,112,Low Usage,0.06703039750584568,0.3023255813953488,14.918604651162791,56.0,124.83,23.327272727272728,808.1818181818181,0.0,3.3076923076923075,Low Data Usage
Reliance Jio,F,29,Chhattisgarh,Delhi,2,70221.0,105,47,6033.0,0,2028,12,4,26-35,152,Medium Usage,0.0174042764793635,0.44761904761904764,57.457142857142856,76.0,212.32999999999998,208.0344827586207,2421.4137931034484,0.06896551724137931,2.234042553191489,Medium Data Usage
BSNL,M,64,Mizoram,Delhi,4,35421.0,89,13,3549.0,0,2028,12,4,56+,102,Medium Usage,0.025077486615948153,0.14606741573033707,39.87640449438202,51.0,137.49,55.453125,553.453125,0.0625,6.846153846153846,Medium Data Usage
Airtel,M,53,Punjab,Bangalore,1,138349.0,100,44,1407.0,0,2028,12,4,46-55,144,Low Usage,0.07107320540156362,0.44,14.07,72.0,158.07,26.547169811320753,2610.3584905660377,0.018867924528301886,2.272727272727273,Low Data Usage
BSNL,F,43,Gujarat,Bangalore,3,68939.0,4,9,8880.0,0,2028,12,4,36-45,13,High Usage,0.00045045045045045046,2.25,2220.0,6.5,101.8,206.51162790697674,1603.2325581395348,0.06976744186046512,0.4444444444444444,High Data Usage
BSNL,F,35,Karnataka,Bangalore,4,107620.0,50,38,2740.0,0,2028,12,4,26-35,88,Low Usage,0.01824817518248175,0.76,54.8,44.0,115.4,78.28571428571429,3074.8571428571427,0.11428571428571428,1.3157894736842106,Low Data Usage
Reliance Jio,M,66,Nagaland,Mumbai,0,69249.0,96,44,8230.0,0,2028,12,4,56+,140,High Usage,0.011664641555285541,0.4583333333333333,85.72916666666667,70.0,222.3,124.6969696969697,1049.2272727272727,0.0,2.1818181818181817,High Data Usage
Reliance Jio,F,44,Andhra Pradesh,Hyderabad,4,84853.0,14,37,4106.0,0,2028,12,4,36-45,51,Medium Usage,0.0034096444227959084,2.642857142857143,293.2857142857143,25.5,92.06,93.31818181818181,1928.4772727272727,0.09090909090909091,0.3783783783783784,Medium Data Usage
BSNL,F,23,Jharkhand,Kolkata,2,105557.0,47,27,4963.0,1,2028,12,4,18-25,74,Medium Usage,0.009470078581503123,0.574468085106383,105.59574468085107,37.0,123.63,215.7826086956522,4589.434782608696,0.08695652173913043,1.7407407407407407,Medium Data Usage
Reliance Jio,M,72,Mizoram,Bangalore,3,103617.0,37,46,4577.0,0,2028,12,4,56+,83,Medium Usage,0.008083897749617654,1.2432432432432432,123.70270270270271,41.5,128.77,63.56944444444444,1439.125,0.041666666666666664,0.8043478260869565,Medium Data Usage
Airtel,F,44,Arunachal Pradesh,Chennai,4,117665.0,77,8,1599.0,0,2028,12,4,36-45,85,Low Usage,0.04815509693558474,0.1038961038961039,20.766233766233768,42.5,100.99,36.34090909090909,2674.2045454545455,0.09090909090909091,9.625,Low Data Usage
Airtel,M,47,Jharkhand,Hyderabad,4,138998.0,42,1,1508.0,0,2028,12,4,46-55,43,Low Usage,0.027851458885941646,0.023809523809523808,35.904761904761905,21.5,58.08,32.08510638297872,2957.404255319149,0.0851063829787234,42.0,Low Data Usage
Airtel,M,18,Nagaland,Bangalore,2,116321.0,56,4,4956.0,1,2028,12,4,18-25,60,Medium Usage,0.011299435028248588,0.07142857142857142,88.5,30.0,109.56,275.3333333333333,6462.277777777777,0.1111111111111111,14.0,Medium Data Usage
BSNL,F,72,Himachal Pradesh,Chennai,0,127858.0,32,31,1317.0,0,2028,12,4,56+,63,Low Usage,0.024297646165527716,0.96875,41.15625,31.5,76.17,18.291666666666668,1775.8055555555557,0.0,1.032258064516129,Low Data Usage
Vodafone,F,43,Manipur,Chennai,3,132471.0,81,44,8649.0,0,2028,12,4,36-45,125,High Usage,0.009365244536940686,0.5432098765432098,106.77777777777777,62.5,211.49,201.13953488372093,3080.720930232558,0.06976744186046512,1.8409090909090908,High Data Usage
BSNL,M,51,Goa,Hyderabad,4,84565.0,28,10,4246.0,0,2028,12,4,46-55,38,Medium Usage,0.00659444182760245,0.35714285714285715,151.64285714285714,19.0,80.46000000000001,83.25490196078431,1658.137254901961,0.0784313725490196,2.8,Medium Data Usage
Vodafone,F,56,Madhya Pradesh,Mumbai,0,21797.0,42,25,6489.0,0,2028,12,4,56+,67,Medium Usage,0.006472491909385114,0.5952380952380952,154.5,33.5,131.89,115.875,389.23214285714283,0.0,1.68,Medium Data Usage
Vodafone,M,47,Tamil Nadu,Hyderabad,0,143655.0,23,48,5924.0,0,2028,12,4,46-55,71,Medium Usage,0.0038825118163403104,2.0869565217391304,257.5652173913044,35.5,130.24,126.04255319148936,3056.4893617021276,0.0,0.4791666666666667,Medium Data Usage
Vodafone,F,53,Rajasthan,Chennai,0,96427.0,8,25,1357.0,1,2028,12,4,46-55,33,Low Usage,0.0058953574060427415,3.125,169.625,16.5,46.57,25.60377358490566,1819.377358490566,0.0,0.32,Low Data Usage
Reliance Jio,M,49,Odisha,Chennai,0,95021.0,69,5,4300.0,0,2028,12,4,46-55,74,Medium Usage,0.016046511627906976,0.07246376811594203,62.31884057971015,37.0,117.0,87.75510204081633,1939.204081632653,0.0,13.8,Medium Data Usage
Vodafone,M,37,Arunachal Pradesh,Kolkata,2,43350.0,5,46,2822.0,0,2028,12,4,36-45,51,Low Usage,0.001771793054571226,9.2,564.4,25.5,79.22,76.27027027027027,1171.6216216216217,0.05405405405405406,0.10869565217391304,Low Data Usage
Reliance Jio,M,70,Sikkim,Chennai,1,126769.0,42,7,6806.0,1,2028,12,4,56+,49,High Usage,0.006171025565677344,0.16666666666666666,162.04761904761904,24.5,117.06,97.22857142857143,1810.9857142857143,0.014285714285714285,6.0,Medium Data Usage
Vodafone,M,21,Uttar Pradesh,Delhi,3,76064.0,57,50,8064.0,1,2028,12,4,18-25,107,High Usage,0.007068452380952381,0.8771929824561403,141.47368421052633,53.5,187.64,384.0,3622.095238095238,0.14285714285714285,1.14,High Data Usage
BSNL,M,70,Odisha,Delhi,1,136917.0,4,26,2758.0,0,2029,1,1,56+,30,Low Usage,0.0014503263234227702,6.5,689.5,15.0,57.58,39.4,1955.9571428571428,0.014285714285714285,0.15384615384615385,Low Data Usage
Reliance Jio,F,21,Bihar,Chennai,2,38493.0,10,31,5299.0,1,2029,1,1,18-25,41,Medium Usage,0.0018871485185884128,3.1,529.9,20.5,93.99000000000001,252.33333333333334,1833.0,0.09523809523809523,0.3225806451612903,Medium Data Usage
Airtel,F,59,Bihar,Bangalore,4,66010.0,9,35,1021.0,0,2029,1,1,56+,44,Low Usage,0.00881488736532811,3.888888888888889,113.44444444444444,22.0,54.21,17.305084745762713,1118.8135593220338,0.06779661016949153,0.2571428571428571,Low Data Usage
Vodafone,M,38,Tamil Nadu,Mumbai,1,99836.0,97,27,7312.0,0,2029,1,1,36-45,124,High Usage,0.013265864332603938,0.27835051546391754,75.38144329896907,62.0,197.12,192.42105263157896,2627.2631578947367,0.02631578947368421,3.5925925925925926,High Data Usage
Vodafone,F,41,Odisha,Chennai,4,30377.0,3,21,5888.0,0,2029,1,1,36-45,24,Medium Usage,0.0005095108695652174,7.0,1962.6666666666667,12.0,82.88,143.609756097561,740.9024390243902,0.0975609756097561,0.14285714285714285,Medium Data Usage
Airtel,M,65,Rajasthan,Hyderabad,0,98391.0,61,24,9917.0,0,2029,1,1,56+,85,High Usage,0.006151053746092568,0.39344262295081966,162.5737704918033,42.5,184.17000000000002,152.56923076923076,1513.7076923076922,0.0,2.5416666666666665,High Data Usage
Vodafone,M,25,Kerala,Chennai,2,38956.0,39,24,1530.0,0,2029,1,1,18-25,63,Low Usage,0.025490196078431372,0.6153846153846154,39.23076923076923,31.5,78.3,61.2,1558.24,0.08,1.625,Low Data Usage
Vodafone,F,74,Himachal Pradesh,Bangalore,1,90398.0,77,41,661.0,0,2029,1,1,56+,118,Low Usage,0.11649016641452345,0.5324675324675324,8.584415584415584,59.0,124.61,8.932432432432432,1221.5945945945946,0.013513513513513514,1.8780487804878048,Low Data Usage
Vodafone,F,73,Himachal Pradesh,Bangalore,1,55194.0,70,24,667.0,0,2029,1,1,56+,94,Low Usage,0.10494752623688156,0.34285714285714286,9.528571428571428,47.0,100.67,9.136986301369863,756.082191780822,0.0136986301369863,2.9166666666666665,Low Data Usage
Airtel,F,64,Chhattisgarh,Kolkata,0,114485.0,20,47,5049.0,0,2029,1,1,56+,67,Medium Usage,0.003961180431768667,2.35,252.45,33.5,117.49000000000001,78.890625,1788.828125,0.0,0.425531914893617,Medium Data Usage
BSNL,M,57,Maharashtra,Mumbai,1,26299.0,1,15,3421.0,0,2029,1,1,56+,16,Low Usage,0.00029231218941829873,15.0,3421.0,8.0,50.21,60.01754385964912,461.3859649122807,0.017543859649122806,0.06666666666666667,Medium Data Usage
Vodafone,F,24,Nagaland,Chennai,2,42914.0,5,22,7130.0,0,2029,1,1,18-25,27,High Usage,0.0007012622720897616,4.4,1426.0,13.5,98.3,297.0833333333333,1788.0833333333333,0.08333333333333333,0.22727272727272727,High Data Usage
Reliance Jio,M,45,Mizoram,Kolkata,1,37638.0,82,12,1816.0,0,2029,1,1,36-45,94,Low Usage,0.04515418502202643,0.14634146341463414,22.146341463414632,47.0,112.16,40.355555555555554,836.4,0.022222222222222223,6.833333333333333,Low Data Usage
BSNL,M,47,Mizoram,Bangalore,2,50743.0,65,41,5797.0,0,2029,1,1,46-55,106,Medium Usage,0.011212696222183889,0.6307692307692307,89.18461538461538,53.0,163.97,123.34042553191489,1079.6382978723404,0.0425531914893617,1.5853658536585367,Medium Data Usage
BSNL,M,57,Mizoram,Bangalore,0,108505.0,7,21,3207.0,0,2029,1,1,56+,28,Low Usage,0.002182725288431556,3.0,458.14285714285717,14.0,60.07,56.26315789473684,1903.5964912280701,0.0,0.3333333333333333,Medium Data Usage
BSNL,M,23,Uttar Pradesh,Chennai,0,122956.0,58,24,4303.0,1,2029,1,1,18-25,82,Medium Usage,0.013478968161747618,0.41379310344827586,74.1896551724138,41.0,125.03,187.08695652173913,5345.913043478261,0.0,2.4166666666666665,Medium Data Usage
Vodafone,F,42,Himachal Pradesh,Hyderabad,2,87743.0,24,3,2694.0,0,2029,1,1,36-45,27,Low Usage,0.008908685968819599,0.125,112.25,13.5,53.94,64.14285714285714,2089.1190476190477,0.047619047619047616,8.0,Low Data Usage
Vodafone,M,27,Sikkim,Chennai,2,115682.0,80,1,7342.0,0,2029,1,1,26-35,81,High Usage,0.010896213565785889,0.0125,91.775,40.5,154.42000000000002,271.9259259259259,4284.518518518518,0.07407407407407407,80.0,High Data Usage
Reliance Jio,F,60,Meghalaya,Bangalore,3,29102.0,78,7,583.0,1,2029,1,1,56+,85,Low Usage,0.13379073756432247,0.08974358974358974,7.4743589743589745,42.5,90.83,9.716666666666667,485.03333333333336,0.05,11.142857142857142,Low Data Usage
Vodafone,F,41,Haryana,Delhi,4,51344.0,52,19,7779.0,0,2029,1,1,36-45,71,High Usage,0.006684663838539658,0.36538461538461536,149.59615384615384,35.5,148.79000000000002,189.73170731707316,1252.2926829268292,0.0975609756097561,2.736842105263158,High Data Usage
Airtel,F,37,Manipur,Chennai,2,63810.0,41,19,10240.0,0,2029,1,1,36-45,60,High Usage,0.00400390625,0.4634146341463415,249.7560975609756,30.0,162.4,276.7567567567568,1724.5945945945946,0.05405405405405406,2.1578947368421053,High Data Usage
Reliance Jio,M,18,Telangana,Bangalore,4,35780.0,50,35,6654.0,1,2029,1,1,18-25,85,High Usage,0.007514277126540427,0.7,133.08,42.5,151.54000000000002,369.6666666666667,1987.7777777777778,0.2222222222222222,1.4285714285714286,Medium Data Usage
Airtel,M,64,Nagaland,Bangalore,2,75415.0,44,40,8645.0,1,2029,1,1,56+,84,High Usage,0.005089647194910353,0.9090909090909091,196.47727272727272,42.0,170.45,135.078125,1178.359375,0.03125,1.1,High Data Usage
Reliance Jio,M,52,Chhattisgarh,Delhi,1,40468.0,9,10,5573.0,0,2029,1,1,46-55,19,Medium Usage,0.0016149291225551767,1.1111111111111112,619.2222222222222,9.5,74.72999999999999,107.17307692307692,778.2307692307693,0.019230769230769232,0.9,Medium Data Usage
Vodafone,M,56,Tamil Nadu,Kolkata,4,61182.0,97,25,8688.0,0,2029,1,1,56+,122,High Usage,0.011164825046040515,0.25773195876288657,89.56701030927834,61.0,208.88,155.14285714285714,1092.5357142857142,0.07142857142857142,3.88,High Data Usage
Reliance Jio,M,64,Manipur,Mumbai,0,112780.0,52,26,5695.0,0,2029,1,1,56+,78,Medium Usage,0.009130816505706761,0.5,109.51923076923077,39.0,134.95,88.984375,1762.1875,0.0,2.0,Medium Data Usage
BSNL,M,33,Haryana,Mumbai,3,136175.0,45,13,9418.0,1,2029,1,1,26-35,58,High Usage,0.0047780845190061585,0.28888888888888886,209.2888888888889,29.0,152.18,285.3939393939394,4126.515151515152,0.09090909090909091,3.4615384615384617,High Data Usage
Reliance Jio,M,66,Haryana,Bangalore,0,70369.0,60,15,409.0,1,2029,1,1,56+,75,Low Usage,0.1466992665036675,0.25,6.816666666666666,37.5,79.09,6.196969696969697,1066.1969696969697,0.0,4.0,Low Data Usage
Vodafone,F,33,Haryana,Delhi,1,61938.0,35,3,1161.0,0,2029,1,1,26-35,38,Low Usage,0.030146425495262703,0.08571428571428572,33.17142857142857,19.0,49.61,35.18181818181818,1876.909090909091,0.030303030303030304,11.666666666666666,Low Data Usage
BSNL,M,64,Madhya Pradesh,Bangalore,1,145003.0,76,38,5049.0,1,2029,1,1,56+,114,Medium Usage,0.015052485640720936,0.5,66.4342105263158,57.0,164.49,78.890625,2265.671875,0.015625,2.0,Medium Data Usage
BSNL,M,64,Assam,Hyderabad,4,41981.0,23,33,9706.0,0,2029,1,1,56+,56,High Usage,0.002369668246445498,1.434782608695652,422.0,28.0,153.06,151.65625,655.953125,0.0625,0.696969696969697,High Data Usage
Airtel,M,50,Haryana,Chennai,2,81124.0,9,25,9170.0,0,2029,2,1,46-55,34,High Usage,0.0009814612868047983,2.7777777777777777,1018.8888888888889,17.0,125.7,183.4,1622.48,0.04,0.36,High Data Usage
Airtel,M,36,Jharkhand,Bangalore,1,108030.0,78,37,2379.0,0,2029,2,1,36-45,115,Low Usage,0.03278688524590164,0.47435897435897434,30.5,57.5,138.79,66.08333333333333,3000.8333333333335,0.027777777777777776,2.108108108108108,Low Data Usage
Reliance Jio,M,50,Gujarat,Mumbai,2,25697.0,70,28,9031.0,0,2029,2,1,46-55,98,High Usage,0.007751079614660613,0.4,129.0142857142857,49.0,188.31,180.62,513.94,0.04,2.5,High Data Usage
Reliance Jio,F,20,Jharkhand,Kolkata,2,94078.0,93,30,3327.0,0,2029,2,1,18-25,123,Low Usage,0.027953110910730387,0.3225806451612903,35.774193548387096,61.5,156.27,166.35,4703.9,0.1,3.1,Medium Data Usage
Airtel,F,37,Sikkim,Hyderabad,4,96842.0,2,1,3443.0,0,2029,2,1,36-45,3,Low Usage,0.0005808887598024978,0.5,1721.5,1.5,37.43,93.05405405405405,2617.3513513513512,0.10810810810810811,2.0,Medium Data Usage
Vodafone,F,22,Uttarakhand,Kolkata,0,129905.0,80,5,6882.0,0,2029,2,1,18-25,85,High Usage,0.011624527753560012,0.0625,86.025,42.5,153.82,312.8181818181818,5904.772727272727,0.0,16.0,Medium Data Usage
Airtel,F,44,Meghalaya,Mumbai,4,61176.0,79,6,2748.0,1,2029,2,1,36-45,85,Low Usage,0.028748180494905386,0.0759493670886076,34.78481012658228,42.5,112.48,62.45454545454545,1390.3636363636363,0.09090909090909091,13.166666666666666,Low Data Usage
Reliance Jio,M,47,Tripura,Bangalore,1,122787.0,31,21,3432.0,1,2029,2,1,46-55,52,Low Usage,0.009032634032634032,0.6774193548387096,110.70967741935483,26.0,86.32,73.02127659574468,2612.4893617021276,0.02127659574468085,1.4761904761904763,Medium Data Usage
Airtel,M,70,Uttar Pradesh,Mumbai,1,40310.0,83,48,3923.0,0,2029,2,1,56+,131,Medium Usage,0.021157277593678307,0.5783132530120482,47.265060240963855,65.5,170.23,56.042857142857144,575.8571428571429,0.014285714285714285,1.7291666666666667,Medium Data Usage
Airtel,M,18,Uttarakhand,Bangalore,3,77381.0,46,21,2470.0,0,2029,2,1,18-25,67,Low Usage,0.01862348178137652,0.45652173913043476,53.69565217391305,33.5,91.7,137.22222222222223,4298.944444444444,0.16666666666666666,2.1904761904761907,Low Data Usage
Airtel,F,29,Karnataka,Delhi,4,41935.0,77,3,6300.0,0,2029,2,1,26-35,80,Medium Usage,0.012222222222222223,0.03896103896103896,81.81818181818181,40.0,143.0,217.24137931034483,1446.0344827586207,0.13793103448275862,25.666666666666668,Medium Data Usage
BSNL,M,68,Meghalaya,Kolkata,2,35121.0,1,8,5869.0,0,2029,2,1,56+,9,Medium Usage,0.0001703867779860283,8.0,5869.0,4.5,67.69,86.30882352941177,516.4852941176471,0.029411764705882353,0.125,Medium Data Usage
Reliance Jio,M,70,Tripura,Bangalore,4,99057.0,66,33,3140.0,0,2029,2,1,56+,99,Low Usage,0.021019108280254776,0.5,47.57575757575758,49.5,130.4,44.857142857142854,1415.1,0.05714285714285714,2.0,Medium Data Usage
Vodafone,F,61,Nagaland,Bangalore,1,100164.0,87,8,8192.0,0,2029,2,1,56+,95,High Usage,0.0106201171875,0.09195402298850575,94.16091954022988,47.5,176.92000000000002,134.29508196721312,1642.032786885246,0.01639344262295082,10.875,High Data Usage
BSNL,F,72,Mizoram,Kolkata,3,148620.0,43,44,9451.0,1,2029,2,1,56+,87,High Usage,0.004549783091736324,1.0232558139534884,219.7906976744186,43.5,181.51,131.26388888888889,2064.1666666666665,0.041666666666666664,0.9772727272727273,High Data Usage
Vodafone,M,35,Telangana,Delhi,3,21593.0,60,18,517.0,0,2029,2,1,26-35,78,Low Usage,0.11605415860735009,0.3,8.616666666666667,39.0,83.17,14.771428571428572,616.9428571428572,0.08571428571428572,3.3333333333333335,Low Data Usage
Vodafone,M,26,Kerala,Mumbai,0,92730.0,51,29,978.0,0,2029,2,1,26-35,80,Low Usage,0.05214723926380368,0.5686274509803921,19.176470588235293,40.0,89.78,37.61538461538461,3566.5384615384614,0.0,1.7586206896551724,Low Data Usage
Airtel,M,43,Manipur,Kolkata,1,144804.0,67,10,6557.0,1,2029,2,1,36-45,77,Medium Usage,0.010218087540033552,0.14925373134328357,97.86567164179104,38.5,142.57,152.48837209302326,3367.5348837209303,0.023255813953488372,6.7,Medium Data Usage
Vodafone,F,32,Goa,Chennai,4,90907.0,40,8,7555.0,0,2029,2,1,26-35,48,High Usage,0.005294506949040371,0.2,188.875,24.0,123.55,236.09375,2840.84375,0.125,5.0,High Data Usage
Vodafone,F,42,Chhattisgarh,Bangalore,0,20658.0,79,31,2501.0,1,2029,2,1,36-45,110,Low Usage,0.03158736505397841,0.3924050632911392,31.658227848101266,55.0,135.01,59.54761904761905,491.85714285714283,0.0,2.5483870967741935,Low Data Usage
Reliance Jio,M,41,Mizoram,Bangalore,3,111103.0,4,21,1562.0,0,2029,2,1,36-45,25,Low Usage,0.002560819462227913,5.25,390.5,12.5,40.62,38.09756097560975,2709.829268292683,0.07317073170731707,0.19047619047619047,Low Data Usage
Airtel,M,31,Bihar,Delhi,2,88591.0,56,24,7354.0,1,2029,2,1,26-35,80,High Usage,0.007614903453902638,0.42857142857142855,131.32142857142858,40.0,153.54000000000002,237.2258064516129,2857.7741935483873,0.06451612903225806,2.3333333333333335,High Data Usage
BSNL,M,41,Haryana,Chennai,4,70402.0,88,32,3355.0,0,2029,2,1,36-45,120,Low Usage,0.02622950819672131,0.36363636363636365,38.125,60.0,153.55,81.82926829268293,1717.121951219512,0.0975609756097561,2.75,Medium Data Usage
Reliance Jio,F,30,Chhattisgarh,Hyderabad,1,59508.0,15,39,3757.0,1,2029,2,1,26-35,54,Medium Usage,0.003992547245142401,2.6,250.46666666666667,27.0,91.57,125.23333333333333,1983.6,0.03333333333333333,0.38461538461538464,Medium Data Usage
Airtel,M,48,Sikkim,Mumbai,4,33550.0,92,19,158.0,0,2029,2,1,46-55,111,Low Usage,0.5822784810126582,0.20652173913043478,1.7173913043478262,55.5,112.58,3.2916666666666665,698.9583333333334,0.08333333333333333,4.842105263157895,Low Data Usage
Reliance Jio,F,24,Tamil Nadu,Bangalore,4,123939.0,65,29,49.0,0,2029,2,1,18-25,94,Low Usage,1.3265306122448979,0.4461538461538462,0.7538461538461538,47.0,94.49,2.0416666666666665,5164.125,0.16666666666666666,2.2413793103448274,Low Data Usage
BSNL,F,24,Mizoram,Hyderabad,1,135597.0,19,26,8137.0,1,2029,2,1,18-25,45,High Usage,0.0023350129040186803,1.368421052631579,428.2631578947368,22.5,126.37,339.0416666666667,5649.875,0.041666666666666664,0.7307692307692307,High Data Usage
Vodafone,M,32,Rajasthan,Delhi,4,44315.0,57,0,2852.0,0,2029,2,1,26-35,57,Low Usage,0.019985974754558204,0.0,50.03508771929825,28.5,85.52,89.125,1384.84375,0.125,57.0,Low Data Usage
Airtel,M,52,Maharashtra,Chennai,2,58619.0,61,10,4455.0,1,2029,3,1,46-55,71,Medium Usage,0.013692480359147026,0.16393442622950818,73.0327868852459,35.5,115.55,85.67307692307692,1127.2884615384614,0.038461538461538464,6.1,Medium Data Usage
BSNL,F,73,Tamil Nadu,Kolkata,0,56793.0,14,17,1428.0,0,2029,3,1,56+,31,Low Usage,0.00980392156862745,1.2142857142857142,102.0,15.5,45.28,19.561643835616437,777.986301369863,0.0,0.8235294117647058,Low Data Usage
BSNL,F,72,Nagaland,Delhi,4,20014.0,48,39,9608.0,1,2029,3,1,56+,87,High Usage,0.004995836802664446,0.8125,200.16666666666666,43.5,183.07999999999998,133.44444444444446,277.97222222222223,0.05555555555555555,1.2307692307692308,High Data Usage
Reliance Jio,M,19,Tamil Nadu,Bangalore,2,141136.0,26,22,8192.0,0,2029,3,1,18-25,48,High Usage,0.003173828125,0.8461538461538461,315.0769230769231,24.0,129.92000000000002,431.1578947368421,7428.210526315789,0.10526315789473684,1.1818181818181819,High Data Usage
Reliance Jio,M,43,Punjab,Hyderabad,0,97651.0,20,23,5109.0,0,2029,3,1,36-45,43,Medium Usage,0.003914660403210021,1.15,255.45,21.5,94.09,118.81395348837209,2270.953488372093,0.0,0.8695652173913043,Medium Data Usage
Vodafone,M,39,Uttar Pradesh,Bangalore,1,81624.0,71,31,9633.0,0,2029,3,1,36-45,102,High Usage,0.0073704972490397595,0.43661971830985913,135.67605633802816,51.0,198.32999999999998,247.0,2092.923076923077,0.02564102564102564,2.2903225806451615,High Data Usage
Airtel,F,22,Goa,Bangalore,4,98794.0,90,26,1916.0,0,2029,3,1,18-25,116,Low Usage,0.04697286012526096,0.28888888888888886,21.288888888888888,58.0,135.16,87.0909090909091,4490.636363636364,0.18181818181818182,3.4615384615384617,Low Data Usage
Airtel,F,74,Bihar,Delhi,0,47460.0,0,32,3658.0,0,2029,3,1,56+,32,Medium Usage,0.0,32.0,3658.0,16.0,68.58,49.432432432432435,641.3513513513514,0.0,0.0,Medium Data Usage
Vodafone,F,36,Andhra Pradesh,Bangalore,3,57123.0,68,35,4514.0,1,2029,3,1,36-45,103,Medium Usage,0.015064244572441293,0.5147058823529411,66.38235294117646,51.5,148.14,125.38888888888889,1586.75,0.08333333333333333,1.9428571428571428,Medium Data Usage
BSNL,M,66,Maharashtra,Hyderabad,4,90842.0,69,1,6117.0,0,2029,3,1,56+,70,Medium Usage,0.011280039234919078,0.014492753623188406,88.65217391304348,35.0,131.17000000000002,92.68181818181819,1376.3939393939395,0.06060606060606061,69.0,Medium Data Usage
Reliance Jio,F,65,Tripura,Chennai,4,95467.0,89,12,3496.0,1,2029,3,1,56+,101,Low Usage,0.02545766590389016,0.1348314606741573,39.28089887640449,50.5,135.96,53.784615384615385,1468.7230769230769,0.06153846153846154,7.416666666666667,Medium Data Usage
Reliance Jio,M,73,Jharkhand,Mumbai,1,66871.0,17,44,2886.0,1,2029,3,1,56+,61,Low Usage,0.00589050589050589,2.588235294117647,169.76470588235293,30.5,89.86,39.534246575342465,916.0410958904109,0.0136986301369863,0.38636363636363635,Low Data Usage
Vodafone,F,43,Maharashtra,Delhi,0,45224.0,11,43,5539.0,1,2029,3,1,36-45,54,Medium Usage,0.001985918035746525,3.909090909090909,503.54545454545456,27.0,109.39,128.8139534883721,1051.7209302325582,0.0,0.2558139534883721,Medium Data Usage
Airtel,F,29,Punjab,Chennai,3,95757.0,22,23,5261.0,1,2029,3,1,26-35,45,Medium Usage,0.004181714502946208,1.0454545454545454,239.13636363636363,22.5,97.61,181.41379310344828,3301.9655172413795,0.10344827586206896,0.9565217391304348,Medium Data Usage
Airtel,M,45,Rajasthan,Delhi,2,25499.0,77,36,1027.0,1,2029,3,1,36-45,113,Low Usage,0.07497565725413827,0.4675324675324675,13.337662337662337,56.5,123.27,22.822222222222223,566.6444444444444,0.044444444444444446,2.138888888888889,Low Data Usage
Vodafone,M,62,West Bengal,Chennai,2,133436.0,29,15,6183.0,0,2029,3,1,56+,44,Medium Usage,0.004690279799450105,0.5172413793103449,213.20689655172413,22.0,105.83,99.7258064516129,2152.1935483870966,0.03225806451612903,1.9333333333333333,Medium Data Usage
Reliance Jio,F,25,Tamil Nadu,Mumbai,0,131078.0,40,48,5698.0,1,2029,3,1,18-25,88,Medium Usage,0.00702000702000702,1.2,142.45,44.0,144.98,227.92,5243.12,0.0,0.8333333333333334,Medium Data Usage
BSNL,M,21,Goa,Chennai,3,126297.0,12,19,1193.0,0,2029,3,1,18-25,31,Low Usage,0.010058675607711651,1.5833333333333333,99.41666666666667,15.5,42.93,56.80952380952381,6014.142857142857,0.14285714285714285,0.631578947368421,Low Data Usage
Vodafone,M,56,Assam,Mumbai,1,129251.0,46,24,1911.0,1,2029,3,1,56+,70,Low Usage,0.024071166928309785,0.5217391304347826,41.54347826086956,35.0,89.11,34.125,2308.0535714285716,0.017857142857142856,1.9166666666666667,Low Data Usage
Reliance Jio,M,20,Telangana,Delhi,2,66744.0,17,7,41.0,0,2029,3,1,18-25,24,Low Usage,0.4146341463414634,0.4117647058823529,2.411764705882353,12.0,24.41,2.05,3337.2,0.1,2.4285714285714284,Low Data Usage
BSNL,F,50,Gujarat,Delhi,4,117002.0,18,3,8404.0,0,2029,3,1,46-55,21,High Usage,0.002141837220371252,0.16666666666666666,466.8888888888889,10.5,105.04,168.08,2340.04,0.08,6.0,High Data Usage
Vodafone,M,43,Assam,Delhi,3,123666.0,81,24,9524.0,0,2029,3,1,36-45,105,High Usage,0.008504829903401932,0.2962962962962963,117.58024691358025,52.5,200.24,221.48837209302326,2875.953488372093,0.06976744186046512,3.375,High Data Usage
Vodafone,F,35,Bihar,Delhi,3,131328.0,54,24,215.0,1,2029,3,1,26-35,78,Low Usage,0.25116279069767444,0.4444444444444444,3.9814814814814814,39.0,80.15,6.142857142857143,3752.2285714285713,0.08571428571428572,2.25,Low Data Usage
BSNL,F,38,Rajasthan,Delhi,1,97953.0,25,46,5586.0,0,2029,3,1,36-45,71,Medium Usage,0.00447547440028643,1.84,223.44,35.5,126.86,147.0,2577.7105263157896,0.02631578947368421,0.5434782608695652,Medium Data Usage
Vodafone,M,29,Uttar Pradesh,Delhi,0,134980.0,73,26,7260.0,0,2029,3,1,26-35,99,High Usage,0.010055096418732782,0.3561643835616438,99.45205479452055,49.5,171.6,250.3448275862069,4654.482758620689,0.0,2.8076923076923075,High Data Usage
Vodafone,M,23,Bihar,Chennai,4,52657.0,76,9,8450.0,0,2029,3,1,18-25,85,High Usage,0.008994082840236686,0.11842105263157894,111.1842105263158,42.5,169.5,367.39130434782606,2289.4347826086955,0.17391304347826086,8.444444444444445,High Data Usage
Vodafone,F,30,Kerala,Delhi,3,103889.0,77,9,5353.0,0,2029,3,1,26-35,86,Medium Usage,0.014384457313655894,0.11688311688311688,69.51948051948052,43.0,139.53,178.43333333333334,3462.9666666666667,0.1,8.555555555555555,Medium Data Usage
Vodafone,F,19,Sikkim,Hyderabad,4,136215.0,67,46,10041.0,0,2029,3,1,18-25,113,High Usage,0.006672642167114829,0.6865671641791045,149.86567164179104,56.5,213.41,528.4736842105264,7169.210526315789,0.21052631578947367,1.4565217391304348,High Data Usage
Airtel,F,34,Telangana,Kolkata,0,94110.0,32,5,4123.0,0,2029,3,1,26-35,37,Medium Usage,0.007761338830948338,0.15625,128.84375,18.5,78.22999999999999,121.26470588235294,2767.9411764705883,0.0,6.4,Medium Data Usage
BSNL,M,70,Jharkhand,Kolkata,3,34808.0,16,28,5007.0,0,2029,3,1,56+,44,Medium Usage,0.003195526263231476,1.75,312.9375,22.0,94.07,71.52857142857142,497.25714285714287,0.04285714285714286,0.5714285714285714,Medium Data Usage
BSNL,F,46,Mizoram,Kolkata,2,58107.0,51,41,1231.0,0,2029,3,1,46-55,92,Low Usage,0.041429731925264016,0.803921568627451,24.137254901960784,46.0,104.31,26.76086956521739,1263.195652173913,0.043478260869565216,1.2439024390243902,Low Data Usage
Airtel,M,37,Kerala,Bangalore,0,66369.0,52,49,1076.0,0,2029,4,2,36-45,101,Low Usage,0.048327137546468404,0.9423076923076923,20.692307692307693,50.5,111.76,29.08108108108108,1793.7567567567567,0.0,1.0612244897959184,Low Data Usage
Vodafone,M,36,Bihar,Hyderabad,3,111317.0,57,13,8713.0,0,2029,4,2,36-45,70,High Usage,0.006541948812119821,0.22807017543859648,152.859649122807,35.0,157.13,242.02777777777777,3092.1388888888887,0.08333333333333333,4.384615384615385,High Data Usage
Reliance Jio,M,55,Kerala,Mumbai,0,61383.0,77,9,547.0,1,2029,4,2,46-55,86,Low Usage,0.14076782449725778,0.11688311688311688,7.103896103896104,43.0,91.47,9.945454545454545,1116.0545454545454,0.0,8.555555555555555,Low Data Usage
Vodafone,F,30,Meghalaya,Bangalore,4,48530.0,81,26,7400.0,0,2029,4,2,26-35,107,High Usage,0.010945945945945945,0.32098765432098764,91.35802469135803,53.5,181.0,246.66666666666666,1617.6666666666667,0.13333333333333333,3.1153846153846154,High Data Usage
Reliance Jio,M,68,Chhattisgarh,Hyderabad,3,76940.0,36,52,6647.0,0,2029,4,2,56+,88,High Usage,0.005415977132540996,1.4444444444444444,184.63888888888889,44.0,154.47,97.75,1131.4705882352941,0.04411764705882353,0.6923076923076923,Medium Data Usage
Airtel,M,38,Uttarakhand,Mumbai,0,28070.0,78,38,2043.0,0,2029,4,2,36-45,116,Low Usage,0.0381791483113069,0.48717948717948717,26.192307692307693,58.0,136.43,53.76315789473684,738.6842105263158,0.0,2.0526315789473686,Low Data Usage
BSNL,M,62,Manipur,Delhi,2,146257.0,49,2,6154.0,0,2029,4,2,56+,51,Medium Usage,0.007962300942476437,0.04081632653061224,125.59183673469387,25.5,112.53999999999999,99.25806451612904,2358.983870967742,0.03225806451612903,24.5,Medium Data Usage
BSNL,M,35,Chhattisgarh,Mumbai,3,42945.0,32,42,5049.0,1,2029,4,2,26-35,74,Medium Usage,0.006337888690829867,1.3125,157.78125,37.0,124.49000000000001,144.25714285714287,1227.0,0.08571428571428572,0.7619047619047619,Medium Data Usage
Airtel,F,43,Madhya Pradesh,Kolkata,3,135516.0,33,35,5811.0,0,2029,4,2,36-45,68,Medium Usage,0.005678884873515746,1.0606060606060606,176.0909090909091,34.0,126.11,135.13953488372093,3151.5348837209303,0.06976744186046512,0.9428571428571428,Medium Data Usage
Airtel,M,24,Andhra Pradesh,Chennai,1,34550.0,80,24,4445.0,0,2029,4,2,18-25,104,Medium Usage,0.01799775028121485,0.3,55.5625,52.0,148.45,185.20833333333334,1439.5833333333333,0.041666666666666664,3.3333333333333335,Medium Data Usage
Vodafone,M,71,Tamil Nadu,Hyderabad,1,103945.0,12,20,264.0,0,2029,4,2,56+,32,Low Usage,0.045454545454545456,1.6666666666666667,22.0,16.0,34.64,3.7183098591549295,1464.0140845070423,0.014084507042253521,0.6,Low Data Usage
Reliance Jio,M,29,Telangana,Kolkata,4,61502.0,47,33,1470.0,0,2029,4,2,26-35,80,Low Usage,0.03197278911564626,0.7021276595744681,31.27659574468085,40.0,94.7,50.689655172413794,2120.7586206896553,0.13793103448275862,1.4242424242424243,Low Data Usage
Airtel,M,47,Kerala,Hyderabad,0,53410.0,7,25,10005.0,0,2029,4,2,46-55,32,High Usage,0.0006996501749125438,3.5714285714285716,1429.2857142857142,16.0,132.05,212.87234042553192,1136.3829787234042,0.0,0.28,High Data Usage
Reliance Jio,F,52,Himachal Pradesh,Chennai,0,91160.0,44,30,5996.0,1,2029,4,2,46-55,74,Medium Usage,0.00733822548365577,0.6818181818181818,136.27272727272728,37.0,133.96,115.3076923076923,1753.076923076923,0.0,1.4666666666666666,Medium Data Usage
Airtel,F,61,Punjab,Chennai,0,109368.0,92,42,5134.0,0,2029,4,2,56+,134,Medium Usage,0.017919750681729647,0.45652173913043476,55.80434782608695,67.0,185.34,84.1639344262295,1792.9180327868853,0.0,2.1904761904761907,Medium Data Usage
Vodafone,F,24,Jharkhand,Bangalore,2,63350.0,74,41,6817.0,1,2029,4,2,18-25,115,High Usage,0.01085521490391668,0.5540540540540541,92.12162162162163,57.5,183.17000000000002,284.0416666666667,2639.5833333333335,0.08333333333333333,1.8048780487804879,Medium Data Usage
Airtel,F,62,Tripura,Delhi,0,27749.0,27,6,9041.0,0,2029,4,2,56+,33,High Usage,0.0029863953102532907,0.2222222222222222,334.85185185185185,16.5,123.41,145.82258064516128,447.56451612903226,0.0,4.5,High Data Usage
BSNL,F,62,Sikkim,Mumbai,4,71888.0,60,21,2186.0,0,2029,4,2,56+,81,Low Usage,0.027447392497712716,0.35,36.43333333333333,40.5,102.86,35.25806451612903,1159.483870967742,0.06451612903225806,2.857142857142857,Low Data Usage
Reliance Jio,M,65,Haryana,Delhi,1,100110.0,78,49,2052.0,0,2029,4,2,56+,127,Low Usage,0.038011695906432746,0.6282051282051282,26.307692307692307,63.5,147.52,31.56923076923077,1540.1538461538462,0.015384615384615385,1.5918367346938775,Low Data Usage
Airtel,F,43,Meghalaya,Mumbai,1,139388.0,22,17,8814.0,0,2029,4,2,36-45,39,High Usage,0.002496029044701611,0.7727272727272727,400.6363636363636,19.5,127.14,204.97674418604652,3241.5813953488373,0.023255813953488372,1.2941176470588236,High Data Usage
BSNL,M,18,Jharkhand,Mumbai,3,65451.0,19,46,1393.0,0,2029,4,2,18-25,65,Low Usage,0.013639626704953339,2.4210526315789473,73.3157894736842,32.5,78.93,77.38888888888889,3636.1666666666665,0.16666666666666666,0.41304347826086957,Low Data Usage
BSNL,F,19,Odisha,Delhi,3,21741.0,74,42,7465.0,0,2029,4,2,18-25,116,High Usage,0.009912926992632284,0.5675675675675675,100.87837837837837,58.0,190.65,392.89473684210526,1144.2631578947369,0.15789473684210525,1.7619047619047619,High Data Usage
Reliance Jio,M,51,Tripura,Mumbai,1,149073.0,69,24,7260.0,0,2029,4,2,46-55,93,High Usage,0.009504132231404958,0.34782608695652173,105.21739130434783,46.5,165.6,142.35294117647058,2923.0,0.0196078431372549,2.875,High Data Usage
BSNL,M,72,Gujarat,Mumbai,1,65438.0,18,12,6891.0,1,2029,4,2,56+,30,High Usage,0.00261210274270788,0.6666666666666666,382.8333333333333,15.0,98.91,95.70833333333333,908.8611111111111,0.013888888888888888,1.5,Medium Data Usage
Airtel,F,53,Manipur,Bangalore,0,111408.0,81,45,1654.0,0,2029,4,2,46-55,126,Low Usage,0.04897218863361548,0.5555555555555556,20.419753086419753,63.0,142.54,31.20754716981132,2102.0377358490564,0.0,1.8,Low Data Usage
BSNL,F,66,Uttarakhand,Kolkata,0,29573.0,9,28,1564.0,0,2029,4,2,56+,37,Low Usage,0.005754475703324808,3.111111111111111,173.77777777777777,18.5,52.64,23.696969696969695,448.07575757575756,0.0,0.32142857142857145,Low Data Usage
Reliance Jio,M,27,West Bengal,Delhi,0,134564.0,49,41,5308.0,0,2029,4,2,26-35,90,Medium Usage,0.00923134890730972,0.8367346938775511,108.3265306122449,45.0,143.07999999999998,196.59259259259258,4983.851851851852,0.0,1.1951219512195121,Medium Data Usage
Airtel,M,66,Meghalaya,Mumbai,1,23525.0,96,26,9076.0,0,2029,4,2,56+,122,High Usage,0.010577346848832084,0.2708333333333333,94.54166666666667,61.0,212.76,137.5151515151515,356.43939393939394,0.015151515151515152,3.6923076923076925,High Data Usage
Reliance Jio,M,30,Maharashtra,Bangalore,1,23509.0,63,43,1068.0,0,2029,4,2,26-35,106,Low Usage,0.05898876404494382,0.6825396825396826,16.952380952380953,53.0,116.68,35.6,783.6333333333333,0.03333333333333333,1.4651162790697674,Low Data Usage
Airtel,M,59,Bihar,Bangalore,0,88326.0,59,5,5121.0,0,2029,4,2,56+,64,Medium Usage,0.011521187268111696,0.0847457627118644,86.79661016949153,32.0,115.21000000000001,86.79661016949153,1497.050847457627,0.0,11.8,Medium Data Usage
BSNL,F,31,Chhattisgarh,Hyderabad,4,136548.0,66,25,3799.0,0,2029,5,2,26-35,91,Medium Usage,0.017372992892866545,0.3787878787878788,57.56060606060606,45.5,128.99,122.54838709677419,4404.774193548387,0.12903225806451613,2.64,Medium Data Usage
Airtel,M,41,Uttar Pradesh,Kolkata,3,66793.0,77,20,1655.0,0,2029,5,2,36-45,97,Low Usage,0.04652567975830816,0.2597402597402597,21.493506493506494,48.5,113.55,40.36585365853659,1629.0975609756097,0.07317073170731707,3.85,Low Data Usage
Reliance Jio,F,58,Telangana,Mumbai,3,30263.0,80,30,1150.0,1,2029,5,2,56+,110,Low Usage,0.06956521739130435,0.375,14.375,55.0,121.5,19.82758620689655,521.7758620689655,0.05172413793103448,2.6666666666666665,Low Data Usage
Vodafone,F,68,Goa,Kolkata,3,54191.0,81,30,1357.0,0,2029,5,2,56+,111,Low Usage,0.05969049373618276,0.37037037037037035,16.753086419753085,55.5,124.57,19.955882352941178,796.9264705882352,0.04411764705882353,2.7,Low Data Usage
Vodafone,F,21,Uttar Pradesh,Mumbai,2,32440.0,18,40,1673.0,0,2029,5,2,18-25,58,Low Usage,0.010759115361625823,2.2222222222222223,92.94444444444444,29.0,74.73,79.66666666666667,1544.7619047619048,0.09523809523809523,0.45,Low Data Usage
BSNL,M,30,Rajasthan,Kolkata,3,89507.0,66,7,9207.0,0,2029,5,2,26-35,73,High Usage,0.007168458781362007,0.10606060606060606,139.5,36.5,165.07,306.9,2983.5666666666666,0.1,9.428571428571429,High Data Usage
Airtel,M,67,Jharkhand,Chennai,0,104807.0,96,0,3275.0,0,2029,5,2,56+,96,Low Usage,0.02931297709923664,0.0,34.114583333333336,48.0,128.75,48.88059701492537,1564.2835820895523,0.0,96.0,Medium Data Usage
Reliance Jio,F,33,Uttarakhand,Bangalore,3,38493.0,30,1,2516.0,0,2029,5,2,26-35,31,Low Usage,0.01192368839427663,0.03333333333333333,83.86666666666666,15.5,56.16,76.24242424242425,1166.4545454545455,0.09090909090909091,30.0,Low Data Usage
Reliance Jio,M,31,Odisha,Mumbai,0,114389.0,73,8,3078.0,0,2029,5,2,26-35,81,Low Usage,0.023716699155295645,0.1095890410958904,42.16438356164384,40.5,111.78,99.29032258064517,3689.967741935484,0.0,9.125,Medium Data Usage
Vodafone,F,74,Jharkhand,Chennai,3,133557.0,44,41,3370.0,1,2029,5,2,56+,85,Low Usage,0.013056379821958458,0.9318181818181818,76.5909090909091,42.5,118.7,45.54054054054054,1804.8243243243244,0.04054054054054054,1.0731707317073171,Medium Data Usage
BSNL,F,57,Assam,Mumbai,0,64687.0,15,19,7037.0,0,2029,5,2,56+,34,High Usage,0.002131590166264033,1.2666666666666666,469.1333333333333,17.0,104.37,123.45614035087719,1134.859649122807,0.0,0.7894736842105263,High Data Usage
Vodafone,F,49,Punjab,Bangalore,4,109873.0,43,8,1707.0,0,2029,5,2,46-55,51,Low Usage,0.025190392501464556,0.18604651162790697,39.69767441860465,25.5,68.07,34.83673469387755,2242.3061224489797,0.08163265306122448,5.375,Low Data Usage
BSNL,M,35,West Bengal,Mumbai,2,46364.0,20,19,1961.0,1,2029,5,2,26-35,39,Low Usage,0.010198878123406425,0.95,98.05,19.5,58.61,56.02857142857143,1324.6857142857143,0.05714285714285714,1.0526315789473684,Low Data Usage
Vodafone,M,63,Goa,Bangalore,4,48425.0,7,26,4094.0,1,2029,5,2,56+,33,Medium Usage,0.001709819247679531,3.7142857142857144,584.8571428571429,16.5,73.94,64.98412698412699,768.6507936507936,0.06349206349206349,0.2692307692307692,Medium Data Usage
Reliance Jio,M,61,Assam,Hyderabad,4,40953.0,64,43,5049.0,1,2029,5,2,56+,107,Medium Usage,0.012675777381659734,0.671875,78.890625,53.5,157.49,82.77049180327869,671.360655737705,0.06557377049180328,1.4883720930232558,Medium Data Usage
Airtel,F,44,Kerala,Kolkata,2,101489.0,104,38,8133.0,0,2029,5,2,36-45,142,High Usage,0.0127874093200541,0.36538461538461536,78.20192307692308,71.0,223.32999999999998,184.8409090909091,2306.568181818182,0.045454545454545456,2.736842105263158,High Data Usage
Airtel,M,56,Jharkhand,Bangalore,4,85040.0,17,23,2323.0,0,2029,5,2,56+,40,Low Usage,0.007318123116659492,1.3529411764705883,136.64705882352942,20.0,63.230000000000004,41.482142857142854,1518.5714285714287,0.07142857142857142,0.7391304347826086,Low Data Usage
Airtel,M,25,Jharkhand,Chennai,1,133956.0,41,35,7877.0,0,2029,5,2,18-25,76,High Usage,0.005205027294655325,0.8536585365853658,192.1219512195122,38.0,154.76999999999998,315.08,5358.24,0.04,1.1714285714285715,High Data Usage
Vodafone,F,62,Uttarakhand,Bangalore,4,41520.0,27,28,623.0,0,2029,5,2,56+,55,Low Usage,0.04333868378812199,1.037037037037037,23.074074074074073,27.5,61.230000000000004,10.048387096774194,669.6774193548387,0.06451612903225806,0.9642857142857143,Low Data Usage
Airtel,F,46,Sikkim,Delhi,1,84293.0,71,0,9581.0,0,2029,5,2,46-55,71,High Usage,0.007410499947813381,0.0,134.94366197183098,35.5,166.81,208.2826086956522,1832.4565217391305,0.021739130434782608,71.0,High Data Usage
BSNL,M,73,Goa,Chennai,0,84699.0,38,27,4088.0,0,2029,5,2,56+,65,Medium Usage,0.009295499021526418,0.7105263157894737,107.57894736842105,32.5,105.88,56.0,1160.2602739726028,0.0,1.4074074074074074,Medium Data Usage
Reliance Jio,F,46,Meghalaya,Delhi,2,112795.0,17,11,3145.0,0,2029,5,2,46-55,28,Low Usage,0.005405405405405406,0.6470588235294118,185.0,14.0,59.45,68.3695652173913,2452.0652173913045,0.043478260869565216,1.5454545454545454,Medium Data Usage
BSNL,M,72,Tamil Nadu,Mumbai,3,27348.0,44,6,9994.0,0,2029,5,2,56+,50,High Usage,0.004402641584950971,0.13636363636363635,227.13636363636363,25.0,149.94,138.80555555555554,379.8333333333333,0.041666666666666664,7.333333333333333,High Data Usage
Vodafone,M,18,Meghalaya,Bangalore,0,109243.0,48,20,6876.0,0,2029,5,2,18-25,68,High Usage,0.006980802792321117,0.4166666666666667,143.25,34.0,136.76,382.0,6069.055555555556,0.0,2.4,Medium Data Usage
BSNL,M,62,Jharkhand,Hyderabad,4,61855.0,90,19,9420.0,0,2029,5,2,56+,109,High Usage,0.009554140127388535,0.2111111111111111,104.66666666666667,54.5,203.2,151.93548387096774,997.6612903225806,0.06451612903225806,4.7368421052631575,High Data Usage
Airtel,M,64,Bihar,Chennai,0,68322.0,51,26,9132.0,0,2029,5,2,56+,77,High Usage,0.005584756898817346,0.5098039215686274,179.05882352941177,38.5,168.32,142.6875,1067.53125,0.0,1.9615384615384615,High Data Usage
Airtel,F,37,Tripura,Mumbai,2,26758.0,33,29,1802.0,0,2029,5,2,36-45,62,Low Usage,0.018312985571587125,0.8787878787878788,54.60606060606061,31.0,80.02,48.7027027027027,723.1891891891892,0.05405405405405406,1.1379310344827587,Low Data Usage
Vodafone,M,50,Chhattisgarh,Hyderabad,3,54535.0,45,25,367.0,1,2029,5,2,46-55,70,Low Usage,0.1226158038147139,0.5555555555555556,8.155555555555555,35.0,73.67,7.34,1090.7,0.06,1.8,Low Data Usage
Airtel,M,26,Goa,Chennai,1,53192.0,81,28,9909.0,1,2029,5,2,26-35,109,High Usage,0.008174386920980926,0.345679012345679,122.33333333333333,54.5,208.09,381.11538461538464,2045.8461538461538,0.038461538461538464,2.892857142857143,High Data Usage
Airtel,M,24,Chhattisgarh,Kolkata,1,126809.0,60,28,3845.0,0,2029,5,2,18-25,88,Medium Usage,0.015604681404421327,0.4666666666666667,64.08333333333333,44.0,126.45,160.20833333333334,5283.708333333333,0.041666666666666664,2.142857142857143,Medium Data Usage
Reliance Jio,F,38,Telangana,Chennai,2,58060.0,46,5,2261.0,0,2029,5,2,36-45,51,Low Usage,0.020344980097302078,0.10869565217391304,49.15217391304348,25.5,73.61,59.5,1527.8947368421052,0.05263157894736842,9.2,Low Data Usage
BSNL,F,70,Uttarakhand,Bangalore,0,105304.0,43,44,6992.0,0,2029,6,2,56+,87,High Usage,0.006149885583524028,1.0232558139534884,162.6046511627907,43.5,156.92000000000002,99.88571428571429,1504.3428571428572,0.0,0.9772727272727273,Medium Data Usage
Reliance Jio,F,55,Sikkim,Kolkata,1,133302.0,71,9,7035.0,0,2029,6,2,46-55,80,High Usage,0.010092395167022032,0.1267605633802817,99.08450704225352,40.0,150.35,127.9090909090909,2423.672727272727,0.01818181818181818,7.888888888888889,High Data Usage
Airtel,M,45,Telangana,Hyderabad,0,86561.0,60,18,6725.0,0,2029,6,2,36-45,78,High Usage,0.008921933085501859,0.3,112.08333333333333,39.0,145.25,149.44444444444446,1923.5777777777778,0.0,3.3333333333333335,Medium Data Usage
BSNL,M,69,Bihar,Hyderabad,4,32777.0,68,40,6569.0,1,2029,6,2,56+,108,Medium Usage,0.010351651697366418,0.5882352941176471,96.6029411764706,54.0,173.69,95.20289855072464,475.0289855072464,0.057971014492753624,1.7,Medium Data Usage
Reliance Jio,F,55,Andhra Pradesh,Mumbai,0,38763.0,28,13,2987.0,0,2029,6,2,46-55,41,Low Usage,0.009373953799799129,0.4642857142857143,106.67857142857143,20.5,70.87,54.30909090909091,704.7818181818182,0.0,2.1538461538461537,Low Data Usage
Airtel,F,23,Tripura,Mumbai,4,137709.0,42,9,7344.0,0,2029,6,2,18-25,51,High Usage,0.005718954248366013,0.21428571428571427,174.85714285714286,25.5,124.44,319.30434782608694,5987.347826086957,0.17391304347826086,4.666666666666667,High Data Usage
Vodafone,F,60,Gujarat,Mumbai,1,112852.0,75,6,3328.0,1,2029,6,2,56+,81,Low Usage,0.022536057692307692,0.08,44.373333333333335,40.5,114.28,55.46666666666667,1880.8666666666666,0.016666666666666666,12.5,Medium Data Usage
BSNL,F,35,Odisha,Chennai,4,54719.0,44,11,2804.0,0,2029,6,2,26-35,55,Low Usage,0.015691868758915834,0.25,63.72727272727273,27.5,83.03999999999999,80.11428571428571,1563.4,0.11428571428571428,4.0,Low Data Usage
Airtel,M,31,Punjab,Delhi,4,36779.0,19,1,3710.0,0,2029,6,2,26-35,20,Medium Usage,0.005121293800539084,0.05263157894736842,195.26315789473685,10.0,57.1,119.6774193548387,1186.4193548387098,0.12903225806451613,19.0,Medium Data Usage
Reliance Jio,M,41,Nagaland,Bangalore,2,94352.0,42,18,4081.0,0,2029,6,2,36-45,60,Medium Usage,0.010291595197255575,0.42857142857142855,97.16666666666667,30.0,100.81,99.53658536585365,2301.268292682927,0.04878048780487805,2.3333333333333335,Medium Data Usage
BSNL,M,23,Jharkhand,Hyderabad,0,94346.0,57,19,8503.0,0,2029,6,2,18-25,76,High Usage,0.006703516405974362,0.3333333333333333,149.17543859649123,38.0,161.03,369.69565217391306,4102.0,0.0,3.0,High Data Usage
Airtel,M,37,Nagaland,Mumbai,2,116916.0,44,2,1128.0,1,2029,6,2,36-45,46,Low Usage,0.03900709219858156,0.045454545454545456,25.636363636363637,23.0,57.28,30.486486486486488,3159.891891891892,0.05405405405405406,22.0,Low Data Usage
Reliance Jio,M,64,Rajasthan,Mumbai,3,82578.0,44,40,3250.0,0,2029,6,2,56+,84,Low Usage,0.01353846153846154,0.9090909090909091,73.86363636363636,42.0,116.5,50.78125,1290.28125,0.046875,1.1,Medium Data Usage
Vodafone,M,41,Maharashtra,Bangalore,1,112165.0,41,22,5679.0,0,2029,6,2,36-45,63,Medium Usage,0.007219580912132418,0.5365853658536586,138.5121951219512,31.5,119.78999999999999,138.5121951219512,2735.731707317073,0.024390243902439025,1.8636363636363635,Medium Data Usage
Vodafone,F,55,Jharkhand,Kolkata,4,108713.0,90,50,9952.0,1,2029,6,2,46-55,140,High Usage,0.009043408360128617,0.5555555555555556,110.57777777777778,70.0,239.51999999999998,180.94545454545454,1976.6,0.07272727272727272,1.8,High Data Usage
Vodafone,F,62,Jharkhand,Hyderabad,1,137675.0,4,6,4783.0,1,2029,6,2,56+,10,Medium Usage,0.00083629521220991,1.5,1195.75,5.0,57.83,77.14516129032258,2220.564516129032,0.016129032258064516,0.6666666666666666,Medium Data Usage
BSNL,M,69,Punjab,Bangalore,2,90098.0,94,48,3375.0,0,2029,6,2,56+,142,Low Usage,0.027851851851851853,0.5106382978723404,35.90425531914894,71.0,175.75,48.91304347826087,1305.768115942029,0.028985507246376812,1.9583333333333333,Medium Data Usage
Reliance Jio,M,35,Chhattisgarh,Mumbai,3,119440.0,70,18,2444.0,0,2029,6,2,26-35,88,Low Usage,0.028641571194762683,0.2571428571428571,34.91428571428571,44.0,112.44,69.82857142857142,3412.5714285714284,0.08571428571428572,3.888888888888889,Low Data Usage
Airtel,M,70,Bihar,Mumbai,0,115525.0,13,27,4533.0,0,2029,6,2,56+,40,Medium Usage,0.002867857930730201,2.076923076923077,348.6923076923077,20.0,85.33,64.75714285714285,1650.357142857143,0.0,0.48148148148148145,Medium Data Usage
BSNL,F,34,Andhra Pradesh,Delhi,4,59349.0,50,16,8958.0,0,2029,6,2,26-35,66,High Usage,0.005581603036392052,0.32,179.16,33.0,155.57999999999998,263.47058823529414,1745.5588235294117,0.11764705882352941,3.125,High Data Usage
Vodafone,F,41,Haryana,Mumbai,4,149129.0,50,36,8825.0,1,2029,6,2,36-45,86,High Usage,0.0056657223796034,0.72,176.5,43.0,174.25,215.2439024390244,3637.2926829268295,0.0975609756097561,1.3888888888888888,High Data Usage
Airtel,M,65,Maharashtra,Mumbai,2,41880.0,17,11,7700.0,0,2029,6,2,56+,28,High Usage,0.002207792207792208,0.6470588235294118,452.94117647058823,14.0,105.0,118.46153846153847,644.3076923076923,0.03076923076923077,1.5454545454545454,High Data Usage
Reliance Jio,F,61,Himachal Pradesh,Hyderabad,2,139506.0,17,23,1892.0,1,2029,6,2,56+,40,Low Usage,0.008985200845665961,1.3529411764705883,111.29411764705883,20.0,58.92,31.016393442622952,2286.9836065573772,0.03278688524590164,0.7391304347826086,Low Data Usage
Vodafone,F,40,Mizoram,Chennai,4,143259.0,59,29,8744.0,1,2029,6,2,36-45,88,High Usage,0.006747483989021043,0.4915254237288136,148.20338983050848,44.0,175.44,218.6,3581.475,0.1,2.0344827586206895,High Data Usage
BSNL,M,45,Madhya Pradesh,Mumbai,0,67238.0,32,3,3965.0,0,2029,6,2,36-45,35,Medium Usage,0.00807061790668348,0.09375,123.90625,17.5,74.65,88.11111111111111,1494.1777777777777,0.0,10.666666666666666,Medium Data Usage
Vodafone,F,68,Meghalaya,Hyderabad,1,21307.0,93,44,8113.0,0,2029,6,2,56+,137,High Usage,0.011463083939356588,0.4731182795698925,87.23655913978494,68.5,218.13,119.30882352941177,313.3382352941176,0.014705882352941176,2.1136363636363638,High Data Usage
Reliance Jio,F,66,Madhya Pradesh,Kolkata,4,93714.0,18,24,2318.0,0,2029,6,2,56+,42,Low Usage,0.007765314926660914,1.3333333333333333,128.77777777777777,21.0,65.18,35.121212121212125,1419.909090909091,0.06060606060606061,0.75,Low Data Usage
Airtel,F,22,Maharashtra,Chennai,2,104488.0,13,25,1964.0,0,2029,6,2,18-25,38,Low Usage,0.006619144602851324,1.9230769230769231,151.07692307692307,19.0,57.64,89.27272727272727,4749.454545454545,0.09090909090909091,0.52,Low Data Usage
Vodafone,M,66,Chhattisgarh,Kolkata,0,97948.0,25,47,1212.0,0,2029,6,2,56+,72,Low Usage,0.020627062706270627,1.88,48.48,36.0,84.12,18.363636363636363,1484.060606060606,0.0,0.5319148936170213,Low Data Usage
Airtel,F,68,Arunachal Pradesh,Kolkata,2,83197.0,83,36,8413.0,0,2029,6,2,56+,119,High Usage,0.009865684060382742,0.43373493975903615,101.36144578313252,59.5,203.13,123.72058823529412,1223.485294117647,0.029411764705882353,2.3055555555555554,High Data Usage
BSNL,F,43,Sikkim,Bangalore,3,66237.0,77,14,4358.0,1,2029,7,3,36-45,91,Medium Usage,0.017668655346489214,0.18181818181818182,56.5974025974026,45.5,134.57999999999998,101.34883720930233,1540.3953488372092,0.06976744186046512,5.5,Medium Data Usage
Vodafone,M,43,West Bengal,Mumbai,1,24626.0,45,33,5049.0,0,2029,7,3,36-45,78,Medium Usage,0.008912655971479501,0.7333333333333333,112.2,39.0,128.49,117.4186046511628,572.6976744186046,0.023255813953488372,1.3636363636363635,Medium Data Usage
Vodafone,M,27,Jharkhand,Kolkata,4,140551.0,100,11,7941.0,0,2029,7,3,26-35,111,High Usage,0.012592872434202242,0.11,79.41,55.5,190.41,294.1111111111111,5205.592592592592,0.14814814814814814,9.090909090909092,High Data Usage
Vodafone,M,37,Himachal Pradesh,Delhi,1,41244.0,59,21,3408.0,0,2029,7,3,36-45,80,Low Usage,0.017312206572769953,0.3559322033898305,57.76271186440678,40.0,114.08,92.10810810810811,1114.7027027027027,0.02702702702702703,2.8095238095238093,Medium Data Usage
Reliance Jio,M,37,Meghalaya,Kolkata,2,101590.0,72,48,10065.0,0,2029,7,3,36-45,120,High Usage,0.007153502235469449,0.6666666666666666,139.79166666666666,60.0,220.65,272.02702702702703,2745.675675675676,0.05405405405405406,1.5,High Data Usage
Airtel,M,61,Madhya Pradesh,Delhi,1,91392.0,100,44,4985.0,0,2029,7,3,56+,144,Medium Usage,0.020060180541624874,0.44,49.85,72.0,193.85,81.72131147540983,1498.2295081967213,0.01639344262295082,2.272727272727273,Medium Data Usage
Vodafone,M,18,Chhattisgarh,Hyderabad,3,26339.0,62,6,5049.0,0,2029,7,3,18-25,68,Medium Usage,0.012279659338482869,0.0967741935483871,81.43548387096774,34.0,118.49000000000001,280.5,1463.2777777777778,0.16666666666666666,10.333333333333334,Medium Data Usage
Vodafone,F,58,Chhattisgarh,Hyderabad,0,141552.0,84,18,9738.0,0,2029,7,3,56+,102,High Usage,0.00862600123228589,0.21428571428571427,115.92857142857143,51.0,199.38,167.89655172413794,2440.551724137931,0.0,4.666666666666667,High Data Usage
Airtel,M,69,Uttarakhand,Bangalore,3,105119.0,51,37,8957.0,0,2029,7,3,56+,88,High Usage,0.005693870715641398,0.7254901960784313,175.62745098039215,44.0,177.57,129.81159420289856,1523.463768115942,0.043478260869565216,1.3783783783783783,High Data Usage
Vodafone,M,24,Meghalaya,Bangalore,2,110039.0,15,44,6355.0,0,2029,7,3,18-25,59,Medium Usage,0.0023603461841070024,2.933333333333333,423.6666666666667,29.5,122.55,264.7916666666667,4584.958333333333,0.08333333333333333,0.3409090909090909,Medium Data Usage
Reliance Jio,M,24,West Bengal,Mumbai,2,117061.0,20,52,7825.0,0,2029,7,3,18-25,72,High Usage,0.0025559105431309905,2.6,391.25,36.0,150.25,326.0416666666667,4877.541666666667,0.08333333333333333,0.38461538461538464,High Data Usage
Reliance Jio,M,32,West Bengal,Kolkata,1,51054.0,38,12,6311.0,0,2029,7,3,26-35,50,Medium Usage,0.006021232768182538,0.3157894736842105,166.07894736842104,25.0,113.11,197.21875,1595.4375,0.03125,3.1666666666666665,Medium Data Usage
Vodafone,M,49,Uttar Pradesh,Chennai,1,134831.0,30,34,429.0,0,2029,7,3,46-55,64,Low Usage,0.06993006993006994,1.1333333333333333,14.3,32.0,68.29,8.755102040816327,2751.6530612244896,0.02040816326530612,0.8823529411764706,Low Data Usage
Airtel,M,67,Chhattisgarh,Kolkata,2,21310.0,87,4,3668.0,1,2029,7,3,56+,91,Medium Usage,0.02371864776444929,0.04597701149425287,42.160919540229884,45.5,127.68,54.74626865671642,318.05970149253733,0.029850746268656716,21.75,Medium Data Usage
Airtel,M,64,Tripura,Delhi,2,89259.0,31,1,4539.0,0,2029,7,3,56+,32,Medium Usage,0.006829698171403393,0.03225806451612903,146.41935483870967,16.0,77.39,70.921875,1394.671875,0.03125,31.0,Medium Data Usage
Reliance Jio,F,47,Goa,Hyderabad,0,129727.0,35,20,7985.0,1,2029,7,3,46-55,55,High Usage,0.004383218534752661,0.5714285714285714,228.14285714285714,27.5,134.85,169.89361702127658,2760.148936170213,0.0,1.75,High Data Usage
BSNL,M,34,Odisha,Bangalore,0,34407.0,52,26,5953.0,0,2029,7,3,26-35,78,Medium Usage,0.00873509155047875,0.5,114.48076923076923,39.0,137.53,175.08823529411765,1011.9705882352941,0.0,2.0,Medium Data Usage
Reliance Jio,M,42,Himachal Pradesh,Bangalore,1,97739.0,51,20,7967.0,0,2029,7,3,36-45,71,High Usage,0.0064014057989205475,0.39215686274509803,156.2156862745098,35.5,150.67000000000002,189.6904761904762,2327.1190476190477,0.023809523809523808,2.55,High Data Usage
Vodafone,F,27,Tripura,Hyderabad,0,134902.0,17,33,7027.0,1,2029,7,3,26-35,50,High Usage,0.0024192400740002847,1.9411764705882353,413.3529411764706,25.0,120.27,260.25925925925924,4996.37037037037,0.0,0.5151515151515151,High Data Usage
BSNL,M,73,Telangana,Delhi,1,128382.0,69,24,6975.0,0,2029,7,3,56+,93,High Usage,0.00989247311827957,0.34782608695652173,101.08695652173913,46.5,162.75,95.54794520547945,1758.6575342465753,0.0136986301369863,2.875,Medium Data Usage
Airtel,M,68,Manipur,Kolkata,0,83981.0,40,43,6038.0,0,2029,7,3,56+,83,Medium Usage,0.006624710168930109,1.075,150.95,41.5,143.38,88.79411764705883,1235.014705882353,0.0,0.9302325581395349,Medium Data Usage
Airtel,M,24,Uttarakhand,Hyderabad,4,31136.0,5,37,5005.0,1,2029,7,3,18-25,42,Medium Usage,0.000999000999000999,7.4,1001.0,21.0,92.05,208.54166666666666,1297.3333333333333,0.16666666666666666,0.13513513513513514,Medium Data Usage
Reliance Jio,F,50,Gujarat,Bangalore,4,52384.0,98,0,8448.0,0,2029,7,3,46-55,98,High Usage,0.011600378787878788,0.0,86.20408163265306,49.0,182.48000000000002,168.96,1047.68,0.08,98.0,High Data Usage
Airtel,F,32,Karnataka,Chennai,3,146862.0,40,33,7345.0,0,2029,7,3,26-35,73,High Usage,0.005445881552076242,0.825,183.625,36.5,146.45,229.53125,4589.4375,0.09375,1.2121212121212122,High Data Usage
Airtel,M,65,West Bengal,Mumbai,2,117023.0,84,20,7392.0,1,2029,7,3,56+,104,High Usage,0.011363636363636364,0.23809523809523808,88.0,52.0,177.92000000000002,113.72307692307692,1800.3538461538462,0.03076923076923077,4.2,High Data Usage
BSNL,M,30,Mizoram,Bangalore,4,74928.0,53,46,789.0,0,2029,7,3,26-35,99,Low Usage,0.06717363751584284,0.8679245283018868,14.88679245283019,49.5,106.89,26.3,2497.6,0.13333333333333333,1.1521739130434783,Low Data Usage
Reliance Jio,F,25,Tamil Nadu,Delhi,2,121531.0,13,50,6364.0,0,2029,7,3,18-25,63,Medium Usage,0.002042740414833438,3.8461538461538463,489.53846153846155,31.5,126.64,254.56,4861.24,0.08,0.26,Medium Data Usage
BSNL,F,52,Manipur,Hyderabad,1,99320.0,15,30,1701.0,0,2029,7,3,46-55,45,Low Usage,0.008818342151675485,2.0,113.4,22.5,62.010000000000005,32.71153846153846,1910.0,0.019230769230769232,0.5,Low Data Usage
BSNL,M,49,Jharkhand,Mumbai,2,146934.0,24,13,8431.0,1,2029,7,3,46-55,37,High Usage,0.0028466374095599575,0.5416666666666666,351.2916666666667,18.5,121.31,172.0612244897959,2998.6530612244896,0.04081632653061224,1.8461538461538463,High Data Usage
Vodafone,M,49,Rajasthan,Mumbai,4,138689.0,93,24,698.0,0,2029,7,3,46-55,117,Low Usage,0.1332378223495702,0.25806451612903225,7.505376344086022,58.5,123.98,14.244897959183673,2830.387755102041,0.08163265306122448,3.875,Low Data Usage
Airtel,M,53,Gujarat,Hyderabad,3,93665.0,98,15,1633.0,1,2029,7,3,46-55,113,Low Usage,0.06001224739742805,0.15306122448979592,16.663265306122447,56.5,129.32999999999998,30.81132075471698,1767.2641509433963,0.05660377358490566,6.533333333333333,Low Data Usage
Reliance Jio,F,61,Madhya Pradesh,Hyderabad,1,28278.0,75,5,6388.0,0,2029,8,3,56+,80,Medium Usage,0.011740763932373199,0.06666666666666667,85.17333333333333,40.0,143.88,104.72131147540983,463.57377049180326,0.01639344262295082,15.0,Medium Data Usage
Vodafone,M,69,Goa,Bangalore,3,83704.0,70,24,5095.0,0,2029,8,3,56+,94,Medium Usage,0.013738959764474975,0.34285714285714286,72.78571428571429,47.0,144.95,73.84057971014492,1213.1014492753623,0.043478260869565216,2.9166666666666665,Medium Data Usage
Reliance Jio,M,73,Assam,Bangalore,4,20736.0,39,11,2696.0,0,2029,8,3,56+,50,Low Usage,0.014465875370919881,0.28205128205128205,69.12820512820512,25.0,76.96000000000001,36.93150684931507,284.05479452054794,0.0547945205479452,3.5454545454545454,Low Data Usage
Reliance Jio,M,21,Andhra Pradesh,Hyderabad,3,32018.0,14,22,1231.0,0,2029,8,3,18-25,36,Low Usage,0.011372867587327376,1.5714285714285714,87.92857142857143,18.0,48.31,58.61904761904762,1524.6666666666667,0.14285714285714285,0.6363636363636364,Low Data Usage
Airtel,F,19,Kerala,Bangalore,1,42777.0,29,14,2962.0,0,2029,8,3,18-25,43,Low Usage,0.009790681971640782,0.4827586206896552,102.13793103448276,21.5,72.62,155.89473684210526,2251.4210526315787,0.05263157894736842,2.0714285714285716,Low Data Usage
Airtel,M,69,Odisha,Delhi,0,58446.0,73,22,5342.0,0,2029,8,3,56+,95,Medium Usage,0.013665293897416698,0.3013698630136986,73.17808219178082,47.5,148.42000000000002,77.42028985507247,847.0434782608696,0.0,3.3181818181818183,Medium Data Usage
Reliance Jio,M,45,Punjab,Delhi,3,116867.0,50,18,8006.0,1,2029,8,3,36-45,68,High Usage,0.006245316012990257,0.36,160.12,34.0,148.06,177.9111111111111,2597.0444444444443,0.06666666666666667,2.7777777777777777,High Data Usage
Airtel,M,56,Telangana,Hyderabad,1,30029.0,7,28,7094.0,0,2029,8,3,56+,35,High Usage,0.0009867493656611221,4.0,1013.4285714285714,17.5,105.94,126.67857142857143,536.2321428571429,0.017857142857142856,0.25,High Data Usage
Vodafone,F,29,Punjab,Chennai,4,139204.0,56,9,7117.0,1,2029,8,3,26-35,65,High Usage,0.007868483911760574,0.16071428571428573,127.08928571428571,32.5,136.17000000000002,245.41379310344828,4800.137931034483,0.13793103448275862,6.222222222222222,High Data Usage
Airtel,F,66,Arunachal Pradesh,Hyderabad,3,102002.0,53,38,6923.0,0,2029,8,3,56+,91,High Usage,0.007655640618229091,0.7169811320754716,130.62264150943398,45.5,160.23000000000002,104.89393939393939,1545.4848484848485,0.045454545454545456,1.394736842105263,Medium Data Usage
BSNL,M,56,Odisha,Kolkata,4,145660.0,58,33,3402.0,0,2029,8,3,56+,91,Low Usage,0.017048794826572605,0.5689655172413793,58.6551724137931,45.5,125.02000000000001,60.75,2601.0714285714284,0.07142857142857142,1.7575757575757576,Medium Data Usage
Reliance Jio,M,25,Nagaland,Delhi,2,50487.0,38,39,9009.0,0,2029,8,3,18-25,77,High Usage,0.004218004218004218,1.0263157894736843,237.07894736842104,38.5,167.09,360.36,2019.48,0.08,0.9743589743589743,High Data Usage
BSNL,F,51,Karnataka,Chennai,0,93616.0,39,25,1130.0,0,2029,8,3,46-55,64,Low Usage,0.034513274336283185,0.6410256410256411,28.974358974358974,32.0,75.3,22.15686274509804,1835.6078431372548,0.0,1.56,Low Data Usage
Reliance Jio,M,39,Karnataka,Bangalore,0,54462.0,4,21,3461.0,0,2029,8,3,36-45,25,Low Usage,0.0011557353366079169,5.25,865.25,12.5,59.61,88.74358974358974,1396.4615384615386,0.0,0.19047619047619047,Medium Data Usage
Vodafone,M,47,Gujarat,Bangalore,4,77497.0,4,44,7005.0,1,2029,8,3,46-55,48,High Usage,0.0005710206995003569,11.0,1751.25,24.0,118.05,149.04255319148936,1648.872340425532,0.0851063829787234,0.09090909090909091,High Data Usage
Reliance Jio,M,55,Madhya Pradesh,Hyderabad,1,148200.0,34,20,2493.0,0,2029,8,3,46-55,54,Low Usage,0.01363818692338548,0.5882352941176471,73.32352941176471,27.0,78.93,45.32727272727273,2694.5454545454545,0.01818181818181818,1.7,Low Data Usage
Reliance Jio,M,63,Jharkhand,Mumbai,3,103535.0,76,25,1843.0,0,2029,8,3,56+,101,Low Usage,0.041237113402061855,0.32894736842105265,24.25,50.5,119.43,29.253968253968253,1643.4126984126983,0.047619047619047616,3.04,Low Data Usage
BSNL,M,44,West Bengal,Bangalore,2,49777.0,7,26,5502.0,0,2029,8,3,36-45,33,Medium Usage,0.001272264631043257,3.7142857142857144,786.0,16.5,88.02000000000001,125.04545454545455,1131.2954545454545,0.045454545454545456,0.2692307692307692,Medium Data Usage
Vodafone,M,47,Assam,Kolkata,4,88939.0,62,27,6884.0,0,2029,8,3,46-55,89,High Usage,0.009006391632771645,0.43548387096774194,111.03225806451613,44.5,157.84,146.46808510638297,1892.3191489361702,0.0851063829787234,2.2962962962962963,Medium Data Usage
Airtel,F,65,Tripura,Kolkata,1,115970.0,49,28,1414.0,0,2029,8,3,56+,77,Low Usage,0.034653465346534656,0.5714285714285714,28.857142857142858,38.5,91.14,21.753846153846155,1784.1538461538462,0.015384615384615385,1.75,Low Data Usage
Reliance Jio,M,43,Sikkim,Hyderabad,2,42761.0,5,26,9722.0,0,2029,8,3,36-45,31,High Usage,0.0005142974696564493,5.2,1944.4,15.5,128.22,226.09302325581396,994.4418604651163,0.046511627906976744,0.19230769230769232,High Data Usage
Airtel,F,57,Jharkhand,Hyderabad,1,79885.0,45,31,4414.0,0,2029,8,3,56+,76,Medium Usage,0.010194834617127321,0.6888888888888889,98.08888888888889,38.0,120.14,77.43859649122807,1401.4912280701753,0.017543859649122806,1.4516129032258065,Medium Data Usage
Reliance Jio,F,24,Arunachal Pradesh,Bangalore,4,49210.0,11,17,3819.0,1,2029,8,3,18-25,28,Medium Usage,0.002880335166273894,1.5454545454545454,347.1818181818182,14.0,66.19,159.125,2050.4166666666665,0.16666666666666666,0.6470588235294118,Medium Data Usage
Reliance Jio,M,70,Madhya Pradesh,Bangalore,2,27939.0,30,46,7218.0,1,2029,8,3,56+,76,High Usage,0.004156275976724855,1.5333333333333334,240.6,38.0,148.18,103.11428571428571,399.12857142857143,0.02857142857142857,0.6521739130434783,High Data Usage
Reliance Jio,F,40,Madhya Pradesh,Bangalore,1,66344.0,14,33,2048.0,0,2029,8,3,36-45,47,Low Usage,0.0068359375,2.357142857142857,146.28571428571428,23.5,67.48,51.2,1658.6,0.025,0.42424242424242425,Low Data Usage
Airtel,F,45,Telangana,Bangalore,4,79977.0,91,11,6524.0,0,2029,8,3,36-45,102,Medium Usage,0.013948497854077254,0.12087912087912088,71.6923076923077,51.0,167.24,144.9777777777778,1777.2666666666667,0.08888888888888889,8.272727272727273,Medium Data Usage
Reliance Jio,M,70,Haryana,Chennai,0,58937.0,45,4,7922.0,0,2029,8,3,56+,49,High Usage,0.0056803837414794245,0.08888888888888889,176.04444444444445,24.5,128.22,113.17142857142858,841.9571428571429,0.0,11.25,High Data Usage
Vodafone,F,35,Kerala,Hyderabad,0,20680.0,99,18,1665.0,1,2029,8,3,26-35,117,Low Usage,0.05945945945945946,0.18181818181818182,16.818181818181817,58.5,133.65,47.57142857142857,590.8571428571429,0.0,5.5,Low Data Usage
Vodafone,M,55,Jharkhand,Bangalore,4,70219.0,78,24,2678.0,0,2029,8,3,46-55,102,Low Usage,0.02912621359223301,0.3076923076923077,34.333333333333336,51.0,128.78,48.69090909090909,1276.709090909091,0.07272727272727272,3.25,Low Data Usage
Vodafone,M,36,Bihar,Mumbai,2,49644.0,78,37,8455.0,0,2029,8,3,36-45,115,High Usage,0.009225310467179185,0.47435897435897434,108.3974358974359,57.5,199.55,234.86111111111111,1379.0,0.05555555555555555,2.108108108108108,High Data Usage
Vodafone,M,38,Bihar,Delhi,0,120963.0,91,12,4931.0,0,2029,8,3,36-45,103,Medium Usage,0.018454674508213344,0.13186813186813187,54.18681318681319,51.5,152.31,129.76315789473685,3183.2368421052633,0.0,7.583333333333333,Medium Data Usage
BSNL,M,73,Bihar,Chennai,4,23960.0,65,37,7831.0,0,2029,9,3,56+,102,High Usage,0.008300344783552547,0.5692307692307692,120.47692307692307,51.0,180.31,107.27397260273973,328.2191780821918,0.0547945205479452,1.7567567567567568,High Data Usage
Airtel,M,34,Assam,Hyderabad,1,55788.0,10,34,5049.0,0,2029,9,3,26-35,44,Medium Usage,0.0019805902158843334,3.4,504.9,22.0,94.49000000000001,148.5,1640.8235294117646,0.029411764705882353,0.29411764705882354,Medium Data Usage
Reliance Jio,M,47,Goa,Kolkata,0,103621.0,94,40,105.0,0,2029,9,3,46-55,134,Low Usage,0.8952380952380953,0.425531914893617,1.1170212765957446,67.0,135.05,2.234042553191489,2204.7021276595747,0.0,2.35,Low Data Usage
Airtel,M,59,Kerala,Chennai,3,100463.0,39,44,7020.0,0,2029,9,3,56+,83,High Usage,0.005555555555555556,1.1282051282051282,180.0,41.5,153.2,118.98305084745763,1702.7627118644068,0.05084745762711865,0.8863636363636364,High Data Usage
Airtel,M,59,Jharkhand,Delhi,3,148308.0,44,38,8344.0,0,2029,9,3,56+,82,High Usage,0.0052732502396931925,0.8636363636363636,189.63636363636363,41.0,165.44,141.42372881355934,2513.6949152542375,0.05084745762711865,1.1578947368421053,High Data Usage
Airtel,M,71,Punjab,Delhi,2,101996.0,50,20,1543.0,0,2029,9,3,56+,70,Low Usage,0.03240440699935191,0.4,30.86,35.0,85.43,21.732394366197184,1436.5633802816901,0.028169014084507043,2.5,Low Data Usage
Vodafone,F,34,Kerala,Kolkata,3,94609.0,43,33,3044.0,0,2029,9,3,26-35,76,Low Usage,0.014126149802890934,0.7674418604651163,70.79069767441861,38.0,106.44,89.52941176470588,2782.6176470588234,0.08823529411764706,1.303030303030303,Medium Data Usage
Airtel,M,30,West Bengal,Mumbai,1,20974.0,86,7,4307.0,0,2029,9,3,26-35,93,Medium Usage,0.019967494775946133,0.08139534883720931,50.08139534883721,46.5,136.07,143.56666666666666,699.1333333333333,0.03333333333333333,12.285714285714286,Medium Data Usage
Reliance Jio,M,25,Arunachal Pradesh,Chennai,0,32637.0,32,11,1229.0,0,2029,9,3,18-25,43,Low Usage,0.026037428803905614,0.34375,38.40625,21.5,55.29,49.16,1305.48,0.0,2.909090909090909,Low Data Usage
Airtel,F,51,Karnataka,Bangalore,4,41512.0,36,14,4015.0,0,2029,9,3,46-55,50,Medium Usage,0.00896637608966376,0.3888888888888889,111.52777777777777,25.0,90.15,78.72549019607843,813.9607843137255,0.0784313725490196,2.5714285714285716,Medium Data Usage
Reliance Jio,F,66,Manipur,Hyderabad,4,81772.0,59,29,3782.0,1,2029,9,3,56+,88,Medium Usage,0.01560021152829191,0.4915254237288136,64.10169491525424,44.0,125.82,57.303030303030305,1238.969696969697,0.06060606060606061,2.0344827586206895,Medium Data Usage
Reliance Jio,M,74,Maharashtra,Mumbai,1,72225.0,29,22,8994.0,0,2029,9,3,56+,51,High Usage,0.003224371803424505,0.7586206896551724,310.13793103448273,25.5,140.94,121.54054054054055,976.0135135135135,0.013513513513513514,1.3181818181818181,High Data Usage
Vodafone,F,42,Punjab,Delhi,0,50336.0,1,31,7031.0,0,2029,9,3,36-45,32,High Usage,0.00014222727919214906,31.0,7031.0,16.0,102.31,167.4047619047619,1198.4761904761904,0.0,0.03225806451612903,High Data Usage
Vodafone,F,50,Tamil Nadu,Chennai,3,146327.0,59,30,6042.0,0,2029,9,3,46-55,89,Medium Usage,0.009764978483945714,0.5084745762711864,102.40677966101696,44.5,149.42000000000002,120.84,2926.54,0.06,1.9666666666666666,Medium Data Usage
Vodafone,F,67,Sikkim,Chennai,4,64890.0,81,31,3833.0,0,2029,9,3,56+,112,Medium Usage,0.021132272371510566,0.38271604938271603,47.32098765432099,56.0,150.32999999999998,57.208955223880594,968.5074626865671,0.05970149253731343,2.6129032258064515,Medium Data Usage
Airtel,M,31,Maharashtra,Bangalore,3,98391.0,9,2,55.0,0,2029,9,3,26-35,11,Low Usage,0.16363636363636364,0.2222222222222222,6.111111111111111,5.5,11.55,1.7741935483870968,3173.9032258064517,0.0967741935483871,4.5,Low Data Usage
BSNL,M,37,Meghalaya,Hyderabad,3,35474.0,37,42,5486.0,0,2029,9,3,36-45,79,Medium Usage,0.0067444403937294934,1.135135135135135,148.27027027027026,39.5,133.86,148.27027027027026,958.7567567567568,0.08108108108108109,0.8809523809523809,Medium Data Usage
Reliance Jio,M,52,Rajasthan,Kolkata,1,88896.0,58,26,408.0,1,2029,9,3,46-55,84,Low Usage,0.14215686274509803,0.4482758620689655,7.0344827586206895,42.0,88.08,7.846153846153846,1709.5384615384614,0.019230769230769232,2.230769230769231,Low Data Usage
Reliance Jio,M,28,Chhattisgarh,Hyderabad,2,129378.0,56,40,7012.0,0,2029,9,3,26-35,96,High Usage,0.007986309184255563,0.7142857142857143,125.21428571428571,48.0,166.12,250.42857142857142,4620.642857142857,0.07142857142857142,1.4,High Data Usage
BSNL,M,44,Odisha,Hyderabad,3,141540.0,43,13,1013.0,0,2029,9,3,36-45,56,Low Usage,0.04244817374136229,0.3023255813953488,23.558139534883722,28.0,66.13,23.022727272727273,3216.818181818182,0.06818181818181818,3.3076923076923075,Low Data Usage
Airtel,M,67,Haryana,Mumbai,4,22516.0,73,34,2954.0,1,2029,9,3,56+,107,Low Usage,0.024712254570074477,0.4657534246575342,40.465753424657535,53.5,136.54,44.08955223880597,336.05970149253733,0.05970149253731343,2.1470588235294117,Low Data Usage
Airtel,M,38,Telangana,Bangalore,4,146140.0,22,32,8527.0,0,2029,9,3,36-45,54,High Usage,0.002580039873343497,1.4545454545454546,387.59090909090907,27.0,139.26999999999998,224.39473684210526,3845.7894736842104,0.10526315789473684,0.6875,High Data Usage
Reliance Jio,F,18,Karnataka,Bangalore,1,48629.0,50,30,4489.0,0,2029,9,3,18-25,80,Medium Usage,0.011138338159946536,0.6,89.78,40.0,124.89,249.38888888888889,2701.6111111111113,0.05555555555555555,1.6666666666666667,Medium Data Usage
Vodafone,M,19,Nagaland,Kolkata,2,144792.0,55,35,29.0,0,2029,9,3,18-25,90,Low Usage,1.896551724137931,0.6363636363636364,0.5272727272727272,45.0,90.29,1.5263157894736843,7620.631578947368,0.10526315789473684,1.5714285714285714,Low Data Usage
Vodafone,M,33,Telangana,Mumbai,0,141288.0,25,41,3411.0,1,2029,9,3,26-35,66,Low Usage,0.00732922896511287,1.64,136.44,33.0,100.11,103.36363636363636,4281.454545454545,0.0,0.6097560975609756,Medium Data Usage
Airtel,F,61,Mizoram,Delhi,0,25944.0,19,32,7224.0,0,2029,9,3,56+,51,High Usage,0.002630121816168328,1.6842105263157894,380.2105263157895,25.5,123.24,118.42622950819673,425.3114754098361,0.0,0.59375,High Data Usage
Vodafone,F,37,Uttar Pradesh,Hyderabad,1,138702.0,39,30,482.0,1,2029,9,3,36-45,69,Low Usage,0.08091286307053942,0.7692307692307693,12.35897435897436,34.5,73.82,13.027027027027026,3748.7027027027025,0.02702702702702703,1.3,Low Data Usage
Vodafone,F,59,Arunachal Pradesh,Kolkata,0,59230.0,89,10,4495.0,1,2029,9,3,56+,99,Medium Usage,0.019799777530589546,0.11235955056179775,50.50561797752809,49.5,143.95,76.1864406779661,1003.8983050847457,0.0,8.9,Medium Data Usage
Vodafone,M,45,Chhattisgarh,Kolkata,2,45289.0,48,10,8354.0,0,2029,9,3,36-45,58,High Usage,0.005745750538664113,0.20833333333333334,174.04166666666666,29.0,141.54000000000002,185.64444444444445,1006.4222222222222,0.044444444444444446,4.8,High Data Usage
Vodafone,M,55,Goa,Kolkata,4,73917.0,87,33,355.0,0,2029,9,3,46-55,120,Low Usage,0.24507042253521127,0.3793103448275862,4.080459770114943,60.0,123.55,6.454545454545454,1343.9454545454546,0.07272727272727272,2.6363636363636362,Low Data Usage
Airtel,F,27,Gujarat,Delhi,2,109879.0,69,36,1742.0,0,2029,10,4,26-35,105,Low Usage,0.03960964408725603,0.5217391304347826,25.246376811594203,52.5,122.42,64.51851851851852,4069.5925925925926,0.07407407407407407,1.9166666666666667,Low Data Usage
BSNL,M,65,Madhya Pradesh,Kolkata,2,86540.0,50,3,1993.0,1,2029,10,4,56+,53,Low Usage,0.025087807325639738,0.06,39.86,26.5,72.93,30.661538461538463,1331.3846153846155,0.03076923076923077,16.666666666666668,Low Data Usage
Airtel,F,48,Gujarat,Mumbai,3,117908.0,41,12,7582.0,0,2029,10,4,46-55,53,High Usage,0.005407544183592719,0.2926829268292683,184.9268292682927,26.5,128.82,157.95833333333334,2456.4166666666665,0.0625,3.4166666666666665,High Data Usage
Vodafone,M,55,Uttar Pradesh,Chennai,1,21310.0,7,10,2191.0,1,2029,10,4,46-55,17,Low Usage,0.003194888178913738,1.4285714285714286,313.0,8.5,38.91,39.836363636363636,387.45454545454544,0.01818181818181818,0.7,Low Data Usage
Reliance Jio,F,23,Meghalaya,Hyderabad,4,80778.0,85,41,9843.0,0,2029,10,4,18-25,126,High Usage,0.008635578583765112,0.4823529411764706,115.8,63.0,224.43,427.95652173913044,3512.086956521739,0.17391304347826086,2.073170731707317,High Data Usage
BSNL,M,48,Assam,Chennai,0,81491.0,48,4,2701.0,0,2029,10,4,46-55,52,Low Usage,0.017771195853387635,0.08333333333333333,56.270833333333336,26.0,79.01,56.270833333333336,1697.7291666666667,0.0,12.0,Low Data Usage
BSNL,M,48,Meghalaya,Chennai,2,59229.0,60,21,8189.0,0,2029,10,4,46-55,81,High Usage,0.007326901941629015,0.35,136.48333333333332,40.5,162.89,170.60416666666666,1233.9375,0.041666666666666664,2.857142857142857,High Data Usage
Airtel,M,69,Goa,Chennai,3,53423.0,29,22,8163.0,0,2029,10,4,56+,51,High Usage,0.00355261546000245,0.7586206896551724,281.48275862068965,25.5,132.63,118.30434782608695,774.2463768115942,0.043478260869565216,1.3181818181818181,High Data Usage
Airtel,M,33,Nagaland,Mumbai,2,103559.0,86,28,8956.0,0,2029,10,4,26-35,114,High Usage,0.009602501116569897,0.32558139534883723,104.13953488372093,57.0,203.56,271.3939393939394,3138.151515151515,0.06060606060606061,3.0714285714285716,High Data Usage
Vodafone,F,21,Nagaland,Chennai,0,74607.0,14,10,9614.0,0,2029,10,4,18-25,24,High Usage,0.0014562096941959641,0.7142857142857143,686.7142857142857,12.0,120.14,457.8095238095238,3552.714285714286,0.0,1.4,High Data Usage
Airtel,M,53,Maharashtra,Chennai,0,105087.0,65,23,8297.0,0,2029,10,4,46-55,88,High Usage,0.007834156924189466,0.35384615384615387,127.64615384615385,44.0,170.97,156.54716981132074,1982.7735849056603,0.0,2.8260869565217392,High Data Usage
Vodafone,M,73,Himachal Pradesh,Bangalore,4,23380.0,84,30,10508.0,0,2029,10,4,56+,114,High Usage,0.007993909402360106,0.35714285714285715,125.0952380952381,57.0,219.07999999999998,143.94520547945206,320.2739726027397,0.0547945205479452,2.8,High Data Usage
BSNL,F,56,Karnataka,Delhi,2,67840.0,85,23,9108.0,0,2029,10,4,56+,108,High Usage,0.009332454984628898,0.27058823529411763,107.15294117647059,54.0,199.07999999999998,162.64285714285714,1211.4285714285713,0.03571428571428571,3.6956521739130435,High Data Usage
BSNL,M,42,Manipur,Bangalore,0,123689.0,15,35,9555.0,0,2029,10,4,36-45,50,High Usage,0.0015698587127158557,2.3333333333333335,637.0,25.0,145.55,227.5,2944.9761904761904,0.0,0.42857142857142855,High Data Usage
Reliance Jio,F,37,Arunachal Pradesh,Hyderabad,1,86745.0,50,26,582.0,0,2029,10,4,36-45,76,Low Usage,0.0859106529209622,0.52,11.64,38.0,81.82,15.72972972972973,2344.4594594594596,0.02702702702702703,1.9230769230769231,Low Data Usage
Vodafone,M,23,Sikkim,Chennai,2,109985.0,91,45,9361.0,0,2029,10,4,18-25,136,High Usage,0.009721183634227113,0.4945054945054945,102.86813186813187,68.0,229.61,407.0,4781.95652173913,0.08695652173913043,2.022222222222222,High Data Usage
Airtel,M,41,Chhattisgarh,Mumbai,3,86563.0,30,39,2101.0,0,2029,10,4,36-45,69,Low Usage,0.014278914802475012,1.3,70.03333333333333,34.5,90.01,51.24390243902439,2111.2926829268295,0.07317073170731707,0.7692307692307693,Low Data Usage
BSNL,M,41,Haryana,Hyderabad,0,69228.0,50,49,3316.0,0,2029,10,4,36-45,99,Low Usage,0.015078407720144753,0.98,66.32,49.5,132.16,80.8780487804878,1688.4878048780488,0.0,1.0204081632653061,Medium Data Usage
Airtel,M,49,Tripura,Bangalore,4,43120.0,11,15,92.0,0,2029,10,4,46-55,26,Low Usage,0.11956521739130435,1.3636363636363635,8.363636363636363,13.0,26.92,1.8775510204081634,880.0,0.08163265306122448,0.7333333333333333,Low Data Usage
Airtel,M,59,Haryana,Mumbai,1,62747.0,38,7,5067.0,0,2029,10,4,56+,45,Medium Usage,0.007499506611407144,0.18421052631578946,133.3421052631579,22.5,95.67,85.88135593220339,1063.5084745762713,0.01694915254237288,5.428571428571429,Medium Data Usage
Vodafone,M,23,Uttarakhand,Chennai,4,50376.0,66,17,315.0,0,2029,10,4,18-25,83,Low Usage,0.20952380952380953,0.25757575757575757,4.7727272727272725,41.5,86.15,13.695652173913043,2190.2608695652175,0.17391304347826086,3.8823529411764706,Low Data Usage
BSNL,M,28,Assam,Bangalore,4,70549.0,62,26,9050.0,0,2029,10,4,26-35,88,High Usage,0.006850828729281768,0.41935483870967744,145.96774193548387,44.0,178.5,323.2142857142857,2519.6071428571427,0.14285714285714285,2.3846153846153846,High Data Usage
Reliance Jio,M,47,Himachal Pradesh,Hyderabad,3,132524.0,90,21,9694.0,0,2029,10,4,46-55,111,High Usage,0.009284093253558903,0.23333333333333334,107.71111111111111,55.5,207.94,206.25531914893617,2819.659574468085,0.06382978723404255,4.285714285714286,High Data Usage
Airtel,M,45,Goa,Kolkata,4,98701.0,18,51,9349.0,0,2029,10,4,36-45,69,High Usage,0.0019253396085142796,2.8333333333333335,519.3888888888889,34.5,162.49,207.75555555555556,2193.3555555555554,0.08888888888888889,0.35294117647058826,High Data Usage
Reliance Jio,M,34,Jharkhand,Mumbai,3,22416.0,69,31,2207.0,0,2029,10,4,26-35,100,Low Usage,0.031264159492523785,0.4492753623188406,31.985507246376812,50.0,122.07,64.91176470588235,659.2941176470588,0.08823529411764706,2.225806451612903,Low Data Usage
Airtel,F,55,Himachal Pradesh,Bangalore,1,102586.0,101,35,5779.0,0,2029,10,4,46-55,136,Medium Usage,0.01747707215781277,0.3465346534653465,57.21782178217822,68.0,193.79,105.07272727272728,1865.2,0.01818181818181818,2.8857142857142857,Medium Data Usage
Airtel,F,24,Punjab,Bangalore,3,50216.0,65,39,1896.0,0,2029,10,4,18-25,104,Low Usage,0.034282700421940926,0.6,29.16923076923077,52.0,122.96000000000001,79.0,2092.3333333333335,0.125,1.6666666666666667,Low Data Usage
Airtel,M,69,Bihar,Delhi,2,44649.0,74,26,7248.0,0,2029,10,4,56+,100,High Usage,0.01020971302428256,0.35135135135135137,97.94594594594595,50.0,172.48000000000002,105.04347826086956,647.0869565217391,0.028985507246376812,2.8461538461538463,High Data Usage
Airtel,M,66,Tripura,Bangalore,3,60360.0,45,38,6081.0,0,2029,10,4,56+,83,Medium Usage,0.00740009866798224,0.8444444444444444,135.13333333333333,41.5,143.81,92.13636363636364,914.5454545454545,0.045454545454545456,1.1842105263157894,Medium Data Usage
Reliance Jio,M,27,Himachal Pradesh,Mumbai,1,147541.0,7,12,3810.0,0,2029,10,4,26-35,19,Medium Usage,0.001837270341207349,1.7142857142857142,544.2857142857143,9.5,57.1,141.11111111111111,5464.481481481482,0.037037037037037035,0.5833333333333334,Medium Data Usage
Reliance Jio,F,47,Chhattisgarh,Kolkata,3,97639.0,87,44,8622.0,0,2029,10,4,46-55,131,High Usage,0.010090466249130133,0.5057471264367817,99.10344827586206,65.5,217.22,183.4468085106383,2077.425531914894,0.06382978723404255,1.9772727272727273,High Data Usage
BSNL,F,33,Telangana,Hyderabad,4,141685.0,72,39,2730.0,0,2029,11,4,26-35,111,Low Usage,0.026373626373626374,0.5416666666666666,37.916666666666664,55.5,138.3,82.72727272727273,4293.484848484848,0.12121212121212122,1.8461538461538463,Low Data Usage
Reliance Jio,M,64,Chhattisgarh,Bangalore,3,84943.0,9,42,8721.0,0,2029,11,4,56+,51,High Usage,0.0010319917440660474,4.666666666666667,969.0,25.5,138.20999999999998,136.265625,1327.234375,0.046875,0.21428571428571427,High Data Usage
BSNL,M,60,Uttarakhand,Bangalore,3,103438.0,78,20,9340.0,0,2029,11,4,56+,98,High Usage,0.00835117773019272,0.2564102564102564,119.74358974358974,49.0,191.4,155.66666666666666,1723.9666666666667,0.05,3.9,High Data Usage
Reliance Jio,F,60,Rajasthan,Hyderabad,0,72495.0,86,6,7342.0,0,2029,11,4,56+,92,High Usage,0.011713429583219831,0.06976744186046512,85.37209302325581,46.0,165.42000000000002,122.36666666666666,1208.25,0.0,14.333333333333334,High Data Usage
Airtel,M,63,Haryana,Hyderabad,0,52683.0,18,10,3069.0,0,2029,11,4,56+,28,Low Usage,0.005865102639296188,0.5555555555555556,170.5,14.0,58.69,48.714285714285715,836.2380952380952,0.0,1.8,Medium Data Usage
BSNL,M,63,West Bengal,Hyderabad,3,120788.0,21,21,8316.0,0,2029,11,4,56+,42,High Usage,0.0025252525252525255,1.0,396.0,21.0,125.16,132.0,1917.2698412698412,0.047619047619047616,1.0,High Data Usage
Airtel,M,29,Arunachal Pradesh,Chennai,2,66061.0,54,1,8176.0,0,2029,11,4,26-35,55,High Usage,0.0066046966731898235,0.018518518518518517,151.40740740740742,27.5,136.76,281.9310344827586,2277.9655172413795,0.06896551724137931,54.0,High Data Usage
BSNL,F,38,Mizoram,Kolkata,3,98314.0,37,43,4711.0,0,2029,11,4,36-45,80,Medium Usage,0.007853958819783485,1.162162162162162,127.32432432432432,40.0,127.11,123.97368421052632,2587.2105263157896,0.07894736842105263,0.8604651162790697,Medium Data Usage
Airtel,F,56,Manipur,Bangalore,3,20914.0,39,37,5375.0,1,2029,11,4,56+,76,Medium Usage,0.007255813953488372,0.9487179487179487,137.82051282051282,38.0,129.75,95.98214285714286,373.4642857142857,0.05357142857142857,1.054054054054054,Medium Data Usage
BSNL,M,43,Manipur,Bangalore,2,127619.0,70,9,4347.0,1,2029,11,4,36-45,79,Medium Usage,0.01610305958132045,0.12857142857142856,62.1,39.5,122.47,101.09302325581395,2967.8837209302324,0.046511627906976744,7.777777777777778,Medium Data Usage
BSNL,M,63,Tripura,Hyderabad,3,100631.0,97,9,3451.0,0,2029,11,4,56+,106,Low Usage,0.028107794842074763,0.09278350515463918,35.577319587628864,53.0,140.51,54.77777777777778,1597.3174603174602,0.047619047619047616,10.777777777777779,Medium Data Usage
Airtel,M,59,Gujarat,Mumbai,0,63047.0,0,39,7111.0,0,2029,11,4,56+,39,High Usage,0.0,39.0,7111.0,19.5,110.11,120.52542372881356,1068.593220338983,0.0,0.0,High Data Usage
Reliance Jio,M,70,Telangana,Mumbai,1,92695.0,78,39,1579.0,0,2029,11,4,56+,117,Low Usage,0.04939835338822039,0.5,20.243589743589745,58.5,132.79,22.557142857142857,1324.2142857142858,0.014285714285714285,2.0,Low Data Usage
Reliance Jio,F,69,Haryana,Delhi,4,52815.0,50,28,5049.0,1,2029,11,4,56+,78,Medium Usage,0.009902951079421667,0.56,100.98,39.0,128.49,73.17391304347827,765.4347826086956,0.057971014492753624,1.7857142857142858,Medium Data Usage
BSNL,F,70,Tripura,Kolkata,4,137267.0,50,37,8207.0,0,2029,11,4,56+,87,High Usage,0.006092360180333861,0.74,164.14,43.5,169.07,117.24285714285715,1960.9571428571428,0.05714285714285714,1.3513513513513513,High Data Usage
Reliance Jio,M,35,Tripura,Kolkata,1,78588.0,51,48,1481.0,0,2029,11,4,26-35,99,Low Usage,0.03443619176232275,0.9411764705882353,29.03921568627451,49.5,113.81,42.31428571428572,2245.3714285714286,0.02857142857142857,1.0625,Low Data Usage
BSNL,M,38,Bihar,Hyderabad,2,141130.0,61,21,6765.0,0,2029,11,4,36-45,82,High Usage,0.0090169992609017,0.3442622950819672,110.90163934426229,41.0,149.65,178.02631578947367,3713.9473684210525,0.05263157894736842,2.9047619047619047,Medium Data Usage
Reliance Jio,F,47,Telangana,Chennai,2,108081.0,92,43,3043.0,0,2029,11,4,46-55,135,Low Usage,0.03023332237923102,0.4673913043478261,33.07608695652174,67.5,165.43,64.74468085106383,2299.595744680851,0.0425531914893617,2.13953488372093,Medium Data Usage
Vodafone,M,20,Uttar Pradesh,Bangalore,1,90461.0,14,53,9163.0,1,2029,11,4,18-25,67,High Usage,0.0015278838808250573,3.7857142857142856,654.5,33.5,158.63,458.15,4523.05,0.05,0.2641509433962264,High Data Usage
Airtel,M,21,Bihar,Chennai,1,78578.0,10,10,10487.0,0,2029,11,4,18-25,20,High Usage,0.0009535615523982073,1.0,1048.7,10.0,124.87,499.3809523809524,3741.809523809524,0.047619047619047616,1.0,High Data Usage
Reliance Jio,F,36,Tamil Nadu,Bangalore,4,34574.0,11,2,924.0,1,2029,11,4,36-45,13,Low Usage,0.011904761904761904,0.18181818181818182,84.0,6.5,22.240000000000002,25.666666666666668,960.3888888888889,0.1111111111111111,5.5,Low Data Usage
Airtel,F,23,Rajasthan,Hyderabad,2,108425.0,90,23,1619.0,0,2029,11,4,18-25,113,Low Usage,0.055589870290302656,0.25555555555555554,17.988888888888887,56.5,129.19,70.3913043478261,4714.130434782609,0.08695652173913043,3.9130434782608696,Low Data Usage
Airtel,M,73,Uttar Pradesh,Mumbai,2,80209.0,81,26,9015.0,0,2029,11,4,56+,107,High Usage,0.008985024958402662,0.32098765432098764,111.29629629629629,53.5,197.15,123.4931506849315,1098.7534246575342,0.0273972602739726,3.1153846153846154,High Data Usage
Vodafone,M,29,Jharkhand,Kolkata,2,42210.0,0,12,914.0,0,2029,11,4,26-35,12,Low Usage,0.0,12.0,914.0,6.0,21.14,31.517241379310345,1455.5172413793102,0.06896551724137931,0.0,Low Data Usage
Vodafone,M,18,Haryana,Chennai,4,38185.0,85,10,10093.0,0,2029,11,4,18-25,95,High Usage,0.008421678390964034,0.11764705882352941,118.74117647058823,47.5,195.93,560.7222222222222,2121.3888888888887,0.2222222222222222,8.5,High Data Usage
BSNL,F,47,Haryana,Chennai,4,31500.0,79,49,5107.0,0,2029,11,4,46-55,128,Medium Usage,0.015468964166829842,0.620253164556962,64.64556962025317,64.0,179.07,108.65957446808511,670.2127659574468,0.0851063829787234,1.6122448979591837,Medium Data Usage
BSNL,F,66,Sikkim,Bangalore,0,130690.0,54,30,6811.0,1,2029,11,4,56+,84,High Usage,0.007928351196593745,0.5555555555555556,126.12962962962963,42.0,152.11,103.1969696969697,1980.1515151515152,0.0,1.8,Medium Data Usage
Reliance Jio,M,29,Jharkhand,Mumbai,1,120981.0,28,50,8954.0,0,2029,11,4,26-35,78,High Usage,0.003127094036184945,1.7857142857142858,319.7857142857143,39.0,167.54000000000002,308.7586206896552,4171.758620689655,0.034482758620689655,0.56,High Data Usage
Reliance Jio,M,74,Gujarat,Delhi,1,28234.0,60,15,405.0,0,2029,11,4,56+,75,Low Usage,0.14814814814814814,0.25,6.75,37.5,79.05,5.472972972972973,381.5405405405405,0.013513513513513514,4.0,Low Data Usage
Airtel,M,37,Odisha,Delhi,0,34446.0,47,14,1248.0,0,2029,11,4,36-45,61,Low Usage,0.03766025641025641,0.2978723404255319,26.5531914893617,30.5,73.48,33.729729729729726,930.972972972973,0.0,3.357142857142857,Low Data Usage
Reliance Jio,M,42,Himachal Pradesh,Kolkata,4,138760.0,8,38,3850.0,0,2029,12,4,36-45,46,Medium Usage,0.002077922077922078,4.75,481.25,23.0,84.5,91.66666666666667,3303.809523809524,0.09523809523809523,0.21052631578947367,Medium Data Usage
Airtel,M,58,Tamil Nadu,Mumbai,2,73778.0,50,37,3913.0,0,2029,12,4,56+,87,Medium Usage,0.012777919754663941,0.74,78.26,43.5,126.13,67.46551724137932,1272.0344827586207,0.034482758620689655,1.3513513513513513,Medium Data Usage
BSNL,M,35,Rajasthan,Bangalore,0,33292.0,51,52,5049.0,0,2029,12,4,26-35,103,Medium Usage,0.010101010101010102,1.0196078431372548,99.0,51.5,153.49,144.25714285714287,951.2,0.0,0.9807692307692307,Medium Data Usage
Vodafone,F,31,Meghalaya,Kolkata,0,93279.0,48,44,131.0,1,2029,12,4,26-35,92,Low Usage,0.366412213740458,0.9166666666666666,2.7291666666666665,46.0,93.31,4.225806451612903,3009.0,0.0,1.0909090909090908,Low Data Usage
Airtel,M,31,Uttar Pradesh,Delhi,4,24379.0,4,9,8864.0,0,2029,12,4,26-35,13,High Usage,0.0004512635379061372,2.25,2216.0,6.5,101.64,285.93548387096774,786.4193548387096,0.12903225806451613,0.4444444444444444,High Data Usage
Vodafone,M,64,West Bengal,Delhi,4,135259.0,41,41,1217.0,1,2029,12,4,56+,82,Low Usage,0.03368940016433854,1.0,29.682926829268293,41.0,94.17,19.015625,2113.421875,0.0625,1.0,Low Data Usage
Reliance Jio,M,36,Jharkhand,Bangalore,3,89028.0,88,36,8333.0,1,2029,12,4,36-45,124,High Usage,0.010560422416896675,0.4090909090909091,94.69318181818181,62.0,207.32999999999998,231.47222222222223,2473.0,0.08333333333333333,2.4444444444444446,High Data Usage
Vodafone,M,18,West Bengal,Bangalore,0,127134.0,0,26,7384.0,0,2029,12,4,18-25,26,High Usage,0.0,26.0,7384.0,13.0,99.84,410.22222222222223,7063.0,0.0,0.0,High Data Usage
Reliance Jio,F,27,Sikkim,Delhi,3,136562.0,85,8,7544.0,0,2029,12,4,26-35,93,High Usage,0.011267232237539766,0.09411764705882353,88.75294117647059,46.5,168.44,279.4074074074074,5057.851851851852,0.1111111111111111,10.625,High Data Usage
Vodafone,M,28,Manipur,Hyderabad,4,104141.0,80,23,4963.0,0,2029,12,4,26-35,103,Medium Usage,0.01611928269192021,0.2875,62.0375,51.5,152.63,177.25,3719.3214285714284,0.14285714285714285,3.4782608695652173,Medium Data Usage
BSNL,F,25,Karnataka,Hyderabad,4,28337.0,76,41,1505.0,0,2029,12,4,18-25,117,Low Usage,0.0504983388704319,0.5394736842105263,19.80263157894737,58.5,132.05,60.2,1133.48,0.16,1.853658536585366,Low Data Usage
BSNL,F,63,Nagaland,Chennai,0,130655.0,92,44,7402.0,0,2029,12,4,56+,136,High Usage,0.012429073223453121,0.4782608695652174,80.45652173913044,68.0,210.01999999999998,117.4920634920635,2073.8888888888887,0.0,2.090909090909091,High Data Usage
Vodafone,M,26,Andhra Pradesh,Kolkata,2,47992.0,24,36,2072.0,0,2029,12,4,26-35,60,Low Usage,0.011583011583011582,1.5,86.33333333333333,30.0,80.72,79.6923076923077,1845.8461538461538,0.07692307692307693,0.6666666666666666,Low Data Usage
BSNL,F,33,Arunachal Pradesh,Mumbai,1,82545.0,56,38,10405.0,0,2029,12,4,26-35,94,High Usage,0.005382027871215762,0.6785714285714286,185.80357142857142,47.0,198.05,315.3030303030303,2501.3636363636365,0.030303030303030304,1.4736842105263157,High Data Usage
Reliance Jio,M,73,Haryana,Bangalore,0,116094.0,69,30,8674.0,0,2029,12,4,56+,99,High Usage,0.007954807470601798,0.43478260869565216,125.71014492753623,49.5,185.74,118.82191780821918,1590.3287671232877,0.0,2.3,High Data Usage
Airtel,F,71,Nagaland,Chennai,2,116175.0,58,12,5137.0,0,2029,12,4,56+,70,Medium Usage,0.011290636558302512,0.20689655172413793,88.56896551724138,35.0,121.37,72.35211267605634,1636.2676056338028,0.028169014084507043,4.833333333333333,Medium Data Usage
Airtel,M,35,Kerala,Kolkata,0,107317.0,12,8,4122.0,0,2029,12,4,26-35,20,Medium Usage,0.002911208151382824,0.6666666666666666,343.5,10.0,61.22,117.77142857142857,3066.2,0.0,1.5,Medium Data Usage
Airtel,F,32,Haryana,Delhi,0,48517.0,45,34,8640.0,0,2029,12,4,26-35,79,High Usage,0.005208333333333333,0.7555555555555555,192.0,39.5,165.4,270.0,1516.15625,0.0,1.3235294117647058,High Data Usage
Reliance Jio,F,74,Rajasthan,Mumbai,2,56587.0,38,45,1525.0,1,2029,12,4,56+,83,Low Usage,0.024918032786885248,1.1842105263157894,40.13157894736842,41.5,98.25,20.60810810810811,764.6891891891892,0.02702702702702703,0.8444444444444444,Low Data Usage
Reliance Jio,M,30,West Bengal,Hyderabad,1,34063.0,59,41,5241.0,0,2029,12,4,26-35,100,Medium Usage,0.011257393627170388,0.6949152542372882,88.83050847457628,50.0,152.41,174.7,1135.4333333333334,0.03333333333333333,1.4390243902439024,Medium Data Usage
Airtel,F,27,Telangana,Delhi,1,85810.0,44,26,2556.0,0,2029,12,4,26-35,70,Low Usage,0.017214397496087636,0.5909090909090909,58.09090909090909,35.0,95.56,94.66666666666667,3178.1481481481483,0.037037037037037035,1.6923076923076923,Low Data Usage
Vodafone,M,22,Telangana,Delhi,2,58937.0,41,12,8628.0,0,2029,12,4,18-25,53,High Usage,0.004751970329160872,0.2926829268292683,210.4390243902439,26.5,139.28,392.1818181818182,2678.9545454545455,0.09090909090909091,3.4166666666666665,High Data Usage
Reliance Jio,F,28,Haryana,Hyderabad,4,65093.0,32,26,4147.0,0,2029,12,4,26-35,58,Medium Usage,0.007716421509524958,0.8125,129.59375,29.0,99.47,148.10714285714286,2324.75,0.14285714285714285,1.2307692307692308,Medium Data Usage
Reliance Jio,F,51,Meghalaya,Delhi,2,96708.0,46,16,5049.0,0,2029,12,4,46-55,62,Medium Usage,0.009110714993067934,0.34782608695652173,109.76086956521739,31.0,112.49000000000001,99.0,1896.235294117647,0.0392156862745098,2.875,Medium Data Usage
Vodafone,M,22,Kerala,Bangalore,1,40874.0,19,1,1343.0,0,2029,12,4,18-25,20,Low Usage,0.014147431124348473,0.05263157894736842,70.6842105263158,10.0,33.43,61.04545454545455,1857.909090909091,0.045454545454545456,19.0,Low Data Usage
Airtel,M,51,Sikkim,Mumbai,1,76994.0,88,29,6922.0,0,2029,12,4,46-55,117,High Usage,0.012713088702687085,0.32954545454545453,78.6590909090909,58.5,186.22,135.72549019607843,1509.686274509804,0.0196078431372549,3.0344827586206895,Medium Data Usage
BSNL,F,33,Assam,Mumbai,0,115406.0,17,9,1991.0,0,2029,12,4,26-35,26,Low Usage,0.008538422903063787,0.5294117647058824,117.11764705882354,13.0,45.91,60.333333333333336,3497.151515151515,0.0,1.8888888888888888,Low Data Usage
Reliance Jio,M,66,Telangana,Kolkata,3,66415.0,96,40,7839.0,0,2029,12,4,56+,136,High Usage,0.012246460007654038,0.4166666666666667,81.65625,68.0,214.39,118.77272727272727,1006.2878787878788,0.045454545454545456,2.4,High Data Usage
Airtel,M,25,Chhattisgarh,Mumbai,2,38273.0,36,31,8536.0,0,2029,12,4,18-25,67,High Usage,0.004217432052483599,0.8611111111111112,237.11111111111111,33.5,152.36,341.44,1530.92,0.08,1.1612903225806452,High Data Usage
Airtel,F,56,Manipur,Hyderabad,1,49247.0,50,31,6168.0,1,2029,12,4,56+,81,Medium Usage,0.008106355382619975,0.62,123.36,40.5,142.68,110.14285714285714,879.4107142857143,0.017857142857142856,1.6129032258064515,Medium Data Usage
Reliance Jio,M,62,Chhattisgarh,Hyderabad,0,95429.0,13,18,6222.0,0,2029,12,4,56+,31,Medium Usage,0.0020893603342976535,1.3846153846153846,478.61538461538464,15.5,93.22,100.35483870967742,1539.1774193548388,0.0,0.7222222222222222,Medium Data Usage
BSNL,M,53,Uttar Pradesh,Delhi,3,132288.0,50,20,1269.0,0,2030,1,1,46-55,70,Low Usage,0.039401103230890466,0.4,25.38,35.0,82.69,23.943396226415093,2496.0,0.05660377358490566,2.5,Low Data Usage
Vodafone,M,71,Bihar,Bangalore,2,47816.0,81,13,10265.0,0,2030,1,1,56+,94,High Usage,0.007890891378470532,0.16049382716049382,126.72839506172839,47.0,196.65,144.57746478873239,673.4647887323944,0.028169014084507043,6.230769230769231,High Data Usage
Reliance Jio,M,52,Karnataka,Chennai,2,45831.0,43,17,9043.0,1,2030,1,1,46-55,60,High Usage,0.004755059161782594,0.3953488372093023,210.30232558139534,30.0,150.43,173.90384615384616,881.3653846153846,0.038461538461538464,2.5294117647058822,High Data Usage
Vodafone,F,58,West Bengal,Kolkata,0,106257.0,19,26,8382.0,1,2030,1,1,56+,45,High Usage,0.0022667621092817944,1.368421052631579,441.1578947368421,22.5,128.82,144.51724137931035,1832.0172413793102,0.0,0.7307692307692307,High Data Usage
BSNL,M,52,Kerala,Kolkata,3,96100.0,74,20,1082.0,1,2030,1,1,46-55,94,Low Usage,0.06839186691312385,0.2702702702702703,14.621621621621621,47.0,104.82,20.807692307692307,1848.076923076923,0.057692307692307696,3.7,Low Data Usage
BSNL,F,68,Maharashtra,Hyderabad,3,21612.0,28,27,7981.0,1,2030,1,1,56+,55,High Usage,0.003508332289186819,0.9642857142857143,285.0357142857143,27.5,134.81,117.36764705882354,317.8235294117647,0.04411764705882353,1.037037037037037,High Data Usage
Vodafone,F,53,Telangana,Chennai,3,103469.0,79,42,1822.0,0,2030,1,1,46-55,121,Low Usage,0.0433589462129528,0.5316455696202531,23.063291139240505,60.5,139.22,34.37735849056604,1952.245283018868,0.05660377358490566,1.880952380952381,Low Data Usage
Airtel,F,28,Uttarakhand,Chennai,0,149083.0,99,18,2818.0,0,2030,1,1,26-35,117,Low Usage,0.035131298793470545,0.18181818181818182,28.464646464646464,58.5,145.18,100.64285714285714,5324.392857142857,0.0,5.5,Low Data Usage
Airtel,F,66,Sikkim,Mumbai,2,141170.0,21,27,8029.0,0,2030,1,1,56+,48,High Usage,0.0026155187445510027,1.2857142857142858,382.3333333333333,24.0,128.29000000000002,121.65151515151516,2138.939393939394,0.030303030303030304,0.7777777777777778,High Data Usage
Airtel,M,43,Bihar,Bangalore,1,135675.0,84,25,5630.0,0,2030,1,1,36-45,109,Medium Usage,0.01492007104795737,0.2976190476190476,67.02380952380952,54.5,165.3,130.93023255813952,3155.232558139535,0.023255813953488372,3.36,Medium Data Usage
Airtel,M,25,Rajasthan,Bangalore,1,125909.0,83,29,3597.0,1,2030,1,1,18-25,112,Medium Usage,0.02307478454267445,0.3493975903614458,43.33734939759036,56.0,147.97,143.88,5036.36,0.04,2.8620689655172415,Medium Data Usage
Airtel,F,20,Chhattisgarh,Bangalore,0,120501.0,65,43,2389.0,1,2030,1,1,18-25,108,Low Usage,0.027208036835496024,0.6615384615384615,36.753846153846155,54.0,131.89,119.45,6025.05,0.0,1.5116279069767442,Low Data Usage
Reliance Jio,F,41,Tamil Nadu,Mumbai,2,93119.0,16,13,6296.0,0,2030,1,1,36-45,29,Medium Usage,0.0025412960609911056,0.8125,393.5,14.5,91.96000000000001,153.5609756097561,2271.1951219512193,0.04878048780487805,1.2307692307692308,Medium Data Usage
Airtel,F,70,Chhattisgarh,Kolkata,4,40358.0,95,44,3045.0,0,2030,1,1,56+,139,Low Usage,0.031198686371100164,0.4631578947368421,32.05263157894737,69.5,169.45,43.5,576.5428571428571,0.05714285714285714,2.159090909090909,Medium Data Usage
Airtel,F,37,Manipur,Kolkata,0,24617.0,65,32,6392.0,0,2030,1,1,36-45,97,Medium Usage,0.010168961201501877,0.49230769230769234,98.33846153846154,48.5,160.92000000000002,172.75675675675674,665.3243243243244,0.0,2.03125,Medium Data Usage
Vodafone,M,35,Punjab,Kolkata,0,125916.0,20,30,6245.0,1,2030,1,1,26-35,50,Medium Usage,0.0032025620496397116,1.5,312.25,25.0,112.45,178.42857142857142,3597.6,0.0,0.6666666666666666,Medium Data Usage
Vodafone,F,31,Assam,Bangalore,0,66393.0,23,26,6896.0,0,2030,1,1,26-35,49,High Usage,0.0033352668213457075,1.1304347826086956,299.82608695652175,24.5,117.96,222.4516129032258,2141.7096774193546,0.0,0.8846153846153846,Medium Data Usage
Airtel,F,36,Goa,Mumbai,2,39071.0,63,36,7530.0,0,2030,1,1,36-45,99,High Usage,0.008366533864541833,0.5714285714285714,119.52380952380952,49.5,174.3,209.16666666666666,1085.3055555555557,0.05555555555555555,1.75,High Data Usage
Vodafone,F,53,Assam,Chennai,2,46324.0,38,38,4232.0,0,2030,1,1,46-55,76,Medium Usage,0.008979206049149339,1.0,111.36842105263158,38.0,118.32,79.84905660377359,874.0377358490566,0.03773584905660377,1.0,Medium Data Usage
Airtel,M,70,Bihar,Mumbai,0,108903.0,83,14,7610.0,0,2030,1,1,56+,97,High Usage,0.010906701708278581,0.1686746987951807,91.6867469879518,48.5,173.1,108.71428571428571,1555.7571428571428,0.0,5.928571428571429,High Data Usage
Airtel,M,18,Meghalaya,Kolkata,2,110486.0,47,30,3123.0,0,2030,1,1,18-25,77,Low Usage,0.01504963176432917,0.6382978723404256,66.44680851063829,38.5,108.23,173.5,6138.111111111111,0.1111111111111111,1.5666666666666667,Medium Data Usage
BSNL,F,35,Haryana,Bangalore,3,97701.0,68,31,3295.0,0,2030,1,1,26-35,99,Low Usage,0.02063732928679818,0.45588235294117646,48.455882352941174,49.5,131.95,94.14285714285714,2791.457142857143,0.08571428571428572,2.193548387096774,Medium Data Usage
Vodafone,F,70,Tamil Nadu,Delhi,0,119220.0,5,27,1951.0,0,2030,1,1,56+,32,Low Usage,0.0025627883136852894,5.4,390.2,16.0,51.510000000000005,27.87142857142857,1703.142857142857,0.0,0.18518518518518517,Low Data Usage
BSNL,M,40,Himachal Pradesh,Mumbai,1,50406.0,106,3,6170.0,1,2030,1,1,36-45,109,Medium Usage,0.017179902755267422,0.02830188679245283,58.20754716981132,54.5,170.7,154.25,1260.15,0.025,35.333333333333336,Medium Data Usage
Reliance Jio,M,19,Tamil Nadu,Kolkata,3,34816.0,33,31,4611.0,0,2030,1,1,18-25,64,Medium Usage,0.0071567989590110605,0.9393939393939394,139.72727272727272,32.0,110.11,242.68421052631578,1832.421052631579,0.15789473684210525,1.064516129032258,Medium Data Usage
Vodafone,M,52,Uttar Pradesh,Mumbai,2,112504.0,83,34,7940.0,0,2030,1,1,46-55,117,High Usage,0.010453400503778338,0.40963855421686746,95.66265060240964,58.5,196.4,152.69230769230768,2163.5384615384614,0.038461538461538464,2.4411764705882355,High Data Usage
BSNL,M,36,Haryana,Hyderabad,0,80020.0,51,0,3688.0,0,2030,1,1,36-45,51,Medium Usage,0.013828633405639914,0.0,72.31372549019608,25.5,87.88,102.44444444444444,2222.777777777778,0.0,51.0,Medium Data Usage
BSNL,M,36,Madhya Pradesh,Chennai,2,77483.0,21,28,7470.0,1,2030,1,1,36-45,49,High Usage,0.002811244979919679,1.3333333333333333,355.7142857142857,24.5,123.7,207.5,2152.3055555555557,0.05555555555555555,0.75,High Data Usage
Airtel,F,38,Himachal Pradesh,Chennai,2,111016.0,52,31,2924.0,1,2030,1,1,36-45,83,Low Usage,0.017783857729138167,0.5961538461538461,56.23076923076923,41.5,112.24,76.94736842105263,2921.4736842105262,0.05263157894736842,1.6774193548387097,Low Data Usage
Vodafone,M,51,Uttarakhand,Bangalore,0,41811.0,41,41,4672.0,0,2030,1,1,46-55,82,Medium Usage,0.00877568493150685,1.0,113.95121951219512,41.0,128.72,91.6078431372549,819.8235294117648,0.0,1.0,Medium Data Usage
Vodafone,M,39,Gujarat,Bangalore,2,116274.0,77,44,2903.0,0,2030,1,1,36-45,121,Low Usage,0.026524285222183946,0.5714285714285714,37.701298701298704,60.5,150.03,74.43589743589743,2981.3846153846152,0.05128205128205128,1.75,Low Data Usage
BSNL,M,55,Madhya Pradesh,Bangalore,3,26123.0,37,32,365.0,0,2030,2,1,46-55,69,Low Usage,0.10136986301369863,0.8648648648648649,9.864864864864865,34.5,72.65,6.636363636363637,474.96363636363634,0.05454545454545454,1.15625,Low Data Usage
Vodafone,F,42,Meghalaya,Chennai,2,116800.0,60,46,3277.0,0,2030,2,1,36-45,106,Low Usage,0.0183094293561184,0.7666666666666667,54.61666666666667,53.0,138.77,78.02380952380952,2780.9523809523807,0.047619047619047616,1.3043478260869565,Medium Data Usage
BSNL,M,38,Assam,Chennai,0,47743.0,105,27,6246.0,1,2030,2,1,36-45,132,Medium Usage,0.01681075888568684,0.2571428571428571,59.48571428571429,66.0,194.46,164.3684210526316,1256.3947368421052,0.0,3.888888888888889,Medium Data Usage
Reliance Jio,M,28,Andhra Pradesh,Delhi,2,47276.0,83,12,7359.0,0,2030,2,1,26-35,95,High Usage,0.01127870634597092,0.14457831325301204,88.66265060240964,47.5,168.59,262.82142857142856,1688.4285714285713,0.07142857142857142,6.916666666666667,High Data Usage
Reliance Jio,F,18,Jharkhand,Hyderabad,0,36901.0,24,28,10301.0,0,2030,2,1,18-25,52,High Usage,0.0023298708863217165,1.1666666666666667,429.2083333333333,26.0,155.01,572.2777777777778,2050.0555555555557,0.0,0.8571428571428571,High Data Usage
BSNL,F,37,Uttar Pradesh,Bangalore,2,113286.0,74,6,3797.0,0,2030,2,1,36-45,80,Medium Usage,0.019489070318672638,0.08108108108108109,51.310810810810814,40.0,117.97,102.62162162162163,3061.7837837837837,0.05405405405405406,12.333333333333334,Medium Data Usage
BSNL,F,30,Goa,Bangalore,3,33820.0,39,46,4114.0,0,2030,2,1,26-35,85,Medium Usage,0.009479824987846379,1.1794871794871795,105.48717948717949,42.5,126.14,137.13333333333333,1127.3333333333333,0.1,0.8478260869565217,Medium Data Usage
Vodafone,M,73,Nagaland,Hyderabad,1,113637.0,91,30,3956.0,0,2030,2,1,56+,121,Medium Usage,0.02300303336703741,0.32967032967032966,43.472527472527474,60.5,160.56,54.19178082191781,1556.6712328767123,0.0136986301369863,3.033333333333333,Medium Data Usage
Airtel,M,21,Karnataka,Bangalore,4,71362.0,52,47,5049.0,0,2030,2,1,18-25,99,Medium Usage,0.010299069122598535,0.9038461538461539,97.09615384615384,49.5,149.49,240.42857142857142,3398.190476190476,0.19047619047619047,1.1063829787234043,Medium Data Usage
Airtel,M,74,Gujarat,Hyderabad,0,138991.0,22,16,7972.0,0,2030,2,1,56+,38,High Usage,0.0027596588058203713,0.7272727272727273,362.3636363636364,19.0,117.72,107.72972972972973,1878.2567567567567,0.0,1.375,High Data Usage
Airtel,F,51,Madhya Pradesh,Bangalore,1,50693.0,88,29,3465.0,0,2030,2,1,46-55,117,Low Usage,0.025396825396825397,0.32954545454545453,39.375,58.5,151.65,67.94117647058823,993.9803921568628,0.0196078431372549,3.0344827586206895,Medium Data Usage
Airtel,M,58,Tripura,Hyderabad,1,32959.0,36,25,6660.0,0,2030,2,1,56+,61,High Usage,0.005405405405405406,0.6944444444444444,185.0,30.5,127.6,114.82758620689656,568.2586206896551,0.017241379310344827,1.44,Medium Data Usage
Airtel,M,54,Madhya Pradesh,Mumbai,0,96935.0,101,28,1211.0,0,2030,2,1,46-55,129,Low Usage,0.08340214698596202,0.27722772277227725,11.990099009900991,64.5,141.11,22.425925925925927,1795.0925925925926,0.0,3.607142857142857,Low Data Usage
BSNL,F,44,Nagaland,Chennai,4,147656.0,79,4,1831.0,0,2030,2,1,36-45,83,Low Usage,0.04314582195521573,0.05063291139240506,23.17721518987342,41.5,101.31,41.61363636363637,3355.818181818182,0.09090909090909091,19.75,Low Data Usage
Airtel,M,69,Uttarakhand,Delhi,3,72349.0,108,25,5509.0,0,2030,2,1,56+,133,Medium Usage,0.019604283899074242,0.23148148148148148,51.00925925925926,66.5,188.09,79.84057971014492,1048.536231884058,0.043478260869565216,4.32,Medium Data Usage
BSNL,M,45,Himachal Pradesh,Mumbai,0,112174.0,40,32,4922.0,1,2030,2,1,36-45,72,Medium Usage,0.008126777732629013,0.8,123.05,36.0,121.22,109.37777777777778,2492.7555555555555,0.0,1.25,Medium Data Usage
Reliance Jio,M,56,Uttarakhand,Delhi,1,117980.0,86,1,7675.0,0,2030,2,1,56+,87,High Usage,0.011205211726384365,0.011627906976744186,89.24418604651163,43.5,163.75,137.05357142857142,2106.785714285714,0.017857142857142856,86.0,High Data Usage
Vodafone,F,30,Telangana,Hyderabad,3,147457.0,54,48,1486.0,0,2030,2,1,26-35,102,Low Usage,0.03633916554508748,0.8888888888888888,27.51851851851852,51.0,116.86,49.53333333333333,4915.233333333334,0.1,1.125,Low Data Usage
Vodafone,F,74,Sikkim,Chennai,2,113074.0,38,42,894.0,0,2030,2,1,56+,80,Low Usage,0.042505592841163314,1.105263157894737,23.526315789473685,40.0,88.94,12.08108108108108,1528.027027027027,0.02702702702702703,0.9047619047619048,Low Data Usage
BSNL,M,59,Bihar,Mumbai,3,72573.0,75,18,1877.0,1,2030,2,1,56+,93,Low Usage,0.03995737879595099,0.24,25.026666666666667,46.5,111.77,31.8135593220339,1230.050847457627,0.05084745762711865,4.166666666666667,Low Data Usage
Vodafone,M,44,Rajasthan,Kolkata,0,40094.0,90,10,662.0,0,2030,2,1,36-45,100,Low Usage,0.13595166163141995,0.1111111111111111,7.355555555555555,50.0,106.62,15.045454545454545,911.2272727272727,0.0,9.0,Low Data Usage
Airtel,M,20,Odisha,Delhi,0,102745.0,26,12,10425.0,0,2030,2,1,18-25,38,High Usage,0.0024940047961630697,0.46153846153846156,400.96153846153845,19.0,142.25,521.25,5137.25,0.0,2.1666666666666665,High Data Usage
Reliance Jio,M,40,Andhra Pradesh,Bangalore,4,57398.0,86,39,128.0,1,2030,2,1,36-45,125,Low Usage,0.671875,0.45348837209302323,1.4883720930232558,62.5,126.28,3.2,1434.95,0.1,2.2051282051282053,Low Data Usage
BSNL,F,70,Goa,Mumbai,2,57616.0,29,26,8516.0,0,2030,2,1,56+,55,High Usage,0.0034053546265852513,0.896551724137931,293.6551724137931,27.5,140.16,121.65714285714286,823.0857142857143,0.02857142857142857,1.1153846153846154,High Data Usage
Airtel,M,46,West Bengal,Hyderabad,1,122503.0,89,41,6416.0,0,2030,2,1,46-55,130,Medium Usage,0.013871571072319202,0.4606741573033708,72.08988764044943,65.0,194.16,139.47826086956522,2663.108695652174,0.021739130434782608,2.1707317073170733,Medium Data Usage
Reliance Jio,F,48,Maharashtra,Delhi,1,39107.0,3,39,5049.0,0,2030,2,1,46-55,42,Medium Usage,0.0005941770647653001,13.0,1683.0,21.0,92.49000000000001,105.1875,814.7291666666666,0.020833333333333332,0.07692307692307693,Medium Data Usage
Vodafone,M,68,Meghalaya,Hyderabad,3,46274.0,68,9,7764.0,0,2030,2,1,56+,77,High Usage,0.008758371973209686,0.1323529411764706,114.17647058823529,38.5,154.64,114.17647058823529,680.5,0.04411764705882353,7.555555555555555,High Data Usage
Airtel,M,22,Karnataka,Chennai,2,103869.0,82,21,2145.0,1,2030,2,1,18-25,103,Low Usage,0.03822843822843823,0.25609756097560976,26.158536585365855,51.5,124.45,97.5,4721.318181818182,0.09090909090909091,3.9047619047619047,Low Data Usage
BSNL,M,18,Himachal Pradesh,Delhi,1,32280.0,4,26,1591.0,0,2030,3,1,18-25,30,Low Usage,0.00251414204902577,6.5,397.75,15.0,45.91,88.38888888888889,1793.3333333333333,0.05555555555555555,0.15384615384615385,Low Data Usage
BSNL,M,42,Meghalaya,Kolkata,4,86508.0,39,11,4738.0,0,2030,3,1,36-45,50,Medium Usage,0.00823132123258759,0.28205128205128205,121.48717948717949,25.0,97.38,112.80952380952381,2059.714285714286,0.09523809523809523,3.5454545454545454,Medium Data Usage
Reliance Jio,F,21,Jharkhand,Kolkata,0,75449.0,50,19,7250.0,0,2030,3,1,18-25,69,High Usage,0.006896551724137931,0.38,145.0,34.5,141.5,345.23809523809524,3592.809523809524,0.0,2.6315789473684212,High Data Usage
BSNL,M,24,Telangana,Delhi,3,89739.0,31,26,8200.0,0,2030,3,1,18-25,57,High Usage,0.0037804878048780487,0.8387096774193549,264.51612903225805,28.5,139.0,341.6666666666667,3739.125,0.125,1.1923076923076923,High Data Usage
BSNL,M,47,Haryana,Bangalore,4,45528.0,75,25,7079.0,0,2030,3,1,46-55,100,High Usage,0.010594716767905072,0.3333333333333333,94.38666666666667,50.0,170.79000000000002,150.61702127659575,968.6808510638298,0.0851063829787234,3.0,High Data Usage
Vodafone,F,71,Madhya Pradesh,Chennai,0,102871.0,24,21,786.0,0,2030,3,1,56+,45,Low Usage,0.030534351145038167,0.875,32.75,22.5,52.86,11.070422535211268,1448.887323943662,0.0,1.1428571428571428,Low Data Usage
BSNL,F,72,Punjab,Bangalore,2,53394.0,57,29,9108.0,1,2030,3,1,56+,86,High Usage,0.006258234519104084,0.5087719298245614,159.78947368421052,43.0,177.07999999999998,126.5,741.5833333333334,0.027777777777777776,1.9655172413793103,High Data Usage
BSNL,F,38,Sikkim,Hyderabad,3,47717.0,86,38,5277.0,0,2030,3,1,36-45,124,Medium Usage,0.01629713852567747,0.4418604651162791,61.36046511627907,62.0,176.77,138.8684210526316,1255.7105263157894,0.07894736842105263,2.263157894736842,Medium Data Usage
BSNL,M,54,Maharashtra,Chennai,2,48833.0,47,15,377.0,0,2030,3,1,46-55,62,Low Usage,0.1246684350132626,0.3191489361702128,8.02127659574468,31.0,65.77,6.981481481481482,904.3148148148148,0.037037037037037035,3.1333333333333333,Low Data Usage
BSNL,F,35,Meghalaya,Bangalore,2,112654.0,66,0,3173.0,0,2030,3,1,26-35,66,Low Usage,0.020800504254648598,0.0,48.07575757575758,33.0,97.73,90.65714285714286,3218.6857142857143,0.05714285714285714,66.0,Medium Data Usage
Vodafone,F,22,Tripura,Delhi,4,80792.0,2,49,5158.0,0,2030,3,1,18-25,51,Medium Usage,0.00038774718883288094,24.5,2579.0,25.5,102.58,234.45454545454547,3672.3636363636365,0.18181818181818182,0.04081632653061224,Medium Data Usage
Reliance Jio,M,47,Gujarat,Bangalore,2,131268.0,23,16,8355.0,0,2030,3,1,46-55,39,High Usage,0.0027528426092160384,0.6956521739130435,363.2608695652174,19.5,122.55,177.7659574468085,2792.936170212766,0.0425531914893617,1.4375,High Data Usage
Reliance Jio,M,68,Andhra Pradesh,Bangalore,3,86050.0,78,43,1517.0,0,2030,3,1,56+,121,Low Usage,0.051417270929466054,0.5512820512820513,19.44871794871795,60.5,136.17,22.308823529411764,1265.4411764705883,0.04411764705882353,1.813953488372093,Low Data Usage
Vodafone,F,56,Nagaland,Hyderabad,2,21390.0,31,16,128.0,1,2030,3,1,56+,47,Low Usage,0.2421875,0.5161290322580645,4.129032258064516,23.5,48.28,2.2857142857142856,381.9642857142857,0.03571428571428571,1.9375,Low Data Usage
Airtel,F,51,Bihar,Chennai,2,141815.0,51,27,10138.0,0,2030,3,1,46-55,78,High Usage,0.005030578023278753,0.5294117647058824,198.7843137254902,39.0,179.38,198.7843137254902,2780.6862745098038,0.0392156862745098,1.8888888888888888,High Data Usage
Reliance Jio,M,45,Himachal Pradesh,Hyderabad,1,28958.0,71,26,9392.0,0,2030,3,1,36-45,97,High Usage,0.007559625212947189,0.36619718309859156,132.28169014084506,48.5,190.92000000000002,208.7111111111111,643.5111111111111,0.022222222222222223,2.730769230769231,High Data Usage
BSNL,F,60,Tamil Nadu,Mumbai,1,91464.0,68,34,10.0,0,2030,3,1,56+,102,Low Usage,6.8,0.5,0.14705882352941177,51.0,102.1,0.16666666666666666,1524.4,0.016666666666666666,2.0,Low Data Usage
Reliance Jio,M,65,Kerala,Hyderabad,0,32208.0,43,5,3501.0,0,2030,3,1,56+,48,Low Usage,0.01228220508426164,0.11627906976744186,81.4186046511628,24.0,83.00999999999999,53.86153846153846,495.5076923076923,0.0,8.6,Medium Data Usage
BSNL,M,71,Nagaland,Bangalore,0,26018.0,58,30,3924.0,0,2030,3,1,56+,88,Medium Usage,0.014780835881753314,0.5172413793103449,67.65517241379311,44.0,127.24000000000001,55.267605633802816,366.4507042253521,0.0,1.9333333333333333,Medium Data Usage
Reliance Jio,M,48,Manipur,Hyderabad,2,120689.0,57,44,8993.0,0,2030,3,1,46-55,101,High Usage,0.00633826309351718,0.7719298245614035,157.7719298245614,50.5,190.93,187.35416666666666,2514.3541666666665,0.041666666666666664,1.2954545454545454,High Data Usage
Vodafone,F,50,Madhya Pradesh,Mumbai,4,22815.0,40,42,8272.0,0,2030,3,1,46-55,82,High Usage,0.004835589941972921,1.05,206.8,41.0,164.72,165.44,456.3,0.08,0.9523809523809523,High Data Usage
Reliance Jio,F,27,Tripura,Hyderabad,2,104200.0,45,3,5939.0,0,2030,3,1,26-35,48,Medium Usage,0.0075770331705674356,0.06666666666666667,131.9777777777778,24.0,107.39,219.96296296296296,3859.259259259259,0.07407407407407407,15.0,Medium Data Usage
Reliance Jio,M,28,Uttar Pradesh,Chennai,0,43082.0,16,32,7501.0,0,2030,3,1,26-35,48,High Usage,0.0021330489268097585,2.0,468.8125,24.0,123.01,267.89285714285717,1538.642857142857,0.0,0.5,High Data Usage
Vodafone,F,69,Uttar Pradesh,Kolkata,1,56862.0,41,30,4874.0,0,2030,3,1,56+,71,Medium Usage,0.008411981945014363,0.7317073170731707,118.8780487804878,35.5,119.74000000000001,70.6376811594203,824.0869565217391,0.014492753623188406,1.3666666666666667,Medium Data Usage
Airtel,M,45,Telangana,Chennai,4,110129.0,91,44,8163.0,1,2030,3,1,36-45,135,High Usage,0.01114786230552493,0.4835164835164835,89.7032967032967,67.5,216.63,181.4,2447.311111111111,0.08888888888888889,2.0681818181818183,High Data Usage
Vodafone,F,45,Jharkhand,Hyderabad,1,145180.0,54,10,2303.0,1,2030,3,1,36-45,64,Low Usage,0.02344767694311767,0.18518518518518517,42.648148148148145,32.0,87.03,51.17777777777778,3226.222222222222,0.022222222222222223,5.4,Low Data Usage
Vodafone,F,28,Uttarakhand,Mumbai,0,88858.0,82,44,4951.0,0,2030,3,1,26-35,126,Medium Usage,0.01656231064431428,0.5365853658536586,60.3780487804878,63.0,175.51,176.82142857142858,3173.5,0.0,1.8636363636363635,Medium Data Usage
Vodafone,M,26,Sikkim,Delhi,0,82040.0,45,1,6660.0,1,2030,3,1,26-35,46,High Usage,0.006756756756756757,0.022222222222222223,148.0,23.0,112.6,256.15384615384613,3155.3846153846152,0.0,45.0,Medium Data Usage
Reliance Jio,M,61,Himachal Pradesh,Bangalore,3,129554.0,71,38,755.0,0,2030,3,1,56+,109,Low Usage,0.09403973509933775,0.5352112676056338,10.633802816901408,54.5,116.55,12.37704918032787,2123.8360655737706,0.04918032786885246,1.868421052631579,Low Data Usage
Reliance Jio,F,53,Arunachal Pradesh,Kolkata,3,56172.0,28,38,4506.0,0,2030,3,1,46-55,66,Medium Usage,0.006213936972924989,1.3571428571428572,160.92857142857142,33.0,111.06,85.01886792452831,1059.8490566037735,0.05660377358490566,0.7368421052631579,Medium Data Usage
Airtel,M,39,Arunachal Pradesh,Mumbai,1,86599.0,68,37,2916.0,0,2030,3,1,36-45,105,Low Usage,0.023319615912208505,0.5441176470588235,42.88235294117647,52.5,134.16,74.76923076923077,2220.4871794871797,0.02564102564102564,1.837837837837838,Low Data Usage
BSNL,M,53,Andhra Pradesh,Chennai,3,144266.0,50,17,8939.0,0,2030,4,2,46-55,67,High Usage,0.005593466830741693,0.34,178.78,33.5,156.39,168.66037735849056,2722.0,0.05660377358490566,2.9411764705882355,High Data Usage
Reliance Jio,F,68,Maharashtra,Chennai,0,121470.0,28,15,5302.0,0,2030,4,2,56+,43,Medium Usage,0.005281026027913994,0.5357142857142857,189.35714285714286,21.5,96.02000000000001,77.97058823529412,1786.3235294117646,0.0,1.8666666666666667,Medium Data Usage
Airtel,F,25,Sikkim,Chennai,2,83998.0,16,8,6071.0,0,2030,4,2,18-25,24,Medium Usage,0.0026354801515401085,0.5,379.4375,12.0,84.71000000000001,242.84,3359.92,0.08,2.0,Medium Data Usage
Reliance Jio,M,18,Tamil Nadu,Hyderabad,1,44499.0,13,46,9355.0,0,2030,4,2,18-25,59,High Usage,0.001389631213254944,3.5384615384615383,719.6153846153846,29.5,152.55,519.7222222222222,2472.1666666666665,0.05555555555555555,0.2826086956521739,High Data Usage
Vodafone,M,25,Punjab,Bangalore,1,79685.0,35,1,6654.0,0,2030,4,2,18-25,36,High Usage,0.005259993988578298,0.02857142857142857,190.11428571428573,18.0,102.54,266.16,3187.4,0.04,35.0,Medium Data Usage
Reliance Jio,M,49,Telangana,Mumbai,1,92683.0,9,28,4840.0,0,2030,4,2,46-55,37,Medium Usage,0.001859504132231405,3.111111111111111,537.7777777777778,18.5,85.4,98.77551020408163,1891.4897959183672,0.02040816326530612,0.32142857142857145,Medium Data Usage
Reliance Jio,M,56,Arunachal Pradesh,Hyderabad,2,140105.0,85,11,1715.0,0,2030,4,2,56+,96,Low Usage,0.04956268221574344,0.12941176470588237,20.176470588235293,48.0,113.15,30.625,2501.875,0.03571428571428571,7.7272727272727275,Low Data Usage
Airtel,M,24,Madhya Pradesh,Delhi,3,70218.0,87,35,5307.0,0,2030,4,2,18-25,122,Medium Usage,0.01639344262295082,0.40229885057471265,61.0,61.0,175.07,221.125,2925.75,0.125,2.4857142857142858,Medium Data Usage
BSNL,F,61,Tripura,Hyderabad,3,55337.0,54,48,9123.0,1,2030,4,2,56+,102,High Usage,0.00591910555738244,0.8888888888888888,168.94444444444446,51.0,193.23000000000002,149.55737704918033,907.1639344262295,0.04918032786885246,1.125,High Data Usage
Vodafone,M,73,Tripura,Mumbai,2,26301.0,104,5,1731.0,0,2030,4,2,56+,109,Low Usage,0.06008087810514154,0.04807692307692308,16.64423076923077,54.5,126.31,23.71232876712329,360.28767123287673,0.0273972602739726,20.8,Low Data Usage
BSNL,F,73,Tripura,Chennai,2,25197.0,60,26,5319.0,0,2030,4,2,56+,86,Medium Usage,0.011280315848843767,0.43333333333333335,88.65,43.0,139.19,72.86301369863014,345.16438356164383,0.0273972602739726,2.3076923076923075,Medium Data Usage
Vodafone,F,70,Nagaland,Mumbai,3,104916.0,35,46,3839.0,0,2030,4,2,56+,81,Medium Usage,0.009116957541026309,1.3142857142857143,109.68571428571428,40.5,119.39,54.84285714285714,1498.8,0.04285714285714286,0.7608695652173914,Medium Data Usage
Vodafone,M,57,Kerala,Kolkata,0,68033.0,51,16,3379.0,0,2030,4,2,56+,67,Low Usage,0.015093222846996152,0.3137254901960784,66.25490196078431,33.5,100.78999999999999,59.280701754385966,1193.561403508772,0.0,3.1875,Medium Data Usage
Airtel,M,43,Odisha,Bangalore,3,84130.0,29,17,2253.0,1,2030,4,2,36-45,46,Low Usage,0.01287172658677319,0.5862068965517241,77.6896551724138,23.0,68.53,52.395348837209305,1956.5116279069769,0.06976744186046512,1.7058823529411764,Low Data Usage
Vodafone,F,21,Odisha,Mumbai,4,81209.0,20,40,5410.0,0,2030,4,2,18-25,60,Medium Usage,0.0036968576709796672,2.0,270.5,30.0,114.1,257.6190476190476,3867.095238095238,0.19047619047619047,0.5,Medium Data Usage
BSNL,F,19,Telangana,Hyderabad,3,55624.0,60,15,7122.0,0,2030,4,2,18-25,75,High Usage,0.008424599831508003,0.25,118.7,37.5,146.22,374.8421052631579,2927.5789473684213,0.15789473684210525,4.0,High Data Usage
Airtel,M,39,Maharashtra,Mumbai,4,38804.0,79,22,8679.0,0,2030,4,2,36-45,101,High Usage,0.009102431155663095,0.27848101265822783,109.86075949367088,50.5,187.79000000000002,222.53846153846155,994.974358974359,0.10256410256410256,3.590909090909091,High Data Usage
Vodafone,F,40,Gujarat,Chennai,1,70946.0,73,20,705.0,0,2030,4,2,36-45,93,Low Usage,0.10354609929078014,0.273972602739726,9.657534246575343,46.5,100.05,17.625,1773.65,0.025,3.65,Low Data Usage
Vodafone,M,50,Sikkim,Hyderabad,0,80414.0,6,42,5995.0,0,2030,4,2,46-55,48,Medium Usage,0.001000834028356964,7.0,999.1666666666666,24.0,107.95,119.9,1608.28,0.0,0.14285714285714285,Medium Data Usage
Vodafone,M,73,Mizoram,Bangalore,2,99327.0,99,5,4445.0,0,2030,4,2,56+,104,Medium Usage,0.022272215973003374,0.050505050505050504,44.898989898989896,52.0,148.45,60.89041095890411,1360.6438356164383,0.0273972602739726,19.8,Medium Data Usage
Vodafone,M,20,Odisha,Delhi,2,64490.0,81,32,4252.0,0,2030,4,2,18-25,113,Medium Usage,0.01904985888993415,0.3950617283950617,52.49382716049383,56.5,155.52,212.6,3224.5,0.1,2.53125,Medium Data Usage
Vodafone,M,69,Tamil Nadu,Mumbai,4,71845.0,29,6,1804.0,0,2030,4,2,56+,35,Low Usage,0.01607538802660754,0.20689655172413793,62.206896551724135,17.5,53.04,26.144927536231883,1041.231884057971,0.057971014492753624,4.833333333333333,Low Data Usage
Airtel,M,27,Jharkhand,Chennai,1,83902.0,25,14,8292.0,0,2030,4,2,26-35,39,High Usage,0.003014954172696575,0.56,331.68,19.5,121.92,307.1111111111111,3107.4814814814813,0.037037037037037035,1.7857142857142858,High Data Usage
BSNL,F,43,Punjab,Bangalore,3,115919.0,38,52,7173.0,1,2030,4,2,36-45,90,High Usage,0.005297643942562387,1.368421052631579,188.76315789473685,45.0,161.73000000000002,166.8139534883721,2695.7906976744184,0.06976744186046512,0.7307692307692307,High Data Usage
Airtel,F,26,Haryana,Kolkata,1,116168.0,90,48,7715.0,0,2030,4,2,26-35,138,High Usage,0.011665586519766688,0.5333333333333333,85.72222222222223,69.0,215.15,296.7307692307692,4468.0,0.038461538461538464,1.875,High Data Usage
Vodafone,M,28,Tripura,Mumbai,3,110814.0,50,3,878.0,0,2030,4,2,26-35,53,Low Usage,0.05694760820045558,0.06,17.56,26.5,61.78,31.357142857142858,3957.6428571428573,0.10714285714285714,16.666666666666668,Low Data Usage
BSNL,M,30,Jharkhand,Bangalore,3,144501.0,96,34,6042.0,0,2030,4,2,26-35,130,Medium Usage,0.015888778550148957,0.3541666666666667,62.9375,65.0,190.42000000000002,201.4,4816.7,0.1,2.823529411764706,Medium Data Usage
Airtel,F,26,Tripura,Chennai,1,130018.0,2,1,6499.0,0,2030,4,2,26-35,3,Medium Usage,0.00030773965225419295,0.5,3249.5,1.5,67.99,249.96153846153845,5000.692307692308,0.038461538461538464,2.0,Medium Data Usage
Vodafone,F,64,Goa,Chennai,2,64876.0,52,42,7836.0,0,2030,4,2,56+,94,High Usage,0.006636038795303726,0.8076923076923077,150.69230769230768,47.0,172.36,122.4375,1013.6875,0.03125,1.2380952380952381,High Data Usage
BSNL,M,66,Arunachal Pradesh,Mumbai,4,51353.0,46,12,6546.0,0,2030,4,2,56+,58,Medium Usage,0.007027192178429576,0.2608695652173913,142.30434782608697,29.0,123.46,99.18181818181819,778.0757575757576,0.06060606060606061,3.8333333333333335,Medium Data Usage
Vodafone,F,66,Assam,Kolkata,3,65285.0,70,48,9140.0,0,2030,5,2,56+,118,High Usage,0.007658643326039387,0.6857142857142857,130.57142857142858,59.0,209.4,138.4848484848485,989.1666666666666,0.045454545454545456,1.4583333333333333,High Data Usage
Reliance Jio,M,74,Andhra Pradesh,Hyderabad,4,32582.0,38,17,4957.0,0,2030,5,2,56+,55,Medium Usage,0.007665926971958846,0.4473684210526316,130.44736842105263,27.5,104.57,66.98648648648648,440.2972972972973,0.05405405405405406,2.235294117647059,Medium Data Usage
Vodafone,M,31,Sikkim,Delhi,2,123297.0,50,39,1995.0,0,2030,5,2,26-35,89,Low Usage,0.02506265664160401,0.78,39.9,44.5,108.95,64.35483870967742,3977.3225806451615,0.06451612903225806,1.2820512820512822,Low Data Usage
BSNL,M,36,Uttar Pradesh,Delhi,1,62169.0,28,35,10648.0,1,2030,5,2,36-45,63,High Usage,0.002629601803155522,1.25,380.2857142857143,31.5,169.48000000000002,295.77777777777777,1726.9166666666667,0.027777777777777776,0.8,High Data Usage
Vodafone,M,46,West Bengal,Bangalore,3,69211.0,64,17,10225.0,0,2030,5,2,46-55,81,High Usage,0.0062591687041564795,0.265625,159.765625,40.5,183.25,222.2826086956522,1504.5869565217392,0.06521739130434782,3.764705882352941,High Data Usage
BSNL,F,19,Tripura,Delhi,1,64656.0,10,9,7911.0,1,2030,5,2,18-25,19,High Usage,0.0012640626975097965,0.9,791.1,9.5,98.11,416.36842105263156,3402.9473684210525,0.05263157894736842,1.1111111111111112,High Data Usage
BSNL,F,73,Rajasthan,Delhi,2,44639.0,60,18,7504.0,0,2030,5,2,56+,78,High Usage,0.007995735607675906,0.3,125.06666666666666,39.0,153.04000000000002,102.79452054794521,611.4931506849315,0.0273972602739726,3.3333333333333335,High Data Usage
BSNL,M,48,Uttarakhand,Hyderabad,0,30360.0,71,9,6466.0,0,2030,5,2,46-55,80,Medium Usage,0.01098051345499536,0.1267605633802817,91.07042253521126,40.0,144.66,134.70833333333334,632.5,0.0,7.888888888888889,Medium Data Usage
Vodafone,M,56,Madhya Pradesh,Hyderabad,2,129797.0,27,16,6148.0,0,2030,5,2,56+,43,Medium Usage,0.00439167208848406,0.5925925925925926,227.7037037037037,21.5,104.47999999999999,109.78571428571429,2317.8035714285716,0.03571428571428571,1.6875,Medium Data Usage
Vodafone,F,63,Andhra Pradesh,Bangalore,1,70706.0,56,45,8481.0,0,2030,5,2,56+,101,High Usage,0.006602994929843179,0.8035714285714286,151.44642857142858,50.5,185.81,134.61904761904762,1122.3174603174602,0.015873015873015872,1.2444444444444445,High Data Usage
Reliance Jio,F,44,Telangana,Chennai,3,51568.0,55,13,10566.0,0,2030,5,2,36-45,68,High Usage,0.0052053757334847624,0.23636363636363636,192.1090909090909,34.0,173.66,240.13636363636363,1172.0,0.06818181818181818,4.230769230769231,High Data Usage
Vodafone,M,22,Arunachal Pradesh,Kolkata,1,64667.0,79,18,3679.0,1,2030,5,2,18-25,97,Medium Usage,0.021473226420222886,0.22784810126582278,46.56962025316456,48.5,133.79,167.22727272727272,2939.409090909091,0.045454545454545456,4.388888888888889,Medium Data Usage
Vodafone,F,33,Jharkhand,Mumbai,3,137576.0,73,4,2162.0,0,2030,5,2,26-35,77,Low Usage,0.033765032377428304,0.0547945205479452,29.616438356164384,38.5,98.62,65.51515151515152,4168.969696969697,0.09090909090909091,18.25,Low Data Usage
Reliance Jio,F,47,Haryana,Kolkata,2,76701.0,90,22,7381.0,1,2030,5,2,46-55,112,High Usage,0.012193469719550196,0.24444444444444444,82.0111111111111,56.0,185.81,157.04255319148936,1631.936170212766,0.0425531914893617,4.090909090909091,High Data Usage
Airtel,F,49,Goa,Delhi,3,77004.0,22,28,8535.0,0,2030,5,2,46-55,50,High Usage,0.0025776215582893965,1.2727272727272727,387.95454545454544,25.0,135.35,174.18367346938774,1571.5102040816328,0.061224489795918366,0.7857142857142857,High Data Usage
BSNL,F,20,Tamil Nadu,Kolkata,0,89342.0,83,15,6705.0,0,2030,5,2,18-25,98,High Usage,0.01237882177479493,0.18072289156626506,80.78313253012048,49.0,165.05,335.25,4467.1,0.0,5.533333333333333,Medium Data Usage
BSNL,M,30,Uttarakhand,Kolkata,0,105619.0,55,49,3282.0,0,2030,5,2,26-35,104,Low Usage,0.01675807434491164,0.8909090909090909,59.67272727272727,52.0,136.82,109.4,3520.633333333333,0.0,1.1224489795918366,Medium Data Usage
Vodafone,M,71,Arunachal Pradesh,Chennai,1,50871.0,19,20,3414.0,0,2030,5,2,56+,39,Low Usage,0.005565319273579379,1.0526315789473684,179.68421052631578,19.5,73.14,48.08450704225352,716.4929577464789,0.014084507042253521,0.95,Medium Data Usage
Vodafone,M,41,Maharashtra,Mumbai,4,93860.0,59,10,6732.0,0,2030,5,2,36-45,69,High Usage,0.008764111705288177,0.1694915254237288,114.10169491525424,34.5,136.32,164.1951219512195,2289.268292682927,0.0975609756097561,5.9,Medium Data Usage
Airtel,M,44,Madhya Pradesh,Bangalore,2,148772.0,4,3,4717.0,0,2030,5,2,36-45,7,Medium Usage,0.0008479966080135679,0.75,1179.25,3.5,54.17,107.20454545454545,3381.181818181818,0.045454545454545456,1.3333333333333333,Medium Data Usage
BSNL,F,39,Punjab,Kolkata,0,106354.0,7,28,8199.0,0,2030,5,2,36-45,35,High Usage,0.0008537626539821929,4.0,1171.2857142857142,17.5,116.99,210.23076923076923,2727.025641025641,0.0,0.25,High Data Usage
Reliance Jio,F,71,Mizoram,Delhi,1,61670.0,10,35,7396.0,0,2030,5,2,56+,45,High Usage,0.0013520822065981612,3.5,739.6,22.5,118.96,104.16901408450704,868.5915492957746,0.014084507042253521,0.2857142857142857,High Data Usage
Reliance Jio,F,69,Sikkim,Hyderabad,3,94543.0,16,19,1829.0,1,2030,5,2,56+,35,Low Usage,0.008747949699289229,1.1875,114.3125,17.5,53.29,26.507246376811594,1370.1884057971015,0.043478260869565216,0.8421052631578947,Low Data Usage
BSNL,F,34,Telangana,Hyderabad,3,142687.0,30,15,7487.0,0,2030,5,2,26-35,45,High Usage,0.0040069453719780955,0.5,249.56666666666666,22.5,119.87,220.2058823529412,4196.676470588235,0.08823529411764706,2.0,High Data Usage
Reliance Jio,M,65,Manipur,Chennai,0,50815.0,60,51,1129.0,0,2030,5,2,56+,111,Low Usage,0.053144375553587246,0.85,18.816666666666666,55.5,122.28999999999999,17.369230769230768,781.7692307692307,0.0,1.1764705882352942,Low Data Usage
Vodafone,F,20,Sikkim,Mumbai,0,135674.0,84,14,484.0,0,2030,5,2,18-25,98,Low Usage,0.17355371900826447,0.16666666666666666,5.761904761904762,49.0,102.84,24.2,6783.7,0.0,6.0,Low Data Usage
BSNL,M,63,Himachal Pradesh,Chennai,1,100825.0,51,30,9713.0,1,2030,5,2,56+,81,High Usage,0.00525069494491918,0.5882352941176471,190.45098039215685,40.5,178.13,154.17460317460316,1600.3968253968253,0.015873015873015872,1.7,High Data Usage
Reliance Jio,F,73,Uttar Pradesh,Chennai,4,139149.0,57,41,8865.0,0,2030,5,2,56+,98,High Usage,0.006429780033840948,0.7192982456140351,155.52631578947367,49.0,186.65,121.43835616438356,1906.150684931507,0.0547945205479452,1.3902439024390243,High Data Usage
Airtel,F,38,Manipur,Mumbai,3,62604.0,12,29,3136.0,0,2030,5,2,36-45,41,Low Usage,0.003826530612244898,2.4166666666666665,261.3333333333333,20.5,72.36,82.52631578947368,1647.4736842105262,0.07894736842105263,0.41379310344827586,Medium Data Usage
Airtel,F,51,Assam,Kolkata,3,96281.0,52,16,8894.0,0,2030,5,2,46-55,68,High Usage,0.005846638183044749,0.3076923076923077,171.03846153846155,34.0,156.94,174.3921568627451,1887.862745098039,0.058823529411764705,3.25,High Data Usage
BSNL,M,52,Uttar Pradesh,Kolkata,4,148649.0,67,19,8431.0,0,2030,5,2,46-55,86,High Usage,0.00794686276835488,0.2835820895522388,125.83582089552239,43.0,170.31,162.1346153846154,2858.6346153846152,0.07692307692307693,3.526315789473684,High Data Usage
BSNL,M,61,Kerala,Hyderabad,2,120004.0,61,26,4036.0,0,2030,6,2,56+,87,Medium Usage,0.015113974231912785,0.4262295081967213,66.1639344262295,43.5,127.36,66.1639344262295,1967.27868852459,0.03278688524590164,2.3461538461538463,Medium Data Usage
BSNL,F,32,Himachal Pradesh,Chennai,2,108181.0,36,44,928.0,0,2030,6,2,26-35,80,Low Usage,0.03879310344827586,1.2222222222222223,25.77777777777778,40.0,89.28,29.0,3380.65625,0.0625,0.8181818181818182,Low Data Usage
Vodafone,M,35,Maharashtra,Kolkata,3,23918.0,62,14,6708.0,0,2030,6,2,26-35,76,High Usage,0.009242695289206918,0.22580645161290322,108.19354838709677,38.0,143.07999999999998,191.65714285714284,683.3714285714286,0.08571428571428572,4.428571428571429,Medium Data Usage
Vodafone,M,35,Karnataka,Hyderabad,0,60908.0,41,29,8806.0,0,2030,6,2,26-35,70,High Usage,0.004655916420622303,0.7073170731707317,214.78048780487805,35.0,158.06,251.6,1740.2285714285715,0.0,1.4137931034482758,High Data Usage
Vodafone,F,23,Telangana,Delhi,4,62924.0,50,23,8988.0,0,2030,6,2,18-25,73,High Usage,0.0055629728526924785,0.46,179.76,36.5,162.88,390.7826086956522,2735.8260869565215,0.17391304347826086,2.1739130434782608,High Data Usage
Vodafone,F,58,Sikkim,Mumbai,0,118698.0,9,40,4992.0,0,2030,6,2,56+,49,Medium Usage,0.0018028846153846155,4.444444444444445,554.6666666666666,24.5,98.92,86.06896551724138,2046.5172413793102,0.0,0.225,Medium Data Usage
Airtel,M,60,Bihar,Delhi,2,77272.0,38,38,991.0,0,2030,6,2,56+,76,Low Usage,0.03834510595358224,1.0,26.07894736842105,38.0,85.91,16.516666666666666,1287.8666666666666,0.03333333333333333,1.0,Low Data Usage
BSNL,F,37,Uttar Pradesh,Kolkata,1,30992.0,14,46,4322.0,1,2030,6,2,36-45,60,Medium Usage,0.003239241092086997,3.2857142857142856,308.7142857142857,30.0,103.22,116.8108108108108,837.6216216216217,0.02702702702702703,0.30434782608695654,Medium Data Usage
Reliance Jio,M,29,Tamil Nadu,Hyderabad,2,127276.0,61,7,2951.0,0,2030,6,2,26-35,68,Low Usage,0.020670958996950185,0.11475409836065574,48.377049180327866,34.0,97.51,101.75862068965517,4388.827586206897,0.06896551724137931,8.714285714285714,Low Data Usage
Vodafone,M,34,West Bengal,Kolkata,2,103621.0,8,5,200.0,0,2030,6,2,26-35,13,Low Usage,0.04,0.625,25.0,6.5,15.0,5.882352941176471,3047.676470588235,0.058823529411764705,1.6,Low Data Usage
Vodafone,F,70,Uttar Pradesh,Kolkata,0,114345.0,18,7,7835.0,0,2030,6,2,56+,25,High Usage,0.002297383535417996,0.3888888888888889,435.27777777777777,12.5,103.35,111.92857142857143,1633.5,0.0,2.5714285714285716,High Data Usage
Reliance Jio,M,64,Sikkim,Chennai,3,94315.0,13,10,6184.0,1,2030,6,2,56+,23,Medium Usage,0.0021021992238033633,0.7692307692307693,475.6923076923077,11.5,84.84,96.625,1473.671875,0.046875,1.3,Medium Data Usage
Reliance Jio,M,58,Goa,Hyderabad,3,101106.0,67,8,7661.0,0,2030,6,2,56+,75,High Usage,0.008745594569899491,0.11940298507462686,114.34328358208955,37.5,151.61,132.08620689655172,1743.2068965517242,0.05172413793103448,8.375,High Data Usage
BSNL,M,41,Manipur,Kolkata,3,23033.0,102,43,5722.0,0,2030,6,2,36-45,145,Medium Usage,0.017825934987766516,0.4215686274509804,56.09803921568628,72.5,202.22,139.5609756097561,561.780487804878,0.07317073170731707,2.372093023255814,Medium Data Usage
BSNL,F,56,Tripura,Delhi,0,89499.0,89,20,6312.0,0,2030,6,2,56+,109,Medium Usage,0.014100126742712294,0.2247191011235955,70.92134831460675,54.5,172.12,112.71428571428571,1598.1964285714287,0.0,4.45,Medium Data Usage
Airtel,M,47,Arunachal Pradesh,Mumbai,3,65190.0,67,45,4548.0,0,2030,6,2,46-55,112,Medium Usage,0.014731750219876869,0.6716417910447762,67.88059701492537,56.0,157.48,96.76595744680851,1387.0212765957447,0.06382978723404255,1.488888888888889,Medium Data Usage
Reliance Jio,F,54,Punjab,Hyderabad,4,87997.0,5,17,9129.0,0,2030,6,2,46-55,22,High Usage,0.0005477051155657794,3.4,1825.8,11.0,113.29,169.05555555555554,1629.5740740740741,0.07407407407407407,0.29411764705882354,High Data Usage
BSNL,F,50,Meghalaya,Mumbai,1,131919.0,23,31,9276.0,0,2030,6,2,46-55,54,High Usage,0.002479517033203967,1.3478260869565217,403.30434782608694,27.0,146.76,185.52,2638.38,0.02,0.7419354838709677,High Data Usage
BSNL,M,63,Sikkim,Bangalore,4,61767.0,52,8,6849.0,1,2030,6,2,56+,60,High Usage,0.007592349248065411,0.15384615384615385,131.71153846153845,30.0,128.49,108.71428571428571,980.4285714285714,0.06349206349206349,6.5,Medium Data Usage
Vodafone,F,43,Uttarakhand,Kolkata,3,91850.0,34,11,10016.0,0,2030,6,2,36-45,45,High Usage,0.0033945686900958465,0.3235294117647059,294.5882352941176,22.5,145.16,232.93023255813952,2136.046511627907,0.06976744186046512,3.090909090909091,High Data Usage
Airtel,F,52,Sikkim,Chennai,0,37767.0,45,17,108.0,0,2030,6,2,46-55,62,Low Usage,0.4166666666666667,0.37777777777777777,2.4,31.0,63.08,2.076923076923077,726.2884615384615,0.0,2.6470588235294117,Low Data Usage
BSNL,F,25,Tamil Nadu,Hyderabad,0,81818.0,53,5,702.0,0,2030,6,2,18-25,58,Low Usage,0.0754985754985755,0.09433962264150944,13.245283018867925,29.0,65.02,28.08,3272.72,0.0,10.6,Low Data Usage
BSNL,M,22,Arunachal Pradesh,Bangalore,4,72913.0,87,35,5830.0,0,2030,6,2,18-25,122,Medium Usage,0.014922813036020582,0.40229885057471265,67.01149425287356,61.0,180.3,265.0,3314.2272727272725,0.18181818181818182,2.4857142857142858,Medium Data Usage
Airtel,F,60,Bihar,Delhi,3,25768.0,63,26,10097.0,1,2030,6,2,56+,89,High Usage,0.006239477072397742,0.4126984126984127,160.26984126984127,44.5,189.97,168.28333333333333,429.46666666666664,0.05,2.423076923076923,High Data Usage
Vodafone,F,33,Tamil Nadu,Hyderabad,3,118877.0,47,25,3616.0,0,2030,6,2,26-35,72,Medium Usage,0.012997787610619468,0.5319148936170213,76.93617021276596,36.0,108.16,109.57575757575758,3602.3333333333335,0.09090909090909091,1.88,Medium Data Usage
BSNL,M,31,Odisha,Chennai,0,36864.0,89,42,6304.0,0,2030,6,2,26-35,131,Medium Usage,0.014118020304568529,0.47191011235955055,70.8314606741573,65.5,194.04,203.3548387096774,1189.1612903225807,0.0,2.119047619047619,Medium Data Usage
BSNL,F,52,Uttar Pradesh,Chennai,1,66600.0,94,1,5840.0,0,2030,6,2,46-55,95,Medium Usage,0.016095890410958904,0.010638297872340425,62.12765957446808,47.5,153.4,112.3076923076923,1280.7692307692307,0.019230769230769232,94.0,Medium Data Usage
Vodafone,M,50,Uttarakhand,Delhi,1,61055.0,41,27,8963.0,0,2030,6,2,46-55,68,High Usage,0.004574361262969988,0.6585365853658537,218.609756097561,34.0,157.63,179.26,1221.1,0.02,1.5185185185185186,High Data Usage
BSNL,F,22,Gujarat,Bangalore,0,75879.0,100,11,5049.0,1,2030,6,2,18-25,111,Medium Usage,0.019805902158843335,0.11,50.49,55.5,161.49,229.5,3449.0454545454545,0.0,9.090909090909092,Medium Data Usage
Vodafone,F,47,Bihar,Mumbai,1,88258.0,6,41,10044.0,0,2030,6,2,46-55,47,High Usage,0.0005973715651135006,6.833333333333333,1674.0,23.5,147.44,213.70212765957447,1877.8297872340424,0.02127659574468085,0.14634146341463414,High Data Usage
Reliance Jio,M,57,Nagaland,Delhi,0,87316.0,80,37,1219.0,0,2030,7,3,56+,117,Low Usage,0.06562756357670221,0.4625,15.2375,58.5,129.19,21.385964912280702,1531.859649122807,0.0,2.1621621621621623,Low Data Usage
BSNL,M,36,Bihar,Hyderabad,1,147354.0,68,3,811.0,0,2030,7,3,36-45,71,Low Usage,0.08384710234278668,0.04411764705882353,11.926470588235293,35.5,79.11,22.52777777777778,4093.1666666666665,0.027777777777777776,22.666666666666668,Low Data Usage
Vodafone,F,19,Jharkhand,Kolkata,4,47689.0,45,8,946.0,1,2030,7,3,18-25,53,Low Usage,0.04756871035940803,0.17777777777777778,21.022222222222222,26.5,62.46,49.78947368421053,2509.9473684210525,0.21052631578947367,5.625,Low Data Usage
Vodafone,M,18,Mizoram,Chennai,1,114088.0,14,13,580.0,0,2030,7,3,18-25,27,Low Usage,0.02413793103448276,0.9285714285714286,41.42857142857143,13.5,32.8,32.22222222222222,6338.222222222223,0.05555555555555555,1.0769230769230769,Low Data Usage
Reliance Jio,F,58,Gujarat,Hyderabad,2,133830.0,98,48,10760.0,0,2030,7,3,56+,146,High Usage,0.009107806691449814,0.4897959183673469,109.79591836734694,73.0,253.6,185.51724137931035,2307.4137931034484,0.034482758620689655,2.0416666666666665,High Data Usage
Airtel,M,26,Uttarakhand,Delhi,4,115425.0,18,49,7613.0,0,2030,7,3,26-35,67,High Usage,0.0023643767240246944,2.7222222222222223,422.94444444444446,33.5,143.13,292.8076923076923,4439.423076923077,0.15384615384615385,0.3673469387755102,High Data Usage
Reliance Jio,F,42,Jharkhand,Hyderabad,1,146831.0,93,27,6147.0,0,2030,7,3,36-45,120,Medium Usage,0.015129331381161543,0.2903225806451613,66.09677419354838,60.0,181.47,146.35714285714286,3495.9761904761904,0.023809523809523808,3.4444444444444446,Medium Data Usage
Airtel,M,74,Odisha,Kolkata,4,125776.0,27,38,1498.0,0,2030,7,3,56+,65,Low Usage,0.018024032042723633,1.4074074074074074,55.48148148148148,32.5,79.98,20.243243243243242,1699.6756756756756,0.05405405405405406,0.7105263157894737,Low Data Usage
Airtel,F,63,Manipur,Bangalore,4,51407.0,17,52,9605.0,0,2030,7,3,56+,69,High Usage,0.0017699115044247787,3.0588235294117645,565.0,34.5,165.05,152.46031746031747,815.984126984127,0.06349206349206349,0.3269230769230769,High Data Usage
Airtel,M,46,Manipur,Mumbai,1,47668.0,53,29,2560.0,0,2030,7,3,46-55,82,Low Usage,0.020703125,0.5471698113207547,48.301886792452834,41.0,107.6,55.65217391304348,1036.2608695652175,0.021739130434782608,1.8275862068965518,Low Data Usage
Airtel,F,71,Gujarat,Kolkata,0,141793.0,41,43,6203.0,0,2030,7,3,56+,84,Medium Usage,0.006609704981460584,1.048780487804878,151.29268292682926,42.0,146.03,87.36619718309859,1997.0845070422536,0.0,0.9534883720930233,Medium Data Usage
BSNL,F,28,Odisha,Chennai,4,41009.0,86,34,6959.0,0,2030,7,3,26-35,120,High Usage,0.01235809742779135,0.3953488372093023,80.9186046511628,60.0,189.59,248.53571428571428,1464.607142857143,0.14285714285714285,2.5294117647058822,Medium Data Usage
Vodafone,M,38,Nagaland,Mumbai,4,106360.0,49,26,2164.0,0,2030,7,3,36-45,75,Low Usage,0.02264325323475046,0.5306122448979592,44.16326530612245,37.5,96.64,56.94736842105263,2798.9473684210525,0.10526315789473684,1.8846153846153846,Low Data Usage
BSNL,M,44,Himachal Pradesh,Mumbai,3,136429.0,49,15,6512.0,1,2030,7,3,36-45,64,Medium Usage,0.007524570024570024,0.30612244897959184,132.89795918367346,32.0,129.12,148.0,3100.659090909091,0.06818181818181818,3.2666666666666666,Medium Data Usage
Reliance Jio,M,33,West Bengal,Hyderabad,1,53651.0,61,26,1950.0,1,2030,7,3,26-35,87,Low Usage,0.03128205128205128,0.4262295081967213,31.9672131147541,43.5,106.5,59.09090909090909,1625.7878787878788,0.030303030303030304,2.3461538461538463,Low Data Usage
Airtel,M,74,Bihar,Chennai,0,126393.0,55,28,2708.0,1,2030,7,3,56+,83,Low Usage,0.02031019202363368,0.509090909090909,49.236363636363635,41.5,110.08,36.5945945945946,1708.0135135135135,0.0,1.9642857142857142,Low Data Usage
Vodafone,F,20,Tripura,Delhi,4,125870.0,47,7,7268.0,1,2030,7,3,18-25,54,High Usage,0.006466703357182168,0.14893617021276595,154.63829787234042,27.0,126.68,363.4,6293.5,0.2,6.714285714285714,High Data Usage
Reliance Jio,F,57,Goa,Mumbai,2,99487.0,60,26,5049.0,0,2030,7,3,56+,86,Medium Usage,0.011883541295306001,0.43333333333333335,84.15,43.0,136.49,88.57894736842105,1745.3859649122808,0.03508771929824561,2.3076923076923075,Medium Data Usage
Vodafone,M,24,Uttarakhand,Chennai,1,91147.0,12,16,2743.0,0,2030,7,3,18-25,28,Low Usage,0.004374772147283996,1.3333333333333333,228.58333333333334,14.0,55.43,114.29166666666667,3797.7916666666665,0.041666666666666664,0.75,Low Data Usage
